repo,repo_id,year,metric,value,fetched_at
cpython-team/python3-defaults,gl/debian-27547,2021,closed_issues,0,2026-07-06T19:00:54+00:00
cpython-team/python3-defaults,gl/debian-27547,2021,opened_issues,0,2026-07-06T19:00:54+00:00
cpython-team/python3-defaults,gl/debian-27547,2022,closed_issues,0,2026-07-06T19:00:54+00:00
cpython-team/python3-defaults,gl/debian-27547,2022,opened_issues,0,2026-07-06T19:00:54+00:00
cpython-team/python3-defaults,gl/debian-27547,2023,closed_issues,0,2026-07-06T19:00:54+00:00
cpython-team/python3-defaults,gl/debian-27547,2023,opened_issues,0,2026-07-06T19:00:54+00:00
cpython-team/python3-defaults,gl/debian-27547,2024,closed_issues,0,2026-07-06T19:00:54+00:00
cpython-team/python3-defaults,gl/debian-27547,2024,opened_issues,0,2026-07-06T19:00:54+00:00
cpython-team/python3-defaults,gl/debian-27547,2025,closed_issues,0,2026-07-06T19:00:54+00:00
cpython-team/python3-defaults,gl/debian-27547,2025,opened_issues,0,2026-07-06T19:00:54+00:00
debian/bzip2,gl/debian-9696,2021,closed_issues,0,2026-07-06T19:00:54+00:00
debian/bzip2,gl/debian-9696,2021,opened_issues,0,2026-07-06T19:00:54+00:00
debian/bzip2,gl/debian-9696,2022,closed_issues,0,2026-07-06T19:00:54+00:00
debian/bzip2,gl/debian-9696,2022,opened_issues,0,2026-07-06T19:00:54+00:00
debian/bzip2,gl/debian-9696,2023,closed_issues,0,2026-07-06T19:00:54+00:00
debian/bzip2,gl/debian-9696,2023,opened_issues,0,2026-07-06T19:00:54+00:00
debian/bzip2,gl/debian-9696,2024,closed_issues,0,2026-07-06T19:00:54+00:00
debian/bzip2,gl/debian-9696,2024,opened_issues,0,2026-07-06T19:00:54+00:00
debian/bzip2,gl/debian-9696,2025,closed_issues,0,2026-07-06T19:00:54+00:00
debian/bzip2,gl/debian-9696,2025,opened_issues,0,2026-07-06T19:00:54+00:00
debian/ca-certificates,gl/debian-2995,2021,closed_issues,0,2026-07-06T19:01:11+00:00
debian/ca-certificates,gl/debian-2995,2021,opened_issues,0,2026-07-06T19:01:11+00:00
debian/ca-certificates,gl/debian-2995,2022,closed_issues,0,2026-07-06T19:01:11+00:00
debian/ca-certificates,gl/debian-2995,2022,opened_issues,0,2026-07-06T19:01:11+00:00
debian/ca-certificates,gl/debian-2995,2023,closed_issues,0,2026-07-06T19:01:11+00:00
debian/ca-certificates,gl/debian-2995,2023,opened_issues,0,2026-07-06T19:01:11+00:00
debian/ca-certificates,gl/debian-2995,2024,closed_issues,0,2026-07-06T19:01:11+00:00
debian/ca-certificates,gl/debian-2995,2024,opened_issues,0,2026-07-06T19:01:11+00:00
debian/ca-certificates,gl/debian-2995,2025,closed_issues,0,2026-07-06T19:01:11+00:00
debian/ca-certificates,gl/debian-2995,2025,opened_issues,0,2026-07-06T19:01:11+00:00
debian/gdbm,gl/debian-32157,2021,closed_issues,0,2026-07-06T19:01:11+00:00
debian/gdbm,gl/debian-32157,2021,opened_issues,0,2026-07-06T19:01:11+00:00
debian/gdbm,gl/debian-32157,2022,closed_issues,0,2026-07-06T19:01:11+00:00
debian/gdbm,gl/debian-32157,2022,opened_issues,0,2026-07-06T19:01:11+00:00
debian/gdbm,gl/debian-32157,2023,closed_issues,0,2026-07-06T19:01:11+00:00
debian/gdbm,gl/debian-32157,2023,opened_issues,0,2026-07-06T19:01:11+00:00
debian/gdbm,gl/debian-32157,2024,closed_issues,0,2026-07-06T19:01:11+00:00
debian/gdbm,gl/debian-32157,2024,opened_issues,0,2026-07-06T19:01:11+00:00
debian/gdbm,gl/debian-32157,2025,closed_issues,0,2026-07-06T19:01:11+00:00
debian/gdbm,gl/debian-32157,2025,opened_issues,0,2026-07-06T19:01:11+00:00
debian/giflib,gl/debian-12522,2021,closed_issues,0,2026-07-06T19:01:11+00:00
debian/giflib,gl/debian-12522,2021,opened_issues,0,2026-07-06T19:01:11+00:00
debian/giflib,gl/debian-12522,2022,closed_issues,0,2026-07-06T19:01:11+00:00
debian/giflib,gl/debian-12522,2022,opened_issues,0,2026-07-06T19:01:11+00:00
debian/giflib,gl/debian-12522,2023,closed_issues,0,2026-07-06T19:01:11+00:00
debian/giflib,gl/debian-12522,2023,opened_issues,0,2026-07-06T19:01:11+00:00
debian/giflib,gl/debian-12522,2024,closed_issues,0,2026-07-06T19:01:11+00:00
debian/giflib,gl/debian-12522,2024,opened_issues,0,2026-07-06T19:01:11+00:00
debian/giflib,gl/debian-12522,2025,closed_issues,0,2026-07-06T19:01:11+00:00
debian/giflib,gl/debian-12522,2025,opened_issues,0,2026-07-06T19:01:11+00:00
fontconfig/fontconfig,gl/freedesktop-890,2021,closed_issues,23,2026-07-06T19:01:15+00:00
fontconfig/fontconfig,gl/freedesktop-890,2021,opened_issues,33,2026-07-06T19:01:15+00:00
fontconfig/fontconfig,gl/freedesktop-890,2022,closed_issues,23,2026-07-06T19:01:15+00:00
fontconfig/fontconfig,gl/freedesktop-890,2022,opened_issues,40,2026-07-06T19:01:15+00:00
fontconfig/fontconfig,gl/freedesktop-890,2023,closed_issues,33,2026-07-06T19:01:15+00:00
fontconfig/fontconfig,gl/freedesktop-890,2023,opened_issues,45,2026-07-06T19:01:15+00:00
fontconfig/fontconfig,gl/freedesktop-890,2024,closed_issues,30,2026-07-06T19:01:15+00:00
fontconfig/fontconfig,gl/freedesktop-890,2024,opened_issues,44,2026-07-06T19:01:15+00:00
fontconfig/fontconfig,gl/freedesktop-890,2025,closed_issues,46,2026-07-06T19:01:15+00:00
fontconfig/fontconfig,gl/freedesktop-890,2025,opened_issues,60,2026-07-06T19:01:15+00:00
glibc-team/glibc,gl/debian-11260,2021,closed_issues,0,2026-07-12T19:36:33+00:00
glibc-team/glibc,gl/debian-11260,2021,opened_issues,0,2026-07-12T19:36:33+00:00
glibc-team/glibc,gl/debian-11260,2022,closed_issues,0,2026-07-12T19:36:33+00:00
glibc-team/glibc,gl/debian-11260,2022,opened_issues,0,2026-07-12T19:36:33+00:00
glibc-team/glibc,gl/debian-11260,2023,closed_issues,0,2026-07-12T19:36:33+00:00
glibc-team/glibc,gl/debian-11260,2023,opened_issues,0,2026-07-12T19:36:33+00:00
glibc-team/glibc,gl/debian-11260,2024,closed_issues,0,2026-07-12T19:36:33+00:00
glibc-team/glibc,gl/debian-11260,2024,opened_issues,0,2026-07-12T19:36:33+00:00
glibc-team/glibc,gl/debian-11260,2025,closed_issues,0,2026-07-12T19:36:33+00:00
glibc-team/glibc,gl/debian-11260,2025,opened_issues,0,2026-07-12T19:36:33+00:00
gnome/gdk-pixbuf,gl/gnome-1548,2021,closed_issues,27,2026-07-06T19:01:16+00:00
gnome/gdk-pixbuf,gl/gnome-1548,2021,opened_issues,35,2026-07-06T19:01:16+00:00
gnome/gdk-pixbuf,gl/gnome-1548,2022,closed_issues,15,2026-07-06T19:01:16+00:00
gnome/gdk-pixbuf,gl/gnome-1548,2022,opened_issues,20,2026-07-06T19:01:16+00:00
gnome/gdk-pixbuf,gl/gnome-1548,2023,closed_issues,6,2026-07-06T19:01:16+00:00
gnome/gdk-pixbuf,gl/gnome-1548,2023,opened_issues,12,2026-07-06T19:01:16+00:00
gnome/gdk-pixbuf,gl/gnome-1548,2024,closed_issues,6,2026-07-06T19:01:16+00:00
gnome/gdk-pixbuf,gl/gnome-1548,2024,opened_issues,13,2026-07-06T19:01:16+00:00
gnome/gdk-pixbuf,gl/gnome-1548,2025,closed_issues,53,2026-07-06T19:01:16+00:00
gnome/gdk-pixbuf,gl/gnome-1548,2025,opened_issues,48,2026-07-06T19:01:16+00:00
gnome/glib,gl/gnome-658,2021,closed_issues,338,2026-07-06T19:01:27+00:00
gnome/glib,gl/gnome-658,2021,opened_issues,290,2026-07-06T19:01:27+00:00
gnome/glib,gl/gnome-658,2022,closed_issues,320,2026-07-06T19:01:27+00:00
gnome/glib,gl/gnome-658,2022,opened_issues,290,2026-07-06T19:01:27+00:00
gnome/glib,gl/gnome-658,2023,closed_issues,326,2026-07-06T19:01:27+00:00
gnome/glib,gl/gnome-658,2023,opened_issues,339,2026-07-06T19:01:27+00:00
gnome/glib,gl/gnome-658,2024,closed_issues,312,2026-07-06T19:01:27+00:00
gnome/glib,gl/gnome-658,2024,opened_issues,360,2026-07-06T19:01:27+00:00
gnome/glib,gl/gnome-658,2025,closed_issues,247,2026-07-06T19:01:27+00:00
gnome/glib,gl/gnome-658,2025,opened_issues,283,2026-07-06T19:01:27+00:00
gnome/libxml2,gl/gnome-1665,2021,closed_issues,49,2026-07-06T19:01:32+00:00
gnome/libxml2,gl/gnome-1665,2021,opened_issues,111,2026-07-06T19:01:32+00:00
gnome/libxml2,gl/gnome-1665,2022,closed_issues,195,2026-07-06T19:01:32+00:00
gnome/libxml2,gl/gnome-1665,2022,opened_issues,145,2026-07-06T19:01:32+00:00
gnome/libxml2,gl/gnome-1665,2023,closed_issues,159,2026-07-06T19:01:32+00:00
gnome/libxml2,gl/gnome-1665,2023,opened_issues,183,2026-07-06T19:01:32+00:00
gnome/libxml2,gl/gnome-1665,2024,closed_issues,174,2026-07-06T19:01:32+00:00
gnome/libxml2,gl/gnome-1665,2024,opened_issues,177,2026-07-06T19:01:32+00:00
gnome/libxml2,gl/gnome-1665,2025,closed_issues,186,2026-07-06T19:01:32+00:00
gnome/libxml2,gl/gnome-1665,2025,opened_issues,191,2026-07-06T19:01:32+00:00
gnutls/gnutls,gl/179611,2021,closed_issues,103,2026-07-06T19:01:46+00:00
gnutls/gnutls,gl/179611,2021,opened_issues,127,2026-07-06T19:01:46+00:00
gnutls/gnutls,gl/179611,2022,closed_issues,95,2026-07-06T19:01:46+00:00
gnutls/gnutls,gl/179611,2022,opened_issues,116,2026-07-06T19:01:46+00:00
gnutls/gnutls,gl/179611,2023,closed_issues,48,2026-07-06T19:01:46+00:00
gnutls/gnutls,gl/179611,2023,opened_issues,70,2026-07-06T19:01:46+00:00
gnutls/gnutls,gl/179611,2024,closed_issues,50,2026-07-06T19:01:46+00:00
gnutls/gnutls,gl/179611,2024,opened_issues,96,2026-07-06T19:01:46+00:00
gnutls/gnutls,gl/179611,2025,closed_issues,57,2026-07-06T19:01:46+00:00
gnutls/gnutls,gl/179611,2025,opened_issues,104,2026-07-06T19:01:46+00:00
gnutls/libtasn1,gl/919981,2021,closed_issues,7,2026-07-06T19:01:47+00:00
gnutls/libtasn1,gl/919981,2021,opened_issues,8,2026-07-06T19:01:47+00:00
gnutls/libtasn1,gl/919981,2022,closed_issues,2,2026-07-06T19:01:47+00:00
gnutls/libtasn1,gl/919981,2022,opened_issues,1,2026-07-06T19:01:47+00:00
gnutls/libtasn1,gl/919981,2023,closed_issues,3,2026-07-06T19:01:47+00:00
gnutls/libtasn1,gl/919981,2023,opened_issues,6,2026-07-06T19:01:47+00:00
gnutls/libtasn1,gl/919981,2024,closed_issues,0,2026-07-06T19:01:47+00:00
gnutls/libtasn1,gl/919981,2024,opened_issues,5,2026-07-06T19:01:47+00:00
gnutls/libtasn1,gl/919981,2025,closed_issues,1,2026-07-06T19:01:47+00:00
gnutls/libtasn1,gl/919981,2025,opened_issues,4,2026-07-06T19:01:47+00:00
holmgren/nettle,gl/debian-50952,2021,closed_issues,0,2026-07-06T19:01:47+00:00
holmgren/nettle,gl/debian-50952,2021,opened_issues,0,2026-07-06T19:01:47+00:00
holmgren/nettle,gl/debian-50952,2022,closed_issues,0,2026-07-06T19:01:47+00:00
holmgren/nettle,gl/debian-50952,2022,opened_issues,0,2026-07-06T19:01:47+00:00
holmgren/nettle,gl/debian-50952,2023,closed_issues,0,2026-07-06T19:01:47+00:00
holmgren/nettle,gl/debian-50952,2023,opened_issues,0,2026-07-06T19:01:47+00:00
holmgren/nettle,gl/debian-50952,2024,closed_issues,0,2026-07-06T19:01:47+00:00
holmgren/nettle,gl/debian-50952,2024,opened_issues,0,2026-07-06T19:01:47+00:00
holmgren/nettle,gl/debian-50952,2025,closed_issues,0,2026-07-06T19:01:47+00:00
holmgren/nettle,gl/debian-50952,2025,opened_issues,0,2026-07-06T19:01:47+00:00
libidn/libidn2,gl/2882658,2021,closed_issues,10,2026-07-06T19:01:49+00:00
libidn/libidn2,gl/2882658,2021,opened_issues,20,2026-07-06T19:01:49+00:00
libidn/libidn2,gl/2882658,2022,closed_issues,13,2026-07-06T19:01:49+00:00
libidn/libidn2,gl/2882658,2022,opened_issues,12,2026-07-06T19:01:49+00:00
libidn/libidn2,gl/2882658,2023,closed_issues,8,2026-07-06T19:01:49+00:00
libidn/libidn2,gl/2882658,2023,opened_issues,9,2026-07-06T19:01:49+00:00
libidn/libidn2,gl/2882658,2024,closed_issues,2,2026-07-06T19:01:49+00:00
libidn/libidn2,gl/2882658,2024,opened_issues,5,2026-07-06T19:01:49+00:00
libidn/libidn2,gl/2882658,2025,closed_issues,6,2026-07-06T19:01:49+00:00
libidn/libidn2,gl/2882658,2025,opened_issues,6,2026-07-06T19:01:49+00:00
libtiff/libtiff,gl/4720790,2021,closed_issues,58,2026-07-06T19:02:00+00:00
libtiff/libtiff,gl/4720790,2021,opened_issues,118,2026-07-06T19:02:00+00:00
libtiff/libtiff,gl/4720790,2022,closed_issues,155,2026-07-06T19:02:00+00:00
libtiff/libtiff,gl/4720790,2022,opened_issues,151,2026-07-06T19:02:00+00:00
libtiff/libtiff,gl/4720790,2023,closed_issues,162,2026-07-06T19:02:00+00:00
libtiff/libtiff,gl/4720790,2023,opened_issues,105,2026-07-06T19:02:00+00:00
libtiff/libtiff,gl/4720790,2024,closed_issues,47,2026-07-06T19:02:00+00:00
libtiff/libtiff,gl/4720790,2024,opened_issues,33,2026-07-06T19:02:00+00:00
libtiff/libtiff,gl/4720790,2025,closed_issues,100,2026-07-06T19:02:00+00:00
libtiff/libtiff,gl/4720790,2025,opened_issues,102,2026-07-06T19:02:00+00:00
md/tcp-wrappers,gl/debian-28852,2021,closed_issues,0,2026-07-06T19:02:01+00:00
md/tcp-wrappers,gl/debian-28852,2021,opened_issues,0,2026-07-06T19:02:01+00:00
md/tcp-wrappers,gl/debian-28852,2022,closed_issues,0,2026-07-06T19:02:01+00:00
md/tcp-wrappers,gl/debian-28852,2022,opened_issues,0,2026-07-06T19:02:01+00:00
md/tcp-wrappers,gl/debian-28852,2023,closed_issues,0,2026-07-06T19:02:01+00:00
md/tcp-wrappers,gl/debian-28852,2023,opened_issues,0,2026-07-06T19:02:01+00:00
md/tcp-wrappers,gl/debian-28852,2024,closed_issues,0,2026-07-06T19:02:01+00:00
md/tcp-wrappers,gl/debian-28852,2024,opened_issues,0,2026-07-06T19:02:01+00:00
md/tcp-wrappers,gl/debian-28852,2025,closed_issues,0,2026-07-06T19:02:01+00:00
md/tcp-wrappers,gl/debian-28852,2025,opened_issues,0,2026-07-06T19:02:01+00:00
mpc/mpc,gl/inria-22470,2021,closed_issues,0,2026-07-06T19:02:01+00:00
mpc/mpc,gl/inria-22470,2021,opened_issues,0,2026-07-06T19:02:01+00:00
mpc/mpc,gl/inria-22470,2022,closed_issues,0,2026-07-06T19:02:01+00:00
mpc/mpc,gl/inria-22470,2022,opened_issues,0,2026-07-06T19:02:01+00:00
mpc/mpc,gl/inria-22470,2023,closed_issues,0,2026-07-06T19:02:01+00:00
mpc/mpc,gl/inria-22470,2023,opened_issues,0,2026-07-06T19:02:01+00:00
mpc/mpc,gl/inria-22470,2024,closed_issues,0,2026-07-06T19:02:01+00:00
mpc/mpc,gl/inria-22470,2024,opened_issues,0,2026-07-06T19:02:01+00:00
mpc/mpc,gl/inria-22470,2025,closed_issues,0,2026-07-06T19:02:01+00:00
mpc/mpc,gl/inria-22470,2025,opened_issues,0,2026-07-06T19:02:01+00:00
mpfr/mpfr,gl/inria-33626,2021,closed_issues,0,2026-07-06T19:02:01+00:00
mpfr/mpfr,gl/inria-33626,2021,opened_issues,0,2026-07-06T19:02:01+00:00
mpfr/mpfr,gl/inria-33626,2022,closed_issues,1,2026-07-06T19:02:01+00:00
mpfr/mpfr,gl/inria-33626,2022,opened_issues,1,2026-07-06T19:02:01+00:00
mpfr/mpfr,gl/inria-33626,2023,closed_issues,0,2026-07-06T19:02:01+00:00
mpfr/mpfr,gl/inria-33626,2023,opened_issues,0,2026-07-06T19:02:01+00:00
mpfr/mpfr,gl/inria-33626,2024,closed_issues,0,2026-07-06T19:02:01+00:00
mpfr/mpfr,gl/inria-33626,2024,opened_issues,0,2026-07-06T19:02:01+00:00
mpfr/mpfr,gl/inria-33626,2025,closed_issues,0,2026-07-06T19:02:01+00:00
mpfr/mpfr,gl/inria-33626,2025,opened_issues,1,2026-07-06T19:02:01+00:00
multimedia-team/aom,gl/debian-29534,2021,closed_issues,0,2026-07-06T19:02:01+00:00
multimedia-team/aom,gl/debian-29534,2021,opened_issues,0,2026-07-06T19:02:01+00:00
multimedia-team/aom,gl/debian-29534,2022,closed_issues,0,2026-07-06T19:02:01+00:00
multimedia-team/aom,gl/debian-29534,2022,opened_issues,0,2026-07-06T19:02:01+00:00
multimedia-team/aom,gl/debian-29534,2023,closed_issues,0,2026-07-06T19:02:01+00:00
multimedia-team/aom,gl/debian-29534,2023,opened_issues,0,2026-07-06T19:02:01+00:00
multimedia-team/aom,gl/debian-29534,2024,closed_issues,0,2026-07-06T19:02:01+00:00
multimedia-team/aom,gl/debian-29534,2024,opened_issues,0,2026-07-06T19:02:01+00:00
multimedia-team/aom,gl/debian-29534,2025,closed_issues,0,2026-07-06T19:02:01+00:00
multimedia-team/aom,gl/debian-29534,2025,opened_issues,0,2026-07-06T19:02:01+00:00
pixman/pixman,gl/freedesktop-158,2021,closed_issues,2,2026-07-12T19:36:33+00:00
pixman/pixman,gl/freedesktop-158,2021,opened_issues,8,2026-07-12T19:36:33+00:00
pixman/pixman,gl/freedesktop-158,2022,closed_issues,10,2026-07-12T19:36:33+00:00
pixman/pixman,gl/freedesktop-158,2022,opened_issues,16,2026-07-12T19:36:33+00:00
pixman/pixman,gl/freedesktop-158,2023,closed_issues,7,2026-07-12T19:36:33+00:00
pixman/pixman,gl/freedesktop-158,2023,opened_issues,16,2026-07-12T19:36:33+00:00
pixman/pixman,gl/freedesktop-158,2024,closed_issues,30,2026-07-12T19:36:33+00:00
pixman/pixman,gl/freedesktop-158,2024,opened_issues,31,2026-07-12T19:36:33+00:00
pixman/pixman,gl/freedesktop-158,2025,closed_issues,8,2026-07-12T19:36:33+00:00
pixman/pixman,gl/freedesktop-158,2025,opened_issues,11,2026-07-12T19:36:33+00:00
takluyver/jeepney,gl/2780772,2021,closed_issues,2,2026-07-06T19:02:02+00:00
takluyver/jeepney,gl/2780772,2021,opened_issues,4,2026-07-06T19:02:02+00:00
takluyver/jeepney,gl/2780772,2022,closed_issues,3,2026-07-06T19:02:02+00:00
takluyver/jeepney,gl/2780772,2022,opened_issues,4,2026-07-06T19:02:02+00:00
takluyver/jeepney,gl/2780772,2023,closed_issues,3,2026-07-06T19:02:02+00:00
takluyver/jeepney,gl/2780772,2023,opened_issues,8,2026-07-06T19:02:02+00:00
takluyver/jeepney,gl/2780772,2024,closed_issues,2,2026-07-06T19:02:02+00:00
takluyver/jeepney,gl/2780772,2024,opened_issues,3,2026-07-06T19:02:02+00:00
takluyver/jeepney,gl/2780772,2025,closed_issues,4,2026-07-06T19:02:02+00:00
takluyver/jeepney,gl/2780772,2025,opened_issues,3,2026-07-06T19:02:02+00:00
xorg-team/lib/libx11,gl/debian-4306,2021,closed_issues,0,2026-07-06T19:02:02+00:00
xorg-team/lib/libx11,gl/debian-4306,2021,opened_issues,0,2026-07-06T19:02:02+00:00
xorg-team/lib/libx11,gl/debian-4306,2022,closed_issues,0,2026-07-06T19:02:02+00:00
xorg-team/lib/libx11,gl/debian-4306,2022,opened_issues,0,2026-07-06T19:02:02+00:00
xorg-team/lib/libx11,gl/debian-4306,2023,closed_issues,0,2026-07-06T19:02:02+00:00
xorg-team/lib/libx11,gl/debian-4306,2023,opened_issues,0,2026-07-06T19:02:02+00:00
xorg-team/lib/libx11,gl/debian-4306,2024,closed_issues,0,2026-07-06T19:02:02+00:00
xorg-team/lib/libx11,gl/debian-4306,2024,opened_issues,0,2026-07-06T19:02:02+00:00
xorg-team/lib/libx11,gl/debian-4306,2025,closed_issues,0,2026-07-06T19:02:02+00:00
xorg-team/lib/libx11,gl/debian-4306,2025,opened_issues,0,2026-07-06T19:02:02+00:00
xorg-team/lib/libxau,gl/debian-4307,2021,closed_issues,0,2026-07-06T19:02:02+00:00
xorg-team/lib/libxau,gl/debian-4307,2021,opened_issues,0,2026-07-06T19:02:02+00:00
xorg-team/lib/libxau,gl/debian-4307,2022,closed_issues,0,2026-07-06T19:02:02+00:00
xorg-team/lib/libxau,gl/debian-4307,2022,opened_issues,0,2026-07-06T19:02:02+00:00
xorg-team/lib/libxau,gl/debian-4307,2023,closed_issues,0,2026-07-06T19:02:02+00:00
xorg-team/lib/libxau,gl/debian-4307,2023,opened_issues,0,2026-07-06T19:02:02+00:00
xorg-team/lib/libxau,gl/debian-4307,2024,closed_issues,0,2026-07-06T19:02:02+00:00
xorg-team/lib/libxau,gl/debian-4307,2024,opened_issues,0,2026-07-06T19:02:02+00:00
xorg-team/lib/libxau,gl/debian-4307,2025,closed_issues,0,2026-07-06T19:02:02+00:00
xorg-team/lib/libxau,gl/debian-4307,2025,opened_issues,0,2026-07-06T19:02:02+00:00
xorg-team/lib/libxdmcp,gl/debian-4313,2021,closed_issues,0,2026-07-06T19:02:02+00:00
xorg-team/lib/libxdmcp,gl/debian-4313,2021,opened_issues,0,2026-07-06T19:02:02+00:00
xorg-team/lib/libxdmcp,gl/debian-4313,2022,closed_issues,0,2026-07-06T19:02:02+00:00
xorg-team/lib/libxdmcp,gl/debian-4313,2022,opened_issues,0,2026-07-06T19:02:02+00:00
xorg-team/lib/libxdmcp,gl/debian-4313,2023,closed_issues,0,2026-07-06T19:02:02+00:00
xorg-team/lib/libxdmcp,gl/debian-4313,2023,opened_issues,0,2026-07-06T19:02:02+00:00
xorg-team/lib/libxdmcp,gl/debian-4313,2024,closed_issues,0,2026-07-06T19:02:02+00:00
xorg-team/lib/libxdmcp,gl/debian-4313,2024,opened_issues,0,2026-07-06T19:02:02+00:00
xorg-team/lib/libxdmcp,gl/debian-4313,2025,closed_issues,0,2026-07-06T19:02:02+00:00
xorg-team/lib/libxdmcp,gl/debian-4313,2025,opened_issues,0,2026-07-06T19:02:02+00:00
xorg-team/lib/libxext,gl/debian-4314,2021,closed_issues,0,2026-07-06T19:02:02+00:00
xorg-team/lib/libxext,gl/debian-4314,2021,opened_issues,0,2026-07-06T19:02:02+00:00
xorg-team/lib/libxext,gl/debian-4314,2022,closed_issues,0,2026-07-06T19:02:02+00:00
xorg-team/lib/libxext,gl/debian-4314,2022,opened_issues,0,2026-07-06T19:02:02+00:00
xorg-team/lib/libxext,gl/debian-4314,2023,closed_issues,0,2026-07-06T19:02:02+00:00
xorg-team/lib/libxext,gl/debian-4314,2023,opened_issues,0,2026-07-06T19:02:02+00:00
xorg-team/lib/libxext,gl/debian-4314,2024,closed_issues,0,2026-07-06T19:02:02+00:00
xorg-team/lib/libxext,gl/debian-4314,2024,opened_issues,0,2026-07-06T19:02:02+00:00
xorg-team/lib/libxext,gl/debian-4314,2025,closed_issues,0,2026-07-06T19:02:02+00:00
xorg-team/lib/libxext,gl/debian-4314,2025,opened_issues,0,2026-07-06T19:02:02+00:00
xorg-team/lib/libxrender,gl/debian-4328,2021,closed_issues,0,2026-07-06T19:02:03+00:00
xorg-team/lib/libxrender,gl/debian-4328,2021,opened_issues,0,2026-07-06T19:02:03+00:00
xorg-team/lib/libxrender,gl/debian-4328,2022,closed_issues,0,2026-07-06T19:02:03+00:00
xorg-team/lib/libxrender,gl/debian-4328,2022,opened_issues,0,2026-07-06T19:02:03+00:00
xorg-team/lib/libxrender,gl/debian-4328,2023,closed_issues,0,2026-07-06T19:02:03+00:00
xorg-team/lib/libxrender,gl/debian-4328,2023,opened_issues,0,2026-07-06T19:02:03+00:00
xorg-team/lib/libxrender,gl/debian-4328,2024,closed_issues,0,2026-07-06T19:02:03+00:00
xorg-team/lib/libxrender,gl/debian-4328,2024,opened_issues,0,2026-07-06T19:02:03+00:00
xorg-team/lib/libxrender,gl/debian-4328,2025,closed_issues,0,2026-07-06T19:02:03+00:00
xorg-team/lib/libxrender,gl/debian-4328,2025,opened_issues,0,2026-07-06T19:02:03+00:00
xorg/proto/xorgproto,gl/freedesktop-788,2021,closed_issues,7,2026-07-06T19:02:03+00:00
xorg/proto/xorgproto,gl/freedesktop-788,2021,opened_issues,7,2026-07-06T19:02:03+00:00
xorg/proto/xorgproto,gl/freedesktop-788,2022,closed_issues,1,2026-07-06T19:02:03+00:00
xorg/proto/xorgproto,gl/freedesktop-788,2022,opened_issues,5,2026-07-06T19:02:03+00:00
xorg/proto/xorgproto,gl/freedesktop-788,2023,closed_issues,3,2026-07-06T19:02:03+00:00
xorg/proto/xorgproto,gl/freedesktop-788,2023,opened_issues,5,2026-07-06T19:02:03+00:00
xorg/proto/xorgproto,gl/freedesktop-788,2024,closed_issues,2,2026-07-06T19:02:03+00:00
xorg/proto/xorgproto,gl/freedesktop-788,2024,opened_issues,2,2026-07-06T19:02:03+00:00
xorg/proto/xorgproto,gl/freedesktop-788,2025,closed_issues,4,2026-07-06T19:02:03+00:00
xorg/proto/xorgproto,gl/freedesktop-788,2025,opened_issues,4,2026-07-06T19:02:03+00:00
