namespace,namespace_id,host,kind,name,path,full_path,web_url,description,fetched_at
code.videolan.org/videolan,,code.videolan.org,,,,,,fetch failed: http_401,2026-07-06T18:13:38Z
gitlab.cern.ch/fts,,gitlab.cern.ch,,,,,,fetch failed: http_401,2026-07-06T18:13:38Z
gitlab.com/accounts-sso,,gitlab.com,,,,,,fetch failed: 404,2026-07-06T18:13:38Z
gitlab.com/agerasev,,gitlab.com,,,,,,fetch failed: 404,2026-07-06T18:13:38Z
gitlab.com/alelec,,gitlab.com,,,,,,fetch failed: 404,2026-07-06T18:13:38Z
gitlab.com/antonok,,gitlab.com,,,,,,fetch failed: 404,2026-07-06T18:13:38Z
gitlab.com/aomediacodec,,gitlab.com,,,,,,fetch failed: 404,2026-07-06T18:13:38Z
gitlab.com/apparmor,,gitlab.com,,,,,,fetch failed: 404,2026-07-06T18:13:38Z
gitlab.com/bern-rtos/tools,,gitlab.com,,,,,,fetch failed: 404,2026-07-06T18:13:38Z
gitlab.com/bogofilter,,gitlab.com,,,,,,fetch failed: 404,2026-07-06T18:13:38Z
gitlab.com/boiethios,,gitlab.com,,,,,,fetch failed: 404,2026-07-06T18:13:38Z
gitlab.com/bronsonbdevost,,gitlab.com,,,,,,fetch failed: 404,2026-07-06T18:13:38Z
gitlab.com/bzim,,gitlab.com,,,,,,fetch failed: 404,2026-07-06T18:13:38Z
gitlab.com/cardoe,,gitlab.com,,,,,,fetch failed: 404,2026-07-06T18:13:38Z
gitlab.com/catamphetamine,,gitlab.com,,,,,,fetch failed: 404,2026-07-06T18:13:38Z
gitlab.com/chris-morgan,,gitlab.com,,,,,,fetch failed: 404,2026-07-06T18:13:38Z
gitlab.com/creepyskeleton,,gitlab.com,,,,,,fetch failed: 404,2026-07-06T18:13:38Z
gitlab.com/cryptsetup,,gitlab.com,,,,,,fetch failed: 404,2026-07-06T18:13:38Z
gitlab.com/dajoha,,gitlab.com,,,,,,fetch failed: 404,2026-07-06T18:13:38Z
gitlab.com/davidbittner,,gitlab.com,,,,,,fetch failed: 404,2026-07-06T18:13:38Z
gitlab.com/dns2utf8,,gitlab.com,,,,,,fetch failed: 404,2026-07-06T18:13:38Z
gitlab.com/doctormo,,gitlab.com,,,,,,fetch failed: 404,2026-07-06T18:13:38Z
gitlab.com/drj11,,gitlab.com,,,,,,fetch failed: 404,2026-07-06T18:13:38Z
gitlab.com/drobilla,,gitlab.com,,,,,,fetch failed: 404,2026-07-06T18:13:38Z
gitlab.com/enricoch,,gitlab.com,,,,,,fetch failed: 404,2026-07-06T18:13:38Z
gitlab.com/ericvsmith,,gitlab.com,,,,,,fetch failed: 404,2026-07-06T18:13:38Z
gitlab.com/fast_chemail,,gitlab.com,,,,,,fetch failed: 404,2026-07-06T18:13:38Z
gitlab.com/ferreum,,gitlab.com,,,,,,fetch failed: 404,2026-07-06T18:13:38Z
gitlab.com/flufl,,gitlab.com,,,,,,fetch failed: 404,2026-07-06T18:13:38Z
gitlab.com/gilrs-project,,gitlab.com,,,,,,fetch failed: 404,2026-07-06T18:13:38Z
gitlab.com/gnutls,,gitlab.com,,,,,,fetch failed: 404,2026-07-06T18:13:38Z
gitlab.com/graphviz,,gitlab.com,,,,,,fetch failed: 404,2026-07-06T18:13:38Z
gitlab.com/gsasl,,gitlab.com,,,,,,fetch failed: 404,2026-07-06T18:13:38Z
gitlab.com/ijackson,,gitlab.com,,,,,,fetch failed: 404,2026-07-06T18:13:38Z
gitlab.com/imp,,gitlab.com,,,,,,fetch failed: 404,2026-07-06T18:13:38Z
gitlab.com/inkscape,,gitlab.com,,,,,,fetch failed: 404,2026-07-06T18:13:38Z
gitlab.com/ixion,,gitlab.com,,,,,,fetch failed: 404,2026-07-06T18:13:38Z
gitlab.com/jd91mzm2,,gitlab.com,,,,,,fetch failed: 404,2026-07-06T18:13:38Z
gitlab.com/kornelski,,gitlab.com,,,,,,fetch failed: 404,2026-07-06T18:13:38Z
gitlab.com/leonhard-llc,,gitlab.com,,,,,,fetch failed: 404,2026-07-06T18:13:38Z
gitlab.com/lib.rs,,gitlab.com,,,,,,fetch failed: 404,2026-07-06T18:13:39Z
gitlab.com/libeigen,,gitlab.com,,,,,,fetch failed: 404,2026-07-06T18:13:38Z
gitlab.com/libidn,,gitlab.com,,,,,,fetch failed: 404,2026-07-06T18:13:39Z
gitlab.com/libpipeline,,gitlab.com,,,,,,fetch failed: 404,2026-07-06T18:13:39Z
gitlab.com/libtiff,,gitlab.com,,,,,,fetch failed: 404,2026-07-06T18:13:39Z
gitlab.com/man-db,,gitlab.com,,,,,,fetch failed: 404,2026-07-06T18:13:39Z
gitlab.com/mexus,,gitlab.com,,,,,,fetch failed: 404,2026-07-06T18:13:39Z
gitlab.com/noughmad,,gitlab.com,,,,,,fetch failed: 404,2026-07-06T18:13:39Z
gitlab.com/okannen,,gitlab.com,,,,,,fetch failed: 404,2026-07-06T18:13:39Z
gitlab.com/orcus,,gitlab.com,,,,,,fetch failed: 404,2026-07-06T18:13:39Z
gitlab.com/persy,,gitlab.com,,,,,,fetch failed: 404,2026-07-06T18:13:39Z
gitlab.com/philbooth,,gitlab.com,,,,,,fetch failed: 404,2026-07-06T18:13:39Z
gitlab.com/procps-ng,,gitlab.com,,,,,,fetch failed: 404,2026-07-06T18:13:39Z
gitlab.com/psmisc,,gitlab.com,,,,,,fetch failed: 404,2026-07-06T18:13:39Z
gitlab.com/pwoolcoc,,gitlab.com,,,,,,fetch failed: 404,2026-07-06T18:13:39Z
gitlab.com/rich-harris,,gitlab.com,,,,,,fetch failed: 404,2026-07-06T18:13:39Z
gitlab.com/rust-kqueue,,gitlab.com,,,,,,fetch failed: 404,2026-07-06T18:13:39Z
gitlab.com/ryanobeirne,,gitlab.com,,,,,,fetch failed: 404,2026-07-06T18:13:39Z
gitlab.com/samsartor,,gitlab.com,,,,,,fetch failed: 404,2026-07-06T18:13:39Z
gitlab.com/sequoia-pgp,,gitlab.com,,,,,,fetch failed: 404,2026-07-06T18:13:39Z
gitlab.com/sfcgal,,gitlab.com,,,,,,fetch failed: 404,2026-07-06T18:13:39Z
gitlab.com/sio4/code,,gitlab.com,,,,,,fetch failed: 404,2026-07-06T18:13:39Z
gitlab.com/spearman,,gitlab.com,,,,,,fetch failed: 404,2026-07-06T18:13:39Z
gitlab.com/takluyver,,gitlab.com,,,,,,fetch failed: 404,2026-07-06T18:13:39Z
gitlab.com/taricorp,,gitlab.com,,,,,,fetch failed: 404,2026-07-06T18:13:39Z
gitlab.com/timvisee,,gitlab.com,,,,,,fetch failed: 404,2026-07-06T18:13:39Z
gitlab.com/torkleyy,,gitlab.com,,,,,,fetch failed: 404,2026-07-06T18:13:39Z
gitlab.com/tspiteri,,gitlab.com,,,,,,fetch failed: 404,2026-07-06T18:13:39Z
gitlab.com/ubports/development/core,,gitlab.com,,,,,,fetch failed: 404,2026-07-06T18:13:39Z
gitlab.com/wireshark,,gitlab.com,,,,,,fetch failed: 404,2026-07-06T18:13:39Z
gitlab.com/wufz,,gitlab.com,,,,,,fetch failed: 404,2026-07-06T18:13:39Z
gitlab.com/xmpp-rs,,gitlab.com,,,,,,fetch failed: 404,2026-07-06T18:13:39Z
gitlab.com/zhiburt,,gitlab.com,,,,,,fetch failed: 404,2026-07-06T18:13:39Z
gitlab.dkrz.de/dkrz-sw,,gitlab.dkrz.de,,,,,,fetch failed: http_401,2026-07-06T18:13:39Z
gitlab.exherbo.org/sydbox,,gitlab.exherbo.org,,,,,,fetch failed: http_401,2026-07-06T18:13:39Z
gitlab.freedesktop.org/dbus,,gitlab.freedesktop.org,,,,,,fetch failed: http_401,2026-07-06T18:13:39Z
gitlab.freedesktop.org/emersion,,gitlab.freedesktop.org,,,,,,fetch failed: http_401,2026-07-06T18:13:39Z
gitlab.freedesktop.org/fontconfig,,gitlab.freedesktop.org,,,,,,fetch failed: http_401,2026-07-06T18:13:39Z
gitlab.freedesktop.org/glvnd,,gitlab.freedesktop.org,,,,,,fetch failed: http_401,2026-07-06T18:13:39Z
gitlab.freedesktop.org/gstreamer,,gitlab.freedesktop.org,,,,,,fetch failed: http_401,2026-07-06T18:13:39Z
gitlab.freedesktop.org/libbsd,,gitlab.freedesktop.org,,,,,,fetch failed: http_401,2026-07-06T18:13:39Z
gitlab.freedesktop.org/libdecor,,gitlab.freedesktop.org,,,,,,fetch failed: http_401,2026-07-06T18:13:39Z
gitlab.freedesktop.org/libinput,,gitlab.freedesktop.org,,,,,,fetch failed: http_401,2026-07-06T18:13:39Z
gitlab.freedesktop.org/libspectre,,gitlab.freedesktop.org,,,,,,fetch failed: http_401,2026-07-06T18:13:39Z
gitlab.freedesktop.org/mesa,,gitlab.freedesktop.org,,,,,,fetch failed: http_401,2026-07-06T18:13:39Z
gitlab.freedesktop.org/mobile-broadband,,gitlab.freedesktop.org,,,,,,fetch failed: http_401,2026-07-06T18:13:39Z
gitlab.freedesktop.org/networkmanager,,gitlab.freedesktop.org,,,,,,fetch failed: http_401,2026-07-06T18:13:39Z
gitlab.freedesktop.org/pipewire,,gitlab.freedesktop.org,,,,,,fetch failed: http_401,2026-07-06T18:13:39Z
gitlab.freedesktop.org/pixman,,gitlab.freedesktop.org,,,,,,fetch failed: http_401,2026-07-12T19:58:55Z
gitlab.freedesktop.org/pwithnall,,gitlab.freedesktop.org,,,,,,fetch failed: http_401,2026-07-06T18:13:39Z
gitlab.freedesktop.org/slirp,,gitlab.freedesktop.org,,,,,,fetch failed: http_401,2026-07-06T18:13:39Z
gitlab.freedesktop.org/spice,,gitlab.freedesktop.org,,,,,,fetch failed: http_401,2026-07-06T18:13:39Z
gitlab.freedesktop.org/wayland,,gitlab.freedesktop.org,,,,,,fetch failed: http_401,2026-07-06T18:13:39Z
gitlab.freedesktop.org/xdg,,gitlab.freedesktop.org,,,,,,fetch failed: http_401,2026-07-06T18:13:39Z
gitlab.freedesktop.org/xorg,,gitlab.freedesktop.org,,,,,,fetch failed: http_401,2026-07-06T18:13:39Z
gitlab.freedesktop.org/xorg/app,,gitlab.freedesktop.org,,,,,,fetch failed: http_401,2026-07-06T18:13:39Z
gitlab.freedesktop.org/xorg/driver,,gitlab.freedesktop.org,,,,,,fetch failed: http_401,2026-07-06T18:13:39Z
gitlab.freedesktop.org/xorg/lib,,gitlab.freedesktop.org,,,,,,fetch failed: http_401,2026-07-06T18:13:39Z
gitlab.freedesktop.org/xorg/proto,,gitlab.freedesktop.org,,,,,,fetch failed: http_401,2026-07-06T18:13:39Z
gitlab.gnome.org/archive,,gitlab.gnome.org,,,,,,fetch failed: http_401,2026-07-06T18:13:40Z
gitlab.gnome.org/gnome,,gitlab.gnome.org,,,,,,fetch failed: http_401,2026-07-06T18:13:40Z
gitlab.gnome.org/world,,gitlab.gnome.org,,,,,,fetch failed: http_401,2026-07-06T18:13:40Z
gitlab.gnome.org/world/gedit,,gitlab.gnome.org,,,,,,fetch failed: http_401,2026-07-06T18:13:40Z
gitlab.gnome.org/world/rust,,gitlab.gnome.org,,,,,,fetch failed: http_401,2026-07-06T18:13:40Z
gitlab.ibr.cs.tu-bs.de/nm,,gitlab.ibr.cs.tu-bs.de,,,,,,fetch failed: http_401,2026-07-06T18:13:40Z
gitlab.inria.fr/mpc,,gitlab.inria.fr,,,,,,fetch failed: http_401,2026-07-06T18:13:40Z
gitlab.inria.fr/mpfr,,gitlab.inria.fr,,,,,,fetch failed: http_401,2026-07-06T18:13:40Z
gitlab.isc.org/isc-projects,,gitlab.isc.org,,,,,,fetch failed: http_401,2026-07-06T18:13:40Z
gitlab.kitware.com/utils,,gitlab.kitware.com,,,,,,fetch failed: http_401,2026-07-06T18:13:40Z
gitlab.redox-os.org/redox-os,,gitlab.redox-os.org,,,,,,fetch failed: http_401,2026-07-06T18:13:40Z
gitlab.xfce.org/xfce,,gitlab.xfce.org,,,,,,fetch failed: http_401,2026-07-06T18:13:40Z
gitlab.xiph.org/xiph,,gitlab.xiph.org,,,,,,fetch failed: http_401,2026-07-06T18:13:55Z
invent.kde.org/frameworks,,invent.kde.org,,,,,,fetch failed: http_401,2026-07-06T18:13:40Z
invent.kde.org/graphics,,invent.kde.org,,,,,,fetch failed: http_401,2026-07-06T18:13:40Z
invent.kde.org/libraries,,invent.kde.org,,,,,,fetch failed: http_401,2026-07-06T18:13:40Z
invent.kde.org/multimedia,,invent.kde.org,,,,,,fetch failed: http_401,2026-07-06T18:13:40Z
invent.kde.org/network,,invent.kde.org,,,,,,fetch failed: http_401,2026-07-06T18:13:40Z
invent.kde.org/pim,,invent.kde.org,,,,,,fetch failed: http_401,2026-07-06T18:13:40Z
invent.kde.org/plasma,,invent.kde.org,,,,,,fetch failed: http_401,2026-07-06T18:13:40Z
invent.kde.org/system,,invent.kde.org,,,,,,fetch failed: http_401,2026-07-06T18:13:40Z
salsa.debian.org/a11y-team,,salsa.debian.org,,,,,,fetch failed: http_401,2026-07-06T18:13:40Z
salsa.debian.org/alsa-team,,salsa.debian.org,,,,,,fetch failed: http_401,2026-07-06T18:13:40Z
salsa.debian.org/alteholz,,salsa.debian.org,,,,,,fetch failed: http_401,2026-07-06T18:13:40Z
salsa.debian.org/apache-team,,salsa.debian.org,,,,,,fetch failed: http_401,2026-07-06T18:13:40Z
salsa.debian.org/apt-team,,salsa.debian.org,,,,,,fetch failed: http_401,2026-07-06T18:13:40Z
salsa.debian.org/bblough,,salsa.debian.org,,,,,,fetch failed: http_401,2026-07-06T18:13:40Z
salsa.debian.org/berto,,salsa.debian.org,,,,,,fetch failed: http_401,2026-07-06T18:13:40Z
salsa.debian.org/blade,,salsa.debian.org,,,,,,fetch failed: http_401,2026-07-06T18:13:40Z
salsa.debian.org/bluetooth-team,,salsa.debian.org,,,,,,fetch failed: http_401,2026-07-06T18:13:40Z
salsa.debian.org/bottoms,,salsa.debian.org,,,,,,fetch failed: http_401,2026-07-06T18:13:40Z
salsa.debian.org/ceph-team,,salsa.debian.org,,,,,,fetch failed: http_401,2026-07-06T18:13:40Z
salsa.debian.org/chromium-team,,salsa.debian.org,,,,,,fetch failed: http_401,2026-07-06T18:13:40Z
salsa.debian.org/clint,,salsa.debian.org,,,,,,fetch failed: http_401,2026-07-06T18:13:40Z
salsa.debian.org/common-lisp-team,,salsa.debian.org,,,,,,fetch failed: http_401,2026-07-06T18:13:40Z
salsa.debian.org/cpython-team,,salsa.debian.org,,,,,,fetch failed: http_401,2026-07-06T18:13:40Z
salsa.debian.org/cwidget-team,,salsa.debian.org,,,,,,fetch failed: http_401,2026-07-06T18:13:40Z
salsa.debian.org/debian,,salsa.debian.org,,,,,,fetch failed: http_401,2026-07-06T18:13:40Z
salsa.debian.org/debian-astro-team,,salsa.debian.org,,,,,,fetch failed: http_401,2026-07-06T18:13:40Z
salsa.debian.org/debian-ayatana-team,,salsa.debian.org,,,,,,fetch failed: http_401,2026-07-06T18:13:40Z
salsa.debian.org/debian-gis-team,,salsa.debian.org,,,,,,fetch failed: http_401,2026-07-06T18:13:40Z
salsa.debian.org/debian-mate-team,,salsa.debian.org,,,,,,fetch failed: http_401,2026-07-06T18:13:41Z
salsa.debian.org/debian-remote-team,,salsa.debian.org,,,,,,fetch failed: http_401,2026-07-06T18:13:41Z
salsa.debian.org/debianonmobile-team,,salsa.debian.org,,,,,,fetch failed: http_401,2026-07-06T18:13:41Z
salsa.debian.org/dns-team,,salsa.debian.org,,,,,,fetch failed: http_401,2026-07-06T18:13:41Z
salsa.debian.org/dpkg-team,,salsa.debian.org,,,,,,fetch failed: http_401,2026-07-06T18:13:41Z
salsa.debian.org/edd,,salsa.debian.org,,,,,,fetch failed: http_401,2026-07-06T18:13:41Z
salsa.debian.org/eric,,salsa.debian.org,,,,,,fetch failed: http_401,2026-07-06T18:13:41Z
salsa.debian.org/fonts-team,,salsa.debian.org,,,,,,fetch failed: http_401,2026-07-06T18:13:41Z
salsa.debian.org/freedesktop-team,,salsa.debian.org,,,,,,fetch failed: http_401,2026-07-06T18:13:41Z
salsa.debian.org/games-team,,salsa.debian.org,,,,,,fetch failed: http_401,2026-07-06T18:13:41Z
salsa.debian.org/gdb-team,,salsa.debian.org,,,,,,fetch failed: http_401,2026-07-06T18:13:41Z
salsa.debian.org/glibc-team,,salsa.debian.org,,,,,,fetch failed: http_401,2026-07-12T19:58:56Z
salsa.debian.org/gnome-team,,salsa.debian.org,,,,,,fetch failed: http_401,2026-07-06T18:13:41Z
salsa.debian.org/gnome-team/extras,,salsa.debian.org,,,,,,fetch failed: http_401,2026-07-06T18:13:41Z
salsa.debian.org/gnutls-team,,salsa.debian.org,,,,,,fetch failed: http_401,2026-07-06T18:13:41Z
salsa.debian.org/holmgren,,salsa.debian.org,,,,,,fetch failed: http_401,2026-07-06T18:13:41Z
salsa.debian.org/hpc-team,,salsa.debian.org,,,,,,fetch failed: http_401,2026-07-06T18:13:41Z
salsa.debian.org/installer-team,,salsa.debian.org,,,,,,fetch failed: http_401,2026-07-06T18:13:41Z
salsa.debian.org/iso-codes-team,,salsa.debian.org,,,,,,fetch failed: http_401,2026-07-06T18:13:41Z
salsa.debian.org/jamessan,,salsa.debian.org,,,,,,fetch failed: http_401,2026-07-06T18:13:41Z
salsa.debian.org/java-team,,salsa.debian.org,,,,,,fetch failed: http_401,2026-07-06T18:13:41Z
salsa.debian.org/kernel-team,,salsa.debian.org,,,,,,fetch failed: http_401,2026-07-06T18:13:41Z
salsa.debian.org/lamby,,salsa.debian.org,,,,,,fetch failed: http_401,2026-07-06T18:13:41Z
salsa.debian.org/libreoffice-team,,salsa.debian.org,,,,,,fetch failed: http_401,2026-07-06T18:13:41Z
salsa.debian.org/libreoffice-team/document-liberation,,salsa.debian.org,,,,,,fetch failed: http_401,2026-07-06T18:13:41Z
salsa.debian.org/libvirt-team,,salsa.debian.org,,,,,,fetch failed: http_401,2026-07-06T18:13:41Z
salsa.debian.org/linux-blocks-team,,salsa.debian.org,,,,,,fetch failed: http_401,2026-07-06T18:13:41Z
salsa.debian.org/lvm-team,,salsa.debian.org,,,,,,fetch failed: http_401,2026-07-06T18:13:41Z
salsa.debian.org/lynx-team,,salsa.debian.org,,,,,,fetch failed: http_401,2026-07-06T18:13:41Z
salsa.debian.org/mariadb-team,,salsa.debian.org,,,,,,fetch failed: http_401,2026-07-06T18:13:41Z
salsa.debian.org/md,,salsa.debian.org,,,,,,fetch failed: http_401,2026-07-06T18:13:41Z
salsa.debian.org/med-team,,salsa.debian.org,,,,,,fetch failed: http_401,2026-07-06T18:13:41Z
salsa.debian.org/meskes,,salsa.debian.org,,,,,,fetch failed: http_401,2026-07-06T18:13:41Z
salsa.debian.org/miniupnp-team,,salsa.debian.org,,,,,,fetch failed: http_401,2026-07-06T18:13:41Z
salsa.debian.org/mod-player-team,,salsa.debian.org,,,,,,fetch failed: http_401,2026-07-06T18:13:41Z
salsa.debian.org/mozilla-team,,salsa.debian.org,,,,,,fetch failed: http_401,2026-07-06T18:13:41Z
salsa.debian.org/multimedia-team,,salsa.debian.org,,,,,,fetch failed: http_401,2026-07-06T18:13:41Z
salsa.debian.org/mutt-team,,salsa.debian.org,,,,,,fetch failed: http_401,2026-07-06T18:13:41Z
salsa.debian.org/nickg,,salsa.debian.org,,,,,,fetch failed: http_401,2026-07-06T18:13:41Z
salsa.debian.org/nvidia-team,,salsa.debian.org,,,,,,fetch failed: http_401,2026-07-06T18:13:41Z
salsa.debian.org/olly,,salsa.debian.org,,,,,,fetch failed: http_401,2026-07-06T18:13:41Z
salsa.debian.org/openldap-team,,salsa.debian.org,,,,,,fetch failed: http_401,2026-07-06T18:13:41Z
salsa.debian.org/optical-media-team,,salsa.debian.org,,,,,,fetch failed: http_401,2026-07-06T18:13:41Z
salsa.debian.org/parted-team,,salsa.debian.org,,,,,,fetch failed: http_401,2026-07-06T18:13:41Z
salsa.debian.org/perl-team/interpreter,,salsa.debian.org,,,,,,fetch failed: http_401,2026-07-06T18:13:41Z
salsa.debian.org/pino,,salsa.debian.org,,,,,,fetch failed: http_401,2026-07-06T18:13:41Z
salsa.debian.org/pkg-netfilter-team,,salsa.debian.org,,,,,,fetch failed: http_401,2026-07-06T18:13:41Z
salsa.debian.org/pkg-security-team,,salsa.debian.org,,,,,,fetch failed: http_401,2026-07-06T18:13:41Z
salsa.debian.org/pkg-voip-team,,salsa.debian.org,,,,,,fetch failed: http_401,2026-07-06T18:13:41Z
salsa.debian.org/pkgutopia-team,,salsa.debian.org,,,,,,fetch failed: http_401,2026-07-06T18:13:41Z
salsa.debian.org/printing-team,,salsa.debian.org,,,,,,fetch failed: http_401,2026-07-06T18:13:41Z
salsa.debian.org/pulseaudio-team,,salsa.debian.org,,,,,,fetch failed: http_401,2026-07-06T18:13:41Z
salsa.debian.org/python-team/packages,,salsa.debian.org,,,,,,fetch failed: http_401,2026-07-06T18:13:41Z
salsa.debian.org/qemu-team,,salsa.debian.org,,,,,,fetch failed: http_401,2026-07-06T18:13:41Z
salsa.debian.org/qt-kde-team/extras,,salsa.debian.org,,,,,,fetch failed: http_401,2026-07-06T18:13:41Z
salsa.debian.org/qt-kde-team/kde,,salsa.debian.org,,,,,,fetch failed: http_401,2026-07-06T18:13:41Z
salsa.debian.org/qt-kde-team/qt,,salsa.debian.org,,,,,,fetch failed: http_401,2026-07-06T18:13:41Z
salsa.debian.org/rlb,,salsa.debian.org,,,,,,fetch failed: http_401,2026-07-06T18:13:42Z
salsa.debian.org/samba-team,,salsa.debian.org,,,,,,fetch failed: http_401,2026-07-06T18:13:42Z
salsa.debian.org/sanvila,,salsa.debian.org,,,,,,fetch failed: http_401,2026-07-06T18:13:42Z
salsa.debian.org/science-team,,salsa.debian.org,,,,,,fetch failed: http_401,2026-07-06T18:13:42Z
salsa.debian.org/selinux-team,,salsa.debian.org,,,,,,fetch failed: http_401,2026-07-06T18:13:42Z
salsa.debian.org/ssh-team,,salsa.debian.org,,,,,,fetch failed: http_401,2026-07-06T18:13:42Z
salsa.debian.org/sudo-team,,salsa.debian.org,,,,,,fetch failed: http_401,2026-07-06T18:13:42Z
salsa.debian.org/tcltk-team,,salsa.debian.org,,,,,,fetch failed: http_401,2026-07-06T18:13:42Z
salsa.debian.org/telepathy-team,,salsa.debian.org,,,,,,fetch failed: http_401,2026-07-06T18:13:42Z
salsa.debian.org/toolchain-team,,salsa.debian.org,,,,,,fetch failed: http_401,2026-07-06T18:13:42Z
salsa.debian.org/tts-team,,salsa.debian.org,,,,,,fetch failed: http_401,2026-07-06T18:13:42Z
salsa.debian.org/utopia-team,,salsa.debian.org,,,,,,fetch failed: http_401,2026-07-06T18:13:42Z
salsa.debian.org/webkit-team,,salsa.debian.org,,,,,,fetch failed: http_401,2026-07-06T18:13:42Z
salsa.debian.org/xfce-extras-team,,salsa.debian.org,,,,,,fetch failed: http_401,2026-07-06T18:13:42Z
salsa.debian.org/xfce-team/apps,,salsa.debian.org,,,,,,fetch failed: http_401,2026-07-06T18:13:42Z
salsa.debian.org/xfce-team/desktop,,salsa.debian.org,,,,,,fetch failed: http_401,2026-07-06T18:13:42Z
salsa.debian.org/xfce-team/goodies,,salsa.debian.org,,,,,,fetch failed: http_401,2026-07-06T18:13:42Z
salsa.debian.org/xorg-team/app,,salsa.debian.org,,,,,,fetch failed: http_401,2026-07-06T18:13:42Z
salsa.debian.org/xorg-team/data,,salsa.debian.org,,,,,,fetch failed: http_401,2026-07-06T18:13:42Z
salsa.debian.org/xorg-team/lib,,salsa.debian.org,,,,,,fetch failed: http_401,2026-07-06T18:13:42Z
salsa.debian.org/yangfl-guest,,salsa.debian.org,,,,,,fetch failed: http_401,2026-07-06T18:13:42Z
