repo,2021,2022,2023,2024,2025
10der/homeassistant-custom_components-awtrix,0,0,0,9,9
7rulnik/source-map-js,4,2,0,5,1
a11yance/aria-query,6,7,11,7,0
acornjs/acorn,40,43,50,46,43
acornjs/acorn-jsx,6,5,0,0,1
adobe/react-spectrum,538,364,642,713,626
agronholm/anyio,91,47,54,62,43
agronholm/exceptiongroup,0,18,0,6,7
ahmadnassri/har-schema,0,0,0,0,0
ahmadnassri/node-har-validator,2,0,0,0,0
ai/nanoid,38,40,31,17,12
aio-libs/aiobotocore,32,39,38,58,56
aio-libs/aiohappyeyeballs,0,0,2,15,3
aio-libs/aiohttp,199,148,170,216,124
aio-libs/aiosignal,0,1,0,1,5
aio-libs/async-timeout,7,1,1,2,2
aio-libs/frozenlist,5,10,8,7,7
aio-libs/multidict,5,5,8,11,25
aio-libs/propcache,0,0,0,10,6
aio-libs/yarl,13,16,26,35,15
ajafff/tsutils,7,7,6,0,0
ajv-validator/ajv,293,178,126,88,36
ajv-validator/ajv-formats,25,26,5,12,6
alexcrichton/filetime,3,3,3,4,1
alexcrichton/tar-rs,14,21,27,12,11
alexei/sprintf.js,7,1,2,1,1
alexeyraspopov/picocolors,18,2,5,15,3
alexhuszagh/rust-lexical,16,12,12,27,10
alexindigo/asynckit,0,0,0,0,2
amanieu/parking_lot,22,23,20,20,19
ampproject/remapping,5,8,2,4,2
andialbrecht/sqlparse,34,30,38,24,14
andrewrk/node-pend,0,0,0,0,0
andyperlitch/jsbn,2,1,0,0,1
angular/angular-cli,1038,612,814,826,676
annotated-types/annotated-types,0,9,12,13,6
antonk52/lilconfig,1,6,3,3,2
apache/airflow,2154,1931,1796,1935,3074
apache/arrow,4231,3576,3207,2434,1832
apache/arrow-rs,537,901,563,563,768
arcanis/jest-pnp-resolver,0,0,0,1,0
archlinux/linux,0,0,0,0,0
ardatan/graphql-tools,197,126,67,64,30
ardatan/whatwg-node,1,12,32,15,15
arekinath/node-getpass,0,0,0,1,0
ariaminaei/utila,0,0,0,0,0
assert-rs/snapbox,21,39,24,22,7
astanin/python-tabulate,36,51,49,28,15
astral-sh/ruff,0,578,3004,2214,1813
autotools-mirror/autoconf,0,0,0,0,0
autotools-mirror/libtool,0,0,0,0,0
autotools-mirror/m4,0,0,0,0,0
aws/aws-cli,418,384,340,227,197
aws/aws-sdk-js-crypto-helpers,11,5,8,2,0
aws/aws-sdk-js-v3,579,431,612,518,309
axios/axios,647,655,385,310,191
azure/azure-sdk-for-js,2212,1232,1012,1042,961
azure/azure-sdk-for-python,1965,1564,1482,1460,1213
azure/msrest-for-python,7,7,1,2,2
azuread/microsoft-authentication-library-for-python,58,26,61,72,39
babel/babel,501,433,280,213,145
babel/babel-polyfills,21,12,13,10,1
babel/preset-modules,3,0,0,1,0
bcoe/v8-coverage,0,0,0,0,0
bdwgc/bdwgc,55,91,66,68,57
beatgammit/base64-js,0,3,3,1,0
beaugunderson/ip-address,12,4,1,4,0
benjaminp/six,6,4,8,5,1
benjamn/ast-types,13,9,8,4,1
besser82/libxcrypt,18,9,8,10,9
bincode-org/bincode,42,69,47,21,29
bitflags/bitflags,11,10,45,12,16
blakeembrey/array-flatten,1,0,0,0,0
blakeembrey/change-case,13,12,28,16,9
bluss/arrayvec,14,7,7,5,10
bluss/bencher,0,1,1,0,0
bluss/scopeguard,4,3,1,2,0
blyxxyz/lexopt,10,4,4,2,0
bnjmnt4n/regjsgen,0,0,1,1,0
boto/boto3,314,306,307,259,200
boto/botocore,121,101,88,83,69
boto/s3transfer,9,9,6,7,6
braveg1rl/performance-now,2,0,0,0,0
brianc/node-postgres,183,129,140,120,70
brianloveswords/buffer-crc32,0,0,0,7,0
briansmith/ring,95,66,86,87,53
briansmith/untrusted,6,0,1,1,0
brightspace/node-ecdsa-sig-formatter,4,0,0,1,0
broofa/mime,7,8,9,9,13
broofa/node-int64,0,0,0,0,0
browserify/node-util,6,6,2,1,2
browserify/resolve,18,18,22,4,1
browserify/to-buffer,0,0,0,0,2
browserslist/browserslist,52,37,42,25,21
browserslist/caniuse-lite,16,15,11,10,3
browserslist/update-db,1,8,11,12,13
burntsushi/aho-corasick,14,5,14,8,7
burntsushi/bstr,11,16,12,15,7
burntsushi/byteorder,10,1,2,11,3
burntsushi/fst,8,12,7,5,3
burntsushi/jiff,0,0,0,84,115
burntsushi/memchr,13,3,9,12,9
burntsushi/quickcheck,20,4,4,3,4
burntsushi/rust-csv,24,25,27,15,15
burntsushi/same-file,2,3,2,0,3
burntsushi/termcolor,12,2,5,2,0
burntsushi/ucd-generate,2,0,0,0,0
burntsushi/walkdir,9,7,13,6,2
burntsushi/winapi-util,1,0,2,1,0
businho/pytest-ruff,0,0,5,12,2
bytecodealliance/rustix,16,69,91,75,79
bytecodealliance/wasi-rs,3,4,1,7,7
c-ares/c-ares,33,25,62,96,46
calvinmetcalf/immediate,1,0,0,0,0
calvinmetcalf/minimalistic-assert,0,0,0,0,0
calvinmetcalf/process-nextick-args,0,0,0,0,0
caolan/async,26,17,9,17,7
certbot/certbot,269,153,153,112,147
certifi/python-certifi,23,19,20,7,13
cfware/get-package-type,0,0,0,0,0
chaijs/type-detect,2,0,1,0,0
chalk/ansi-regex,7,1,0,5,3
chalk/ansi-styles,5,1,0,0,4
chalk/chalk,26,32,29,12,7
chalk/slice-ansi,1,1,0,1,2
chalk/strip-ansi,7,2,1,2,1
chalk/supports-color,1,7,4,2,3
chalk/supports-hyperlinks,0,0,0,0,4
chalk/wrap-ansi,1,3,2,1,3
chalker/safer-buffer,1,0,2,1,0
chardet/chardet,13,11,4,12,8
cheeriojs/dom-serializer,3,2,1,3,2
chicoxyzzy/node-releases,3,3,3,0,2
chronotope/chrono,75,95,117,84,35
chronotope/humantime,2,8,3,0,2
clap-rs/clap,315,368,224,174,117
cloudflare/cloudflare-python,0,0,0,0,19
cloudpipe/cloudpickle,27,19,20,9,12
colinhacks/zod,325,464,621,409,911
colorjs/color-name,1,0,0,2,4
comex/rust-shlex,2,2,1,3,0
component/escape-html,0,0,0,0,0
component/toidentifier,0,0,0,0,0
conventional-changelog/commitlint,77,88,83,79,43
conventional-changelog/conventional-changelog,52,30,41,43,26
cosmiconfig/cosmiconfig,13,4,36,4,4
coveragepy/coveragepy,126,151,143,111,112
cowboy/node-exit,0,0,0,1,0
cpburnz/python-pathspec,8,10,6,2,11
crate-py/rpds,0,0,17,20,15
creationix/http-parser-js,3,4,1,0,1
criterion-rs/criterion.rs,0,0,0,0,11
crossbeam-rs/crossbeam,45,56,43,34,21
cryptocorrosion/cryptocorrosion,8,1,0,3,3
css-modules/icss-utils,1,0,0,0,0
css-modules/postcss-modules-extract-imports,0,0,0,0,0
css-modules/postcss-modules-local-by-default,1,2,3,6,0
css-modules/postcss-modules-scope,0,0,2,1,0
css-modules/postcss-modules-values,3,0,1,0,0
cssnano/cssnano,88,39,34,28,13
csstools/postcss-plugins,33,167,80,45,29
csstree/csstree,17,32,29,32,16
curl/curl,533,497,638,579,473
cuviper/autocfg,5,5,3,10,0
cyan4973/xxhash,64,53,51,20,30
d-bus/dbus,0,0,0,0,0
d3/d3-array,27,7,6,1,2
daaku/nodejs-makeerror,1,0,0,0,0
daaku/nodejs-tmpl,1,0,0,0,0
daaku/nodejs-walker,0,0,0,0,0
dabh/colors.js,0,4,2,2,1
dalek-cryptography/subtle,2,5,4,6,0
danez/pirates,3,4,1,0,0
darshanbmehta/telecom-mas-agent,0,0,0,0,0
date-fns/date-fns,252,208,207,200,85
dateutil/dateutil,48,50,51,47,23
davidhalter/parso,17,5,6,4,2
davisjam/safe-regex,2,1,0,0,0
dchest/tweetnacl-js,7,7,5,3,0
dcodeio/long.js,9,4,7,1,1
debug-js/debug,38,45,22,21,26
definitelytyped/definitelytyped,470,236,132,97,45
defunctzombie/node-url,5,1,6,4,1
digitalbazaar/forge,77,55,43,26,17
distrotech/gdbm,0,0,0,0,0
django/asgiref,41,25,26,29,22
django/django,0,0,0,0,0
djc/rustc-version-rs,4,0,2,1,0
dmitrysoshnikov/regexp-tree,14,2,3,3,6
dmnd/dedent,1,1,22,5,3
docutils/docutils-sourceforge-backup,0,0,0,0,0
dominictarr/json-buffer,0,0,0,0,0
dominictarr/through,0,0,0,0,0
doowb/ansi-colors,3,1,1,0,1
doowb/homedir-polyfill,0,0,0,0,0
doowb/parse-passwd,0,0,0,0,0
douglasdwyer/wasm_sync,0,0,0,1,0
dougwilson/nodejs-depd,2,2,0,2,0
dtolnay/anyhow,33,42,27,29,16
dtolnay/async-trait,31,19,19,12,7
dtolnay/automod,0,0,2,3,2
dtolnay/dissimilar,5,2,2,0,1
dtolnay/indoc,2,3,2,3,1
dtolnay/itoa,2,2,1,2,5
dtolnay/no-panic,1,1,6,6,4
dtolnay/paste,7,12,7,2,0
dtolnay/proc-macro2,18,13,19,21,16
dtolnay/quote,12,15,24,10,12
dtolnay/ref-cast,2,7,2,1,3
dtolnay/rustversion,4,3,4,5,4
dtolnay/ryu,1,4,1,2,0
dtolnay/semver,21,10,7,11,4
dtolnay/serde-stacker,0,1,0,1,0
dtolnay/syn,72,74,98,81,46
dtolnay/target-triple,0,0,0,0,0
dtolnay/thiserror,33,26,30,49,19
dtolnay/trybuild,18,28,16,18,9
dtolnay/unicode-ident,0,4,1,0,1
dtolnay/zmij,0,0,0,0,2
eemeli/yaml,61,44,44,53,30
ehmicky/human-signals,1,0,2,1,0
eliben/pycparser,30,29,28,28,11
emotion-js/emotion,197,153,111,78,27
enarx/ciborium,14,13,15,14,5
encode/httpcore,26,31,33,17,10
encode/httpx,0,0,0,0,0
epoberezkin/fast-deep-equal,8,0,4,7,2
epoberezkin/fast-json-stable-stringify,1,1,0,0,3
epoberezkin/json-schema-traverse,0,3,1,0,0
es-shims/array-includes,1,0,0,0,0
es-shims/array.prototype.flat,1,0,0,0,0
es-shims/array.prototype.flatmap,1,0,0,0,0
es-shims/arraybuffer.prototype.slice,0,0,1,0,0
es-shims/dunder-proto,0,0,0,2,1
es-shims/es-set-tostringtag,0,1,2,0,0
es-shims/function.prototype.name,1,0,0,0,0
es-shims/math-intrinsics,0,0,0,2,0
es-shims/object-is,1,0,0,0,0
es-shims/object.entries,1,0,0,0,0
es-shims/object.fromentries,1,0,0,0,0
es-shims/object.values,1,0,0,0,0
es-shims/regexp.prototype.flags,1,2,1,1,1
es-shims/string.prototype.trimend,1,0,0,0,0
es-shims/string.prototype.trimstart,1,0,0,0,0
es-shims/typedarray,0,0,0,0,0
eslint-community/eslint-utils,0,0,5,9,18
eslint-community/regexpp,0,1,5,5,3
eslint/doctrine,0,0,0,0,0
eslint/eslint,596,567,483,535,392
eslint/eslintrc,9,5,11,12,15
eslint/js,18,10,8,12,17
eslint/rewrite,0,0,0,31,37
estools/escodegen,8,4,6,2,0
estools/esquery,5,4,3,1,4
estools/esrecurse,0,1,0,1,0
estools/estraverse,0,0,1,2,0
estools/esutils,0,0,0,1,0
ethers-io/ethers.js,517,446,456,199,81
evanw/esbuild,1096,796,725,408,284
evanw/node-source-map-support,7,10,3,3,0
eventualbuddha/lines-and-columns,1,0,0,0,0
executablebooks/markdown-it-py,12,14,18,4,9
executablebooks/mdurl,2,0,1,0,0
exodusoss/bytes,0,0,0,0,4
expressjs/body-parser,14,2,6,13,18
expressjs/express,183,119,80,137,100
expressjs/serve-static,1,6,4,6,2
facebook/create-react-app,813,526,261,154,63
facebook/metro,64,53,105,108,79
facebook/prop-types,16,13,6,7,0
facebook/react,1122,927,656,767,917
facebook/regenerator,15,8,5,4,0
facebook/watchman,63,53,55,46,26
facebook/zstd,170,180,163,124,99
facelessuser/soupsieve,10,11,4,2,3
fastify/fast-uri,1,5,1,9,9
faye/faye-websocket-node,1,0,2,0,0
faye/websocket-driver-node,1,0,0,0,0
faye/websocket-extensions-node,2,0,0,0,0
fb55/boolbase,0,0,0,1,1
fb55/css-select,17,8,5,3,11
fb55/css-what,14,1,2,1,2
fb55/domelementtype,2,0,0,0,0
fb55/domhandler,10,5,0,3,0
fb55/domutils,6,4,5,3,1
fb55/entities,3,8,0,2,6
fb55/htmlparser2,31,29,18,13,10
fb55/nth-check,1,6,4,1,0
felixge/node-combined-stream,2,1,0,0,1
felixge/node-delayed-stream,0,0,0,0,0
fent/ret.js,2,2,0,0,0
feross/buffer,12,9,14,9,1
feross/ieee754,0,0,0,0,0
feross/is-buffer,0,0,0,0,1
feross/queue-microtask,2,0,0,0,0
feross/run-parallel,1,0,0,0,0
feross/safe-buffer,4,0,1,0,1
ffmpeg/ffmpeg,0,0,0,0,0
firebase/firebase-js-sdk,523,393,376,304,189
fitzgen/glob-to-regexp,1,0,0,0,0
fizyk20/generic-array,3,7,8,3,7
floatdrop/pinkie,0,0,0,0,0
floatdrop/require-from-string,0,0,1,0,0
floating-ui/floating-ui,78,250,235,153,74
follow-redirects/follow-redirects,19,19,9,16,6
fontconfig/fontconfig,0,0,0,0,0
form-data/form-data,26,12,11,7,17
formatjs/formatjs,220,136,120,110,78
freedesktop-unofficial-mirror/cairo,0,0,0,0,0
freetype/freetype,0,0,0,0,0
frenic/csstype,22,16,13,4,9
frommi/miniz_oxide,9,6,5,8,8
fsevents/fsevents,13,7,10,2,2
fsspec/filesystem_spec,174,112,116,108,73
fsspec/s3fs,87,49,85,49,33
garycourt/uri-js,7,6,7,3,1
gcc-mirror/gcc,0,0,0,0,0
getsentry/sentry-javascript,529,739,1227,1626,1390
giampaolo/psutil,95,86,89,84,102
gilnaa/memoffset,5,2,2,0,0
git/git,0,0,0,0,0
gitlab-freedesktop-mirrors/libxcb,0,0,0,0,0
gitoxidelabs/gitoxide,99,109,174,132,131
gitpython-developers/gitdb,7,1,5,0,4
gitpython-developers/gitpython,93,54,102,71,30
gitpython-developers/smmap,0,0,2,0,0
gkz/levn,1,0,0,0,0
gkz/optionator,1,1,7,0,0
gkz/prelude-ls,0,0,0,0,0
gkz/type-check,0,0,1,0,0
gmp-mirror/gmp,0,0,0,0,0
gnome/gdk-pixbuf,0,0,0,0,0
gnome/glib,0,0,0,0,0
gnome/libxml2,0,0,0,0,0
gnome/pango,0,0,0,0,0
gnosis/libunistring,0,0,0,0,0
gnutls/gnutls,0,0,0,0,0
gnutls/libtasn1,0,0,0,0,0
gnutls/nettle,0,0,0,0,0
google/brotli,36,23,40,34,32
google/zerocopy,0,67,167,243,65
googleapis/google-api-python-client,163,89,78,68,46
googleapis/google-auth-library-python,66,40,49,28,25
googleapis/google-cloud-node-core,75,108,24,32,37
googleapis/google-cloud-python,132,0,499,438,357
googleapis/google-resumable-media-python,21,11,2,1,1
googleapis/proto-plus-python,40,16,7,16,4
googleapis/python-api-core,45,26,17,28,13
googleapis/python-bigquery,205,97,84,72,28
googleapis/python-cloud-core,10,3,2,0,1
googleapis/python-crc32c,21,5,3,3,5
googleapis/python-storage,109,77,109,71,98
googlechrome/workbox,196,94,64,70,24
gozala/querystring,3,0,0,0,0
gpg/libgpg-error,0,0,0,0,0
grahamdumpleton/wrapt,24,14,33,14,15
grantjenks/python-sortedcontainers,18,21,13,15,2
graydon/exhaustigen-rs,0,0,0,0,1
gregberge/svgr,82,80,70,41,14
grncdr/merge-stream,1,0,0,1,0
grpc/grpc,760,607,550,450,333
gsnedders/python-webencodings,3,0,2,0,1
guillaumegomez/doc-comment,4,2,0,0,0
gulpjs/glob-parent,17,1,2,0,0
gulpjs/interpret,2,5,1,2,0
guybedford/es-module-lexer,17,19,12,8,5
gweis/isodate,3,5,6,4,6
gyscos/zstd-rs,23,29,36,40,21
hapijs/hoek,1,0,2,4,0
harfbuzz/harfbuzz,195,237,178,123,176
here-be/snapdragon,3,1,0,0,0
hermit-os/hermit-rs,35,19,17,14,6
hiddentao/fast-levenshtein,1,0,1,0,0
holepunchto/b4a,1,0,3,2,3
httplib2/httplib2,14,8,3,3,4
huggingface/huggingface_hub,118,264,290,329,369
hughsk/is-typedarray,1,0,0,0,0
hukkin/tomli,18,15,3,4,12
humanwhocodes/module-importer,0,2,1,1,3
humanwhocodes/retry,0,0,0,1,1
hyperium/http,20,24,32,28,22
hyperium/http-body,6,5,6,10,6
hyperium/hyper,153,184,143,114,78
iarna/aproba,1,0,0,0,0
iarna/console-control-strings,0,0,0,0,0
iarna/wide-align,2,0,1,1,0
immutable-js/immutable-js,19,13,16,16,20
import-js/eslint-plugin-import,268,196,240,115,73
indexmap-rs/equivalent,0,0,2,1,0
indexmap-rs/indexmap,19,14,15,23,21
indutny/bn.js,13,10,1,0,3
indutny/brorand,0,0,0,0,0
indutny/node-ip,6,9,6,7,5
indutny/offset-buffer,1,0,0,0,1
indygreg/python-zstandard,19,15,19,18,12
inikulin/parse5,17,39,16,13,9
inspect-js/array-buffer-byte-length,0,0,1,0,0
inspect-js/available-typed-arrays,4,0,0,0,0
inspect-js/data-view-buffer,0,0,0,1,0
inspect-js/data-view-byte-length,0,0,0,1,0
inspect-js/data-view-byte-offset,0,0,0,1,0
inspect-js/functions-have-names,2,1,0,0,0
inspect-js/get-symbol-description,1,0,0,3,0
inspect-js/has-property-descriptors,0,2,0,0,0
inspect-js/has-proto,0,1,0,2,0
inspect-js/has-symbols,2,0,0,0,0
inspect-js/has-tostringtag,2,0,0,2,0
inspect-js/hasown,0,0,1,0,1
inspect-js/is-accessor-descriptor,0,0,0,0,0
inspect-js/is-arguments,1,0,0,0,0
inspect-js/is-array-buffer,0,0,0,0,0
inspect-js/is-bigint,2,0,0,0,0
inspect-js/is-boolean-object,2,0,0,0,1
inspect-js/is-callable,2,0,1,0,0
inspect-js/is-core-module,4,1,0,2,1
inspect-js/is-data-descriptor,0,0,0,0,0
inspect-js/is-data-view,0,0,0,1,0
inspect-js/is-date-object,2,0,0,0,0
inspect-js/is-descriptor,0,0,0,0,0
inspect-js/is-generator-function,3,0,0,0,3
inspect-js/is-negative-zero,1,0,0,0,0
inspect-js/is-number-object,2,0,0,0,0
inspect-js/is-regex,2,0,1,1,0
inspect-js/is-set,2,0,0,0,0
inspect-js/is-shared-array-buffer,1,0,0,0,0
inspect-js/is-string,2,0,0,1,0
inspect-js/is-symbol,1,0,0,0,0
inspect-js/is-typed-array,1,0,0,0,0
inspect-js/is-weakref,1,0,0,0,0
inspect-js/node-deep-equal,5,3,4,3,0
inspect-js/node-supports-preserve-symlinks-flag,0,1,0,0,0
inspect-js/object-inspect,3,1,0,2,1
inspect-js/typed-array-buffer,0,0,1,0,0
inspect-js/typed-array-byte-length,0,0,1,0,0
inspect-js/typed-array-byte-offset,0,0,1,3,0
inspect-js/which-boxed-primitive,1,0,0,0,0
inspect-js/which-typed-array,5,1,0,0,1
ipython/traitlets,29,31,27,8,7
isaacs/chownr,0,0,0,1,0
isaacs/cliui,0,0,0,0,0
isaacs/core-util-is,0,0,0,0,1
isaacs/fs.realpath,0,0,0,0,0
isaacs/inherits,2,1,0,0,1
isaacs/isexe,2,2,1,1,0
isaacs/minimatch,11,21,21,12,18
isaacs/minipass,2,5,3,2,1
isaacs/minizlib,1,0,0,2,2
isaacs/node-glob,13,22,63,34,20
isaacs/node-graceful-fs,10,8,5,8,2
isaacs/node-lru-cache,4,50,55,30,7
isaacs/node-mkdirp,3,2,5,2,0
isaacs/node-tar,25,11,14,23,10
isaacs/once,0,0,0,1,0
isaacs/package-json-from-dist,0,0,0,1,0
isaacs/path-scurry,0,0,13,8,0
isaacs/rimraf,6,5,39,21,6
isaacs/sax-js,3,3,3,3,3
isaacs/yallist,1,0,1,0,2
istanbuljs/babel-plugin-istanbul,4,9,8,6,3
istanbuljs/istanbuljs,29,22,26,18,18
istanbuljs/load-nyc-config,0,0,0,0,4
istanbuljs/schema,1,1,0,0,1
istanbuljs/test-exclude,2,1,2,1,2
istanbuljs/v8-to-istanbul,13,5,11,10,2
jamesmunns/postcard,14,16,19,32,27
japaric/cast.rs,5,0,0,3,0
jaraco/jaraco.develop,1,2,3,10,3
jaraco/keyring,54,38,34,23,22
jaraco/pytest-perf,1,4,2,4,0
jaraco/zipp,11,5,17,11,0
jaredhanson/utils-merge,2,1,1,1,0
jaredwray/cacheable,17,29,29,57,82
jaredwray/hookified,0,0,0,1,0
jaredwray/keyv,12,78,41,47,85
jawah/charset_normalizer,23,21,30,15,17
jbgutierrez/path-parse,5,0,0,1,1
jd/tenacity,31,19,25,41,21
jedwatson/classnames,21,13,14,7,3
jensyt/imurmurhash-js,0,0,0,1,2
jestjs/jest,694,577,465,328,204
jhchen/fast-diff,2,1,2,2,2
jimmywarting/formdata,11,3,0,1,0
jimmywarting/node-domexception,1,0,1,0,0
jimp-dev/jimp,59,32,60,52,13
jmespath/jmespath.py,9,10,11,7,2
joblib/joblib,71,78,0,56,57
joblib/threadpoolctl,7,7,10,6,3
jonathanong/ee-first,0,0,0,0,1
jonschlinkert/arr-diff,1,1,0,0,0
jonschlinkert/arr-union,0,0,0,0,0
jonschlinkert/array-unique,0,0,0,0,0
jonschlinkert/assign-symbols,0,0,0,0,0
jonschlinkert/clone-deep,0,2,3,3,0
jonschlinkert/copy-descriptor,0,1,0,0,0
jonschlinkert/define-property,0,0,0,0,0
jonschlinkert/extend-shallow,3,0,1,0,0
jonschlinkert/fill-range,0,0,0,1,0
jonschlinkert/for-in,0,0,0,0,0
jonschlinkert/get-value,3,0,1,1,4
jonschlinkert/global-modules,1,0,0,0,0
jonschlinkert/global-prefix,2,1,0,1,0
jonschlinkert/has-value,0,0,0,0,0
jonschlinkert/has-values,0,0,0,0,1
jonschlinkert/is-extendable,0,0,0,0,0
jonschlinkert/is-number,2,1,1,2,1
jonschlinkert/is-plain-object,2,0,2,2,0
jonschlinkert/is-windows,0,0,0,0,0
jonschlinkert/isobject,2,1,0,0,0
jonschlinkert/kind-of,2,2,1,0,0
jonschlinkert/map-cache,0,0,0,0,0
jonschlinkert/map-visit,0,0,0,0,0
jonschlinkert/normalize-path,0,0,0,0,0
jonschlinkert/object-copy,0,0,0,0,0
jonschlinkert/object-visit,0,0,0,0,0
jonschlinkert/regex-not,0,0,0,0,0
jonschlinkert/repeat-string,0,0,0,0,0
jonschlinkert/set-value,8,1,2,0,0
jonschlinkert/shallow-clone,0,0,1,0,0
jonschlinkert/to-object-path,0,0,0,0,0
jonschlinkert/to-regex,0,0,0,0,0
jonschlinkert/word-wrap,0,0,10,0,2
jorgebucaran/colorette,13,4,2,2,0
joshglazebrook/smart-buffer,3,2,2,0,0
joshglazebrook/socks,6,3,1,10,2
joshuakgoldberg/ts-api-utils,0,0,71,26,19
jpadilla/pyjwt,56,47,37,39,31
jprichardson/node-fs-extra,47,31,30,12,9
jprichardson/node-jsonfile,3,2,1,1,2
jquast/wcwidth,5,1,15,8,5
jquery/esprima,23,11,0,4,3
jridgewell/resolve-uri,1,3,1,0,1
jridgewell/sourcemaps,0,0,0,23,10
jscommunity/make-error,0,0,0,0,0
jsdom/cssstyle,5,2,0,2,40
jsdom/data-urls,1,1,0,0,0
jsdom/html-encoding-sniffer,2,1,0,0,3
jsdom/js-symbol-tree,0,1,0,0,0
jsdom/jsdom,141,119,94,90,96
jsdom/tr46,2,0,2,10,3
jsdom/w3c-xmlserializer,1,0,0,0,0
jsdom/webidl-conversions,4,0,0,0,0
jsdom/whatwg-encoding,0,0,0,0,2
jsdom/whatwg-mimetype,1,0,3,0,1
jsdom/whatwg-url,14,5,3,10,7
jsdom/xml-name-validator,0,0,0,0,0
jshttp/accepts,0,1,1,2,4
jshttp/compressible,0,0,0,0,0
jshttp/content-disposition,4,4,2,0,2
jshttp/content-type,0,1,0,2,2
jshttp/cookie,11,6,3,25,8
jshttp/etag,0,1,0,0,0
jshttp/forwarded,0,1,0,0,0
jshttp/fresh,0,1,1,0,0
jshttp/http-errors,2,2,5,4,2
jshttp/media-typer,0,0,0,1,1
jshttp/methods,0,0,0,2,0
jshttp/mime-db,5,7,7,11,12
jshttp/mime-types,0,1,7,4,12
jshttp/negotiator,0,2,3,2,2
jshttp/on-finished,2,1,1,2,2
jshttp/on-headers,1,0,0,2,1
jshttp/proxy-addr,1,2,0,1,1
jshttp/range-parser,1,3,0,0,0
jshttp/statuses,1,0,0,0,1
jshttp/type-is,1,0,0,2,1
jshttp/vary,0,0,0,0,0
jslicense/spdx-correct.js,3,0,1,1,0
jslicense/spdx-expression-parse.js,0,0,3,2,0
jslicense/spdx-license-ids,1,0,3,0,0
json5/json5,7,19,8,8,3
juliangruber/balanced-match,2,1,1,0,2
juliangruber/brace-expansion,3,0,1,1,9
juliangruber/isarray,1,3,0,0,0
justmoon/node-extend,0,2,3,0,0
jviereck/regjsparser,6,0,2,1,0
ka-weihe/fastest-levenshtein,1,2,3,0,0
kaelzhang/node-ignore,5,7,5,6,10
kemitchell/validate-npm-package-license.js,1,0,0,0,0
kevinbeaty/any-promise,0,0,0,0,0
kevva/astral-regex,0,0,0,0,0
kevva/dir-glob,0,0,0,0,0
kevva/shebang-command,0,0,1,0,0
kikobeats/emojis-list,0,1,0,1,0
kilian/electron-to-chromium,2,2,2,1,1
kjd/idna,9,9,14,12,3
kludex/starlette,70,77,44,50,22
knownasilya/cli-width,0,0,0,0,0
knurling-rs/defmt,113,25,28,49,48
kokakiwi/rust-hex,7,5,1,3,2
kornelski/http-cache-semantics,3,2,2,1,2
kpdecker/jsdiff,10,24,21,45,23
krb5/krb5,0,0,0,0,0
kriskowal/asap,1,2,0,0,0
kriszyp/json-schema,4,0,1,1,0
kumavis/browser-process-hrtime,0,0,0,0,0
la10736/rstest,23,33,32,38,23
lambda-fairy/rust-errno,3,5,3,0,2
langchain-ai/langchain,0,102,5251,2634,943
laurent-laporte-pro/deprecated,7,4,6,4,5
lddubeau/saxes,3,2,0,3,1
lddubeau/xmlchars,1,0,1,1,1
legrandin/pycryptodome,64,67,50,31,28
leonidas-from-xiv/node-xml2js,30,20,28,13,1
libevent/libevent,68,80,68,82,27
libexpat/libexpat,36,38,17,38,24
libffi/libffi,29,39,27,30,34
libidn/libidn2,0,0,0,0,0
libjpeg-turbo/libjpeg-turbo,57,47,84,45,34
libjxl/libjxl,245,236,213,263,118
libpixman/pixman,0,0,0,0,0
libsdl-org/libtiff,0,0,1,1,1
libuv/libuv,104,135,133,114,89
linusu/buffer-from,1,0,0,0,1
linux-audit/audit-userspace,29,30,26,29,37
linux-pam/linux-pam,55,33,44,63,54
litejs/natural-compare-lite,0,1,0,1,1
ljharb/call-bind,1,0,3,1,0
ljharb/call-bind-apply-helpers,0,0,0,2,2
ljharb/call-bound,0,0,0,2,1
ljharb/concat-map,0,0,0,0,1
ljharb/define-data-property,0,0,1,0,0
ljharb/define-properties,2,0,2,0,0
ljharb/es-abstract,16,1,4,2,2
ljharb/es-define-property,0,0,0,1,0
ljharb/es-errors,0,0,0,3,0
ljharb/es-shim-unscopables,0,1,0,0,0
ljharb/es-to-primitive,1,0,0,0,0
ljharb/get-intrinsic,5,5,1,1,6
ljharb/get-proto,0,0,0,0,1
ljharb/gopd,0,1,0,0,1
ljharb/internal-slot,2,0,0,0,0
ljharb/object-keys,0,0,0,1,0
ljharb/object.assign,1,2,1,2,0
ljharb/possible-typed-array-names,0,0,0,1,0
ljharb/qs,27,23,15,23,9
ljharb/safe-array-concat,0,0,3,0,0
ljharb/safe-regex-test,0,1,0,0,0
ljharb/set-function-length,0,0,2,0,0
ljharb/set-function-name,0,0,2,0,0
ljharb/shell-quote,0,2,8,4,5
ljharb/side-channel,2,1,0,0,0
ljharb/side-channel-list,0,0,0,1,1
ljharb/side-channel-map,0,0,0,1,0
ljharb/side-channel-weakmap,0,0,0,1,0
ljharb/unbox-primitive,0,0,0,0,0
lodash/lodash,176,139,131,85,42
loganfsmyth/gensync,1,1,0,0,0
lokathor/bytemuck,17,25,28,30,25
lokathor/tinyvec,10,9,3,10,4
lovell/detect-libc,1,1,2,1,3
lukaskalbertodt/litrs,4,2,5,0,2
lukeed/clsx,7,13,15,7,4
lukeed/dequal,4,2,0,2,2
lukeed/escalade,1,0,1,0,0
lukeed/kleur,6,0,0,2,0
lupomontero/psl,3,4,6,12,6
lxml/lxml,0,0,0,0,0
lydell/js-tokens,0,1,2,2,1
lydell/source-map-resolve,2,1,0,0,0
lz4/lz4,36,55,37,46,34
madler/zlib,32,88,70,70,34
mafintosh/duplexify,2,0,0,0,0
mafintosh/end-of-stream,0,1,0,0,0
mafintosh/fast-fifo,0,1,1,0,0
mafintosh/pump,0,0,0,1,0
mafintosh/stream-shift,0,0,2,0,0
mafintosh/streamx,7,9,7,6,4
mafintosh/tar-stream,6,2,9,6,5
marak/colors.js,4,47,3,3,4
marshallpierce/rust-base64,8,22,21,5,5
marshmallow-code/marshmallow,108,67,39,33,36
mathiasbynens/cssesc,2,0,2,2,1
mathiasbynens/emoji-regex,10,4,5,5,4
mathiasbynens/he,4,4,3,1,2
mathiasbynens/jsesc,0,2,2,1,2
mathiasbynens/punycode.js,2,3,7,3,2
mathiasbynens/regenerate,1,0,1,1,1
mathiasbynens/regenerate-unicode-properties,0,0,0,0,1
mathiasbynens/regexpu-core,1,9,3,4,0
mathiasbynens/unicode-canonical-property-names-ecmascript,0,0,0,0,0
mathiasbynens/unicode-match-property-ecmascript,1,0,0,0,0
mathiasbynens/unicode-match-property-value-ecmascript,0,0,0,0,0
mathiasbynens/unicode-property-aliases-ecmascript,0,0,0,0,0
matklad/once_cell,17,12,16,10,9
matplotlib/cycler,5,4,1,0,0
matplotlib/matplotlib,944,967,826,642,467
mattcg/language-subtag-registry,1,0,0,1,1
mbostock/internmap,4,0,0,0,0
mcollina/fastq,10,3,7,4,3
mcollina/reusify,0,0,0,1,2
mcollina/split2,3,2,1,0,0
mdevils/html-entities,11,10,5,5,2
mdn/data,11,11,7,8,6
medikoo/d,3,0,0,0,1
medikoo/es5-ext,3,14,5,2,2
medikoo/es6-iterator,0,0,0,0,0
medikoo/es6-symbol,1,0,1,0,0
medikoo/next-tick,0,0,0,0,0
medikoo/type,2,3,0,1,0
mhammond/pywin32,119,108,101,75,57
mhart/aws4,13,5,7,8,1
micheles/decorator,32,9,7,1,7
micromark/micromark,16,6,8,9,8
micromatch/anymatch,3,2,0,0,0
micromatch/braces,2,0,1,11,2
micromatch/expand-brackets,0,0,0,0,0
micromatch/is-glob,1,0,1,0,0
micromatch/micromatch,8,5,6,19,5
micromatch/picomatch,11,10,7,6,7
micromatch/to-regex-range,0,0,0,2,0
microsoft/tslib,0,9,15,7,0
microsoft/typescript,3682,3266,3260,2544,1363
microsoft/windows-rs,481,387,234,262,181
mikemcl/big.js,28,8,6,7,6
mikemcl/bignumber.js,21,21,17,0,10
minimistjs/minimist,0,11,25,12,4
mirror/libx11,0,1,0,0,3
mishoo/uglifyjs,311,217,28,74,5
mitsuhiko/insta,29,59,56,68,41
mlocati/gettext-iconv-windows,0,1,2,1,6
mm2/little-cms,40,35,37,23,42
moment/moment,126,77,71,45,34
more-itertools/more-itertools,43,40,50,77,51
motdotla/dotenv,50,62,48,24,39
moxystudio/node-cross-spawn,5,4,0,7,6
mozilla/source-map,14,7,12,10,3
mrabarnett/mrab-regex,49,35,31,22,39
mridgway/hoist-non-react-statics,1,4,1,0,0
mrkmg/node-external-editor,4,0,0,0,2
mrmlnc/fast-glob,19,21,21,18,12
mscdex/streamsearch,1,0,2,2,3
msgpack/msgpack-python,20,16,22,23,7
mui/material-ui,2349,2185,1682,1320,601
mysticatea/abort-controller,4,4,2,1,1
mysticatea/eslint-utils,10,1,0,1,1
mysticatea/event-target-shim,7,0,1,3,0
mysticatea/regexpp,5,2,0,0,0
near/borsh-rs,33,21,26,19,14
netflix/vmaf,78,61,47,28,18
networkx/networkx,202,254,221,124,114
nexdrew/which-module,0,0,0,0,0
nghttp2/nghttp2,74,65,49,63,26
nicolo-ribaudo/babel-preset-current-node-syntax,0,0,0,3,0
nix-rust/nix,59,91,82,75,40
nlnetlabs/unbound,140,170,121,161,135
node-fetch/fetch-blob,18,3,0,1,1
node-fetch/node-fetch,191,88,42,13,12
nodeca/argparse,5,6,2,2,5
nodeca/js-yaml,43,31,18,9,5
nodeca/pako,32,17,12,7,4
nodejs/cjs-module-lexer,18,7,5,5,6
nodejs/nan,16,8,7,9,4
nodejs/node,1443,1314,1680,1500,1333
nodejs/node-addon-api,150,83,48,42,20
nodejs/readable-stream,5,20,17,12,3
nodejs/string_decoder,2,0,0,0,0
nodejs/undici,270,205,231,351,182
nodelib/nodelib,2,3,2,5,4
novemberborn/common-path-prefix,0,0,0,0,0
npm/abbrev-js,0,0,0,1,0
npm/are-we-there-yet,3,0,1,0,0
npm/cacache,6,7,5,5,2
npm/gauge,1,1,1,0,0
npm/hosted-git-info,11,6,2,1,1
npm/ini,9,6,3,17,1
npm/json-parse-even-better-errors,0,2,0,0,0
npm/make-fetch-happen,10,8,4,3,0
npm/mute-stream,0,0,0,0,0
npm/node-semver,29,41,41,20,15
npm/node-which,3,0,3,0,1
npm/nopt,0,1,2,0,1
npm/normalize-package-data,5,1,4,0,1
npm/npm-normalize-package-bin,0,1,0,0,1
npm/npmlog,5,1,2,1,0
npm/proc-log,0,0,0,2,0
npm/ssri,3,1,1,0,1
npm/unique-slug,0,0,1,0,0
npm/write-file-atomic,4,0,3,1,0
nucleic/kiwi,10,16,11,6,4
numpy/numpy,995,918,950,953,717
nv/cssom,3,1,1,0,1
nyalab/caniuse-api,1,2,1,0,0
oauthlib/oauthlib,23,14,12,8,13
octokit/openapi-types.ts,16,7,5,5,0
octokit/types.ts,21,13,14,10,4
omnilib/aioitertools,3,4,1,2,0
oozcitak/xmlbuilder-js,3,1,1,1,0
open-telemetry/opentelemetry-js,297,302,346,282,247
open-telemetry/opentelemetry-js-contrib,143,163,172,207,143
open-telemetry/opentelemetry-python,326,368,225,309,183
openssl/openssl,1651,1181,1309,951,846
opensuse/ca-certificates,2,0,1,3,0
p11-glue/p11-kit,21,19,55,19,26
paholg/typenum,4,5,5,10,5
pallets-eco/blinker,2,2,11,4,1
pallets/click,219,131,106,78,145
pallets/flask,202,204,151,76,47
pallets/itsdangerous,7,9,2,6,5
pallets/jinja,100,119,59,54,30
pallets/markupsafe,17,21,8,16,13
pallets/werkzeug,94,114,100,78,26
pandas-dev/pandas,2162,1888,2049,1393,896
paramiko/paramiko,111,139,129,105,49
paritytech/scale-info,21,16,7,3,4
paulmillr/chokidar,85,46,0,55,26
paulmillr/readdirp,6,1,0,2,2
pcre2project/pcre2,44,60,98,88,61
perl/perl5,364,424,375,291,331
pest-parser/pest,45,46,35,22,19
peternator7/strum,26,25,31,33,26
petkaantonov/bluebird,8,5,6,5,6
pexpect/pexpect,32,16,32,13,5
pexpect/ptyprocess,1,3,0,3,2
pillarjs/encodeurl,0,0,1,0,2
pillarjs/finalhandler,2,3,0,3,1
pillarjs/iconv-lite,15,14,6,4,10
pillarjs/parseurl,1,1,0,1,0
pillarjs/path-to-regexp,21,13,7,25,13
pillarjs/send,1,1,1,8,3
pkgconf/pkgconf,23,25,34,20,39
pnggroup/libpng,26,35,36,35,58
postcss/autoprefixer,33,28,7,20,8
postcss/postcss,103,63,54,38,36
postcss/postcss-selector-parser,6,3,1,4,3
prettier/prettier,610,507,555,375,376
primus/eventemitter3,6,9,7,5,3
prompt-toolkit/python-prompt-toolkit,119,82,74,58,40
proptest-rs/proptest,23,12,41,45,19
protobufjs/protobuf.js,84,80,56,48,32
protocolbuffers/protobuf,515,656,547,496,372
psf/requests,196,190,164,132,105
psycopg/psycopg2,147,91,78,74,26
py4j/py4j,22,16,21,7,12
pyasn1/pyasn1,0,9,18,14,9
pyasn1/pyasn1-modules,0,0,3,0,1
pyca/bcrypt,8,18,21,15,13
pyca/cryptography,274,271,234,254,176
pyca/pynacl,28,21,3,12,16
pyca/pyopenssl,37,39,45,26,6
pydantic/pydantic,426,457,1437,1279,665
pydantic/pydantic-core,0,89,139,92,37
pydantic/typing-inspection,0,0,0,0,6
pygments/pygments,143,113,105,78,70
pypa/distlib,27,18,16,14,5
pypa/packaging,60,75,53,40,34
pypa/pip,723,552,467,378,247
pypa/setuptools,223,306,185,216,167
pypa/trove-classifiers,8,11,7,11,5
pypa/virtualenv,91,60,56,36,52
pypa/wheel,25,24,28,20,12
pyparsing/pyparsing,68,68,45,30,19
pytest-dev/iniconfig,2,7,2,1,4
pytest-dev/pluggy,16,11,25,9,7
pytest-dev/py,6,8,4,1,2
pytest-dev/pytest,425,377,392,415,296
python-attrs/attrs,69,89,65,76,40
python-cffi/cffi,0,0,19,50,30
python-distro/distro,7,7,2,2,1
python-greenlet/greenlet,35,33,44,20,24
python-hyper/brotlicffi,7,2,2,4,5
python-hyper/h11,6,5,6,3,2
python-hyper/uritemplate,2,3,1,0,0
python-jsonschema/jsonschema,79,75,105,44,39
python-jsonschema/jsonschema-specifications,0,0,6,2,2
python-jsonschema/referencing,0,1,32,11,13
python-pillow/pillow,309,337,275,245,163
python-poetry/poetry-core,0,0,0,0,0
python-poetry/tomlkit,24,41,40,28,23
python-trio/sniffio,2,3,3,2,2
python/importlib_metadata,49,36,36,17,14
python/importlib_resources,14,18,10,14,4
python/mypy,1152,1439,1367,947,924
python/mypy_extensions,1,1,8,1,7
python/typeshed,383,465,329,372,303
python/typing,83,62,79,55,62
python/typing_extensions,17,43,73,104,71
python/tzdata,0,2,5,1,8
qix-/color,33,11,3,0,10
qix-/color-convert,3,5,3,2,11
qix-/color-string,9,0,3,0,5
qix-/node-error-ex,0,0,0,0,4
qix-/node-is-arrayish,0,0,0,0,2
qt/qt5,0,0,0,0,0
qunixorg/acl,0,0,0,0,0
radix-ui/primitives,253,382,419,391,241
rapidfuzz/rapidfuzz,59,89,37,31,14
rapidfuzz/strsim-rs,2,2,2,2,1
raszi/node-tmp,5,6,4,5,2
raynos/duplexer,0,0,0,0,0
raynos/for-each,0,0,0,1,0
raynos/function-bind,0,0,1,0,0
raynos/xtend,0,0,0,0,0
rayon-rs/either,5,3,8,5,2
rayon-rs/rayon,54,53,59,53,22
reactivex/rxjs,198,103,62,25,11
realpython/pytest-mypy,7,13,4,5,4
remix-run/react-router,479,558,453,425,615
remusao/tldts,4,6,9,5,15
requests/requests-oauthlib,17,22,7,15,4
requests/toolbelt,10,10,15,7,5
retep998/winapi-rs,33,12,13,9,3
rich-harris/estree-walker,3,1,2,3,0
rich-harris/magic-string,3,14,14,11,2
richienb/char-regex,0,1,0,0,0
roaringbitmap/roaring-rs,9,46,3,13,6
rob--w/proxy-from-env,0,3,2,1,4
rogdham/backports.zstd,0,0,0,0,6
rollup/plugins,203,167,132,89,56
rollup/rollup,226,216,250,161,135
ronaldoussoren/pyobjc,69,102,58,43,28
rthalley/dnspython,59,47,67,66,28
ruamel/yaml.clib,0,0,0,0,0
runk/node-chardet,2,2,4,2,5
rust-bakery/nom,103,62,55,23,41
rust-cli/anstyle,0,10,14,14,7
rust-cli/env_logger,14,12,14,19,12
rust-embedded/critical-section,1,7,5,5,2
rust-embedded/heapless,23,16,38,31,34
rust-fuzz/arbitrary,8,14,11,14,8
rust-itertools/itertools,34,39,54,61,28
rust-lang-nursery/lazy-static.rs,5,5,7,4,2
rust-lang/backtrace-rs,22,18,15,19,19
rust-lang/cc-rs,32,47,53,124,70
rust-lang/cfg-if,7,3,4,2,2
rust-lang/compiler-builtins,16,20,15,25,28
rust-lang/flate2-rs,16,24,23,16,18
rust-lang/futures-rs,80,42,54,42,33
rust-lang/glob,2,7,7,5,11
rust-lang/hashbrown,24,26,37,31,19
rust-lang/jobserver-rs,1,4,3,11,3
rust-lang/libc,65,58,66,84,87
rust-lang/libz-sys,9,13,13,20,6
rust-lang/log,21,32,21,17,27
rust-lang/pkg-config-rs,3,6,8,5,5
rust-lang/regex,38,36,87,36,25
rust-lang/rust,4650,4697,4270,5013,4866
rust-lang/rust-bindgen,105,89,132,167,123
rust-lang/rustc-hash,2,1,2,5,4
rust-lang/socket2,38,33,43,24,22
rust-num/num-bigint,21,16,12,6,10
rust-num/num-complex,7,4,4,7,6
rust-num/num-integer,4,2,3,3,4
rust-num/num-traits,16,16,24,15,13
rust-phf/rust-phf,11,8,10,8,11
rust-pretty-assertions/rust-pretty-assertions,8,5,8,4,2
rust-random/getrandom,22,28,21,35,32
rust-random/rand,45,31,46,51,52
rust-random/rand_core,0,0,0,0,3
rust-random/rngs,3,4,3,1,5
rustcrypto/formats,30,49,64,66,71
rustcrypto/hashes,36,32,0,24,18
rustcrypto/hybrid-array,0,0,0,13,5
rustcrypto/stream-ciphers,6,4,6,1,19
rustcrypto/traits,37,42,32,36,48
rustcrypto/utils,35,28,33,20,21
rustls/pki-types,0,0,4,7,7
rustls/rustls,168,110,156,141,85
rustls/webpki-roots,2,0,3,5,3
rvagg/bl,6,1,1,2,2
rvagg/isstream,0,0,0,0,0
rvagg/node-errno,0,0,0,0,0
rvagg/through2,2,2,0,0,0
ryanzim/universalify,1,1,0,0,0
sailfishos-mirror/readline,0,0,0,0,0
salesforce/tough-cookie,9,12,19,16,16
samccone/chrome-trace-event,0,1,0,1,0
samn/json-stable-stringify,0,0,0,0,0
samverschueren/decode-uri-component,0,5,2,2,3
sarugaku/shellingham,5,5,8,3,1
sboudrias/inquirer.js,53,55,70,76,67
sboudrias/run-async,0,0,0,0,1
scikit-build/ninja-python-distributions,7,4,6,6,5
scikit-learn/scikit-learn,915,783,758,719,549
scipy/scipy,894,963,842,926,698
seanmonstar/num_cpus,3,4,3,0,1
seanmonstar/reqwest,169,154,194,187,175
seanmonstar/unicase,2,1,2,3,2
sec-ant/readable-stream,0,0,0,5,0
selinuxproject/selinux,26,21,19,20,27
serde-rs/bytes,1,3,6,0,0
serde-rs/json,66,86,82,66,39
serde-rs/serde,150,136,171,129,80
serge-sans-paille/isl,0,0,0,0,0
sergiobenitez/version_check,1,1,1,1,0
servo/rust-fnv,0,1,1,0,1
servo/rust-smallvec,12,6,8,12,7
servo/rust-url,33,33,36,50,38
simenb/collect-v8-coverage,1,0,0,2,0
sinclairzx81/sinclair-typebox,0,0,0,0,0
sindresorhus/aggregate-error,1,2,2,0,0
sindresorhus/ansi-escapes,1,3,4,0,0
sindresorhus/array-union,1,0,0,0,0
sindresorhus/arrify,0,1,0,0,0
sindresorhus/binary-extensions,2,0,0,0,1
sindresorhus/callsites,1,1,0,1,2
sindresorhus/camelcase,6,5,3,0,2
sindresorhus/clean-stack,5,0,0,1,2
sindresorhus/cli-cursor,0,0,0,0,0
sindresorhus/cli-spinners,5,1,1,2,5
sindresorhus/cli-truncate,3,1,0,1,1
sindresorhus/component-emitter,1,0,1,1,0
sindresorhus/crypto-random-string,6,4,2,0,0
sindresorhus/decamelize,3,4,1,0,1
sindresorhus/decompress-response,3,0,1,0,0
sindresorhus/define-lazy-prop,0,0,0,0,0
sindresorhus/detect-newline,0,0,1,0,0
sindresorhus/dot-prop,6,6,6,3,3
sindresorhus/emittery,15,6,3,6,3
sindresorhus/env-paths,2,1,0,1,1
sindresorhus/environment,0,0,0,2,0
sindresorhus/escape-string-regexp,6,0,0,1,1
sindresorhus/execa,29,15,53,172,17
sindresorhus/figures,13,3,0,1,0
sindresorhus/file-type,57,32,29,50,21
sindresorhus/find-up,4,5,2,1,2
sindresorhus/find-up-simple,0,0,0,1,2
sindresorhus/get-east-asian-width,0,0,1,0,0
sindresorhus/get-stream,3,0,12,5,0
sindresorhus/globals,3,3,4,14,13
sindresorhus/globby,22,10,10,6,5
sindresorhus/got,208,148,74,43,23
sindresorhus/has-flag,0,0,0,0,0
sindresorhus/import-fresh,2,3,1,3,0
sindresorhus/import-local,1,0,1,1,0
sindresorhus/indent-string,2,0,1,0,0
sindresorhus/index-to-position,0,0,2,1,0
sindresorhus/is,14,17,5,4,3
sindresorhus/is-binary-path,0,0,0,0,0
sindresorhus/is-docker,3,1,1,2,0
sindresorhus/is-fullwidth-code-point,1,1,1,0,0
sindresorhus/is-generator-fn,0,0,0,0,0
sindresorhus/is-inside-container,0,0,0,1,0
sindresorhus/is-obj,1,0,0,0,0
sindresorhus/is-path-inside,0,0,0,0,0
sindresorhus/is-plain-obj,0,1,0,0,0
sindresorhus/is-safe-filename,0,0,0,0,0
sindresorhus/is-stream,2,0,0,0,0
sindresorhus/is-unicode-supported,1,0,0,1,0
sindresorhus/is-wsl,0,1,1,0,1
sindresorhus/leven,1,0,0,1,1
sindresorhus/load-json-file,2,0,0,0,0
sindresorhus/locate-path,2,0,0,0,0
sindresorhus/log-symbols,0,0,0,0,1
sindresorhus/lowercase-keys,0,0,0,2,0
sindresorhus/make-dir,3,1,4,1,0
sindresorhus/map-obj,5,3,0,2,0
sindresorhus/meow,20,9,11,1,0
sindresorhus/merge-descriptors,0,0,2,0,0
sindresorhus/merge-streams,0,0,0,22,0
sindresorhus/mimic-function,0,1,1,2,0
sindresorhus/mimic-response,0,0,0,0,0
sindresorhus/node-defaults,0,1,2,0,0
sindresorhus/normalize-url,17,12,3,4,2
sindresorhus/npm-run-path,1,1,0,1,0
sindresorhus/object-assign,0,0,0,0,0
sindresorhus/onetime,0,0,0,0,0
sindresorhus/open,30,17,24,11,8
sindresorhus/ora,21,16,12,7,1
sindresorhus/os-tmpdir,0,0,0,0,0
sindresorhus/p-cancelable,3,4,1,0,0
sindresorhus/p-finally,0,0,0,0,0
sindresorhus/p-limit,6,8,10,7,7
sindresorhus/p-locate,0,0,0,0,1
sindresorhus/p-map,14,4,2,6,0
sindresorhus/p-timeout,3,2,2,3,1
sindresorhus/p-try,0,0,0,1,0
sindresorhus/parent-module,1,0,0,0,0
sindresorhus/parse-json,4,0,4,0,0
sindresorhus/path-exists,2,1,0,0,0
sindresorhus/path-is-absolute,0,0,0,0,0
sindresorhus/path-key,1,0,0,0,0
sindresorhus/path-type,1,0,0,0,1
sindresorhus/pify,1,0,0,0,0
sindresorhus/prepend-http,0,0,0,0,0
sindresorhus/quick-lru,5,3,7,1,3
sindresorhus/read-pkg,4,0,3,0,2
sindresorhus/redent,0,0,0,0,0
sindresorhus/resolve-cwd,0,0,0,0,0
sindresorhus/resolve-from,0,0,1,0,0
sindresorhus/responselike,0,0,0,0,0
sindresorhus/restore-cursor,0,0,0,0,0
sindresorhus/shebang-regex,0,0,0,0,1
sindresorhus/slash,1,2,0,0,0
sindresorhus/string-length,1,0,1,0,0
sindresorhus/string-width,5,8,2,6,4
sindresorhus/strip-bom,1,0,0,0,0
sindresorhus/strip-final-newline,0,0,1,0,0
sindresorhus/strip-indent,1,1,0,0,1
sindresorhus/strip-json-comments,3,5,1,1,1
sindresorhus/tagged-tag,0,0,0,0,0
sindresorhus/to-fast-properties,1,0,0,0,0
sindresorhus/type-fest,84,98,137,112,99
sindresorhus/unicorn-magic,0,0,0,0,0
sindresorhus/yn,1,1,0,1,0
sindresorhus/yocto-queue,2,1,1,4,2
sindresorhus/yoctocolors,0,0,1,5,3
sinonjs/commons,0,2,0,0,0
sinonjs/fake-timers,21,17,10,15,2
slint-ui/document-features,0,9,3,6,4
smithy-lang/smithy-rs,274,321,226,108,100
smithy-lang/smithy-typescript,14,21,47,67,38
smol-rs/fastrand,7,8,11,7,2
smol-rs/futures-lite,3,4,6,7,8
snowflakedb/snowflake-connector-python,103,145,155,88,101
socketio/socket.io,196,143,147,110,70
sqlalchemy/sqlalchemy,882,573,617,346,184
sqlite/sqlite,0,0,0,0,0
srijs/rust-crc32fast,3,3,2,6,3
stacktracejs/stackframe,0,9,2,0,0
stebalien/tempfile,12,16,18,18,18
stebalien/xattr,0,1,7,1,10
stefankoegl/python-json-pointer,3,4,2,1,2
stefanpenner/get-caller-file,0,0,1,0,0
storybookjs/storybook,1778,1275,2011,1193,1030
storyyeller/stable_deref_trait,0,2,1,0,2
stream-utils/destroy,0,0,0,0,0
stream-utils/raw-body,1,1,1,2,2
stream-utils/unpipe,0,0,0,0,0
streamich/memfs,25,23,31,28,50
stub42/pytz,15,19,17,12,5
suguru03/neo-async,2,0,1,1,0
sunfishcode/is-terminal,0,2,3,2,1
sunfishcode/linux-raw-sys,2,2,6,3,7
superchupudev/tinyglobby,0,0,0,41,40
sval-rs/sval,4,1,8,4,1
sval-rs/value-bag,6,0,9,1,1
svg/svgo,123,63,59,66,30
swc-project/swc,700,1027,723,524,429
sybrenstuvel/python-rsa,6,13,9,2,3
syntax-tree/unist-util-is,0,0,0,0,0
syntax-tree/unist-util-stringify-position,0,0,0,0,0
syntax-tree/unist-util-visit,4,0,1,1,2
syntax-tree/unist-util-visit-parents,0,0,1,1,1
systemd/systemd,1241,1324,1386,1509,1338
szmarczak/defer-to-connect,0,0,0,0,0
taiki-e/pin-project,6,7,1,0,4
taiki-e/pin-project-lite,7,1,4,2,2
taiki-e/portable-atomic,0,16,13,7,7
tapjs/foreground-child,0,1,1,4,2
tapjs/signal-exit,2,2,2,3,2
tapjs/stack-utils,6,2,0,0,0
tarruda/has,2,2,0,0,0
tartley/colorama,23,21,8,7,6
teambition/merge2,0,0,0,0,0
teddriggs/darling,23,33,28,20,41
tehshrike/deepmerge,9,7,5,3,2
tensorflow/tensorboard,169,142,96,60,25
terkelg/prompts,40,19,17,8,3
terkelg/sisteransi,0,0,0,0,2
terser/terser,182,154,113,64,52
textualize/rich,302,366,225,139,112
thejoshwolfe/yauzl,3,1,3,4,2
thenables/thenify,0,0,0,0,0
theskumar/python-dotenv,45,37,36,29,27
thkukuk/rpcsvc-proto,2,1,2,1,1
thlorenz/convert-source-map,0,1,0,1,1
thlorenz/deep-is,1,0,0,0,0
thomasdickey/ncurses-snapshots,0,0,0,0,0
tim-kos/node-retry,5,2,2,0,0
time-rs/time,62,69,58,43,29
tinylibs/tinyrainbow,0,0,2,0,0
tiran/defusedxml,8,6,10,2,0
tj/co,1,1,1,0,1
tj/commander.js,121,89,87,63,59
tjguk/wmi,2,6,2,1,1
tkaitchuck/ahash,24,26,25,24,11
tkem/cachetools,30,12,24,13,19
tokio-rs/bytes,20,28,31,28,22
tokio-rs/loom,11,27,12,16,19
tokio-rs/mio,44,34,28,36,22
tokio-rs/prost,76,89,73,53,38
tokio-rs/slab,3,6,2,0,3
tokio-rs/tokio,273,265,296,271,226
tokio-rs/tracing,215,187,162,138,104
tokio-rs/valuable,21,7,3,3,3
toml-rs/toml,41,58,106,54,60
tootallnate/file-uri-to-path,1,0,0,0,0
tootallnate/once,1,0,0,0,1
tootallnate/proxy-agents,11,7,50,34,14
tootallnate/util-deprecate,1,0,0,0,0
tornadoweb/tornado,79,53,54,28,33
tower-rs/tower,23,28,17,26,9
tox-dev/filelock,13,16,21,21,12
tox-dev/platformdirs,26,23,27,6,14
tqdm/tqdm,92,72,77,54,25
trentm/node-dashdash,1,0,1,0,0
tritondatacenter/node-http-signature,6,0,0,3,0
troygoode/node-require-directory,0,0,0,0,0
trysound/postcss-value-parser,1,1,1,0,0
tsconfig/bases,13,20,48,19,13
tukaani-project/xz,0,0,23,38,27
typescript-eslint/typescript-eslint,642,823,833,1102,582
typestrong/ts-node,186,160,94,28,15
uiri/toml,30,15,17,8,3
unclechu/node-deep-extend,1,1,0,0,0
ungap/structured-clone,0,8,4,0,1
unicode-org/icu,0,0,0,0,0
unicode-org/icu4x,452,486,427,284,342
unicode-rs/unicode-segmentation,3,4,9,5,6
unicode-rs/unicode-width,5,1,0,9,1
unicode-rs/unicode-xid,1,3,0,2,0
unjs/jiti,24,26,27,33,26
unjs/pathe,2,11,9,10,3
unshiftio/querystringify,0,2,0,0,0
unshiftio/requires-port,0,0,1,0,0
unshiftio/url-parse,14,8,0,0,1
uqfoundation/dill,35,70,51,29,17
urllib3/urllib3,102,100,117,88,68
util-linux/util-linux,168,173,242,219,191
uuid-rs/uuid,26,23,25,15,21
uuidjs/uuid,37,20,27,34,23
vercel/ai,0,0,321,742,2055
vercel/arg,2,5,1,1,0
vercel/ms,6,8,5,6,22
vercel/next.js,3375,3215,4313,3003,2091
visionmedia/bytes.js,0,1,1,0,1
visionmedia/node-progress,6,0,1,0,0
vitest-dev/vitest,159,898,978,910,842
vorner/signal-hook,26,4,9,7,11
vuejs/core,1307,1190,904,896,456
wasm-bindgen/wasm-bindgen,215,239,221,190,175
watson/ci-info,7,15,17,7,4
watson/is-ci,1,1,1,0,0
wbond/asn1crypto,15,18,17,6,9
web-platform-dx/baseline-browser-mapping,0,0,0,0,14
webmproject/libwebp,0,0,0,0,0
webpack/css-loader,65,28,18,26,5
webpack/enhanced-resolve,23,23,11,12,5
webpack/loader-runner,5,1,1,0,0
webpack/loader-utils,3,14,4,1,1
webpack/schema-utils,1,1,0,2,0
webpack/tapable,7,6,0,0,1
webpack/terser-webpack-plugin,37,27,13,8,6
webpack/watchpack,8,7,2,3,0
webpack/webpack,993,563,400,246,164
webpack/webpack-sources,9,2,0,1,2
webreflection/flatted,8,2,5,7,1
webreflection/html-escaper,2,2,0,0,0
websocket-client/websocket-client,82,87,52,31,22
websockets/ws,120,83,54,58,25
wesleytodd/setprototypeof,0,0,0,0,0
whitequark/ipaddr.js,6,5,5,5,4
winnow-rs/winnow,0,0,72,58,41
withoutboats/heck,3,3,5,3,3
xampprocky/remove_dir_all,4,5,5,2,1
xiph/ogg,4,5,2,0,4
xtuc/webassemblyjs,10,5,6,2,6
yahoo/serialize-javascript,7,3,2,3,1
yaml/libyaml,15,13,12,9,7
yaml/pyyaml,70,68,57,43,44
yargs/cliui,4,2,8,2,8
yargs/require-main-filename,0,0,0,0,0
yargs/set-blocking,0,1,0,0,0
yargs/y18n,8,0,1,0,1
yargs/yargs,137,101,54,40,25
yargs/yargs-parser,29,9,6,1,6
yuzujs/setimmediate,2,2,0,0,2
zertosh/invariant,4,0,0,0,1
zertosh/loose-envify,0,0,0,0,1
zloirock/core-js,83,77,86,34,22
