package,registry_hit,repository_url,homepage,fetched_at
7zip,debian-13,https://salsa.debian.org/debian/7zip,https://www.7-zip.org/,2026-04-27T20:49:35Z
a52dec,debian-13,https://salsa.debian.org/multimedia-team/a52dec,http://liba52.sourceforge.net/,2026-04-27T20:49:35Z
aalib,debian-13,https://salsa.debian.org/debian/aalib,http://aa-project.sourceforge.net/aalib/,2026-04-27T20:49:35Z
accountsservice,debian-13,https://salsa.debian.org/freedesktop-team/accountsservice,https://www.freedesktop.org/wiki/Software/AccountsService/,2026-04-27T20:49:35Z
acl,debian-13,https://git.hadrons.org/cgit/debian/pkgs/acl.git,https://savannah.nongnu.org/projects/acl/,2026-04-27T20:49:35Z
acpi-support,debian-13,https://salsa.debian.org/debian/acpi-support,,2026-04-27T20:49:35Z
acpid,debian-13,https://salsa.debian.org/debian/acpid,http://sourceforge.net/projects/acpid2/,2026-04-27T20:49:35Z
adwaita-icon-theme,debian-13,https://salsa.debian.org/gnome-team/adwaita-icon-theme,https://gitlab.gnome.org/GNOME/adwaita-icon-theme,2026-04-27T20:49:35Z
akregator,debian-13,https://salsa.debian.org/qt-kde-team/kde/akregator,https://invent.kde.org/pim/akregator,2026-04-27T20:49:35Z
alsa-plugins,debian-13,https://salsa.debian.org/alsa-team/alsa-plugins,https://www.alsa-project.org/,2026-04-27T20:49:35Z
alsa-topology-conf,debian-13,https://salsa.debian.org/alsa-team/alsa-topology-conf,https://www.alsa-project.org/,2026-04-27T20:49:35Z
alsa-ucm-conf,debian-13,https://salsa.debian.org/alsa-team/alsa-ucm-conf,https://www.alsa-project.org/,2026-04-27T20:49:35Z
alsa-utils,debian-13,https://salsa.debian.org/alsa-team/alsa-utils,https://www.alsa-project.org/,2026-04-27T20:49:35Z
anacron,debian-13,https://salsa.debian.org/debian/anacron,http://sourceforge.net/projects/anacron/,2026-04-27T20:49:35Z
android-tools-upstream,,,,2026-04-27T20:49:35Z
ann,debian-13,https://salsa.debian.org/science-team/ann,https://www.cs.umd.edu/~mount/ANN/,2026-04-27T20:49:35Z
apache-arrow,,,,2026-04-27T20:49:35Z
apache-serf,,,,2026-04-27T20:49:35Z
apache-thrift,,,,2026-04-27T20:49:35Z
apmod:dnssd,,,,2026-04-27T20:49:35Z
aptitude,debian-13,https://salsa.debian.org/apt-team/aptitude,https://wiki.debian.org/Aptitude,2026-04-27T20:49:35Z
ark,debian-13,https://salsa.debian.org/qt-kde-team/kde/ark,https://apps.kde.org/ark/,2026-04-27T20:49:35Z
armadillo,debian-13,https://salsa.debian.org/science-team/armadillo,https://arma.sourceforge.net/,2026-04-27T20:49:35Z
at,debian-13,https://salsa.debian.org/debian/at,http://blog.calhariz.com,2026-04-27T20:49:35Z
atkmm,vcpkg.io,,,2026-04-27T20:49:35Z
atril,debian-13,https://salsa.debian.org/debian-mate-team/atril,https://mate-desktop.org/,2026-04-27T20:49:35Z
audacious,debian-13,https://salsa.debian.org/multimedia-team/audacious,https://www.audacious-media-player.org/,2026-04-27T20:49:35Z
audacious-plugins,debian-13,https://salsa.debian.org/multimedia-team/audacious-plugins,https://www.audacious-media-player.org/,2026-04-27T20:49:35Z
autogen,debian-13,https://salsa.debian.org/debian/autogen,https://www.gnu.org/software/autogen/,2026-04-27T20:49:35Z
babeltrace,debian-13,https://salsa.debian.org/debian/babeltrace,https://www.efficios.com/babeltrace,2026-04-27T20:49:35Z
babl,debian-13,https://salsa.debian.org/gnome-team/babl,https://gegl.org/babl/,2026-04-27T20:49:35Z
base-passwd,debian-13,https://salsa.debian.org/debian/base-passwd,,2026-04-27T20:49:35Z
bison,debian-13,,https://www.gnu.org/software/bison/,2026-04-27T20:49:35Z
blt,debian-13,https://salsa.debian.org/tcltk-team/blt,http://blt.sourceforge.net/,2026-04-27T20:49:35Z
bogofilter,debian-13,,http://bogofilter.sourceforge.net/,2026-04-27T20:49:35Z
boost-defaults,debian-13,https://salsa.debian.org/debian/boost-defaults,https://www.boost.org/,2026-04-27T20:49:35Z
box2d,debian-13,https://salsa.debian.org/games-team/box2d,https://box2d.org/,2026-04-27T20:49:35Z
brasero,debian-13,https://salsa.debian.org/gnome-team/brasero,https://wiki.gnome.org/Apps/Brasero,2026-04-27T20:49:35Z
brltty,debian-13,https://salsa.debian.org/a11y-team/brltty,https://brltty.com,2026-04-27T20:49:35Z
bsdmainutils,debian-13,https://salsa.debian.org/meskes/bsdmainutils,,2026-04-27T20:49:35Z
btrfs-progs,debian-13,https://salsa.debian.org/debian/btrfs-progs,http://btrfs.wiki.kernel.org/,2026-04-27T20:49:35Z
busybox,debian-13,https://salsa.debian.org/installer-team/busybox,http://www.busybox.net,2026-04-27T20:49:35Z
cairomm,debian-13,https://salsa.debian.org/gnome-team/cairomm,https://cairographics.org/cairomm/,2026-04-27T20:49:35Z
caja,debian-13,https://salsa.debian.org/debian-mate-team/caja,https://mate-desktop.org/,2026-04-27T20:49:35Z
caribou,debian-13,https://salsa.debian.org/gnome-team/caribou,https://wiki.gnome.org/Projects/Caribou,2026-04-27T20:49:35Z
ccid,debian-13,https://salsa.debian.org/debian/ccid,https://ccid.apdu.fr/,2026-04-27T20:49:35Z
cdebconf,debian-13,https://salsa.debian.org/installer-team/cdebconf,,2026-04-27T20:49:35Z
cdparanoia,debian-13,https://salsa.debian.org/optical-media-team/cdparanoia,https://www.xiph.org/paranoia/,2026-04-27T20:49:35Z
cdrkit,debian-13,https://salsa.debian.org/debian/cdrkit,,2026-04-27T20:49:35Z
ceph,debian-13,https://salsa.debian.org/ceph-team/ceph,http://ceph.com/,2026-04-27T20:49:35Z
ceres-solver,debian-13,https://salsa.debian.org/science-team/ceres-solver,http://ceres-solver.org,2026-04-27T20:49:35Z
certbot,,,,2026-04-27T20:49:35Z
cfitsio,debian-13,https://salsa.debian.org/debian-astro-team/cfitsio,https://heasarc.gsfc.nasa.gov/fitsio/fitsio.html,2026-04-27T20:49:35Z
chafa,debian-13,https://salsa.debian.org/debian/chafa,https://hpjansson.org/chafa/,2026-04-27T20:49:35Z
cheese,debian-13,https://salsa.debian.org/gnome-team/cheese,https://wiki.gnome.org/Apps/Cheese,2026-04-27T20:49:35Z
chromaprint,debian-13,https://salsa.debian.org/multimedia-team/chromaprint,https://acoustid.org/chromaprint,2026-04-27T20:49:35Z
chromium,debian-13,https://salsa.debian.org/chromium-team/chromium,http://www.chromium.org/Home,2026-04-27T20:49:35Z
cifs-utils,debian-13,https://salsa.debian.org/samba-team/cifs-utils,https://wiki.samba.org/index.php/LinuxCIFS_utils,2026-04-27T20:49:35Z
cinnamon-control-center,debian-13,https://salsa.debian.org/cinnamon-team/cinnamon-control-center,http://cinnamon.linuxmint.com/,2026-04-27T20:49:35Z
cinnamon-desktop,debian-13,https://salsa.debian.org/cinnamon-team/cinnamon-desktop,http://cinnamon.linuxmint.com/,2026-04-27T20:49:35Z
cinnamon-menus,debian-13,https://salsa.debian.org/cinnamon-team/cinnamon-menus,http://cinnamon.linuxmint.com,2026-04-27T20:49:35Z
clisp,debian-13,https://salsa.debian.org/common-lisp-team/clisp,http://www.clisp.org/,2026-04-27T20:49:35Z
cln,debian-13,,http://www.ginac.de/CLN/,2026-04-27T20:49:35Z
clp,debian-13,https://salsa.debian.org/science-team/clp,https://projects.coin-or.org/Clp,2026-04-27T20:49:35Z
clucene,,,,2026-04-27T20:49:35Z
clutter,,,,2026-04-27T20:49:35Z
clutter-gst,,,,2026-04-27T20:49:35Z
clutter-gtk,debian-13,https://salsa.debian.org/gnome-team/clutter-gtk,,2026-04-27T20:49:35Z
cmocka,debian-13,https://salsa.debian.org/debian/cmocka,https://cmocka.org/,2026-04-27T20:49:35Z
codec2,debian-13,https://salsa.debian.org/bottoms/pkg-codec2,http://rowetel.com/codec2.html,2026-04-27T20:49:35Z
cogl,debian-13,https://salsa.debian.org/gnome-team/cogl,,2026-04-27T20:49:35Z
coin-or-cgl,vcpkg.io,,,2026-04-27T20:49:35Z
coinmp,debian-13,https://salsa.debian.org/science-team/coinmp,https://projects.coin-or.org/CoinMP,2026-04-27T20:49:35Z
colord,debian-13,https://salsa.debian.org/debian/colord,https://www.freedesktop.org/software/colord/,2026-04-27T20:49:35Z
colord-gtk,debian-13,https://salsa.debian.org/debian/colord-gtk,https://www.freedesktop.org/software/colord/,2026-04-27T20:49:35Z
cron,debian-13,https://salsa.debian.org/debian/cron,https://ftp.isc.org/isc/cron/,2026-04-27T20:49:35Z
crypto++,,,,2026-04-27T20:49:35Z
cunit,debian-13,https://salsa.debian.org/debian/cunit,http://cunit.sourceforge.net/,2026-04-27T20:49:35Z
cwidget,debian-13,https://salsa.debian.org/cwidget-team/cwidget,https://salsa.debian.org/cwidget-team/,2026-04-27T20:49:35Z
czmq,debian-13,https://salsa.debian.org/debian/czmq,http://czmq.zeromq.org/,2026-04-27T20:49:35Z
db-defaults,debian-13,https://salsa.debian.org/debian/db-defaults,,2026-04-27T20:49:35Z
dbus,debian-13,https://salsa.debian.org/utopia-team/dbus,https://dbus.freedesktop.org/,2026-04-27T20:49:35Z
dbus-glib,debian-13,https://salsa.debian.org/debian/dbus-glib,https://www.freedesktop.org/wiki/Software/DBusBindings,2026-04-27T20:49:35Z
ddcutil,debian-13,https://salsa.debian.org/debian/ddcutil,https://www.ddcutil.com,2026-04-27T20:49:35Z
debconf-kde,debian-13,https://salsa.debian.org/qt-kde-team/extras/debconf-kde,https://projects.kde.org/projects/extragear/sysadmin/libdebconf-kde,2026-04-27T20:49:35Z
debian:bind9utils,,,,2026-04-27T20:49:35Z
debian:cpufrequtils,,,,2026-04-27T20:49:35Z
debian:deborphan,,,,2026-04-27T20:49:35Z
debian:dnsutils,,,,2026-04-27T20:49:35Z
debian:freeglut3,,,,2026-04-27T20:49:35Z
debian:gconf2,,,,2026-04-27T20:49:35Z
debian:ghostscript-x,,,,2026-04-27T20:49:35Z
debian:gir1.2-mutter-11,,,,2026-04-27T20:49:35Z
debian:gir1.2-mutter-7,,,,2026-04-27T20:49:35Z
debian:gir1.2-tracker-2.0,,,,2026-04-27T20:49:35Z
debian:gvfs-bin,,,,2026-04-27T20:49:35Z
debian:imagemagick-6-common,,,,2026-04-27T20:49:35Z
debian:imagemagick-6.q16,,,,2026-04-27T20:49:35Z
debian:iproute,,,,2026-04-27T20:49:35Z
debian:kate5-data,,,,2026-04-27T20:49:35Z
debian:knotes,,,,2026-04-27T20:49:35Z
debian:ksysguard,,,,2026-04-27T20:49:35Z
debian:ksysguard-data,,,,2026-04-27T20:49:35Z
debian:ksysguardd,,,,2026-04-27T20:49:35Z
debian:libapt-pkg6.0,,,,2026-04-27T20:49:35Z
debian:libass5,,,,2026-04-27T20:49:35Z
debian:libavcodec58,,,,2026-04-27T20:49:35Z
debian:libavcodec59,,,,2026-04-27T20:49:35Z
debian:libavdevice58,,,,2026-04-27T20:49:35Z
debian:libavdevice59,,,,2026-04-27T20:49:35Z
debian:libavfilter7,,,,2026-04-27T20:49:35Z
debian:libavfilter8,,,,2026-04-27T20:49:35Z
debian:libavformat58,,,,2026-04-27T20:49:35Z
debian:libavformat59,,,,2026-04-27T20:49:35Z
debian:libavresample4,,,,2026-04-27T20:49:35Z
debian:libavutil56,,,,2026-04-27T20:49:35Z
debian:libavutil57,,,,2026-04-27T20:49:35Z
debian:libcomerr2,,,,2026-04-27T20:49:35Z
debian:libcpufreq0,,,,2026-04-27T20:49:35Z
debian:libcroco3,,,,2026-04-27T20:49:35Z
debian:libcurl3,,,,2026-04-27T20:49:35Z
debian:libcwidget3,,,,2026-04-27T20:49:35Z
debian:libdc1394-22,,,,2026-04-27T20:49:35Z
debian:libdolphinvcs5,,,,2026-04-27T20:49:35Z
debian:libenchant1c2a,,,,2026-04-27T20:49:35Z
debian:libepsilon1,,,,2026-04-27T20:49:35Z
debian:libexiv2-27,,,,2026-04-27T20:49:35Z
debian:libfam0,,,,2026-04-27T20:49:35Z
debian:libflac8,,,,2026-04-27T20:49:35Z
debian:libfluidsynth1,,,,2026-04-27T20:49:35Z
debian:libfreetype6-dev,,,,2026-04-27T20:49:35Z
debian:libgcc1,,,,2026-04-27T20:49:35Z
debian:libgcrypt11,,,,2026-04-27T20:49:35Z
debian:libgdbm3,,,,2026-04-27T20:49:35Z
debian:libgdk-pixbuf2.0-0,,,,2026-04-27T20:49:35Z
debian:libgimp2.0,,,,2026-04-27T20:49:35Z
debian:libgl1-mesa-glx,,,,2026-04-27T20:49:35Z
debian:libgnutls26,,,,2026-04-27T20:49:35Z
debian:libgpgme11-dev,,,,2026-04-27T20:49:35Z
debian:libgps28,,,,2026-04-27T20:49:35Z
debian:libgs9,,,,2026-04-27T20:49:35Z
debian:libgs9-common,,,,2026-04-27T20:49:35Z
debian:libgsasl7,,,,2026-04-27T20:49:35Z
debian:libidn11,,,,2026-04-27T20:49:35Z
debian:libilmbase-dev,,,,2026-04-27T20:49:35Z
debian:libiptc0,,,,2026-04-27T20:49:35Z
debian:libisc95,,,,2026-04-27T20:49:35Z
debian:libk3b7,,,,2026-04-27T20:49:35Z
debian:libk3b7-extracodecs,,,,2026-04-27T20:49:35Z
debian:libkf5konq6,,,,2026-04-27T20:49:35Z
debian:libldap-2.4-2,,,,2026-04-27T20:49:35Z
debian:libldb1,,,,2026-04-27T20:49:35Z
debian:libmagick++-6.q16-8,,,,2026-04-27T20:49:35Z
debian:libmagickcore-6.q16-6,,,,2026-04-27T20:49:35Z
debian:libmagickcore-6.q16-6-extra,,,,2026-04-27T20:49:35Z
debian:libmagickwand-6.q16-6,,,,2026-04-27T20:49:35Z
debian:libmpfr4,,,,2026-04-27T20:49:35Z
debian:libmutter-11-0,,,,2026-04-27T20:49:35Z
debian:libmutter-7-0,,,,2026-04-27T20:49:35Z
debian:libnautilus-extension1a,,,,2026-04-27T20:49:35Z
debian:libncurses5,,,,2026-04-27T20:49:35Z
debian:libncurses5-dev,,,,2026-04-27T20:49:35Z
debian:libncursesw5,,,,2026-04-27T20:49:35Z
debian:libncursesw5-dev,,,,2026-04-27T20:49:35Z
debian:libnetpbm10,,,,2026-04-27T20:49:35Z
debian:libntfs-3g883,,,,2026-04-27T20:49:35Z
debian:libodbc1,,,,2026-04-27T20:49:35Z
debian:libokular5core10,,,,2026-04-27T20:49:35Z
debian:libonig2,,,,2026-04-27T20:49:35Z
debian:libopenexr25,,,,2026-04-27T20:49:35Z
debian:libpango1.0-0,,,,2026-04-27T20:49:35Z
debian:libpcre3,,,,2026-04-27T20:49:35Z
debian:libperl5.32,,,,2026-04-27T20:49:35Z
debian:libperl5.36,,,,2026-04-27T20:49:35Z
debian:libpng12-0,,,,2026-04-27T20:49:35Z
debian:libpolkit-backend-1-0,,,,2026-04-27T20:49:35Z
debian:libpostproc55,,,,2026-04-27T20:49:35Z
debian:libpostproc56,,,,2026-04-27T20:49:35Z
debian:libprocps8,,,,2026-04-27T20:49:35Z
debian:libpstoedit0c2a,,,,2026-04-27T20:49:35Z
debian:libpython2.7,,,,2026-04-27T20:49:35Z
debian:libpython2.7-dev,,,,2026-04-27T20:49:35Z
debian:libpython2.7-minimal,,,,2026-04-27T20:49:35Z
debian:libpython2.7-stdlib,,,,2026-04-27T20:49:35Z
debian:libqt4-dbus,,,,2026-04-27T20:49:35Z
debian:libqt4-network,,,,2026-04-27T20:49:35Z
debian:libqt4-xml,,,,2026-04-27T20:49:35Z
debian:libqtcore4,,,,2026-04-27T20:49:35Z
debian:libqtgui4,,,,2026-04-27T20:49:35Z
debian:libreadline5,,,,2026-04-27T20:49:35Z
debian:libreadline6,,,,2026-04-27T20:49:35Z
debian:librest-0.7-0,,,,2026-04-27T20:49:35Z
debian:libsensors4,,,,2026-04-27T20:49:35Z
debian:libsepol1,,,,2026-04-27T20:49:35Z
debian:libsepol1-dev,,,,2026-04-27T20:49:35Z
debian:libsigc++-2.0-0c2a,,,,2026-04-27T20:49:35Z
debian:libsmbclient,,,,2026-04-27T20:49:35Z
debian:libsmi2ldbl,,,,2026-04-27T20:49:35Z
debian:libsnmp30,,,,2026-04-27T20:49:35Z
debian:libsoup2.4-1,,,,2026-04-27T20:49:35Z
debian:libsource-highlight4v5,,,,2026-04-27T20:49:35Z
debian:libssl1.0.0,,,,2026-04-27T20:49:35Z
debian:libssl1.1,,,,2026-04-27T20:49:35Z
debian:libswresample3,,,,2026-04-27T20:49:35Z
debian:libswresample4,,,,2026-04-27T20:49:35Z
debian:libswscale5,,,,2026-04-27T20:49:35Z
debian:libswscale6,,,,2026-04-27T20:49:35Z
debian:libtasn1-3,,,,2026-04-27T20:49:35Z
debian:libtinfo-dev,,,,2026-04-27T20:49:35Z
debian:libtracker-control-2.0-0,,,,2026-04-27T20:49:35Z
debian:libtracker-miner-2.0-0,,,,2026-04-27T20:49:35Z
debian:libtracker-sparql-2.0-0,,,,2026-04-27T20:49:35Z
debian:libtracker-sparql-3.0-0,,,,2026-04-27T20:49:35Z
debian:libx264-160,,,,2026-04-27T20:49:35Z
debian:libxapian22,,,,2026-04-27T20:49:35Z
debian:libxcb-util0,,,,2026-04-27T20:49:35Z
debian:mlocate,,,,2026-04-27T20:49:35Z
debian:module-init-tools,,,,2026-04-27T20:49:35Z
debian:mysql-client,,,,2026-04-27T20:49:35Z
debian:mysql-server,,,,2026-04-27T20:49:35Z
debian:ntp,,,,2026-04-27T20:49:35Z
debian:ntpdate,,,,2026-04-27T20:49:35Z
debian:odbcinst1debian2,,,,2026-04-27T20:49:35Z
debian:pdftk,,,,2026-04-27T20:49:35Z
debian:perl-modules-5.32,,,,2026-04-27T20:49:35Z
debian:perl-modules-5.36,,,,2026-04-27T20:49:35Z
debian:php5-cli,,,,2026-04-27T20:49:35Z
debian:policykit-1-gnome,,,,2026-04-27T20:49:35Z
debian:polkitd-pkla,,,,2026-04-27T20:49:35Z
debian:python,,,,2026-04-27T20:49:35Z
debian:python-crypto,,,,2026-04-27T20:49:35Z
debian:python-dbus,,,,2026-04-27T20:49:35Z
debian:python-ldb,,,,2026-04-27T20:49:35Z
debian:python-lxml,,,,2026-04-27T20:49:35Z
debian:python-minimal,,,,2026-04-27T20:49:35Z
debian:python-openssl,,,,2026-04-27T20:49:35Z
debian:python-pycurl,,,,2026-04-27T20:49:35Z
debian:python-samba,,,,2026-04-27T20:49:35Z
debian:python-talloc,,,,2026-04-27T20:49:35Z
debian:python-tdb,,,,2026-04-27T20:49:35Z
debian:python2.6-minimal,,,,2026-04-27T20:49:35Z
debian:python2.7,,,,2026-04-27T20:49:35Z
debian:python2.7-dev,,,,2026-04-27T20:49:35Z
debian:python2.7-minimal,,,,2026-04-27T20:49:35Z
debian:sntp,,,,2026-04-27T20:49:35Z
debian:transfig,,,,2026-04-27T20:49:35Z
debian:unrar,,,,2026-04-27T20:49:35Z
debian:wireshark-qt,,,,2026-04-27T20:49:35Z
debian:x11-apps,,,,2026-04-27T20:49:35Z
debian:x11-utils,,,,2026-04-27T20:49:35Z
dee,debian-13,https://salsa.debian.org/debian/dee,https://launchpad.net/dee,2026-04-27T20:49:35Z
discount,debian-13,https://salsa.debian.org/debian/discount,http://www.pell.portland.or.us/~orc/Code/discount/,2026-04-27T20:49:35Z
discover-data,debian-13,https://salsa.debian.org/installer-team/discover-data,,2026-04-27T20:49:35Z
discover-unclassified,,,,2026-04-27T20:49:35Z
distro-info-unclassified,,,,2026-04-27T20:49:35Z
djview,,,,2026-04-27T20:49:35Z
djvulibre,debian-13,https://salsa.debian.org/debian/djvulibre,http://djvu.sourceforge.net/,2026-04-27T20:49:35Z
docutils,,,,2026-04-27T20:49:35Z
dolphin-fm,,,,2026-04-27T20:49:35Z
dos2unix,debian-13,https://salsa.debian.org/debian/dos2unix,https://waterlan.home.xs4all.nl/dos2unix.html,2026-04-27T20:49:35Z
doxygen,debian-13,https://salsa.debian.org/debian/doxygen,https://www.doxygen.nl/,2026-04-27T20:49:35Z
dragon-player,,,,2026-04-27T20:49:35Z
dvd+rw-tools,debian-13,https://salsa.debian.org/optical-media-team/dvd-rw-tools,http://fy.chalmers.se/~appro/linux/DVD+RW/,2026-04-27T20:49:35Z
dvdauthor,debian-13,https://salsa.debian.org/multimedia-team/dvdauthor,https://dvdauthor.sourceforge.net,2026-04-27T20:49:35Z
ebook-tools,debian-13,https://salsa.debian.org/pino/ebook-tools,https://sourceforge.net/projects/ebook-tools/,2026-04-27T20:49:35Z
ed,debian-13,https://salsa.debian.org/debian/ed,https://www.gnu.org/software/ed/,2026-04-27T20:49:35Z
editorconfig-core-unclassified,,,,2026-04-27T20:49:35Z
ell,debian-13,https://salsa.debian.org/debian/ell,,2026-04-27T20:49:35Z
emacs,debian-13,https://salsa.debian.org/rlb/deb-emacs,https://www.gnu.org/software/emacs/,2026-04-27T20:49:35Z
enca,debian-13,https://salsa.debian.org/debian/enca,https://cihar.com/software/enca/,2026-04-27T20:49:35Z
eog,debian-13,https://salsa.debian.org/gnome-team/eog,https://wiki.gnome.org/Apps/EyeOfGnome,2026-04-27T20:49:35Z
epsilon-compressor,,,,2026-04-27T20:49:35Z
esnacc,debian-13,https://salsa.debian.org/debian/esnacc,http://esnacc.org,2026-04-27T20:49:35Z
ethtool,debian-13,https://salsa.debian.org/kernel-team/ethtool,https://www.kernel.org/pub/software/network/ethtool/,2026-04-27T20:49:35Z
evince,debian-13,https://salsa.debian.org/gnome-team/evince,https://apps.gnome.org/Evince/,2026-04-27T20:49:35Z
exempi,debian-13,https://salsa.debian.org/debian/exempi,https://libopenraw.freedesktop.org/wiki/Exempi,2026-04-27T20:49:35Z
exiftool,,,,2026-04-27T20:49:35Z
exim,,,,2026-04-27T20:49:35Z
exo,debian-13,https://salsa.debian.org/xfce-team/desktop/exo,https://docs.xfce.org/xfce/exo/start,2026-04-27T20:49:35Z
fakeroot,debian-13,https://salsa.debian.org/clint/fakeroot,,2026-04-27T20:49:35Z
farstream,,,,2026-04-27T20:49:35Z
fdk-aac,debian-13,https://github.com/mstorsjo/fdk-aac,https://github.com/mstorsjo/fdk-aac,2026-04-27T20:49:35Z
ffcall,debian-13,https://salsa.debian.org/common-lisp-team/ffcall,https://www.gnu.org/software/libffcall/,2026-04-27T20:49:35Z
file-roller,debian-13,https://salsa.debian.org/gnome-team/file-roller,https://wiki.gnome.org/Apps/FileRoller,2026-04-27T20:49:35Z
filezilla,debian-13,https://salsa.debian.org/debian/filezilla,https://filezilla-project.org/,2026-04-27T20:49:35Z
firebird,,,,2026-04-27T20:49:35Z
flashrom,debian-13,https://salsa.debian.org/myczko-guest/flashrom,http://www.flashrom.org,2026-04-27T20:49:35Z
flatpak,debian-13,https://salsa.debian.org/debian/flatpak,https://flatpak.org/,2026-04-27T20:49:35Z
flite,debian-13,https://salsa.debian.org/a11y-team/flite,http://cmuflite.org,2026-04-27T20:49:35Z
folks,debian-13,https://salsa.debian.org/gnome-team/folks,https://wiki.gnome.org/Projects/Folks,2026-04-27T20:49:35Z
foo2zjs,debian-13,https://salsa.debian.org/printing-team/foo2zjs,http://foo2zjs.rkkda.com/,2026-04-27T20:49:35Z
fping,debian-13,https://salsa.debian.org/debian/fping,https://www.fping.org/,2026-04-27T20:49:35Z
freexl,debian-13,https://salsa.debian.org/debian-gis-team/freexl,https://www.gaia-gis.it/fossil/freexl/,2026-04-27T20:49:35Z
galera,,,,2026-04-27T20:49:35Z
garcon,debian-13,https://salsa.debian.org/xfce-team/desktop/garcon,https://docs.xfce.org/xfce/garcon/start,2026-04-27T20:49:35Z
gawk,debian-13,,http://www.gnu.org/software/gawk/,2026-04-27T20:49:35Z
gcab,debian-13,https://salsa.debian.org/debian/gcab,https://wiki.gnome.org/msitools,2026-04-27T20:49:35Z
gcc-defaults,debian-13,https://salsa.debian.org/toolchain-team/gcc-defaults,,2026-04-27T20:49:35Z
gcr,debian-13,https://salsa.debian.org/gnome-team/gcr,https://wiki.gnome.org/Projects/GnomeKeyring,2026-04-27T20:49:35Z
gdb,debian-13,https://salsa.debian.org/gdb-team/gdb,https://www.gnu.org/s/gdb/,2026-04-27T20:49:35Z
gdcm,debian-13,https://salsa.debian.org/med-team/gdcm,http://gdcm.sourceforge.net/,2026-04-27T20:49:35Z
gdk-pixbuf-xlib,debian-13,https://salsa.debian.org/gnome-team/gdk-pixbuf-xlib,https://www.gtk.org/,2026-04-27T20:49:35Z
gdm-gnome-display-manager,,,,2026-04-27T20:49:35Z
gegl,debian-13,https://salsa.debian.org/gnome-team/gegl,https://gegl.org/,2026-04-27T20:49:35Z
geocode-glib,debian-13,https://salsa.debian.org/gnome-team/geocode-glib,,2026-04-27T20:49:35Z
geoip,debian-13,,https://www.maxmind.com/,2026-04-27T20:49:35Z
gexiv2,debian-13,https://salsa.debian.org/gnome-team/gexiv2,https://wiki.gnome.org/Projects/gexiv2,2026-04-27T20:49:35Z
gimp,debian-13,https://salsa.debian.org/gnome-team/gimp,https://www.gimp.org/,2026-04-27T20:49:35Z
gl2ps,debian-13,https://salsa.debian.org/science-team/gl2ps,https://geuz.org/gl2ps/,2026-04-27T20:49:35Z
glade,debian-13,https://salsa.debian.org/gnome-team/glade,https://glade.gnome.org/,2026-04-27T20:49:35Z
glew,debian-13,https://salsa.debian.org/debian/glew,http://glew.sourceforge.net,2026-04-27T20:49:35Z
glibmm,spack.io,https://gitlab.gnome.org/GNOME/glibmm,https://gitlab.gnome.org/GNOME/glibmm,2026-04-27T20:49:35Z
glu,spack.io,https://www.mesa3d.org,https://www.mesa3d.org,2026-04-27T20:49:35Z
glusterfs,debian-13,,https://www.gluster.org/,2026-04-27T20:49:35Z
gnome-autoar,debian-13,https://salsa.debian.org/gnome-team/gnome-autoar,,2026-04-27T20:49:35Z
gnome-bluetooth,debian-12,https://salsa.debian.org/gnome-team/gnome-bluetooth,https://wiki.gnome.org/Projects/GnomeBluetooth,2026-04-27T20:49:35Z
gnome-contacts,debian-13,https://salsa.debian.org/gnome-team/gnome-contacts,https://apps.gnome.org/Contacts/,2026-04-27T20:49:35Z
gnome-control-center,debian-13,https://salsa.debian.org/gnome-team/gnome-control-center,,2026-04-27T20:49:35Z
gnome-desktop,debian-13,https://salsa.debian.org/gnome-team/gnome-desktop,,2026-04-27T20:49:35Z
gnome-disk-utility,debian-13,https://salsa.debian.org/gnome-team/gnome-disk-utility,https://apps.gnome.org/DiskUtility/,2026-04-27T20:49:35Z
gnome-keyring,debian-13,https://salsa.debian.org/gnome-team/gnome-keyring,https://wiki.gnome.org/GnomeKeyring,2026-04-27T20:49:35Z
gnome-menus,debian-13,https://salsa.debian.org/gnome-team/gnome-menus,,2026-04-27T20:49:35Z
gnome-online-accounts,debian-13,https://salsa.debian.org/gnome-team/gnome-online-accounts,https://wiki.gnome.org/Projects/GnomeOnlineAccounts,2026-04-27T20:49:35Z
gnome-panel,debian-13,https://salsa.debian.org/gnome-team/gnome-panel,https://wiki.gnome.org/Projects/GnomePanel,2026-04-27T20:49:35Z
gnome-terminal,debian-13,https://salsa.debian.org/gnome-team/gnome-terminal,https://wiki.gnome.org/Apps/Terminal,2026-04-27T20:49:35Z
gnome-user-share,debian-13,https://salsa.debian.org/gnome-team/gnome-user-share,,2026-04-27T20:49:35Z
gnote,debian-13,https://salsa.debian.org/gnome-team/gnote,https://wiki.gnome.org/Apps/Gnote,2026-04-27T20:49:35Z
gnu-bc,,,,2026-04-27T20:49:35Z
gnumpc,,,,2026-04-27T20:49:35Z
gnuplot,debian-13,https://salsa.debian.org/science-team/gnuplot,https://gnuplot.sourceforge.net/,2026-04-27T20:49:35Z
gom,debian-13,https://salsa.debian.org/debian/gom,http://software.installiert.net,2026-04-27T20:49:35Z
gpgmepp,vcpkg.io,,,2026-04-27T20:49:35Z
gptfdisk,,,,2026-04-27T20:49:35Z
graphicsmagick,debian-13,,http://www.graphicsmagick.org/,2026-04-27T20:49:35Z
grilo,debian-13,https://salsa.debian.org/berto/grilo,https://wiki.gnome.org/Projects/Grilo,2026-04-27T20:49:35Z
grilo-plugins,debian-13,https://salsa.debian.org/berto/grilo-plugins,https://wiki.gnome.org/Projects/Grilo,2026-04-27T20:49:35Z
gsasl,debian-13,https://salsa.debian.org/xmpp-team/gsasl,https://www.gnu.org/software/gsasl/,2026-04-27T20:49:35Z
gsettings-desktop-schemas,debian-13,https://salsa.debian.org/gnome-team/gsettings-desktop-schemas,https://www.gnome.org/,2026-04-27T20:49:35Z
gsl,debian-13,https://salsa.debian.org/edd/gsl,https://www.gnu.org/software/gsl,2026-04-27T20:49:35Z
gsm,,,,2026-04-27T20:49:35Z
gsound,debian-13,https://salsa.debian.org/gnome-team/gsound,https://wiki.gnome.org/Projects/GSound,2026-04-27T20:49:35Z
gssdp,debian-13,https://salsa.debian.org/gnome-team/gssdp,https://wiki.gnome.org/Projects/GUPnP,2026-04-27T20:49:35Z
gstreamer:bad,,,,2026-04-27T20:49:35Z
gstreamer:base,,,,2026-04-27T20:49:35Z
gstreamer:editing-services,,,,2026-04-27T20:49:35Z
gstreamer:good,,,,2026-04-27T20:49:35Z
gstreamer:libav,,,,2026-04-27T20:49:35Z
gstreamer:ugly,,,,2026-04-27T20:49:35Z
gtk-engines,,,,2026-04-27T20:49:35Z
gtk-mac-integration,,,,2026-04-27T20:49:35Z
gtk-vnc,debian-13,https://salsa.debian.org/libvirt-team/gtk-vnc,https://wiki.gnome.org/Projects/gtk-vnc,2026-04-27T20:49:35Z
gtkmm,spack.io,https://www.gtkmm.org/en/,https://www.gtkmm.org/en/,2026-04-27T20:49:35Z
gtkspell,debian-13,,,2026-04-27T20:49:35Z
gts-triangulated-surface,,,,2026-04-27T20:49:35Z
gucharmap,debian-13,https://salsa.debian.org/gnome-team/gucharmap,https://wiki.gnome.org/Apps/Gucharmap,2026-04-27T20:49:35Z
gupnp,debian-13,https://salsa.debian.org/gnome-team/gupnp,https://gnome.pages.gitlab.gnome.org/gupnp/docs/,2026-04-27T20:49:35Z
gupnp-av,debian-13,https://salsa.debian.org/gnome-team/gupnp-av,http://www.gupnp.org,2026-04-27T20:49:35Z
gupnp-dlna,debian-13,https://salsa.debian.org/gnome-team/gupnp-dlna,https://wiki.gnome.org/Projects/GUPnP,2026-04-27T20:49:35Z
gupnp-igd,debian-13,https://salsa.debian.org/gnome-team/gupnp-igd,https://wiki.gnome.org/Projects/GUPnP,2026-04-27T20:49:35Z
gutenprint,debian-13,https://salsa.debian.org/printing-team/gutenprint,http://gimp-print.sourceforge.net/,2026-04-27T20:49:35Z
gvfs,debian-13,https://salsa.debian.org/gnome-team/gvfs,https://wiki.gnome.org/Projects/gvfs,2026-04-27T20:49:35Z
gwenview,debian-13,https://salsa.debian.org/qt-kde-team/kde/gwenview,https://apps.kde.org/gwenview/,2026-04-27T20:49:35Z
haveged,debian-13,https://forgejo.debian.net/linux/haveged,https://issihosts.com/haveged/,2026-04-27T20:49:35Z
hdparm,debian-13,https://salsa.debian.org/debian/hdparm,http://sourceforge.net/projects/hdparm/,2026-04-27T20:49:35Z
heimdal,debian-13,https://salsa.debian.org/debian/heimdal,http://www.h5l.org/,2026-04-27T20:49:35Z
hello,debian-13,https://salsa.debian.org/sanvila/hello,https://www.gnu.org/software/hello/,2026-04-27T20:49:35Z
hesiod,debian-13,https://salsa.debian.org/debian/hesiod,,2026-04-27T20:49:35Z
hexchat,debian-13,https://salsa.debian.org/debian/hexchat,https://hexchat.github.io,2026-04-27T20:49:35Z
hicolor-icon-theme,debian-13,https://salsa.debian.org/gnome-team/hicolor-icon-theme,,2026-04-27T20:49:35Z
hitori,debian-13,https://salsa.debian.org/gnome-team/hitori,https://wiki.gnome.org/Apps/Hitori,2026-04-27T20:49:35Z
hoichess,debian-13,https://salsa.debian.org/debian/hoichess,http://www.hoicher.de/hoichess/,2026-04-27T20:49:35Z
hostname,debian-13,https://salsa.debian.org/meskes/hostname,,2026-04-27T20:49:35Z
hplip,debian-13,https://salsa.debian.org/printing-team/hplip.v2,https://developers.hp.com/hp-linux-imaging-and-printing,2026-04-27T20:49:35Z
hsqldb,debian-13,https://salsa.debian.org/java-team/hsqldb,https://hsqldb.org/,2026-04-27T20:49:35Z
i2c-tools,debian-13,https://salsa.debian.org/aurel32/i2c-tools,https://www.kernel.org/pub/software/utils/i2c-tools/,2026-04-27T20:49:35Z
icoutils,debian-13,https://salsa.debian.org/debian/icoutils,https://www.nongnu.org/icoutils/,2026-04-27T20:49:35Z
iftop,debian-13,https://salsa.debian.org/debian/iftop,http://www.ex-parrot.com/~pdw/iftop/,2026-04-27T20:49:35Z
ifupdown,debian-13,https://salsa.debian.org/debian/ifupdown,,2026-04-27T20:49:35Z
ijs,debian-13,https://salsa.debian.org/printing-team/ijs,http://www.linuxprinting.org/ijs/,2026-04-27T20:49:35Z
imlib2,debian-13,https://salsa.debian.org/debian/imlib2,https://docs.enlightenment.org/api/imlib2/html/index.html,2026-04-27T20:49:35Z
inetutils,debian-13,https://git.hadrons.org/cgit/debian/pkgs/inetutils.git,https://www.gnu.org/software/inetutils/,2026-04-27T20:49:35Z
inkscape,debian-13,https://salsa.debian.org/multimedia-team/inkscape,https://inkscape.org,2026-04-27T20:49:35Z
intelrdfpmath,debian-13,https://salsa.debian.org/debian/intelrdfpmath,https://software.intel.com/en-us/articles/intel-decimal-floating-point-math-library,2026-04-27T20:49:35Z
ipset,debian-13,https://salsa.debian.org/pkg-netfilter-team/pkg-ipset,https://ipset.netfilter.org/,2026-04-27T20:49:35Z
isl,debian-13,,https://openhub.net/p/isl,2026-04-27T20:46:25Z
iw,debian-13,https://salsa.debian.org/kernel-team/iw,https://wireless.wiki.kernel.org/en/users/documentation/iw,2026-04-27T20:49:35Z
jack-audio-connection-kit,debian-13,https://salsa.debian.org/multimedia-team/jack-audio-connection-kit,https://jackaudio.org/,2026-04-27T20:49:35Z
jigit,debian-13,,https://www.einval.com/~steve/software/JTE/,2026-04-27T20:49:35Z
jimtcl,debian-13,https://salsa.debian.org/debian/jimtcl,http://jim.tcl.tk/,2026-04-27T20:49:35Z
jpeg,spack.io,https://github.com/mozilla/mozjpeg,https://github.com/mozilla/mozjpeg,2026-04-27T20:49:35Z
juk,debian-13,https://salsa.debian.org/qt-kde-team/kde/juk,https://juk.kde.org/,2026-04-27T20:49:35Z
k3b,debian-13,https://salsa.debian.org/qt-kde-team/kde/k3b,https://apps.kde.org/k3b/,2026-04-27T20:49:35Z
kamera,debian-13,https://salsa.debian.org/qt-kde-team/kde/kamera,https://apps.kde.org/kamera/,2026-04-27T20:49:35Z
kate,debian-13,https://salsa.debian.org/qt-kde-team/kde/kate,https://kate-editor.org/,2026-04-27T20:49:35Z
kcalc,debian-13,https://salsa.debian.org/qt-kde-team/kde/kcalc,https://apps.kde.org/kcalc/,2026-04-27T20:49:35Z
kdsoap,debian-13,https://salsa.debian.org/qt-kde-team/extras/kdsoap,https://www.kdab.com/development-resources/qt-tools/kd-soap/,2026-04-27T20:49:35Z
kfind,debian-13,https://salsa.debian.org/qt-kde-team/kde/kfind,https://apps.kde.org/kfind/,2026-04-27T20:49:35Z
kmag,debian-13,https://salsa.debian.org/qt-kde-team/kde/kmag,https://apps.kde.org/kmag/,2026-04-27T20:49:35Z
kmail,debian-13,https://salsa.debian.org/qt-kde-team/kde/kmail,https://invent.kde.org/pim/kmail,2026-04-27T20:49:35Z
kmousetool,debian-13,https://salsa.debian.org/qt-kde-team/kde/kmousetool,https://apps.kde.org/kmousetool/,2026-04-27T20:49:35Z
kmouth,debian-13,https://salsa.debian.org/qt-kde-team/kde/kmouth,https://apps.kde.org/kmouth/,2026-04-27T20:49:35Z
konqueror,debian-13,https://salsa.debian.org/qt-kde-team/kde/konqueror,https://apps.kde.org/konqueror,2026-04-27T20:49:35Z
konsole,debian-13,https://salsa.debian.org/qt-kde-team/kde/konsole,https://konsole.kde.org/,2026-04-27T20:49:35Z
korganizer,debian-13,https://salsa.debian.org/qt-kde-team/kde/korganizer,https://invent.kde.org/pim/korganizer,2026-04-27T20:49:35Z
kpeoplevcard,debian-13,https://salsa.debian.org/qt-kde-team/kde/kpeoplevcard,https://community.kde.org/PIM,2026-04-27T20:49:35Z
kwalletmanager,debian-13,https://salsa.debian.org/qt-kde-team/kde/kwalletmanager,https://apps.kde.org/kwalletmanager5/,2026-04-27T20:49:35Z
kyotocabinet,debian-13,https://salsa.debian.org/debian/kyotocabinet,https://dbmx.net/kyotocabinet/,2026-04-27T20:49:35Z
ladspa,,,,2026-04-27T20:49:35Z
lame,debian-13,https://salsa.debian.org/multimedia-team/lame,https://lame.sourceforge.io/,2026-04-27T20:49:35Z
layer-shell-qt,debian-13,https://salsa.debian.org/qt-kde-team/kde/layer-shell-qt,http://www.kde.org/,2026-04-27T20:49:35Z
lbfgsb,debian-13,https://salsa.debian.org/gspr/lbfgsb,https://users.iems.northwestern.edu/~nocedal/lbfgsb.html,2026-04-27T20:49:35Z
ldns,debian-13,https://salsa.debian.org/dns-team/ldns,https://www.nlnetlabs.nl/projects/ldns/about/,2026-04-27T20:49:35Z
lensfun,debian-13,https://salsa.debian.org/qt-kde-team/3rdparty/lensfun,https://lensfun.github.io/,2026-04-27T20:49:35Z
libaacs,debian-13,https://salsa.debian.org/multimedia-team/libaacs,https://www.videolan.org/developers/libaacs.html,2026-04-27T20:49:35Z
libabw,debian-13,,https://wiki.documentfoundation.org/DLP/Libraries/libabw,2026-04-27T20:49:35Z
libadwaita,vcpkg.io,,,2026-04-27T20:49:35Z
libadwaita-1,debian-13,https://salsa.debian.org/gnome-team/libadwaita,https://gnome.pages.gitlab.gnome.org/libadwaita/,2026-04-27T20:49:35Z
libao,debian-13,http://git.debian.org/?p=users/ron/libao.git,http://www.xiph.org/ao/,2026-04-27T20:49:35Z
libapplewm,spack.io,https://gitlab.freedesktop.org/xorg/lib/libAppleWM,https://gitlab.freedesktop.org/xorg/lib/libAppleWM,2026-04-27T20:49:35Z
libart-lgpl,debian-13,,,2026-04-27T20:49:35Z
libasyncns,debian-13,https://git.ortolo.eu/pkg-libasyncns.git,http://0pointer.de/lennart/projects/libasyncns/,2026-04-27T20:49:35Z
libatasmart,debian-13,https://salsa.debian.org/utopia-team/libatasmart,http://0pointer.de/blog/projects/being-smart.html,2026-04-27T20:49:35Z
libavc1394,debian-13,https://salsa.debian.org/multimedia-team/libavc1394,http://sourceforge.net/projects/libavc1394/,2026-04-27T20:49:35Z
libb64,debian-13,https://salsa.debian.org/alteholz/libb64.git,http://libb64.sourceforge.net/,2026-04-27T20:49:35Z
libbdplus,debian-13,https://salsa.debian.org/multimedia-team/libbdplus,https://www.videolan.org/developers/libbdplus.html,2026-04-27T20:49:35Z
libbs2b,debian-13,https://salsa.debian.org/debian/libbs2b,https://bs2b.sourceforge.net/,2026-04-27T20:49:35Z
libburn,debian-13,https://salsa.debian.org/optical-media-team/libburn,http://libburnia-project.org,2026-04-27T20:49:35Z
libcaca,debian-13,https://salsa.debian.org/multimedia-team/libcaca,http://caca.zoy.org/wiki/libcaca,2026-04-27T20:49:35Z
libcanberra,debian-13,https://salsa.debian.org/gnome-team/libcanberra,https://0pointer.de/lennart/projects/libcanberra/,2026-04-27T20:49:35Z
libcapi,,,,2026-04-27T20:49:35Z
libcddb,debian-13,https://salsa.debian.org/nickg/libcddb,http://libcddb.sourceforge.net,2026-04-27T20:49:35Z
libcdio,debian-13,https://salsa.debian.org/debian/libcdio,https://www.gnu.org/software/libcdio/,2026-04-27T20:49:35Z
libcdio-paranoia,debian-13,https://salsa.debian.org/debian/libcdio-paranoia,https://www.gnu.org/software/libcdio/,2026-04-27T20:49:35Z
libcdr,debian-13,,http://freedesktop.org/wiki/Software/libcdr,2026-04-27T20:49:35Z
libchamplain,debian-13,https://salsa.debian.org/gnome-team/libchamplain,https://wiki.gnome.org/Projects/libchamplain,2026-04-27T20:49:35Z
libcloudproviders,debian-13,https://salsa.debian.org/gnome-team/libcloudproviders,https://gnome.pages.gitlab.gnome.org/libcloudproviders/,2026-04-27T20:49:35Z
libconfig-hyperrealm,,,,2026-04-27T20:49:35Z
libcuefile,,,,2026-04-27T20:49:35Z
libdaemon,debian-13,https://salsa.debian.org/utopia-team/libdaemon,http://0pointer.de/lennart/projects/libdaemon/,2026-04-27T20:49:35Z
libdbi,debian-13,,https://libdbi.sourceforge.net/,2026-04-27T20:49:35Z
libdbusmenu,debian-13,https://salsa.debian.org/debian-ayatana-team/libdbusmenu,https://launchpad.net/dbusmenu,2026-04-27T20:49:35Z
libdbusmenu-qt,debian-13,https://salsa.debian.org/qt-kde-team/extras/libdbusmenu-qt,https://launchpad.net/libdbusmenu-qt,2026-04-27T20:49:35Z
libdc1394,debian-13,https://salsa.debian.org/multimedia-team/libdc1394,https://sourceforge.net/projects/libdc1394/,2026-04-27T20:49:35Z
libdca,debian-13,https://salsa.debian.org/multimedia-team/libdca,https://www.videolan.org/developers/libdca.html,2026-04-27T20:49:35Z
libdebian-installer,debian-13,https://salsa.debian.org/installer-team/libdebian-installer,,2026-04-27T20:49:35Z
libdiscid,debian-13,https://salsa.debian.org/multimedia-team/libdiscid,https://musicbrainz.org/doc/libdiscid,2026-04-27T20:49:35Z
libdmapsharing,debian-13,https://salsa.debian.org/gnome-team/libdmapsharing,https://www.flyn.org/projects/libdmapsharing/,2026-04-27T20:49:35Z
libdmtx,debian-13,,https://github.com/dmtx,2026-04-27T20:49:35Z
libdv,debian-13,https://salsa.debian.org/debian/libdv,http://libdv.sourceforge.net/,2026-04-27T20:49:35Z
libdvbpsi,debian-13,https://salsa.debian.org/multimedia-team/libdvbpsi,http://www.videolan.org/developers/libdvbpsi.html,2026-04-27T20:49:35Z
libdvdcss,vcpkg.io,,,2026-04-27T20:49:35Z
libdvdnav,debian-13,https://salsa.debian.org/multimedia-team/libdvdnav,https://www.videolan.org/developers/libdvdnav.html,2026-04-27T20:49:35Z
libdvdread,debian-13,https://salsa.debian.org/multimedia-team/libdvdread,https://www.videolan.org/developers/libdvdnav.html,2026-04-27T20:49:35Z
libe-book,debian-13,,http://www.freedesktop.org/wiki/Software/libe-book,2026-04-27T20:49:35Z
libebml,debian-13,https://salsa.debian.org/multimedia-team/libebml,https://dl.matroska.org/downloads/libebml/,2026-04-27T20:49:35Z
libemf,debian-13,https://salsa.debian.org/debian/libemf,https://libemf.sourceforge.net/,2026-04-27T20:49:35Z
libeot,debian-13,https://salsa.debian.org/fonts-team/libeot,,2026-04-27T20:49:35Z
libepubgen,debian-13,,http://libepubgen.sourceforge.net,2026-04-27T20:49:35Z
libetonyek,debian-13,,http://www.freedesktop.org/wiki/Software/libetonyek,2026-04-27T20:49:35Z
libevdev,debian-13,https://salsa.debian.org/debian/libevdev,https://www.freedesktop.org/wiki/Software/libevdev/,2026-04-27T20:49:35Z
libexecs,debian-13,https://salsa.debian.org/virtualsquare-team/s2argv-execs,http://www.virtualsquare.org/,2026-04-27T20:49:35Z
libexttextcat,debian-13,,https://wiki.documentfoundation.org/Libexttextcat,2026-04-27T20:49:35Z
libfabric,debian-13,https://github.com/ofiwg/libfabric,https://ofiwg.github.io/libfabric/,2026-04-27T20:49:35Z
libfakekey,debian-13,,,2026-04-27T20:49:35Z
libffado,debian-13,https://salsa.debian.org/multimedia-team/ffado,http://www.ffado.org/,2026-04-27T20:49:35Z
libfilezilla,debian-13,https://salsa.debian.org/debian/libfilezilla,https://lib.filezilla-project.org/,2026-04-27T20:49:35Z
libfontenc,debian-13,https://salsa.debian.org/xorg-team/lib/libfontenc,,2026-04-27T20:49:35Z
libfreehand,debian-13,,http://freedesktop.org/wiki/Software/libfreehand,2026-04-27T20:49:35Z
libftdi,debian-13,,http://www.intra2net.com/en/developer/libftdi/,2026-04-27T20:49:35Z
libgadu,debian-13,https://salsa.debian.org/debian/libgadu,http://toxygen.net/libgadu/,2026-04-27T20:49:35Z
libgav1,debian-13,https://salsa.debian.org/multimedia-team/libgav1,https://chromium.googlesource.com/codecs/libgav1/,2026-04-27T20:49:35Z
libgdata,debian-13,https://salsa.debian.org/gnome-team/libgdata,https://wiki.gnome.org/Projects/libgdata,2026-04-27T20:49:35Z
libgdiplus,debian-13,https://salsa.debian.org/dotnet-team/libgdiplus,http://www.mono-project.com/Libgdiplus,2026-04-27T20:49:35Z
libgee,spack.io,https://gitlab.gnome.org/GNOME/libgee,https://gitlab.gnome.org/GNOME/libgee,2026-04-27T20:49:35Z
libgepub,debian-13,https://salsa.debian.org/gnome-team/libgepub,,2026-04-27T20:49:35Z
libgit2-glib,debian-13,https://salsa.debian.org/gnome-team/libgit2-glib,https://wiki.gnome.org/Projects/Libgit2-glib,2026-04-27T20:49:35Z
libgnome-games-support,debian-13,https://salsa.debian.org/gnome-team/libgnome-games-support,https://wiki.gnome.org/Apps/Games,2026-04-27T20:49:35Z
libgnomecanvas,debian-13,,,2026-04-27T20:49:35Z
libgnomekbd,debian-13,https://salsa.debian.org/gnome-team/libgnomekbd,,2026-04-27T20:49:35Z
libgnt,debian-13,https://salsa.debian.org/debian/libgnt,https://keep.imfreedom.org/libgnt/libgnt,2026-04-27T20:49:35Z
libgpod,debian-13,https://salsa.debian.org/debian/libgpod,http://www.gtkpod.org/wiki/Libgpod,2026-04-27T20:49:35Z
libgtop,spack.io,https://gitlab.gnome.org/GNOME/libgtop,https://gitlab.gnome.org/GNOME/libgtop,2026-04-27T20:49:35Z
libgudev,debian-13,https://salsa.debian.org/gnome-team/libgudev,https://wiki.gnome.org/Projects/libgudev,2026-04-27T20:49:35Z
libgweather,,,,2026-04-27T20:49:35Z
libgxps,debian-13,https://salsa.debian.org/gnome-team/libgxps,https://wiki.gnome.org/libgxps,2026-04-27T20:49:35Z
libhdf4,debian-13,https://salsa.debian.org/debian-gis-team/hdf4,http://www.hdfgroup.com/,2026-04-27T20:49:35Z
libid3tag,debian-13,https://salsa.debian.org/multimedia-team/libid3tag,,2026-04-27T20:49:35Z
libiec61883,debian-13,https://salsa.debian.org/debian/libiec61883,https://ieee1394.docs.kernel.org/en/latest/libiec61883.html,2026-04-27T20:49:35Z
libieee1284,debian-13,,http://cyberelk.net/tim/software/libieee1284/,2026-04-27T20:49:35Z
libinput,debian-13,https://salsa.debian.org/xorg-team/lib/libinput,https://www.freedesktop.org/wiki/Software/libinput/,2026-04-27T20:49:35Z
libisofs,debian-13,https://salsa.debian.org/optical-media-team/libisofs/tree/master,http://libburnia-project.org,2026-04-27T20:49:35Z
libkate,debian-13,https://salsa.debian.org/multimedia-team/libkate,https://wiki.xiph.org/index.php/OggKate,2026-04-27T20:49:35Z
liblangtag,debian-13,https://bitbucket.org/tagoh/liblangtag,http://tagoh.bitbucket.org/liblangtag/,2026-04-27T20:49:35Z
libldac,debian-13,https://salsa.debian.org/multimedia-team/libldac,https://android.googlesource.com/platform/external/libldac,2026-04-27T20:49:35Z
liblinear,debian-13,https://salsa.debian.org/science-team/liblinear,https://www.csie.ntu.edu.tw/~cjlin/liblinear/,2026-04-27T20:49:35Z
liblognorm,debian-13,https://salsa.debian.org/debian/liblognorm,https://www.liblognorm.com/,2026-04-27T20:49:35Z
liblouisutdml,debian-13,https://salsa.debian.org/a11y-team/liblouisutdml,http://liblouis.org/,2026-04-27T20:49:35Z
liblzf,debian-13,https://salsa.debian.org/debian/liblzf,http://software.schmorp.de/pkg/liblzf.html,2026-04-27T20:49:35Z
libmanette,debian-13,https://salsa.debian.org/gnome-team/libmanette,https://gnome.pages.gitlab.gnome.org/libmanette/,2026-04-27T20:49:35Z
libmatekbd,debian-13,https://salsa.debian.org/debian-mate-team/libmatekbd,http://www.mate-desktop.org/,2026-04-27T20:49:35Z
libmatemixer,debian-13,https://salsa.debian.org/debian-mate-team/libmatemixer,http://www.mate-desktop.org/,2026-04-27T20:49:35Z
libmateweather,debian-13,https://salsa.debian.org/debian-mate-team/libmateweather,http://www.mate-desktop.org/,2026-04-27T20:49:35Z
libmatroska,debian-13,https://salsa.debian.org/multimedia-team/libmatroska,https://www.matroska.org/,2026-04-27T20:49:35Z
libmbim,debian-13,https://salsa.debian.org/DebianOnMobile-team/libmbim,https://www.freedesktop.org/wiki/Software/libmbim/,2026-04-27T20:49:35Z
libmcrypt,debian-13,https://salsa.debian.org/debian/libmcrypt,https://mcrypt.sourceforge.net/,2026-04-27T20:49:35Z
libmediaart,debian-13,https://salsa.debian.org/gnome-team/libmediaart,https://wiki.gnome.org/MediaArtStorageSpec,2026-04-27T20:49:35Z
libmemcached,debian-13,https://github.com/awesomized/libmemcached,https://awesomized.github.io/libmemcached/,2026-04-27T20:49:35Z
libmikmod,debian-13,https://salsa.debian.org/mod-player-team/libmikmod,http://mikmod.sf.net/,2026-04-27T20:49:35Z
libmms,debian-13,https://salsa.debian.org/multimedia-team/libmms,http://libmms.sourceforge.net/,2026-04-27T20:49:35Z
libmng,debian-13,,http://www.libmng.com,2026-04-27T20:49:35Z
libmodplug,debian-13,https://salsa.debian.org/mod-player-team/libmodplug,http://modplug-xmms.sourceforge.net/,2026-04-27T20:49:35Z
libmspack,debian-13,https://salsa.debian.org/debian/libmspack,https://www.cabextract.org.uk/libmspack/,2026-04-27T20:49:35Z
libmspub,debian-13,,http://www.freedesktop.org/wiki/Software/libmspub,2026-04-27T20:49:35Z
libmtp,debian-13,https://salsa.debian.org/debian/libmtp,https://libmtp.sourceforge.net/,2026-04-27T20:49:35Z
libmusicbrainz,,,,2026-04-27T20:49:35Z
libmwaw,debian-13,,http://sourceforge.net/projects/libmwaw,2026-04-27T20:49:35Z
libnatpmp,debian-13,https://salsa.debian.org/miniupnp-team/libnatpmp,http://miniupnp.free.fr/libnatpmp.html,2026-04-27T20:49:35Z
libndp,debian-13,https://salsa.debian.org/debian/libndp,http://libndp.org,2026-04-27T20:49:35Z
libnetfilter-acct,debian-13,https://salsa.debian.org/pkg-netfilter-team/pkg-libnetfilter-acct,https://www.netfilter.org/projects/libnetfilter_acct/,2026-04-27T20:49:35Z
libnice,debian-13,https://salsa.debian.org/telepathy-team/libnice,https://libnice.freedesktop.org/,2026-04-27T20:49:35Z
libnma,debian-13,https://salsa.debian.org/utopia-team/libnma,https://networkmanager.dev,2026-04-27T20:49:35Z
libnotify,debian-13,https://salsa.debian.org/gnome-team/libnotify,,2026-04-27T20:49:35Z
libntlm,debian-13,https://salsa.debian.org/pkg-security-team/libntlm,https://www.nongnu.org/libntlm/,2026-04-27T20:49:35Z
libnumbertext,debian-13,https://salsa.debian.org/libreoffice-team/libnumbertext,https://numbertext.github.io/,2026-04-27T20:49:35Z
liboauth,debian-13,https://salsa.debian.org/debian/liboauth,http://liboauth.sourceforge.net/,2026-04-27T20:49:35Z
libodfgen,debian-13,,https://sourceforge.net/p/libwpd/wiki/libodfgen/,2026-04-27T20:49:35Z
liboobs,debian-13,https://salsa.debian.org/debian/liboobs,https://developer.gnome.org/liboobs,2026-04-27T20:49:35Z
libopenmpt,debian-13,https://salsa.debian.org/multimedia-team/libopenmpt,https://lib.openmpt.org/libopenmpt/,2026-04-27T20:49:35Z
libopenmpt-modplug,debian-13,https://salsa.debian.org/multimedia-team/libopenmpt-modplug,https://lib.openmpt.org/libopenmpt/,2026-04-27T20:49:35Z
libopenraw,debian-13,https://salsa.debian.org/debian/libopenraw,http://libopenraw.freedesktop.org/,2026-04-27T20:49:35Z
libosinfo,debian-13,https://salsa.debian.org/libvirt-team/libosinfo,https://libosinfo.org/,2026-04-27T20:49:35Z
libotf,debian-13,https://salsa.debian.org/debian/libotf,https://www.nongnu.org/m17n/,2026-04-27T20:49:35Z
libotr,debian-13,https://salsa.debian.org/pkg-privacy-team/libotr,https://otr.cypherpunks.ca/,2026-04-27T20:49:35Z
libpagemaker,debian-13,,http://wiki.documentfoundation.org/DLP/Libraries/libpagemaker,2026-04-27T20:49:35Z
libpeas,debian-13,https://salsa.debian.org/gnome-team/libpeas,https://wiki.gnome.org/Projects/Libpeas,2026-04-27T20:49:35Z
libpfm4,debian-13,https://salsa.debian.org/hpc-team/libpfm4,https://perfmon2.sourceforge.net/,2026-04-27T20:49:35Z
libplacebo,debian-13,https://salsa.debian.org/multimedia-team/libplacebo,https://code.videolan.org/videolan/libplacebo,2026-04-27T20:49:35Z
libpst,debian-13,https://salsa.debian.org/debian/libpst,https://www.five-ten-sg.com/libpst/,2026-04-27T20:49:35Z
libqalculate,debian-13,https://salsa.debian.org/debian/libqalculate,https://qalculate.github.io/,2026-04-27T20:49:35Z
libqmi,debian-13,https://salsa.debian.org/DebianOnMobile-team/libqmi,https://www.freedesktop.org/wiki/Software/libqmi,2026-04-27T20:49:35Z
libquvi-scripts,debian-13,https://salsa.debian.org/debian/libquvi-scripts,https://quvi.sourceforge.net,2026-04-27T20:49:35Z
libqxp,debian-13,,https://wiki.documentfoundation.org/DLP/Libraries/libqxp,2026-04-27T20:49:35Z
libraw1394,debian-13,,https://ieee1394.wiki.kernel.org/,2026-04-27T20:49:35Z
librelp,debian-13,https://salsa.debian.org/debian/librelp,https://www.rsyslog.com/librelp/,2026-04-27T20:49:35Z
libreplaygain,debian-13,https://salsa.debian.org/multimedia-team/libreplaygain,https://www.musepack.net/index.php?pg=src,2026-04-27T20:49:35Z
librevenge,debian-13,,http://sourceforge.net/p/libwpd/wiki/librevenge/,2026-04-27T20:49:35Z
libsecret,debian-13,https://salsa.debian.org/gnome-team/libsecret,https://wiki.gnome.org/Projects/Libsecret,2026-04-27T20:49:35Z
libshout,debian-13,https://salsa.debian.org/multimedia-team/libshout,https://www.icecast.org/,2026-04-27T20:49:35Z
libsidplay,debian-13,,,2026-04-27T20:49:35Z
libsidplay1,,,,2026-04-27T20:49:35Z
libsigc++,,,,2026-04-27T20:49:35Z
libsigsegv,debian-13,https://salsa.debian.org/common-lisp-team/libsigsegv,https://www.gnu.org/software/libsigsegv/,2026-04-27T20:49:35Z
libsmi,debian-13,,http://www.ibr.cs.tu-bs.de/projects/libsmi/,2026-04-27T20:49:35Z
libspatialite,spack.io,https://www.gaia-gis.it,https://www.gaia-gis.it,2026-04-27T20:49:35Z
libspf2,debian-13,http://svn.kibibyte.se/libspf2,http://www.libspf2.org/,2026-04-27T20:49:35Z
libspnav,debian-13,https://salsa.debian.org/science-team/libspnav,http://spacenav.sourceforge.net,2026-04-27T20:49:35Z
libsvm,debian-13,https://salsa.debian.org/science-team/libsvm,https://www.csie.ntu.edu.tw/~cjlin/libsvm/,2026-04-27T20:49:35Z
libteam,debian-13,https://salsa.debian.org/debian/libteam,http://libteam.org,2026-04-27T20:49:35Z
libtextwrap,debian-13,https://salsa.debian.org/debian/libtextwrap,http://libtextwrap.sourceforge.net/,2026-04-27T20:49:35Z
libtomcrypt,debian-13,https://salsa.debian.org/debian/libtomcrypt,https://www.libtom.net/LibTomCrypt/,2026-04-27T20:49:35Z
libu2f-host,debian-13,https://salsa.debian.org/auth-team/libu2f-host,https://developers.yubico.com/libu2f-host/,2026-04-27T20:49:35Z
libunistring,debian-13,https://git.jff.email/cgit/libunistring.git,https://www.gnu.org/software/libunistring/,2026-04-27T20:46:25Z
libunity,debian-13,,https://launchpad.net/libunity,2026-04-27T20:49:35Z
libupnp,vcpkg.io,,,2026-04-27T20:49:35Z
libusb-compat,conan.io,https://github.com/conan-io/conan-center-index,https://github.com/libusb/libusb-compat-0.1,2026-04-27T20:49:35Z
libvdpau,debian-13,https://salsa.debian.org/nvidia-team/libvdpau,https://www.freedesktop.org/wiki/Software/VDPAU/,2026-04-27T20:49:35Z
libvirt,debian-13,https://salsa.debian.org/libvirt-team/libvirt,https://libvirt.org/,2026-04-27T20:49:35Z
libvirt-glib,debian-13,https://salsa.debian.org/libvirt-team/libvirt-glib,https://libvirt.org,2026-04-27T20:49:35Z
libvisio,debian-13,,http://freedesktop.org/wiki/Software/libvisio,2026-04-27T20:49:35Z
libvisual,debian-13,https://salsa.debian.org/debian/libvisual,http://libvisual.org,2026-04-27T20:49:35Z
libvncserver,debian-13,https://salsa.debian.org/debian-remote-team/libvncserver/,http://libvnc.github.io,2026-04-27T20:49:35Z
libvoikko,debian-13,https://salsa.debian.org/debian/libvoikko/,https://voikko.puimula.org/,2026-04-27T20:49:35Z
libvterm-leonerd,,,,2026-04-27T20:49:35Z
libwacom,debian-13,https://salsa.debian.org/debian/libwacom,,2026-04-27T20:49:35Z
libwmf,debian-13,https://salsa.debian.org/yangfl-guest/libwmf,http://wvware.sourceforge.net/libwmf.html,2026-04-27T20:49:35Z
libwpd,debian-13,,,2026-04-27T20:49:35Z
libwpe,debian-13,https://salsa.debian.org/webkit-team/libwpe,https://wpewebkit.org/,2026-04-27T20:49:35Z
libwpg,debian-13,,,2026-04-27T20:49:35Z
libwps,debian-13,https://salsa.debian.org/libreoffice-team/document-liberation/libwps,https://sourceforge.net/projects/libwps/,2026-04-27T20:49:35Z
libx11,debian-13,https://salsa.debian.org/xorg-team/lib/libx11,,2026-04-27T20:49:35Z
libx86,debian-13,https://salsa.debian.org/debian/libx86,https://www.codon.org.uk/~mjg59/libx86/,2026-04-27T20:49:35Z
libxau,debian-13,https://salsa.debian.org/xorg-team/lib/libxau,,2026-04-27T20:49:35Z
libxcomposite,debian-13,https://salsa.debian.org/xorg-team/lib/libxcomposite,,2026-04-27T20:49:35Z
libxcvt,debian-13,https://salsa.debian.org/xorg-team/lib/libxcvt,,2026-04-27T20:49:35Z
libxdamage,debian-13,https://salsa.debian.org/xorg-team/lib/libxdamage,https://www.x.org,2026-04-27T20:49:35Z
libxdmcp,debian-13,https://salsa.debian.org/xorg-team/lib/libxdmcp,,2026-04-27T20:49:35Z
libxext,debian-13,https://salsa.debian.org/xorg-team/lib/libxext,,2026-04-27T20:49:35Z
libxfce4ui,debian-13,https://salsa.debian.org/xfce-team/desktop/libxfce4ui,https://docs.xfce.org/xfce/libxfce4ui/start,2026-04-27T20:49:35Z
libxfce4util,debian-13,https://salsa.debian.org/xfce-team/desktop/libxfce4util,https://docs.xfce.org/xfce/libxfce4util/start,2026-04-27T20:49:35Z
libxfce4windowing,debian-13,https://salsa.debian.org/xfce-team/desktop/libxfce4windowing,https://docs.xfce.org/xfce/libxfce4windowing/start,2026-04-27T20:49:35Z
libxfont2,spack.io,https://gitlab.freedesktop.org/xorg/lib/libXfont,https://gitlab.freedesktop.org/xorg/lib/libXfont,2026-04-27T20:49:35Z
libxft,spack.io,https://gitlab.freedesktop.org/xorg/lib/libXft,https://gitlab.freedesktop.org/xorg/lib/libXft,2026-04-27T20:49:35Z
libxkbfile,debian-13,https://salsa.debian.org/xorg-team/lib/libxkbfile,,2026-04-27T20:49:35Z
libxklavier,debian-13,https://salsa.debian.org/gnome-team/libxklavier,https://www.freedesktop.org/wiki/Software/LibXklavier,2026-04-27T20:49:35Z
libxml++,,,,2026-04-27T20:49:35Z
libxnvctrl,debian-13,https://salsa.debian.org/nvidia-team/nvidia-settings,https://download.nvidia.com/XFree86/nvidia-settings/,2026-04-27T20:49:35Z
libxrender,debian-13,https://salsa.debian.org/xorg-team/lib/libxrender,,2026-04-27T20:49:35Z
libxres,debian-13,https://salsa.debian.org/xorg-team/lib/libxres,https://www.x.org,2026-04-27T20:49:35Z
libxss,debian-13,https://salsa.debian.org/xorg-team/lib/libxss,,2026-04-27T20:49:35Z
libxvmc,debian-13,https://salsa.debian.org/xorg-team/lib/libxvmc,,2026-04-27T20:49:35Z
libxxf86dga,debian-13,https://salsa.debian.org/xorg-team/lib/libxxf86dga,,2026-04-27T20:49:35Z
libyuv,debian-13,https://salsa.debian.org/debian/libyuv,https://chromium.googlesource.com/libyuv/libyuv/,2026-04-27T20:49:35Z
libz-mingw-w64,debian-13,https://salsa.debian.org/mingw-w64-team/libz-mingw-w64,https://zlib.net/,2026-04-27T20:49:35Z
libzmf,debian-13,,,2026-04-27T20:49:35Z
lightdm,debian-13,https://salsa.debian.org/xfce-extras-team/lightdm,https://discourse.ubuntu.com/c/light-dm/107,2026-04-27T20:49:35Z
lilv,debian-13,https://salsa.debian.org/multimedia-team/lilv,https://drobilla.net/software/lilv.html,2026-04-27T20:49:35Z
linux-atm,debian-13,https://salsa.debian.org/debian/linux-atm,https://linux-atm.sourceforge.net/,2026-04-27T20:49:35Z
linux-base,debian-13,https://salsa.debian.org/kernel-team/linux-base,,2026-04-27T20:49:35Z
lirc,debian-13,https://salsa.debian.org/debian/lirc,https://sf.net/p/lirc,2026-04-27T20:49:35Z
localsearch,,,,2026-04-27T20:49:35Z
lsscsi,debian-13,,http://sg.danny.cz/scsi/lsscsi.html,2026-04-27T20:49:35Z
lua:bitop,,,,2026-04-27T20:49:35Z
lua:lpeg,,,,2026-04-27T20:49:35Z
lv2,debian-13,https://salsa.debian.org/multimedia-team/lv2,https://lv2plug.in/,2026-04-27T20:49:35Z
lynx,debian-13,https://salsa.debian.org/lynx-team/lynx,https://lynx.invisible-island.net/,2026-04-27T20:49:35Z
lyx,debian-13,https://salsa.debian.org/debian/lyx,https://www.lyx.org/,2026-04-27T20:49:35Z
lzip,debian-13,https://forgejo.debian.net/lzip/lzip,http://www.nongnu.org/lzip/lzip.html,2026-04-27T20:49:35Z
lzlib,debian-13,https://forgejo.debian.net/lzip/lzlib,http://www.nongnu.org/lzip/lzlib.html,2026-04-27T20:49:35Z
lzo,spack.io,https://www.oberhumer.com/opensource/lzo/,https://www.oberhumer.com/opensource/lzo/,2026-04-27T20:49:35Z
lzop,debian-13,https://salsa.debian.org/debian/lzop,https://www.lzop.org/,2026-04-27T20:49:35Z
m17n-lib,debian-13,https://salsa.debian.org/input-method-team/m17n-lib,https://www.nongnu.org/m17n/,2026-04-27T20:49:35Z
mailutils,debian-13,https://salsa.debian.org/debian/mailutils,https://www.gnu.org/software/mailutils/,2026-04-27T20:49:35Z
mailx-unclassified,,,,2026-04-27T20:49:35Z
marco,debian-13,https://salsa.debian.org/debian-mate-team/marco,http://www.mate-desktop.org/,2026-04-27T20:49:35Z
mate-control-center,debian-13,https://salsa.debian.org/debian-mate-team/mate-control-center,http://www.mate-desktop.org/,2026-04-27T20:49:35Z
mate-desktop,debian-13,https://salsa.debian.org/debian-mate-team/mate-desktop,http://www.mate-desktop.org/,2026-04-27T20:49:35Z
mate-menus,debian-13,https://salsa.debian.org/debian-mate-team/mate-menus,http://www.mate-desktop.org/,2026-04-27T20:49:35Z
mate-panel,debian-13,https://salsa.debian.org/debian-mate-team/mate-panel,http://www.mate-desktop.org/,2026-04-27T20:49:35Z
mate-utils,debian-13,https://salsa.debian.org/debian-mate-team/mate-utils,http://www.mate-desktop.org/,2026-04-27T20:49:35Z
mc,debian-13,https://salsa.debian.org/debian/mc,https://www.midnight-commander.org,2026-04-27T20:49:35Z
mecab,debian-13,https://github.com/taku910/mecab,https://taku910.github.io/mecab/,2026-04-27T20:49:35Z
mecab-ipadic,debian-13,https://github.com/taku910/mecab,https://taku910.github.io/mecab/,2026-04-27T20:49:35Z
menu-cache,debian-13,https://salsa.debian.org/lxde-team/menu-cache,http://www.lxde.org/,2026-04-27T20:49:35Z
meta-gnome3,debian-13,https://salsa.debian.org/gnome-team/meta-gnome3,,2026-04-27T20:49:35Z
metis,debian-13,https://salsa.debian.org/science-team/metis,http://glaros.dtc.umn.edu/gkhome/metis/metis/overview,2026-04-27T20:49:35Z
mhash,debian-13,https://salsa.debian.org/debian/mhash,https://mhash.sourceforge.net/,2026-04-27T20:49:35Z
min12xxw,debian-13,https://salsa.debian.org/printing-team/min12xxw,http://www.hinterbergen.de/mala/min12xxw/,2026-04-27T20:49:35Z
minissdpd,debian-13,https://salsa.debian.org/miniupnp-team/minissdpd,http://miniupnp.free.fr/minissdpd.html,2026-04-27T20:49:35Z
miniupnpc,debian-13,https://salsa.debian.org/miniupnp-team/miniupnpc,https://miniupnp.tuxfamily.org/,2026-04-27T20:49:35Z
mjpegtools,debian-13,https://salsa.debian.org/multimedia-team/mjpegtools,http://mjpeg.sourceforge.net/,2026-04-27T20:49:35Z
modemmanager,debian-13,https://salsa.debian.org/DebianOnMobile-team/modemmanager,https://www.freedesktop.org/wiki/Software/ModemManager/,2026-04-27T20:49:35Z
motif,debian-13,https://salsa.debian.org/debian/motif,https://motif.ics.com/,2026-04-27T20:49:35Z
mousepad,debian-13,https://salsa.debian.org/xfce-team/apps/mousepad,https://docs.xfce.org/apps/mousepad/start,2026-04-27T20:49:35Z
mousetweaks,debian-13,https://salsa.debian.org/gnome-team/mousetweaks,https://wiki.gnome.org/Projects/Mousetweaks,2026-04-27T20:49:35Z
mpdecimal,debian-13,,http://www.bytereef.org/mpdecimal/index.html,2026-04-27T20:49:35Z
mpfr,spack.io,https://www.mpfr.org/,https://www.mpfr.org/,2026-04-27T20:46:25Z
mpi-defaults,debian-13,https://salsa.debian.org/science-team/mpi-defaults,,2026-04-27T20:49:35Z
mpich,debian-13,https://salsa.debian.org/science-team/mpich,https://www.mpich.org/,2026-04-27T20:49:35Z
mplayer,debian-13,https://salsa.debian.org/multimedia-team/mplayer,https://mplayerhq.hu,2026-04-27T20:49:35Z
msgraph,debian-13,https://salsa.debian.org/gnome-team/msgraph,https://gnome.pages.gitlab.gnome.org/msgraph/,2026-04-27T20:49:35Z
mtdev,debian-13,https://salsa.debian.org/debian/mtdev,https://bitmath.se/org/code/mtdev/,2026-04-27T20:49:35Z
munge,debian-13,https://github.com/dun/munge,https://dun.github.io/munge,2026-04-27T20:49:35Z
musepack,,,,2026-04-27T20:49:35Z
mutt,debian-13,https://salsa.debian.org/mutt-team/mutt,http://www.mutt.org/,2026-04-27T20:49:35Z
mutter,debian-13,https://salsa.debian.org/gnome-team/mutter,https://mutter.gnome.org/,2026-04-27T20:49:35Z
mysql-defaults,debian-13,https://salsa.debian.org/mariadb-team/mysql/-/tree/mysql-defaults/debian/master,,2026-04-27T20:49:35Z
mythes,debian-13,,,2026-04-27T20:49:35Z
nas,debian-13,https://salsa.debian.org/debian/nas,https://radscan.com/nas.html,2026-04-27T20:49:35Z
nasm,debian-13,https://salsa.debian.org/debian/nasm,http://www.nasm.us/,2026-04-27T20:49:35Z
nautilus,debian-13,https://salsa.debian.org/gnome-team/nautilus,https://wiki.gnome.org/action/show/Apps/Nautilus,2026-04-27T20:49:35Z
nautilus-sendto,debian-13,https://salsa.debian.org/gnome-team/nautilus-sendto,,2026-04-27T20:49:35Z
ncdu,debian-13,https://salsa.debian.org/cgzones/ncdu,https://dev.yorhel.nl/ncdu/,2026-04-27T20:49:35Z
neon,spack.io,https://github.com/exasim-project/neon,https://github.com/exasim-project/neon,2026-04-27T20:49:35Z
netcat-unclassified,,,,2026-04-27T20:49:35Z
netpbm,spack.io,https://netpbm.sourceforge.net,https://netpbm.sourceforge.net,2026-04-27T20:49:35Z
network-manager-applet,debian-13,https://salsa.debian.org/utopia-team/network-manager-applet,https://networkmanager.dev,2026-04-27T20:49:35Z
nfs-utils,debian-13,https://salsa.debian.org/kernel-team/nfs-utils,https://linux-nfs.org/,2026-04-27T20:49:35Z
nftables,debian-13,https://salsa.debian.org/pkg-netfilter-team/pkg-nftables,https://www.netfilter.org/,2026-04-27T20:49:35Z
norm,debian-13,https://salsa.debian.org/debian/norm,https://www.nrl.navy.mil/itd/ncs/products/norm,2026-04-27T20:49:35Z
notification-daemon,debian-13,https://salsa.debian.org/gnome-team/notification-daemon,https://wiki.gnome.org/Projects/NotificationDaemon,2026-04-27T20:49:35Z
nspr,debian-13,https://salsa.debian.org/mozilla-team/nspr,http://www.mozilla.org/projects/nspr/,2026-04-27T20:49:35Z
oath-toolkit,debian-13,https://salsa.debian.org/debian/oath-toolkit,https://www.nongnu.org/oath-toolkit/,2026-04-27T20:49:35Z
ogdi-dfsg,debian-13,https://salsa.debian.org/debian-gis-team/ogdi-dfsg,http://ogdi.sourceforge.net/,2026-04-27T20:49:35Z
okular,debian-13,https://salsa.debian.org/qt-kde-team/kde/okular,https://okular.kde.org,2026-04-27T20:49:35Z
openbox,debian-13,https://github.com/mati75/openbox-debian,http://www.openbox.org,2026-04-27T20:49:35Z
openbsd-inetd,debian-13,https://salsa.debian.org/md/openbsd-inetd,,2026-04-27T20:49:35Z
opencoarrays,spack.io,http://www.opencoarrays.org/,http://www.opencoarrays.org/,2026-04-27T20:49:35Z
openconnect,debian-13,https://salsa.debian.org/debian/openconnect,https://www.infradead.org/openconnect/,2026-04-27T20:49:35Z
opencore-amr,debian-13,https://salsa.debian.org/multimedia-team/opencore-amr,https://sourceforge.net/projects/opencore-amr/,2026-04-27T20:49:35Z
openipmi,debian-13,https://salsa.debian.org/debian/openipmi,https://openipmi.sourceforge.io/,2026-04-27T20:49:35Z
openni2,debian-13,https://salsa.debian.org/multimedia-team/openni2,https://structure.io/openni,2026-04-27T20:49:35Z
opensp,debian-13,,,2026-04-27T20:49:35Z
openucx,,,,2026-04-27T20:49:35Z
optipng,debian-13,https://salsa.debian.org/debian-phototools-team/optipng,https://optipng.sourceforge.net/,2026-04-27T20:49:35Z
osinfo-db,debian-13,https://salsa.debian.org/libvirt-team/osinfo-db,https://libosinfo.org/,2026-04-27T20:49:35Z
ossp-uuid,debian-13,https://salsa.debian.org/debian/ossp-uuid,http://www.ossp.org/pkg/lib/uuid/,2026-04-27T20:49:35Z
packagekit,debian-13,https://salsa.debian.org/pkgutopia-team/packagekit,https://www.freedesktop.org/software/PackageKit/,2026-04-27T20:49:35Z
packagekit-qt,debian-13,https://salsa.debian.org/pkgutopia-team/packagekit-qt,https://www.freedesktop.org/software/PackageKit/,2026-04-27T20:49:35Z
pangomm,debian-13,https://salsa.debian.org/gnome-team/pangomm,https://gtkmm.org,2026-04-27T20:49:35Z
parallel,debian-13,https://salsa.debian.org/med-team/parallel,https://www.gnu.org/software/parallel/,2026-04-27T20:49:35Z
pari,debian-13,,https://pari.math.u-bordeaux.fr,2026-04-27T20:49:35Z
parole,debian-13,https://salsa.debian.org/xfce-team/apps/parole,https://goodies.xfce.org/projects/applications/parole,2026-04-27T20:49:35Z
parted,debian-13,https://salsa.debian.org/parted-team/parted,https://www.gnu.org/software/parted,2026-04-27T20:49:35Z
partitionmanager,debian-13,https://salsa.debian.org/qt-kde-team/kde/partitionmanager,https://apps.kde.org/partitionmanager/,2026-04-27T20:49:35Z
patchutils,debian-13,,http://cyberelk.net/tim/software/patchutils/,2026-04-27T20:49:35Z
pavucontrol,debian-13,https://salsa.debian.org/pulseaudio-team/pavucontrol,https://freedesktop.org/software/pulseaudio/pavucontrol/,2026-04-27T20:49:35Z
pcsc-lite,debian-13,https://salsa.debian.org/debian/pcsc-lite,https://pcsclite.apdu.fr/,2026-04-27T20:49:35Z
perl:algorithm-diff-xs,,,,2026-04-27T20:49:35Z
perl:b-hooks-op-check,,,,2026-04-27T20:49:35Z
perl:cairo-gobject,,,,2026-04-27T20:49:35Z
perl:class-xsaccessor,,,,2026-04-27T20:49:35Z
perl:cpanel-json-xs,,,,2026-04-27T20:49:35Z
perl:date-calc,,,,2026-04-27T20:49:35Z
perl:devel-globaldestruction,,,,2026-04-27T20:49:35Z
perl:devel-size,,,,2026-04-27T20:49:35Z
perl:file-fcntllock,,,,2026-04-27T20:49:35Z
perl:glib-object-introspection,,,,2026-04-27T20:49:35Z
perl:json-xs,,,,2026-04-27T20:49:35Z
perl:libintl-perl,,,,2026-04-27T20:49:35Z
perl:math-random-isaac-xs,,,,2026-04-27T20:49:35Z
perl:mouse,,,,2026-04-27T20:49:35Z
perl:package-stash-xs,,,,2026-04-27T20:49:35Z
perl:perlio-gzip,,,,2026-04-27T20:49:35Z
perl:perlio-utf8-strict,,,,2026-04-27T20:49:35Z
perl:scalar-list-utils,,,,2026-04-27T20:49:35Z
perl:sereal-decoder,,,,2026-04-27T20:49:35Z
perl:sereal-encoder,,,,2026-04-27T20:49:35Z
perl:sub-identify,,,,2026-04-27T20:49:35Z
perl:text-levenshteinxs,,,,2026-04-27T20:49:35Z
perl:text-markdown-discount,,,,2026-04-27T20:49:35Z
perl:text-soundex,,,,2026-04-27T20:49:35Z
perl:unicode-utf8,,,,2026-04-27T20:49:35Z
perl:variable-magic,,,,2026-04-27T20:49:35Z
perl:yaml-libyaml,,,,2026-04-27T20:49:35Z
phodav,debian-13,https://salsa.debian.org/gnome-team/phodav,https://wiki.gnome.org/phodav,2026-04-27T20:49:35Z
phonon,debian-13,https://salsa.debian.org/qt-kde-team/extras/phonon,https://phonon.kde.org/,2026-04-27T20:49:35Z
phonon-vlc,,,,2026-04-27T20:49:35Z
php:composer,,,,2026-04-27T20:49:35Z
pidgin,debian-13,https://salsa.debian.org/debian/pidgin,https://www.pidgin.im,2026-04-27T20:49:35Z
pigz,debian-13,https://salsa.debian.org/blade/pigz,http://zlib.net/pigz/,2026-04-27T20:49:35Z
pipewire,debian-13,https://salsa.debian.org/utopia-team/pipewire,https://pipewire.org/,2026-04-27T20:49:35Z
pipx,spack.io,https://pypa.github.io/pipx/,https://pypa.github.io/pipx/,2026-04-27T20:49:35Z
plotutils,debian-13,https://salsa.debian.org/debian/plotutils,https://www.gnu.org/software/plotutils/,2026-04-27T20:49:35Z
plymouth,debian-13,https://salsa.debian.org/debian/plymouth,https://www.freedesktop.org/wiki/Software/Plymouth,2026-04-27T20:49:35Z
pmdk,debian-13,https://github.com/kilobyte/pmdk,https://pmem.io/pmdk/,2026-04-27T20:49:35Z
pnm2ppa,debian-13,https://salsa.debian.org/printing-team/pnm2ppa,http://pnm2ppa.sf.net/,2026-04-27T20:49:35Z
pocketsphinx,debian-13,https://salsa.debian.org/a11y-team/pocketsphinx,http://cmusphinx.sourceforge.net/,2026-04-27T20:49:35Z
portaudio,vcpkg.io,,,2026-04-27T20:49:35Z
portmidi,debian-13,https://anonscm.debian.org/cgit/collab-maint/portmidi.git/,http://portmedia.sourceforge.net/,2026-04-27T20:49:35Z
portsmf,debian-13,https://salsa.debian.org/multimedia-team/portsmf,http://portmedia.sourceforge.net/,2026-04-27T20:49:35Z
potrace,debian-13,,http://potrace.sourceforge.net/,2026-04-27T20:49:35Z
powermgmt-base,debian-13,https://salsa.debian.org/debian/powermgmt-base.git,,2026-04-27T20:49:35Z
ppp,debian-13,https://salsa.debian.org/debian/ppp,https://ppp.samba.org/,2026-04-27T20:49:35Z
ps2eps,debian-13,https://salsa.debian.org/debian/ps2eps,https://www.tm.uka.de/~bless/ps2eps,2026-04-27T20:49:35Z
pv,debian-13,https://salsa.debian.org/debian/pv,https://www.ivarch.com/programs/pv.shtml,2026-04-27T20:49:35Z
python:pillow,,,,2026-04-27T20:49:35Z
python:pre-commit,,,,2026-04-27T20:49:35Z
python:pygobject,,,,2026-04-27T20:49:35Z
python:pylibacl,,,,2026-04-27T20:49:35Z
python:pyqt,,,,2026-04-27T20:49:35Z
python:pyxattr,,,,2026-04-27T20:49:35Z
python:sphinx,,,,2026-04-27T20:49:35Z
python:tk,,,,2026-04-27T20:49:35Z
python:virtualenv,,,,2026-04-27T20:49:35Z
qca,spack.io,https://userbase.kde.org/QCA,https://userbase.kde.org/QCA,2026-04-27T20:49:35Z
qdbm,debian-13,https://salsa.debian.org/debian/qdbm,https://fallabs.com/qdbm/,2026-04-27T20:49:35Z
qhull,debian-13,https://salsa.debian.org/science-team/qhull,https://www.qhull.org,2026-04-27T20:49:35Z
qqwing,debian-13,https://salsa.debian.org/games-team/qqwing,https://qqwing.com/,2026-04-27T20:49:35Z
qscintilla,spack.io,https://www.riverbankcomputing.com/software/qscintilla/intro,https://www.riverbankcomputing.com/software/qscintilla/intro,2026-04-27T20:49:35Z
qtcanvaspainter,,,,2026-04-27T20:49:35Z
qtchooser,debian-13,https://salsa.debian.org/qt-kde-team/qt/qtchooser,https://qt-project.org/,2026-04-27T20:49:35Z
qtgraphs,vcpkg.io,,,2026-04-27T20:49:35Z
qtgrpc,vcpkg.io,,,2026-04-27T20:49:35Z
qthttpserver,vcpkg.io,,,2026-04-27T20:49:35Z
qtlanguageserver,vcpkg.io,,,2026-04-27T20:49:35Z
qtlottie,vcpkg.io,,,2026-04-27T20:49:35Z
qtquick3dphysics,vcpkg.io,,,2026-04-27T20:49:35Z
qtquickeffectmaker,vcpkg.io,,,2026-04-27T20:49:35Z
qttasktree,,,,2026-04-27T20:49:35Z
r,spack.io,https://www.r-project.org,https://www.r-project.org,2026-04-27T20:49:35Z
r:class,,,,2026-04-27T20:49:35Z
raptor-rdf,,,,2026-04-27T20:49:35Z
rasqal,debian-13,https://salsa.debian.org/debian/rasqal,https://librdf.org/rasqal/,2026-04-27T20:49:35Z
redland,debian-13,https://salsa.debian.org/debian/redland,http://librdf.org/,2026-04-27T20:49:35Z
rest,,,,2026-04-27T20:49:35Z
rhash,debian-13,https://salsa.debian.org/pkg-security-team/rhash,http://rhash.sourceforge.net,2026-04-27T20:49:35Z
rhythmbox,debian-13,https://salsa.debian.org/gnome-team/rhythmbox,https://wiki.gnome.org/Apps/Rhythmbox,2026-04-27T20:49:35Z
ristretto,debian-13,https://salsa.debian.org/xfce-team/apps/ristretto,https://docs.xfce.org/apps/ristretto/start,2026-04-27T20:49:35Z
roc-toolkit,debian-13,https://salsa.debian.org/multimedia-team/roc-toolkit,https://roc-streaming.org/,2026-04-27T20:49:35Z
rpcbind,debian-13,https://salsa.debian.org/debian/rpcbind,http://sourceforge.net/projects/rpcbind/,2026-04-27T20:49:35Z
rpm,debian-13,https://salsa.debian.org/pkg-rpm-team/rpm,https://rpm.org/,2026-04-27T20:49:35Z
rrdtool,debian-13,https://salsa.debian.org/rrdtool-team/rrdtool,https://oss.oetiker.ch/rrdtool/,2026-04-27T20:49:35Z
rsync,debian-13,https://salsa.debian.org/debian/rsync,https://rsync.samba.org/,2026-04-27T20:49:35Z
rsyslog,debian-13,https://salsa.debian.org/debian/rsyslog,https://www.rsyslog.com/,2026-04-27T20:49:35Z
ruby:defaults,,,,2026-04-27T20:49:35Z
rust:rpm-sequoia,,,,2026-04-27T20:49:35Z
rygel,debian-13,https://salsa.debian.org/gnome-team/rygel,https://wiki.gnome.org/Projects/Rygel,2026-04-27T20:49:35Z
s-lang,,,,2026-04-27T20:49:35Z
sane-backends,debian-13,https://git.jff.email/cgit/sane-backends.git,http://www.sane-project.org,2026-04-27T20:49:35Z
sbc,debian-13,https://salsa.debian.org/bluetooth-team/sbc,https://www.bluez.org/,2026-04-27T20:49:35Z
screen,debian-13,https://salsa.debian.org/debian/screen,https://savannah.gnu.org/projects/screen,2026-04-27T20:49:35Z
sdl-image,,,,2026-04-27T20:49:35Z
sdl-mixer,,,,2026-04-27T20:49:35Z
sendmail,debian-13,https://salsa.debian.org/debian/sendmail,http://www.sendmail.org,2026-04-27T20:49:35Z
serd,debian-13,https://salsa.debian.org/multimedia-team/serd,https://drobilla.net/software/serd.html,2026-04-27T20:49:35Z
sg3-utils,debian-13,https://salsa.debian.org/linux-blocks-team/sg3-utils,https://sg.danny.cz/sg/,2026-04-27T20:49:35Z
shotwell,debian-13,https://git.jff.email/cgit/shotwell.git,https://wiki.gnome.org/Apps/Shotwell,2026-04-27T20:49:35Z
smartmontools,debian-13,https://salsa.debian.org/debian/smartmontools,https://www.smartmontools.org/,2026-04-27T20:49:35Z
sndio,debian-13,,https://www.sndio.org/,2026-04-27T20:49:35Z
snowballstemmer,,,,2026-04-27T20:49:35Z
socat,debian-13,,https://www.dest-unreach.org/socat/,2026-04-27T20:49:35Z
sord,debian-13,https://salsa.debian.org/multimedia-team/sord,https://drobilla.net/software/sord.html,2026-04-27T20:49:35Z
sound-juicer,debian-13,https://salsa.debian.org/gnome-team/sound-juicer,https://wiki.gnome.org/Apps/SoundJuicer,2026-04-27T20:49:35Z
soundtouch,debian-13,https://salsa.debian.org/multimedia-team/soundtouch,https://www.surina.net/soundtouch/,2026-04-27T20:49:35Z
source-highlight,debian-13,https://salsa.debian.org/debian/source-highlight,http://www.gnu.org/software/src-highlite/,2026-04-27T20:49:35Z
sox,debian-13,https://salsa.debian.org/multimedia-team/sox,https://sox.sourceforge.io/,2026-04-27T20:49:35Z
spamassassin,debian-13,https://salsa.debian.org/debian/spamassassin,https://www.spamassassin.org/,2026-04-27T20:49:35Z
spandsp,debian-13,https://salsa.debian.org/pkg-voip-team/spandsp,https://www.soft-switch.org/installing-spandsp.html,2026-04-27T20:49:35Z
speech-dispatcher,debian-13,https://salsa.debian.org/tts-team/speech-dispatcher,http://devel.freebsoft.org/speechd,2026-04-27T20:49:35Z
speexdsp,debian-13,https://salsa.debian.org/multimedia-team/speexdsp,https://www.speex.org/,2026-04-27T20:49:35Z
spice-gtk,debian-13,https://salsa.debian.org/gnome-team/spice-gtk,https://www.spice-space.org/,2026-04-27T20:49:35Z
spice-protocol,debian-13,https://salsa.debian.org/qemu-team/spice-protocol,https://www.spice-space.org/,2026-04-27T20:49:35Z
spice-remote-access,,,,2026-04-27T20:49:35Z
spidermonkey,,,,2026-04-27T20:49:35Z
sratom,debian-13,https://salsa.debian.org/multimedia-team/sratom,https://drobilla.net/software/sratom/,2026-04-27T20:49:35Z
startup-notification,debian-13,https://salsa.debian.org/gnome-team/startup-notification,https://www.freedesktop.org/wiki/Software/startup-notification/,2026-04-27T20:49:35Z
strace,debian-13,https://salsa.debian.org/debian/strace,https://strace.io,2026-04-27T20:49:35Z
subversion,debian-13,https://salsa.debian.org/jamessan/subversion,http://subversion.apache.org/,2026-04-27T20:49:35Z
sudo,debian-13,https://salsa.debian.org/sudo-team/sudo,https://www.sudo.ws/,2026-04-27T20:49:35Z
suil,debian-13,https://salsa.debian.org/multimedia-team/suil,https://drobilla.net/software/suil/,2026-04-27T20:49:35Z
sweeper,debian-13,https://salsa.debian.org/qt-kde-team/kde/sweeper,https://apps.kde.org/sweeper/,2026-04-27T20:49:35Z
swig,debian-13,https://salsa.debian.org/debian/swig,https://www.swig.org/,2026-04-27T20:49:35Z
sysstat,debian-13,https://salsa.debian.org/debian/sysstat,https://sysstat.github.io/,2026-04-27T20:49:35Z
taglib,debian-13,https://salsa.debian.org/multimedia-team/taglib,https://taglib.org/,2026-04-27T20:49:35Z
talloc,debian-12,https://salsa.debian.org/samba-team/talloc,https://talloc.samba.org/,2026-04-27T20:49:35Z
tcltk,,,,2026-04-27T20:49:35Z
tcltk-defaults,debian-13,https://salsa.debian.org/tcltk-team/tcltk-defaults,,2026-04-27T20:49:35Z
tcp-wrappers,debian-13,https://salsa.debian.org/md/tcp-wrappers,,2026-04-27T20:46:25Z
tcpdump,debian-13,https://salsa.debian.org/debian/tcpdump,https://www.tcpdump.org/,2026-04-27T20:49:35Z
tdb,debian-12,https://salsa.debian.org/samba-team/tdb,https://tdb.samba.org/,2026-04-27T20:49:35Z
telepathy-glib,debian-13,https://salsa.debian.org/telepathy-team/telepathy-glib,https://telepathy.freedesktop.org/wiki/,2026-04-27T20:49:35Z
telepathy-logger,debian-13,https://salsa.debian.org/telepathy-team/telepathy-logger,https://telepathy.freedesktop.org/wiki/,2026-04-27T20:49:35Z
telepathy-mission-control,,,,2026-04-27T20:49:35Z
tevent,debian-12,https://salsa.debian.org/samba-team/tevent,https://tevent.samba.org/,2026-04-27T20:49:35Z
texlive,spack.io,https://www.tug.org/texlive,https://www.tug.org/texlive,2026-04-27T20:49:35Z
thunar,debian-13,https://salsa.debian.org/xfce-team/desktop/thunar,https://docs.xfce.org/xfce/thunar/start,2026-04-27T20:49:35Z
thunar-archive-plugin,debian-13,https://salsa.debian.org/xfce-team/goodies/thunar-archive-plugin,https://docs.xfce.org/xfce/thunar/archive,2026-04-27T20:49:35Z
thunar-media-tags-plugin,debian-13,https://salsa.debian.org/xfce-team/goodies/thunar-media-tags-plugin,https://docs.xfce.org/xfce/thunar/media-tags,2026-04-27T20:49:35Z
thunar-volman,debian-13,https://salsa.debian.org/xfce-team/goodies/thunar-volman,https://docs.xfce.org/xfce/thunar/thunar-volman,2026-04-27T20:49:35Z
tiff,debian-13,,https://libtiff.gitlab.io/libtiff/,2026-04-27T20:49:35Z
tinycdb,debian-13,,http://www.corpit.ru/mjt/tinycdb.html,2026-04-27T20:49:35Z
tk,spack.io,https://www.tcl.tk,https://www.tcl.tk,2026-04-27T20:49:35Z
tnftp,debian-13,https://salsa.debian.org/debian/tnftp,https://en.wikipedia.org/wiki/Tnftp,2026-04-27T20:49:35Z
tokyocabinet,debian-13,https://salsa.debian.org/debian/tokyocabinet,https://fallabs.com/tokyocabinet/,2026-04-27T20:49:35Z
totem,debian-13,https://salsa.debian.org/gnome-team/totem,https://wiki.gnome.org/Apps/Videos,2026-04-27T20:49:35Z
totem-pl-parser,debian-13,https://salsa.debian.org/gnome-team/totem-pl-parser,,2026-04-27T20:49:35Z
traceroute-for-linux,,,,2026-04-27T20:49:35Z
transmission,debian-13,https://salsa.debian.org/debian/transmission,https://transmissionbt.com/,2026-04-27T20:49:35Z
trousers,debian-13,,http://trousers.sourceforge.net/,2026-04-27T20:49:35Z
tumbler,debian-13,https://salsa.debian.org/xfce-team/desktop/tumbler,https://docs.xfce.org/xfce/thunar/tumbler,2026-04-27T20:49:35Z
twolame,debian-13,https://salsa.debian.org/multimedia-team/twolame,http://www.twolame.org,2026-04-27T20:49:35Z
udisks,,,,2026-04-27T20:49:35Z
upower,debian-13,https://salsa.debian.org/utopia-team/upower/,https://upower.freedesktop.org/,2026-04-27T20:49:35Z
usb-modeswitch,debian-13,https://salsa.debian.org/debian/usb-modeswitch,https://www.draisberghof.de/usb_modeswitch/,2026-04-27T20:49:35Z
usbredir,debian-13,https://salsa.debian.org/debian/usbredir,https://www.spice-space.org/,2026-04-27T20:49:35Z
userspace-rcu,spack.io,https://liburcu.org/,https://liburcu.org/,2026-04-27T20:49:35Z
usrmerge,debian-13,https://salsa.debian.org/md/usrmerge,https://wiki.debian.org/UsrMerge,2026-04-27T20:49:35Z
vcdimager,debian-13,https://salsa.debian.org/debian/vcdimager,https://www.gnu.org/software/vcdimager/,2026-04-27T20:49:35Z
vdeplug4,debian-13,https://salsa.debian.org/virtualsquare-team/vdeplug4,http://wiki.virtualsquare.org/,2026-04-27T20:49:35Z
video4linux,,,,2026-04-27T20:49:35Z
virglrenderer,debian-13,https://salsa.debian.org/debian/virglrenderer,https://virgil3d.github.io/,2026-04-27T20:49:35Z
vkd3d,debian-13,https://salsa.debian.org/wine-team/vkd3d,http://www.winehq.org,2026-04-27T20:49:35Z
vorbis-tools,debian-13,https://salsa.debian.org/multimedia-team/vorbis-tools,https://www.xiph.org/,2026-04-27T20:49:35Z
vte,debian-13,https://salsa.debian.org/gnome-team/vte,https://wiki.gnome.org/Apps/Terminal/VTE,2026-04-27T20:49:35Z
vtk,spack.io,https://www.vtk.org,https://www.vtk.org,2026-04-27T20:49:35Z
webkitgtk,,,,2026-04-27T20:49:35Z
webrtc-audio-processing,debian-13,https://salsa.debian.org/pulseaudio-team/webrtc-audio-processing,http://freedesktop.org/software/pulseaudio/webrtc-audio-processing/,2026-04-27T20:49:35Z
whois,debian-13,https://github.com/rfc1036/whois,,2026-04-27T20:49:35Z
wildmidi,debian-13,https://salsa.debian.org/games-team/WildMIDI,http://www.mindwerks.net/projects/wildmidi/,2026-04-27T20:49:35Z
wimlib,debian-13,https://salsa.debian.org/debian/wimlib,https://wimlib.net/,2026-04-27T20:49:35Z
wine,debian-13,https://salsa.debian.org/wine-team/wine,https://www.winehq.org,2026-04-27T20:49:35Z
wireless-tools,debian-13,https://github.com/hewlettpackard/wireless-tools,https://hewlettpackard.github.io/wireless-tools/Tools.html,2026-04-27T20:49:35Z
wpa-supplicant,,,,2026-04-27T20:49:35Z
wpebackend-fdo,debian-13,https://salsa.debian.org/webkit-team/wpebackend-fdo,https://wpewebkit.org/,2026-04-27T20:49:35Z
wpewebkit,debian-13,https://salsa.debian.org/webkit-team/webkit,https://wpewebkit.org/,2026-04-27T20:49:35Z
x11-session-utils,debian-13,https://salsa.debian.org/xorg-team/app/x11-session-utils,,2026-04-27T20:49:35Z
x11-xkb-utils,debian-13,https://salsa.debian.org/xorg-team/app/x11-xkb-utils,,2026-04-27T20:49:35Z
x11-xserver-utils,debian-13,https://salsa.debian.org/xorg-team/app/x11-xserver-utils,,2026-04-27T20:49:35Z
xapian-core,debian-13,https://salsa.debian.org/olly/xapian-core,https://xapian.org/,2026-04-27T20:49:35Z
xcb-util,debian-13,https://salsa.debian.org/xorg-team/lib/xcb-util.git,http://xcb.freedesktop.org,2026-04-27T20:49:35Z
xcb-util-cursor,debian-13,https://salsa.debian.org/debian/xcb-util-cursor,http://xcb.freedesktop.org/,2026-04-27T20:49:35Z
xcb-util-image,debian-13,https://salsa.debian.org/xorg-team/lib/xcb-util-image,https://xcb.freedesktop.org,2026-04-27T20:49:35Z
xcb-util-keysyms,debian-13,https://salsa.debian.org/xorg-team/lib/xcb-util-keysyms,https://xcb.freedesktop.org,2026-04-27T20:49:35Z
xcb-util-renderutil,debian-13,https://salsa.debian.org/xorg-team/lib/xcb-util-renderutil,https://xcb.freedesktop.org,2026-04-27T20:49:35Z
xcb-util-wm,debian-13,https://salsa.debian.org/xorg-team/lib/xcb-util-wm,https://xcb.freedesktop.org,2026-04-27T20:49:35Z
xdg-user-dirs-gtk,debian-13,https://salsa.debian.org/gnome-team/xdg-user-dirs-gtk,https://www.freedesktop.org/wiki/Software/xdg-user-dirs,2026-04-27T20:49:35Z
xdrv:ati,,,,2026-04-27T20:49:35Z
xdrv:cirrus,,,,2026-04-27T20:49:35Z
xdrv:evdev,,,,2026-04-27T20:49:35Z
xdrv:fbdev,,,,2026-04-27T20:49:35Z
xdrv:intel,,,,2026-04-27T20:49:35Z
xdrv:mga,,,,2026-04-27T20:49:35Z
xdrv:mouse,,,,2026-04-27T20:49:35Z
xdrv:synaptics,,,,2026-04-27T20:49:35Z
xdrv:vesa,,,,2026-04-27T20:49:35Z
xdrv:vmware,,,,2026-04-27T20:49:35Z
xdrv:wacom,,,,2026-04-27T20:49:35Z
xerces-c,debian-13,https://salsa.debian.org/bblough/xerces-c,https://xerces.apache.org/xerces-c/,2026-04-27T20:49:35Z
xfburn,debian-13,https://salsa.debian.org/xfce-team/apps/xfburn,https://docs.xfce.org/apps/xfburn/start,2026-04-27T20:49:35Z
xfce4-appfinder,debian-13,https://salsa.debian.org/xfce-team/desktop/xfce4-appfinder,https://docs.xfce.org/xfce/xfce4-appfinder/start,2026-04-27T20:49:35Z
xfce4-battery-plugin,debian-13,https://salsa.debian.org/xfce-team/goodies/xfce4-battery-plugin,https://docs.xfce.org/panel-plugins/xfce4-battery-plugin/start,2026-04-27T20:49:35Z
xfce4-clipman-plugin,debian-13,https://salsa.debian.org/xfce-team/goodies/xfce4-clipman-plugin,https://docs.xfce.org/panel-plugins/xfce4-clipman-plugin,2026-04-27T20:49:35Z
xfce4-cpufreq-plugin,debian-13,https://salsa.debian.org/xfce-team/goodies/xfce4-cpufreq-plugin,https://docs.xfce.org/panel-plugins/xfce4-cpufreq-plugin,2026-04-27T20:49:35Z
xfce4-cpugraph-plugin,debian-13,https://salsa.debian.org/xfce-team/goodies/xfce4-cpugraph-plugin,https://docs.xfce.org/panel-plugins/xfce4-cpugraph-plugin,2026-04-27T20:49:35Z
xfce4-datetime-plugin,debian-13,https://salsa.debian.org/xfce-team/goodies/xfce4-datetime-plugin,https://docs.xfce.org/panel-plugins/xfce4-datetime-plugin,2026-04-27T20:49:35Z
xfce4-diskperf-plugin,debian-13,https://salsa.debian.org/xfce-team/goodies/xfce4-diskperf-plugin,https://docs.xfce.org/panel-plugins/xfce4-diskperf-plugin,2026-04-27T20:49:35Z
xfce4-fsguard-plugin,debian-13,https://salsa.debian.org/xfce-team/goodies/xfce4-fsguard-plugin,https://docs.xfce.org/panel-plugins/xfce4-fsguard-plugin,2026-04-27T20:49:35Z
xfce4-genmon-plugin,debian-13,https://salsa.debian.org/xfce-team/goodies/xfce4-genmon-plugin,https://docs.xfce.org/panel-plugins/xfce4-genmon-plugin,2026-04-27T20:49:35Z
xfce4-mailwatch-plugin,debian-13,https://salsa.debian.org/xfce-team/goodies/xfce4-mailwatch-plugin,https://docs.xfce.org/panel-plugins/xfce4-mailwatch-plugin,2026-04-27T20:49:35Z
xfce4-netload-plugin,debian-13,https://salsa.debian.org/xfce-team/goodies/xfce4-netload-plugin,https://docs.xfce.org/panel-plugins/xfce4-netload-plugin/start,2026-04-27T20:49:35Z
xfce4-notes-plugin,debian-13,https://salsa.debian.org/xfce-team/goodies/xfce4-notes-plugin,https://goodies.xfce.org/projects/panel-plugins/xfce4-notes-plugin,2026-04-27T20:49:35Z
xfce4-notifyd,debian-13,https://salsa.debian.org/xfce-team/goodies/xfce4-notifyd,https://docs.xfce.org/apps/notifyd/start,2026-04-27T20:49:35Z
xfce4-panel,debian-13,https://salsa.debian.org/xfce-team/desktop/xfce4-panel,https://docs.xfce.org/xfce/xfce4-panel/start,2026-04-27T20:49:35Z
xfce4-places-plugin,debian-13,https://salsa.debian.org/xfce-team/goodies/xfce4-places-plugin,https://docs.xfce.org/panel-plugins/xfce4-places-plugin/start,2026-04-27T20:49:35Z
xfce4-power-manager,debian-13,https://salsa.debian.org/xfce-team/desktop/xfce4-power-manager,https://docs.xfce.org/xfce/xfce4-power-manager/start,2026-04-27T20:49:35Z
xfce4-screenshooter,debian-13,https://salsa.debian.org/xfce-team/goodies/xfce4-screenshooter,https://docs.xfce.org/apps/screenshooter/start,2026-04-27T20:49:35Z
xfce4-sensors-plugin,debian-13,https://salsa.debian.org/xfce-team/goodies/xfce4-sensors-plugin,https://docs.xfce.org/panel-plugins/xfce4-sensors-plugin/start,2026-04-27T20:49:35Z
xfce4-session,debian-13,https://salsa.debian.org/xfce-team/desktop/xfce4-session,https://docs.xfce.org/xfce/xfce4-session/start,2026-04-27T20:49:35Z
xfce4-smartbookmark-plugin,debian-13,https://salsa.debian.org/xfce-team/goodies/xfce4-smartbookmark-plugin,https://docs.xfce.org/panel-plugins/xfce4-smartbookmark-plugin,2026-04-27T20:49:35Z
xfce4-systemload-plugin,debian-13,https://salsa.debian.org/xfce-team/goodies/xfce4-systemload-plugin,https://docs.xfce.org/panel-plugins/xfce4-systemload-plugin,2026-04-27T20:49:35Z
xfce4-taskmanager,debian-13,https://salsa.debian.org/xfce-team/apps/xfce4-taskmanager,https://docs.xfce.org/apps/xfce4-taskmanager/start,2026-04-27T20:49:35Z
xfce4-terminal,debian-13,https://salsa.debian.org/xfce-team/desktop/xfce4-terminal,https://docs.xfce.org/apps/terminal/start,2026-04-27T20:49:35Z
xfce4-timer-plugin,debian-13,https://salsa.debian.org/xfce-team/goodies/xfce4-timer-plugin,https://docs.xfce.org/panel-plugins/xfce4-timer-plugin,2026-04-27T20:49:35Z
xfce4-weather-plugin,debian-13,https://salsa.debian.org/xfce-team/goodies/xfce4-weather-plugin,https://docs.xfce.org/panel-plugins/xfce4-weather-plugin,2026-04-27T20:49:35Z
xfce4-xkb-plugin,debian-13,https://salsa.debian.org/xfce-team/goodies/xfce4-xkb-plugin,https://docs.xfce.org/panel-plugins/xfce4-xkb-plugin,2026-04-27T20:49:35Z
xfconf,debian-13,https://salsa.debian.org/xfce-team/desktop/xfconf,https://docs.xfce.org/xfce/xfconf/start,2026-04-27T20:49:35Z
xfdesktop,spack.io,https://docs.xfce.org/xfce/xfdesktop/start,https://docs.xfce.org/xfce/xfdesktop/start,2026-04-27T20:49:35Z
xfsprogs,debian-13,,https://xfs.wiki.kernel.org/,2026-04-27T20:49:35Z
xfwm4,debian-13,https://salsa.debian.org/xfce-team/desktop/xfwm4,https://docs.xfce.org/xfce/xfwm4/start,2026-04-27T20:49:35Z
xkbcomp,spack.io,https://gitlab.freedesktop.org/xorg/app/xkbcomp,https://gitlab.freedesktop.org/xorg/app/xkbcomp,2026-04-27T20:49:35Z
xkbset,debian-13,https://salsa.debian.org/debian/xkbset,https://faculty.missouri.edu/~stephen/software,2026-04-27T20:49:35Z
xkeyboard-config,debian-13,https://salsa.debian.org/xorg-team/data/xkeyboard-config,https://www.freedesktop.org/Software/XKeyboardConfig,2026-04-27T20:49:35Z
xsel,debian-13,https://salsa.debian.org/debian/xsel,http://www.vergenet.net/~conrad/software/xsel/,2026-04-27T20:49:35Z
xterm,debian-13,https://salsa.debian.org/xorg-team/app/xterm,https://invisible-island.net/xterm/xterm.html,2026-04-27T20:49:35Z
xvidcore,debian-13,https://salsa.debian.org/multimedia-team/xvidcore,https://labs.xvid.com/source/,2026-04-27T20:49:35Z
yelp,debian-13,https://salsa.debian.org/gnome-team/yelp,https://apps.gnome.org/Yelp/,2026-04-27T20:49:35Z
zabbix,debian-13,https://salsa.debian.org/debian/zabbix,http://zabbix.com,2026-04-27T20:49:35Z
zeitgeist,debian-13,https://salsa.debian.org/debian/zeitgeist,https://zeitgeist.freedesktop.org/,2026-04-27T20:49:35Z
zenity,debian-13,https://salsa.debian.org/gnome-team/zenity,https://wiki.gnome.org/Projects/Zenity,2026-04-27T20:49:35Z
zephyr,debian-13,,,2026-04-27T20:49:35Z
zerofree,debian-13,https://salsa.debian.org/debian/zerofree,https://frippery.org/uml/,2026-04-27T20:49:35Z
zsh,debian-13,https://salsa.debian.org/debian/zsh,https://www.zsh.org/,2026-04-27T20:49:35Z
