repo,repo_id,openssf_score,openssf_score_source,cve_count_5y,ossfuzz_enrolled,bestpractices_badge_id,openssf_score_p,cve_score,score,fetched_at
7rulnik/source-map-js,gh/330043541,3,openssf_local,0,False,,92.84,50.0,93,2026-04-27T15:53:04+01:00
acornjs/acorn,gh/5932749,5.2,openssf_local,0,False,,40.04,50.0,50,2026-04-27T14:56:11+01:00
acornjs/acorn-jsx,gh/22187098,3,openssf_local,0,False,,92.84,50.0,93,2026-04-27T21:27:31+01:00
adobe/react-spectrum,gh/208362715,5.8,openssf_local,0,False,,30.31,50.0,50,2026-05-03T17:32:33+01:00
agronholm/anyio,gh/145337588,6.2,openssf_local,0,False,,24.5,50.0,50,2026-05-03T17:32:33+01:00
agronholm/exceptiongroup,gh/447694800,4.4,openssf_local,0,False,,52.46,50.0,52,2026-04-27T21:27:41+01:00
ai/nanoid,gh/99401299,7.2,openssf_local,2,False,,9.62,82.2,82,2026-04-27T16:07:30+01:00
aio-libs/aiobotocore,gh/36618494,7.5,openssf_local,0,False,,6.26,50.0,50,2026-04-27T15:05:43+01:00
aio-libs/aiohttp,gh/13258039,7.4,openssf_local,15,True,,7.72,95.12,95,2026-04-27T15:07:05+01:00
aio-libs/aiosignal,gh/205007356,7.4,openssf_local,0,False,,7.72,50.0,50,2026-05-03T17:32:33+01:00
aio-libs/frozenlist,gh/204197530,6.5,openssf_local,0,False,,19.57,50.0,50,2026-05-03T23:21:24+01:00
aio-libs/multidict,gh/51206425,7.4,openssf_local,0,True,,7.72,50.0,50,2026-04-27T21:27:58+01:00
aio-libs/propcache,gh/866565706,6.8,openssf_local,0,False,,14.09,50.0,50,2026-04-27T21:28:15+01:00
aio-libs/yarl,gh/64756820,7.4,openssf_local,0,True,,7.72,50.0,50,2026-04-27T16:08:08+01:00
ajv-validator/ajv,gh/35914020,6.6,openssf_local,1,False,in_progress,17.0,72.68,73,2026-04-27T14:57:00+01:00
ajv-validator/ajv-formats,gh/281084700,3.9,openssf_local,0,False,,72.04,50.0,72,2026-05-03T17:33:20+01:00
ajv-validator/ajv-keywords,gh/60477053,4.7,openssf_local,0,False,,46.64,50.0,50,2026-04-27T16:08:33+01:00
alexei/sprintf.js,gh/9175790,1.8,openssf_local,0,False,,100.0,50.0,100,2026-04-27T21:28:27+01:00
alexeyraspopov/picocolors,gh/410740124,3.6,openssf_local,0,False,,79.19,50.0,79,2026-04-27T14:57:00+01:00
alexhuszagh/rust-lexical,gh/155286170,5.4,openssf_local,2,True,,36.69,82.2,82,2026-04-27T21:28:35+01:00
alexindigo/asynckit,gh/59087459,2.7,openssf_local,0,False,,97.32,50.0,97,2026-04-27T21:28:42+01:00
amanieu/parking_lot,gh/58731560,4.1,openssf_local,1,False,,59.06,72.68,73,2026-04-27T21:28:45+01:00
andialbrecht/sqlparse,gh/4067434,4.8,openssf_local,3,True,,45.08,84.88,85,2026-04-27T21:28:47+01:00
andrewrk/node-pend,gh/11836813,3,openssf_local,0,False,,92.84,50.0,93,2026-04-27T21:28:50+01:00
andyperlitch/jsbn,gh/9710533,2.4,openssf_local,0,False,,98.88,50.0,99,2026-04-27T21:28:54+01:00
angular/angular-cli,gh/36891867,8.6,openssf_local,0,False,,1.34,50.0,50,2026-06-28T16:39:35+01:00
annotated-types/annotated-types,gh/487934134,3.9,openssf_local,0,False,,72.04,50.0,72,2026-04-27T16:09:58+01:00
antonk52/lilconfig,gh/238967485,3.5,openssf_local,1,False,,80.98,72.68,81,2026-04-27T21:28:58+01:00
apache/airflow,gh/33884891,7.8,openssf_local,92,True,,3.91,99.02,99,2026-05-03T23:26:18+01:00
apache/arrow,gh/51905353,6.9,openssf_local,4,True,,12.3,87.07,87,2026-04-27T16:08:30+01:00
apache/arrow-rs,gh/358917250,7,openssf_local,4,False,,11.41,87.07,87,2026-05-03T23:21:24+01:00
ardatan/graphql-tools,gh/54432168,5.5,openssf_local,0,False,,34.23,50.0,50,2026-04-27T15:07:35+01:00
ardatan/whatwg-node,gh/429511342,5.7,openssf_local,0,False,,31.1,50.0,50,2026-04-27T21:29:14+01:00
assert-rs/snapbox,gh/424722460,6.5,openssf_local,0,False,,19.57,50.0,50,2026-05-03T23:21:24+01:00
astanin/python-tabulate,gh/205875548,4.9,openssf_local,0,True,,43.18,50.0,50,2026-06-28T21:20:09+01:00
astral-sh/ruff,gh/523043277,6.3,openssf_local,0,False,,23.04,50.0,50,2026-04-27T21:29:49+01:00
auth0/node-jwa,gh/8116861,4.6,openssf_local,0,False,,48.66,50.0,50,2026-04-27T21:31:37+01:00
autotools-mirror/autoconf,gh/47662429,4.1,openssf_local,0,False,,59.06,50.0,59,2026-04-27T21:29:59+01:00
autotools-mirror/libtool,gh/47662711,3.4,openssf_local,0,False,,82.33,50.0,82,2026-04-27T21:30:04+01:00
autotools-mirror/m4,gh/66880383,3.5,openssf_local,0,False,,80.98,50.0,81,2026-04-27T21:30:16+01:00
aws/aws-cli,gh/6780767,6,openssf_local,0,False,,26.96,50.0,50,2026-04-27T21:30:21+01:00
aws/aws-sdk-js-crypto-helpers,gh/149673986,5.5,openssf_local,0,False,,34.23,50.0,50,2026-05-03T17:22:49+01:00
aws/aws-sdk-js-v3,gh/87228090,5.6,openssf_local,0,False,,32.55,50.0,50,2026-04-27T14:53:35+01:00
axios/axios,gh/23088740,7.7,openssf_local,6,False,,4.81,89.27,89,2026-05-03T20:00:58+01:00
azure/azure-sdk-for-js,gh/108311273,6.1,openssf_local,1,False,,26.06,72.68,73,2026-04-27T16:09:34+01:00
azure/azure-sdk-for-python,gh/4127088,6.5,openssf_local,2,True,,19.57,82.2,82,2026-04-27T21:30:49+01:00
azuread/microsoft-authentication-library-for-python,gh/67243113,7.6,openssf_local,0,True,,5.26,50.0,50,2026-05-03T23:21:51+01:00
babel/babel,gh/24560307,6.6,openssf_local,2,False,in_progress,17.0,82.2,82,2026-04-27T14:52:37+01:00
babel/babel-polyfills,gh/190579283,4.6,openssf_local,0,False,,48.66,50.0,50,2026-04-27T15:06:31+01:00
babel/minify,gh/55723051,2.9,openssf_local,0,False,,95.75,50.0,96,2026-06-28T19:00:13+01:00
bdwgc/bdwgc,gh/2109456,4.8,openssf_local,0,False,in_progress,45.08,50.0,50,2026-04-27T16:03:02+01:00
beatgammit/base64-js,gh/2853282,3,openssf_local,0,False,,92.84,50.0,93,2026-04-27T21:31:00+01:00
benjaminp/six,gh/77868600,4.2,openssf_local,0,True,,56.49,50.0,56,2026-04-27T14:52:37+01:00
besser82/libxcrypt,gh/35503965,4.3,openssf_local,0,False,,53.8,50.0,54,2026-04-27T14:55:58+01:00
bitflags/bitflags,gh/29287955,6.8,openssf_local,0,False,,14.09,50.0,50,2026-04-27T16:09:16+01:00
blakeembrey/array-flatten,gh/17789771,3.6,openssf_local,0,False,,79.19,50.0,79,2026-04-27T21:31:11+01:00
blakeembrey/change-case,gh/9440238,4,openssf_local,0,False,,64.65,50.0,65,2026-04-27T14:55:25+01:00
bluss/bencher,gh/65987276,3.1,openssf_local,0,False,,88.14,50.0,88,2026-04-27T21:31:17+01:00
bminor/glibc,gh/13868694,3.6,openssf_local,39,False,,79.19,97.07,97,2026-04-07T10:58:41+01:00
boto/boto3,gh/24774658,7.4,openssf_local,0,False,,7.72,50.0,50,2026-04-27T14:53:40+01:00
boto/botocore,gh/6670942,7.9,openssf_local,0,True,,2.91,50.0,50,2026-04-27T21:31:24+01:00
boto/s3transfer,gh/49535299,8.4,openssf_local,0,False,,2.13,50.0,50,2026-04-27T14:55:24+01:00
brianc/node-postgres,gh/991475,5.5,openssf_local,0,False,,34.23,50.0,50,2026-04-27T21:31:34+01:00
broofa/mime,gh/534940,3.9,openssf_local,0,False,,72.04,50.0,72,2026-04-27T16:08:31+01:00
browserify/events,gh/1649251,3.9,openssf_local,0,False,,72.04,50.0,72,2026-04-27T15:53:22+01:00
browserify/node-util,gh/14568009,3.6,openssf_local,0,False,,79.19,50.0,79,2026-04-27T21:31:55+01:00
browserify/randombytes,gh/29300004,3.6,openssf_local,0,False,,79.19,50.0,79,2026-04-27T17:06:22+01:00
browserify/resolve,gh/1915099,6.3,openssf_local,0,False,passing,23.04,50.0,50,2026-04-27T15:06:41+01:00
browserslist/browserslist,gh/27971466,6.4,openssf_local,1,False,,21.25,72.68,73,2026-04-27T15:06:17+01:00
browserslist/caniuse-lite,gh/80221890,5.2,openssf_local,0,False,,40.04,50.0,50,2026-04-27T16:03:39+01:00
browserslist/update-db,gh/505548145,3.2,openssf_local,0,False,,86.47,50.0,86,2026-04-27T16:11:14+01:00
burntsushi/aho-corasick,gh/37290678,6.3,openssf_local,0,False,,23.04,50.0,50,2026-04-27T21:31:58+01:00
burntsushi/jiff,gh/759017108,5.8,openssf_local,0,False,,30.31,50.0,50,2026-04-27T21:32:02+01:00
burntsushi/memchr,gh/37290652,6.7,openssf_local,0,False,,15.32,50.0,50,2026-04-27T21:32:07+01:00
burntsushi/quickcheck,gh/17559913,5.1,openssf_local,0,False,,41.16,50.0,50,2026-04-27T15:05:26+01:00
burntsushi/same-file,gh/78375612,3,openssf_local,0,False,,92.84,50.0,93,2026-04-27T17:04:52+01:00
burntsushi/termcolor,gh/141345580,3.3,openssf_local,0,False,,84.34,50.0,84,2026-04-27T15:53:07+01:00
burntsushi/ucd-generate,gh/123997498,3.2,openssf_local,0,False,,86.47,50.0,86,2026-04-27T17:04:53+01:00
burntsushi/walkdir,gh/42685794,2.9,openssf_local,0,False,,95.75,50.0,96,2026-04-27T17:04:56+01:00
burntsushi/winapi-util,gh/146040682,4.3,openssf_local,0,False,,53.8,50.0,54,2026-04-27T15:08:29+01:00
businho/pytest-ruff,gh/599731435,3.7,openssf_local,0,False,,77.18,50.0,77,2026-05-03T23:21:52+01:00
bytecodealliance/rustix,gh/295544240,5.1,openssf_local,1,False,,41.16,72.68,73,2026-04-27T21:32:21+01:00
bytecodealliance/wasi-rs,gh/196445196,5.9,openssf_local,0,False,,28.52,50.0,50,2026-05-03T23:21:59+01:00
c-ares/c-ares,gh/571708,6.3,openssf_local,18,True,passing,23.04,95.85,96,2026-04-07T10:48:28+01:00
calvinmetcalf/minimalistic-assert,gh/29144257,2.8,openssf_local,0,False,,96.53,50.0,97,2026-04-27T16:11:14+01:00
calvinmetcalf/process-nextick-args,gh/36039131,3,openssf_local,0,False,,92.84,50.0,93,2026-04-27T17:05:28+01:00
caolan/async,gh/698041,4.4,openssf_local,1,False,,52.46,72.68,73,2026-04-27T16:06:07+01:00
certbot/certbot,gh/26516210,7.7,openssf_local,0,False,,4.81,50.0,50,2026-05-03T23:22:09+01:00
certifi/python-certifi,gh/3060959,7.1,openssf_local,3,False,,10.51,84.88,85,2026-04-27T14:54:12+01:00
chaijs/type-detect,gh/12107007,3.2,openssf_local,0,False,,86.47,50.0,86,2026-04-27T15:53:33+01:00
chalk/ansi-regex,gh/20451415,4.1,openssf_local,2,False,,59.06,82.2,82,2026-04-27T14:53:42+01:00
chalk/ansi-styles,gh/11803168,4.1,openssf_local,1,False,,59.06,72.68,73,2026-04-27T14:54:29+01:00
chalk/chalk,gh/11855195,4,openssf_local,1,False,,64.65,72.68,73,2026-04-27T14:54:07+01:00
chalk/slice-ansi,gh/43191689,4.3,openssf_local,1,False,,53.8,72.68,73,2026-04-27T16:09:44+01:00
chalk/strip-ansi,gh/15014856,4.2,openssf_local,1,False,,56.49,72.68,73,2026-04-27T14:54:17+01:00
chalk/supports-color,gh/11855007,4.1,openssf_local,1,False,,59.06,72.68,73,2026-04-27T14:55:14+01:00
chalk/wrap-ansi,gh/41053676,4.4,openssf_local,1,False,,52.46,72.68,73,2026-04-27T15:05:46+01:00
chalker/safer-buffer,gh/125825141,3,openssf_local,0,False,,92.84,50.0,93,2026-04-27T14:57:14+01:00
chardet/chardet,gh/5196969,6.8,openssf_local,0,False,,14.09,50.0,50,2026-04-27T17:05:29+01:00
cheeriojs/dom-serializer,gh/18991884,6.3,openssf_local,0,False,,23.04,50.0,50,2026-04-27T17:05:30+01:00
chicoxyzzy/node-releases,gh/73765596,4.2,openssf_local,0,False,,56.49,50.0,56,2026-04-27T16:08:39+01:00
chronotope/chrono,gh/18210201,6.1,openssf_local,0,True,,26.06,50.0,50,2026-04-27T17:05:30+01:00
chronotope/humantime,gh/59320323,4.8,openssf_local,0,False,,45.08,50.0,50,2026-04-27T17:05:34+01:00
clap-rs/clap,gh/31315121,5.5,openssf_local,0,False,,34.23,50.0,50,2026-04-27T17:05:40+01:00
cloudflare/cloudflare-python,gh/753271547,5.4,openssf_local,0,False,,36.69,50.0,50,2026-04-27T17:05:53+01:00
colinhacks/zod,gh/245704608,5.2,openssf_local,1,False,,40.04,72.68,73,2026-05-03T23:22:14+01:00
colorjs/color-name,gh/27038309,3.2,openssf_local,1,False,,86.47,72.68,86,2026-04-27T14:54:31+01:00
comex/rust-shlex,gh/37886228,4.9,openssf_local,1,False,,43.18,72.68,73,2026-04-27T17:06:01+01:00
component/escape-html,gh/5444800,3,openssf_local,0,False,,92.84,50.0,93,2026-04-27T17:06:08+01:00
component/toidentifier,gh/114743189,3.3,openssf_local,0,False,,84.34,50.0,84,2026-04-27T17:06:14+01:00
composefs/tar-rs,gh/21946092,7.6,openssf_local,2,False,,5.26,82.2,82,2026-05-03T23:21:24+01:00
conventional-changelog/commitlint,gh/51575745,5.5,openssf_local,0,False,,34.23,50.0,50,2026-04-27T16:09:57+01:00
conventional-changelog/conventional-changelog,gh/15639771,5.1,openssf_local,1,False,,41.16,72.68,73,2026-04-27T16:09:51+01:00
cosmiconfig/cosmiconfig,gh/45750507,5.2,openssf_local,0,False,,40.04,50.0,50,2026-04-27T16:07:28+01:00
coveragepy/coveragepy,gh/138421996,7.7,openssf_local,0,True,,4.81,50.0,50,2026-04-27T17:06:17+01:00
cpburnz/python-pathspec,gh/14648551,5.3,openssf_local,0,True,,38.48,50.0,50,2026-04-27T17:06:20+01:00
cpython-team/python3-defaults,gl/salsa.debian.org-27547,,,0,False,,,50.0,50,
crate-py/rpds,gh/608018848,6.9,openssf_local,0,False,,12.3,50.0,50,2026-04-27T16:06:52+01:00
criterion-rs/criterion.rs,gh/1081104682,5.7,openssf_local,0,False,,31.1,50.0,50,2026-04-27T14:56:03+01:00
crossbeam-rs/crossbeam,gh/35566048,6.3,openssf_local,9,False,,23.04,91.95,92,2026-04-27T17:06:20+01:00
css-modules/icss-utils,gh/42766912,2.9,openssf_local,0,False,,95.75,50.0,96,2026-04-27T21:32:50+01:00
cssnano/cssnano,gh/33943153,7.5,openssf_local,0,False,,6.26,50.0,50,2026-04-27T14:54:16+01:00
csstools/postcss-plugins,gh/219192307,7.5,openssf_local,0,False,,6.26,50.0,50,2026-04-27T14:54:34+01:00
csstree/csstree,gh/67236461,3.9,openssf_local,0,False,,72.04,50.0,72,2026-04-27T16:10:47+01:00
curl/curl,gh/569041,8.9,openssf_local,112,True,gold,0.67,99.51,100,2026-05-03T20:00:58+01:00
cuviper/autocfg,gh/135481335,3.6,openssf_local,0,False,,79.19,50.0,79,2026-04-27T16:09:08+01:00
cyan4973/xxhash,gh/19330466,7.3,openssf_local,0,False,,8.28,50.0,50,2026-04-06T13:37:02+01:00
daaku/nodejs-makeerror,gh/2097803,2.5,openssf_local,0,False,,98.43,50.0,98,2026-04-27T17:06:43+01:00
daaku/nodejs-tmpl,gh/2171213,2.6,openssf_local,1,False,,98.1,72.68,98,2026-04-27T16:11:14+01:00
dateutil/dateutil,gh/26876372,5.3,openssf_local,0,True,,38.48,50.0,50,2026-04-27T17:06:50+01:00
davidhalter/parso,gh/90668463,5.6,openssf_local,0,True,,32.55,50.0,50,2026-04-27T17:06:51+01:00
davisjam/safe-regex,gh/90781457,3.3,openssf_local,0,False,,84.34,50.0,84,2026-04-27T17:06:56+01:00
dchest/tweetnacl-js,gh/15649752,2,openssf_local,0,False,,99.33,50.0,99,2026-04-27T17:06:59+01:00
dcodeio/long.js,gh/8678904,3.3,openssf_local,0,False,,84.34,50.0,84,2026-04-27T15:08:26+01:00
debian/bzip2,gl/salsa.debian.org-9696,,,1,False,,,72.68,73,
debian/ca-certificates,gl/salsa.debian.org-2995,,,1,False,,,72.68,73,
debian/gdbm,gl/salsa.debian.org-32157,,,0,False,,,50.0,50,
debian/giflib,gl/salsa.debian.org-12522,,,8,False,,,91.71,92,
debug-js/debug,gh/2871998,3.5,openssf_local,2,False,,80.98,82.2,82,2026-04-27T14:53:40+01:00
definitelytyped/definitelytyped,gh/6093316,7,openssf_local,0,False,,11.41,50.0,50,2026-04-27T14:52:37+01:00
defunctzombie/node-process,gh/7580644,3,openssf_local,0,False,,92.84,50.0,93,2026-04-27T16:05:46+01:00
django/asgiref,gh/48501860,4.4,openssf_local,0,False,,52.46,50.0,52,2026-04-27T17:07:05+01:00
djc/rustc-version-rs,gh/41272773,4.2,openssf_local,0,False,,56.49,50.0,56,2026-04-27T17:07:10+01:00
dmitrysoshnikov/regexp-tree,gh/85459304,3,openssf_local,0,False,,92.84,50.0,93,2026-04-27T17:07:13+01:00
docutils/docutils,gh/44840244,3.9,openssf_local,0,False,,72.04,50.0,72,2026-06-01T00:23:57+01:00
doowb/ansi-colors,gh/47135420,3,openssf_local,0,False,,92.84,50.0,93,2026-04-27T17:07:24+01:00
douglasdwyer/wasm_sync,gh/668034655,2.2,openssf_local,0,False,,99.22,50.0,99,2026-04-27T17:07:24+01:00
dougwilson/nodejs-depd,gh/20848667,3.3,openssf_local,0,False,,84.34,50.0,84,2026-04-27T16:08:13+01:00
dtolnay/anyhow,gh/212936374,5.4,openssf_local,0,False,,36.69,50.0,50,2026-04-27T16:05:55+01:00
dtolnay/automod,gh/173074854,4.3,openssf_local,0,False,,53.8,50.0,54,2026-04-27T15:07:19+01:00
dtolnay/dissimilar,gh/229514821,5.2,openssf_local,0,False,,40.04,50.0,50,2026-04-27T16:08:52+01:00
dtolnay/indoc,gh/54252316,4.8,openssf_local,0,False,,45.08,50.0,50,2026-04-27T17:07:28+01:00
dtolnay/itoa,gh/61962375,5.5,openssf_local,0,True,,34.23,50.0,50,2026-04-27T17:07:36+01:00
dtolnay/no-panic,gh/143469762,4.5,openssf_local,0,False,,50.0,50.0,50,2026-04-27T16:08:20+01:00
dtolnay/proc-macro2,gh/91860126,5.4,openssf_local,0,False,,36.69,50.0,50,2026-04-27T14:53:31+01:00
dtolnay/quote,gh/67273122,5.4,openssf_local,0,False,,36.69,50.0,50,2026-04-27T14:53:54+01:00
dtolnay/ref-cast,gh/106295902,4.7,openssf_local,0,False,,46.64,50.0,50,2026-04-27T16:08:46+01:00
dtolnay/rustversion,gh/183990447,4.5,openssf_local,0,False,,50.0,50.0,50,2026-04-27T14:55:00+01:00
dtolnay/ryu,gh/142720484,5.5,openssf_local,0,True,,34.23,50.0,50,2026-04-27T17:07:37+01:00
dtolnay/semver,gh/22432442,5.4,openssf_local,0,False,,36.69,50.0,50,2026-04-27T17:07:38+01:00
dtolnay/syn,gh/67305738,5.8,openssf_local,0,False,,30.31,50.0,50,2026-04-27T14:54:32+01:00
dtolnay/target-triple,gh/734167706,4.2,openssf_local,0,False,,56.49,50.0,56,2026-04-27T16:09:35+01:00
dtolnay/thiserror,gh/213836768,5,openssf_local,0,False,,42.06,50.0,50,2026-04-27T16:06:35+01:00
dtolnay/trybuild,gh/184941159,5.6,openssf_local,0,False,,32.55,50.0,50,2026-04-27T14:52:37+01:00
dtolnay/unicode-ident,gh/492639579,5.3,openssf_local,0,False,,38.48,50.0,50,2026-04-27T15:06:20+01:00
eemeli/yaml,gh/119439276,7.8,openssf_local,1,False,,3.91,72.68,73,2026-04-27T17:07:46+01:00
ehmicky/human-signals,gh/214467546,3.1,openssf_local,0,False,,88.14,50.0,88,2026-04-27T17:07:48+01:00
eliben/pycparser,gh/10589864,5.8,openssf_local,0,True,,30.31,50.0,50,2026-04-27T14:52:37+01:00
emotion-js/emotion,gh/92570536,5.2,openssf_local,0,False,,40.04,50.0,50,2026-04-27T14:56:53+01:00
encode/httpcore,gh/237210639,5.4,openssf_local,0,True,,36.69,50.0,50,2026-04-27T17:07:58+01:00
encode/httpx,gh/179492861,6.3,openssf_local,1,True,,23.04,72.68,73,2026-04-27T16:10:17+01:00
epoberezkin/fast-deep-equal,gh/94483360,3.1,openssf_local,0,False,,88.14,50.0,88,2026-04-27T15:05:30+01:00
epoberezkin/fast-json-stable-stringify,gh/108103016,2.9,openssf_local,0,False,,95.75,50.0,96,2026-04-27T17:07:59+01:00
epoberezkin/json-schema-traverse,gh/93333933,3.4,openssf_local,0,False,,82.33,50.0,82,2026-04-27T15:07:00+01:00
es-shims/array-includes,gh/28753032,4,openssf_local,0,False,,64.65,50.0,65,2026-04-27T17:08:05+01:00
es-shims/dunder-proto,gh/898274312,3.9,openssf_local,0,False,,72.04,50.0,72,2026-04-27T15:08:22+01:00
es-shims/es-object-atoms,gh/773229339,4,openssf_local,0,False,,64.65,50.0,65,2026-04-27T14:57:08+01:00
es-shims/es-set-tostringtag,gh/580683868,3.9,openssf_local,0,False,,72.04,50.0,72,2026-04-27T17:08:10+01:00
es-shims/math-intrinsics,gh/902014040,3.9,openssf_local,0,False,,72.04,50.0,72,2026-04-27T16:09:09+01:00
es-shims/object.values,gh/41723335,4,openssf_local,0,False,,64.65,50.0,65,2026-04-27T17:08:16+01:00
es-shims/regexp.prototype.flags,gh/26932422,4,openssf_local,0,False,,64.65,50.0,65,2026-04-27T17:08:24+01:00
es-shims/string.prototype.trimend,gh/114682758,4,openssf_local,0,False,,64.65,50.0,65,2026-04-27T17:08:29+01:00
es-shims/string.prototype.trimstart,gh/114682105,4.2,openssf_local,0,False,,56.49,50.0,56,2026-05-03T23:22:25+01:00
eslint-community/eslint-utils,gh/568240379,6.6,openssf_local,0,False,,17.0,50.0,50,2026-05-03T23:22:30+01:00
eslint/eslint,gh/11061773,7.2,openssf_local,0,False,,9.62,50.0,50,2026-04-27T16:07:57+01:00
eslint/js,gh/27620277,6.7,openssf_local,0,False,,15.32,50.0,50,2026-04-27T14:55:10+01:00
eslint/rewrite,gh/791446923,6.7,openssf_local,2,False,,15.32,82.2,82,2026-04-27T15:52:38+01:00
estools/escodegen,gh/3611422,2.9,openssf_local,0,False,,95.75,50.0,96,2026-04-28T01:21:03+01:00
estools/esquery,gh/11412938,3.9,openssf_local,0,False,,72.04,50.0,72,2026-04-27T17:08:35+01:00
estools/esrecurse,gh/27429822,3,openssf_local,0,False,,92.84,50.0,93,2026-04-27T21:33:01+01:00
estools/estraverse,gh/6145439,3.4,openssf_local,0,False,,82.33,50.0,82,2026-04-27T14:57:03+01:00
estools/esutils,gh/14677293,3.1,openssf_local,0,False,,88.14,50.0,88,2026-04-27T15:08:07+01:00
ethers-io/ethers.js,gh/63465664,3.7,openssf_local,0,False,,77.18,50.0,77,2026-04-27T17:08:39+01:00
evanw/esbuild,gh/61137153,3.8,openssf_local,1,False,,75.5,72.68,76,2026-04-27T16:08:26+01:00
evanw/node-source-map-support,gh/7682781,3,openssf_local,0,False,,92.84,50.0,93,2026-04-27T16:08:49+01:00
eventualbuddha/lines-and-columns,gh/47284288,2.6,openssf_local,0,False,,98.1,50.0,98,2026-04-27T17:08:42+01:00
executablebooks/markdown-it-py,gh/249956697,6.2,openssf_local,2,True,,24.5,82.2,82,2026-04-27T16:08:39+01:00
executablebooks/mdurl,gh/387293763,3.5,openssf_local,0,True,,80.98,50.0,81,2026-04-27T15:53:38+01:00
exodusoss/bytes,gh/885154008,5.8,openssf_local,0,False,,30.31,50.0,50,2026-04-27T17:08:50+01:00
expressjs/body-parser,gh/15669006,8.2,openssf_local,2,False,,2.46,82.2,82,2026-04-27T17:08:52+01:00
expressjs/serve-static,gh/17464338,7.3,openssf_local,1,False,,8.28,72.68,73,2026-04-27T17:08:52+01:00
facebook/watchman,gh/6930489,5.4,openssf_local,0,False,,36.69,50.0,50,2026-04-27T16:06:32+01:00
facebook/zstd,gh/29759715,8.3,openssf_local,0,True,,2.35,50.0,50,2026-04-06T12:36:25+01:00
facelessuser/soupsieve,gh/160789418,5.1,openssf_local,0,True,,41.16,50.0,50,2026-04-27T16:07:24+01:00
fastify/fast-uri,gh/419317518,7.2,openssf_local,0,False,,9.62,50.0,50,2026-04-27T17:09:30+01:00
faye/websocket-driver-node,gh/9733816,3.2,openssf_local,0,False,,86.47,50.0,86,2026-04-27T17:09:36+01:00
fb55/boolbase,gh/16864585,5.9,openssf_local,0,False,,28.52,50.0,50,2026-04-27T16:11:36+01:00
fb55/css-select,gh/3411063,6.3,openssf_local,0,False,,23.04,50.0,50,2026-04-27T17:09:37+01:00
fb55/css-what,gh/4460687,6.5,openssf_local,2,False,,19.57,82.2,82,2026-04-27T17:09:41+01:00
fb55/domelementtype,gh/6627835,6.1,openssf_local,0,False,,26.06,50.0,50,2026-04-27T15:05:31+01:00
fb55/domhandler,gh/5414232,6.4,openssf_local,0,False,,21.25,50.0,50,2026-04-27T15:52:39+01:00
fb55/domutils,gh/6627949,5.8,openssf_local,0,False,,30.31,50.0,50,2026-04-27T17:09:50+01:00
fb55/entities,gh/3172629,6,openssf_local,0,False,,26.96,50.0,50,2026-04-27T15:06:07+01:00
fb55/htmlparser2,gh/2279062,6.4,openssf_local,0,False,,21.25,50.0,50,2026-04-27T17:09:53+01:00
fb55/nth-check,gh/16864923,6.4,openssf_local,1,False,,21.25,72.68,73,2026-04-27T17:09:55+01:00
felixge/node-combined-stream,gh/1787452,2.9,openssf_local,0,False,,95.75,50.0,96,2026-04-27T16:10:29+01:00
felixge/node-delayed-stream,gh/1783893,2.9,openssf_local,0,False,,95.75,50.0,96,2026-04-27T15:52:38+01:00
feross/buffer,gh/14494363,3.9,openssf_local,0,False,,72.04,50.0,72,2026-04-27T15:07:14+01:00
feross/ieee754,gh/15489525,3.7,openssf_local,0,False,,77.18,50.0,77,2026-04-27T15:05:59+01:00
feross/is-buffer,gh/25997846,3.5,openssf_local,0,False,,80.98,50.0,81,2026-04-27T17:10:08+01:00
feross/queue-microtask,gh/207021895,3.8,openssf_local,0,False,,75.5,50.0,76,2026-04-27T17:10:13+01:00
feross/run-parallel,gh/18700638,3.7,openssf_local,0,False,,77.18,50.0,77,2026-04-27T17:10:18+01:00
feross/safe-buffer,gh/49538897,3.6,openssf_local,0,False,,79.19,50.0,79,2026-04-27T14:54:05+01:00
ffmpeg/ffmpeg,gh/1614410,5.1,openssf_local,150,True,,41.16,99.76,100,2026-04-06T12:35:04+01:00
firebase/firebase-js-sdk,gh/89290483,6.5,openssf_local,2,False,,19.57,82.2,82,2026-04-27T15:07:00+01:00
floating-ui/floating-ui,gh/54994103,5.1,openssf_local,0,False,,41.16,50.0,50,2026-04-27T16:06:00+01:00
follow-redirects/follow-redirects,gh/6697086,4.9,openssf_local,4,False,,43.18,87.07,87,2026-04-27T16:09:06+01:00
fontconfig/fontconfig,gl/gitlab.freedesktop.org-890,,,0,False,,,50.0,50,
form-data/form-data,gh/1755793,4.8,openssf_local,1,False,,45.08,72.68,73,2026-04-27T17:10:21+01:00
formatjs/formatjs,gh/19117456,4.6,openssf_local,0,False,,48.66,50.0,50,2026-04-27T17:10:26+01:00
freedesktop-unofficial-mirror/cairo,gh/34372735,2.6,openssf_local,0,False,,98.1,50.0,98,2026-04-27T21:33:15+01:00
freetype/freetype,gh/187000659,4,openssf_local,7,False,,64.65,90.49,90,2026-04-27T17:10:31+01:00
frenic/csstype,gh/104001328,3.5,openssf_local,0,False,,80.98,50.0,81,2026-04-27T16:06:11+01:00
frommi/miniz_oxide,gh/96124162,4.6,openssf_local,0,True,,48.66,50.0,50,2026-04-27T17:10:32+01:00
fsevents/fsevents,gh/1402936,3.3,openssf_local,2,False,,84.34,82.2,84,2026-04-27T21:33:20+01:00
fsspec/filesystem_spec,gh/130727736,5.4,openssf_local,0,True,,36.69,50.0,50,2026-04-27T15:06:30+01:00
fsspec/s3fs,gh/53987953,4.5,openssf_local,0,False,,50.0,50.0,50,2026-04-27T17:10:47+01:00
garycourt/uri-js,gh/989080,2.7,openssf_local,0,False,,97.32,50.0,97,2026-04-27T17:10:59+01:00
gcc-mirror/gcc,gh/22711503,3.4,openssf_local,0,False,,82.33,50.0,82,2026-04-27T17:11:02+01:00
getsentry/sentry-javascript,gh/3328572,6,openssf_local,3,False,,26.96,84.88,85,2026-04-27T15:07:42+01:00
giampaolo/psutil,gh/20101515,5.4,openssf_local,0,True,,36.69,50.0,50,2026-04-27T17:11:12+01:00
git/git,gh/36502,5.3,openssf_local,40,True,in_progress,38.48,97.56,98,2026-04-06T12:34:48+01:00
gitlab-freedesktop-mirrors/libxcb,gh/444023705,2.9,openssf_local,0,False,,95.75,50.0,96,2026-04-27T21:33:20+01:00
gitoxidelabs/gitoxide,gh/136510559,7.3,openssf_local,11,True,,8.28,93.66,94,2026-04-27T17:11:13+01:00
gitpython-developers/gitdb,gh/1126093,6.7,openssf_local,0,True,,15.32,50.0,50,2026-04-27T17:11:16+01:00
gitpython-developers/smmap,gh/1865144,6.1,openssf_local,0,False,,26.06,50.0,50,2026-04-27T17:12:06+01:00
gkz/levn,gh/13287279,2.9,openssf_local,0,False,,95.75,50.0,96,2026-04-27T16:10:25+01:00
gkz/optionator,gh/13435927,3.9,openssf_local,0,False,,72.04,50.0,72,2026-04-27T17:12:13+01:00
gkz/prelude-ls,gh/4457759,3,openssf_local,0,False,,92.84,50.0,93,2026-04-27T15:05:53+01:00
gkz/type-check,gh/13182168,2.9,openssf_local,0,False,,95.75,50.0,96,2026-04-27T17:12:20+01:00
gmp-mirror/gmp,gh/681340775,3,openssf_local,2,False,,92.84,82.2,93,2026-04-27T21:33:20+01:00
gnome/gdk-pixbuf,gl/gitlab.gnome.org-1548,,,10,False,,,92.44,92,
gnome/glib,gl/gitlab.gnome.org-658,,,0,False,,,50.0,50,
gnome/libxml2,gl/gitlab.gnome.org-1665,,,45,False,,,97.8,98,
gnome/pango,gh/4537144,3.8,openssf_local,0,False,,75.5,50.0,76,2026-04-27T17:12:23+01:00
gnutls/gnutls,gl/179611,,,0,False,,,50.0,50,
gnutls/libtasn1,gl/919981,,,0,False,,,50.0,50,
google/brotli,gh/24993138,7.7,openssf_local,2,True,in_progress,4.81,82.2,82,2026-04-27T14:56:50+01:00
google/zerocopy,gh/534354967,6.4,openssf_local,1,False,,21.25,72.68,73,2026-04-27T17:12:28+01:00
googleapis/google-cloud-python,gh/16316451,7.2,openssf_local,0,True,,9.62,50.0,50,2026-05-03T23:26:18+01:00
googlechrome/workbox,gh/55424670,5,openssf_local,0,False,,42.06,50.0,50,2026-04-27T15:06:33+01:00
grahamdumpleton/wrapt,gh/10357291,4.1,openssf_local,0,False,,59.06,50.0,59,2026-04-27T21:33:58+01:00
grantjenks/python-sortedcontainers,gh/17144859,3.5,openssf_local,0,False,,80.98,50.0,81,2026-06-28T16:39:34+01:00
graydon/exhaustigen-rs,gh/432630522,2.2,openssf_local,0,False,,99.22,50.0,99,2026-04-27T21:34:15+01:00
gregberge/svgr,gh/102155012,4.6,openssf_local,0,False,,48.66,50.0,50,2026-04-27T15:07:17+01:00
grncdr/merge-stream,gh/10579821,3.1,openssf_local,0,False,,88.14,50.0,88,2026-04-27T21:34:16+01:00
grpc/grpc,gh/27729880,6.5,openssf_local,11,True,passing,19.57,93.66,94,2026-05-03T23:22:42+01:00
gsnedders/python-webencodings,gh/7043404,3.4,openssf_local,0,False,,82.33,50.0,82,2026-05-03T23:22:49+01:00
guillaumegomez/doc-comment,gh/127254922,3,openssf_local,0,False,,92.84,50.0,93,2026-04-27T15:05:34+01:00
gulpjs/glob-parent,gh/29154915,3.9,openssf_local,2,False,,72.04,82.2,82,2026-04-27T21:34:25+01:00
gweis/isodate,gh/6449370,3.8,openssf_local,0,True,,75.5,50.0,76,2026-04-27T15:52:38+01:00
gyscos/zstd-rs,gh/52115335,5.4,openssf_local,0,True,,36.69,50.0,50,2026-04-27T17:14:34+01:00
hapijs/hoek,gh/5831189,3.8,openssf_local,1,False,,75.5,72.68,76,2026-04-27T17:14:35+01:00
harfbuzz/harfbuzz,gh/5050525,7.7,openssf_local,3,True,in_progress,4.81,84.88,85,2026-04-27T17:14:38+01:00
hiddentao/fast-levenshtein,gh/9490451,3.1,openssf_local,0,False,,88.14,50.0,88,2026-04-27T17:14:51+01:00
holmgren/nettle,gl/salsa.debian.org-50952,,,4,False,,,87.07,87,
httplib2/httplib2,gh/53002916,5.7,openssf_local,2,True,,31.1,82.2,82,2026-04-27T17:15:02+01:00
huggingface/huggingface_hub,gh/323591830,6.1,openssf_local,0,False,,26.06,50.0,50,2026-04-27T17:15:04+01:00
hukkin/tomli,gh/370616797,4.8,openssf_local,0,False,,45.08,50.0,50,2026-04-27T14:56:41+01:00
hyperium/http,gh/84983058,5.8,openssf_local,2,False,,30.31,82.2,82,2026-04-27T17:15:05+01:00
hyperium/http-body,gh/183281612,4.3,openssf_local,0,False,,53.8,50.0,54,2026-04-27T17:15:18+01:00
iarna/aproba,gh/31432421,1.8,openssf_local,0,False,,100.0,50.0,100,2026-04-27T21:34:30+01:00
import-js/eslint-plugin-import,gh/32238354,5.2,openssf_local,0,False,,40.04,50.0,50,2026-04-27T16:08:09+01:00
indexmap-rs/indexmap,gh/68294628,4.7,openssf_local,0,False,,46.64,50.0,50,2026-05-03T23:22:50+01:00
indutny/bn.js,gh/19176350,3.5,openssf_local,0,False,,80.98,50.0,81,2026-04-27T16:07:20+01:00
indygreg/python-zstandard,gh/67307930,4.3,openssf_local,0,False,,53.8,50.0,54,2026-04-27T16:05:48+01:00
inikulin/parse5,gh/8862593,6.4,openssf_local,0,False,,21.25,50.0,50,2026-04-27T16:05:26+01:00
inspect-js/array-buffer-byte-length,gh/607836784,4.2,openssf_local,0,False,,56.49,50.0,56,2026-05-03T23:22:57+01:00
inspect-js/available-typed-arrays,gh/235965505,4.1,openssf_local,0,False,,59.06,50.0,59,2026-04-27T17:15:41+01:00
inspect-js/functions-have-names,gh/198357138,4.6,openssf_local,0,False,,48.66,50.0,50,2026-05-03T23:23:06+01:00
inspect-js/has-bigints,gh/201714166,4.1,openssf_local,0,False,,59.06,50.0,59,2026-04-27T16:09:44+01:00
inspect-js/has-property-descriptors,gh/481834578,4,openssf_local,0,False,,64.65,50.0,65,2026-04-27T17:15:46+01:00
inspect-js/has-proto,gh/577580747,3.9,openssf_local,0,False,,72.04,50.0,72,2026-04-27T21:34:44+01:00
inspect-js/has-symbols,gh/68573418,4,openssf_local,0,False,,64.65,50.0,65,2026-04-27T14:56:10+01:00
inspect-js/has-tostringtag,gh/392913710,4.6,openssf_local,0,False,,48.66,50.0,50,2026-04-27T15:05:45+01:00
inspect-js/hasown,gh/703350811,4.3,openssf_local,0,False,,53.8,50.0,54,2026-04-27T14:55:29+01:00
inspect-js/is-accessor-descriptor,gh/41658954,4.1,openssf_local,0,False,,59.06,50.0,59,2026-04-27T16:09:25+01:00
inspect-js/is-arguments,gh/15725461,4.4,openssf_local,0,False,,52.46,50.0,52,2026-04-27T17:15:49+01:00
inspect-js/is-array-buffer,gh/45977026,4.7,openssf_local,0,False,,46.64,50.0,50,2026-04-27T21:34:46+01:00
inspect-js/is-bigint,gh/149682261,4.5,openssf_local,0,False,,50.0,50.0,50,2026-05-03T23:23:14+01:00
inspect-js/is-boolean-object,gh/34700259,4,openssf_local,0,False,,64.65,50.0,65,2026-04-27T17:15:52+01:00
inspect-js/is-callable,gh/30012910,4.2,openssf_local,0,False,,56.49,50.0,56,2026-05-03T23:23:26+01:00
inspect-js/is-core-module,gh/24578130,4.1,openssf_local,0,False,,59.06,50.0,59,2026-04-27T17:15:55+01:00
inspect-js/is-data-descriptor,gh/41659073,4,openssf_local,0,False,,64.65,50.0,65,2026-04-27T16:09:27+01:00
inspect-js/is-data-view,gh/751048078,3.9,openssf_local,0,False,,72.04,50.0,72,2026-04-27T17:15:55+01:00
inspect-js/is-date-object,gh/29991041,4,openssf_local,0,False,,64.65,50.0,65,2026-04-27T17:15:58+01:00
inspect-js/is-descriptor,gh/41658845,3.9,openssf_local,0,False,,72.04,50.0,72,2026-04-27T17:15:59+01:00
inspect-js/is-number-object,gh/29991666,4,openssf_local,0,False,,64.65,50.0,65,2026-04-27T17:15:59+01:00
inspect-js/is-regex,gh/15930063,4.6,openssf_local,0,False,,48.66,50.0,50,2026-05-03T23:23:26+01:00
inspect-js/is-string,gh/30010185,4.1,openssf_local,0,False,,59.06,50.0,59,2026-04-27T17:16:03+01:00
inspect-js/is-symbol,gh/29791606,4.4,openssf_local,0,False,,52.46,50.0,52,2026-05-03T23:23:27+01:00
inspect-js/is-typed-array,gh/43528820,4,openssf_local,0,False,,64.65,50.0,65,2026-04-27T16:08:59+01:00
inspect-js/node-supports-preserve-symlinks-flag,gh/443970899,4,openssf_local,0,False,,64.65,50.0,65,2026-04-27T16:05:49+01:00
inspect-js/object-inspect,gh/11683441,4.4,openssf_local,0,False,,52.46,50.0,52,2026-04-27T15:08:18+01:00
inspect-js/typed-array-buffer,gh/649850465,5.2,openssf_local,0,False,,40.04,50.0,50,2026-05-03T23:23:30+01:00
inspect-js/which-boxed-primitive,gh/201685155,4.4,openssf_local,0,False,,52.46,50.0,52,2026-05-03T23:26:19+01:00
inspect-js/which-typed-array,gh/43708371,4.3,openssf_local,0,False,,53.8,50.0,54,2026-05-03T23:26:18+01:00
ipython/traitlets,gh/14993021,5.3,openssf_local,0,False,,38.48,50.0,50,2026-04-27T16:09:02+01:00
isaacs/chownr,gh/3858354,2.9,openssf_local,1,False,,95.75,72.68,96,2026-04-27T17:16:08+01:00
isaacs/cliui,gh/634056857,4,openssf_local,0,False,,64.65,50.0,65,2026-04-27T17:16:10+01:00
isaacs/core-util-is,gh/12391440,2.4,openssf_local,0,False,,98.88,50.0,99,2026-04-27T17:16:10+01:00
isaacs/fs-minipass,gh/102982143,5,openssf_local,0,False,,42.06,50.0,50,2026-04-27T21:41:47+01:00
isaacs/fs.realpath,gh/61231712,2.9,openssf_local,0,False,,95.75,50.0,96,2026-04-27T21:35:01+01:00
isaacs/inherits,gh/1580001,2.9,openssf_local,0,False,,95.75,50.0,96,2026-04-27T14:56:22+01:00
isaacs/isexe,gh/49804297,4.5,openssf_local,0,False,,50.0,50.0,50,2026-04-27T15:05:15+01:00
isaacs/minimatch,gh/2056549,6,openssf_local,1,False,,26.96,72.68,73,2026-04-27T14:55:11+01:00
isaacs/minipass,gh/84886212,3,openssf_local,0,False,,92.84,50.0,93,2026-04-27T14:55:02+01:00
isaacs/minizlib,gh/86429676,3.1,openssf_local,0,False,,88.14,50.0,88,2026-04-27T21:35:04+01:00
isaacs/node-glob,gh/357681,5,openssf_local,1,False,,42.06,72.68,73,2026-04-27T14:56:30+01:00
isaacs/node-graceful-fs,gh/2077020,3,openssf_local,0,False,,92.84,50.0,93,2026-04-27T14:56:41+01:00
isaacs/node-lru-cache,gh/679662,5.8,openssf_local,0,False,,30.31,50.0,50,2026-04-27T14:55:38+01:00
isaacs/node-mkdirp,gh/2718248,3.5,depsdev,0,False,,80.98,50.0,81,2026-04-20T00:00:00Z
isaacs/node-tar,gh/1534331,6.2,openssf_local,7,False,,24.5,90.49,90,2026-04-27T17:16:18+01:00
isaacs/once,gh/5409660,2.9,openssf_local,0,False,,95.75,50.0,96,2026-04-27T15:05:23+01:00
isaacs/package-json-from-dist,gh/800543709,2.9,openssf_local,0,False,,95.75,50.0,96,2026-04-27T16:08:47+01:00
isaacs/path-scurry,gh/591569499,4,openssf_local,0,False,,64.65,50.0,65,2026-04-27T21:35:09+01:00
isaacs/rimraf,gh/1341324,5.1,openssf_local,0,False,,41.16,50.0,50,2026-04-27T21:35:09+01:00
isaacs/sax-js,gh/508894,3.4,openssf_local,0,False,,82.33,50.0,82,2026-04-27T21:35:15+01:00
isaacs/wrappy,gh/24208073,4,openssf_local,0,False,,64.65,50.0,65,2026-04-27T14:56:31+01:00
isaacs/yallist,gh/48222381,2.9,openssf_local,0,False,,95.75,50.0,96,2026-04-27T15:07:06+01:00
istanbuljs/istanbuljs,gh/81482340,4,openssf_local,0,False,,64.65,50.0,65,2026-04-27T14:56:34+01:00
istanbuljs/schema,gh/211950686,4.6,openssf_local,0,False,,48.66,50.0,50,2026-04-27T21:35:17+01:00
istanbuljs/test-exclude,gh/60489570,3.9,openssf_local,0,False,,72.04,50.0,72,2026-04-27T17:16:32+01:00
jamesmunns/postcard,gh/179385478,5.4,openssf_local,0,False,,36.69,50.0,50,2026-04-27T16:08:08+01:00
jaraco/jaraco.develop,gh/48289082,4.9,openssf_local,0,False,,43.18,50.0,50,2026-04-27T21:35:20+01:00
jaraco/pytest-perf,gh/372026120,4.4,openssf_local,0,False,,52.46,50.0,52,2026-04-27T21:35:27+01:00
jaraco/zipp,gh/157774633,5.9,openssf_local,1,True,,28.52,72.68,73,2026-04-27T14:57:29+01:00
jaredhanson/utils-merge,gh/11349896,3,openssf_local,0,False,,92.84,50.0,93,2026-04-27T17:16:36+01:00
jaredwray/cacheable,gh/9267870,6.1,openssf_local,0,False,,26.06,50.0,50,2026-04-27T15:05:36+01:00
jaredwray/keyv,gh/96540810,4.6,openssf_local,0,False,,48.66,50.0,50,2026-04-27T16:05:47+01:00
jawah/charset_normalizer,gh/200259335,8.6,openssf_local,0,True,passing,1.34,50.0,50,2026-04-27T21:35:28+01:00
jbgutierrez/path-parse,gh/34113780,2.7,openssf_local,1,False,,97.32,72.68,97,2026-04-27T16:05:23+01:00
jd/tenacity,gh/65468547,7.4,openssf_local,0,False,,7.72,50.0,50,2026-05-03T23:26:31+01:00
jensyt/imurmurhash-js,gh/11802843,2.7,openssf_local,0,False,,97.32,50.0,97,2026-04-27T16:06:04+01:00
jestjs/jest,gh/15062869,6.1,openssf_local,0,False,,26.06,50.0,50,2026-04-27T14:52:37+01:00
jimp-dev/jimp,gh/24008065,4.3,openssf_local,0,True,,53.8,50.0,54,2026-04-27T17:16:45+01:00
jmespath/jmespath.py,gh/8300763,6.2,openssf_local,0,False,,24.5,50.0,50,2026-04-27T21:35:38+01:00
joblib/joblib,gh/654608,7.1,openssf_local,1,True,,10.51,72.68,73,2026-05-03T23:26:33+01:00
jonathanong/ee-first,gh/20707897,3,openssf_local,0,False,,92.84,50.0,93,2026-04-27T17:16:50+01:00
jonschlinkert/assign-symbols,gh/45661176,3,openssf_local,0,False,,92.84,50.0,93,2026-04-27T17:16:56+01:00
jonschlinkert/define-property,gh/40633359,2.9,openssf_local,0,False,,95.75,50.0,96,2026-04-27T15:08:32+01:00
jonschlinkert/extend-shallow,gh/25867410,2.9,openssf_local,0,False,,95.75,50.0,96,2026-04-27T21:35:58+01:00
jonschlinkert/fill-range,gh/27113310,3.7,openssf_local,0,False,,77.18,50.0,77,2026-04-27T15:05:20+01:00
jonschlinkert/get-value,gh/24911025,1.8,openssf_local,0,False,,100.0,50.0,100,2026-04-27T17:17:00+01:00
jonschlinkert/global-prefix,gh/31455984,3.8,openssf_local,0,False,,75.5,50.0,76,2026-04-27T21:36:03+01:00
jonschlinkert/has-value,gh/24310408,3,openssf_local,0,False,,92.84,50.0,93,2026-04-27T21:36:04+01:00
jonschlinkert/has-values,gh/33009186,3,openssf_local,0,False,,92.84,50.0,93,2026-04-27T21:36:08+01:00
jonschlinkert/is-extendable,gh/38225016,2.9,openssf_local,0,False,,95.75,50.0,96,2026-04-28T01:22:04+01:00
jonschlinkert/is-number,gh/24313173,3,openssf_local,0,False,,92.84,50.0,93,2026-04-27T14:56:00+01:00
jonschlinkert/is-plain-object,gh/24306940,3,openssf_local,0,False,,92.84,50.0,93,2026-04-27T15:05:48+01:00
jonschlinkert/isobject,gh/21342886,3.1,openssf_local,0,False,,88.14,50.0,88,2026-04-27T15:05:21+01:00
jonschlinkert/kind-of,gh/24491562,3,openssf_local,0,False,,92.84,50.0,93,2026-04-27T14:55:44+01:00
jonschlinkert/map-cache,gh/32450614,2.9,openssf_local,0,False,,95.75,50.0,96,2026-04-27T21:36:14+01:00
jonschlinkert/normalize-path,gh/21224182,2.9,openssf_local,0,False,,95.75,50.0,96,2026-04-27T17:17:19+01:00
jonschlinkert/object-visit,gh/38545952,2.9,openssf_local,0,False,,95.75,50.0,96,2026-04-27T21:36:15+01:00
jonschlinkert/word-wrap,gh/18260583,3.3,openssf_local,1,False,,84.34,72.68,84,2026-04-27T21:36:15+01:00
jorgebucaran/colorette,gh/34648097,3,openssf_local,0,False,,92.84,50.0,93,2026-04-28T01:22:05+01:00
joshuakgoldberg/ts-api-utils,gh/597893818,4.9,openssf_local,0,False,,43.18,50.0,50,2026-04-27T21:36:19+01:00
jpadilla/pyjwt,gh/1408162,8.3,openssf_local,4,True,,2.35,87.07,87,2026-05-03T23:26:35+01:00
jprichardson/node-fs-extra,gh/2791348,5.3,openssf_local,0,False,,38.48,50.0,50,2026-04-27T17:17:32+01:00
jprichardson/node-jsonfile,gh/5754307,3.8,openssf_local,0,False,,75.5,50.0,76,2026-04-27T15:53:44+01:00
jquast/wcwidth,gh/18464187,5.9,openssf_local,0,False,,28.52,50.0,50,2026-04-27T16:09:33+01:00
jquery/esprima,gh/2833537,3.1,openssf_local,0,False,,88.14,50.0,88,2026-04-27T16:08:51+01:00
jridgewell/resolve-uri,gh/196878944,3.2,openssf_local,0,False,,86.47,50.0,86,2026-04-27T15:07:45+01:00
jridgewell/sourcemaps,gh/897142826,3.9,openssf_local,0,False,,72.04,50.0,72,2026-04-27T14:53:35+01:00
jsdom/tr46,gh/36964214,3.6,openssf_local,0,False,,79.19,50.0,79,2026-04-27T17:17:34+01:00
jsdom/webidl-conversions,gh/23000311,4.1,openssf_local,0,False,,59.06,50.0,59,2026-04-27T15:08:25+01:00
jsdom/whatwg-mimetype,gh/71014420,4,openssf_local,0,False,,64.65,50.0,65,2026-04-27T21:36:25+01:00
jsdom/whatwg-url,gh/34761352,5.4,openssf_local,0,False,,36.69,50.0,50,2026-04-27T16:05:33+01:00
jsdom/xml-name-validator,gh/28553202,3.1,openssf_local,0,False,,88.14,50.0,88,2026-04-27T21:36:31+01:00
jshttp/accepts,gh/15482433,6.8,openssf_local,0,False,,14.09,50.0,50,2026-04-27T17:17:46+01:00
jshttp/content-disposition,gh/24216676,7.1,openssf_local,0,False,,10.51,50.0,50,2026-04-27T17:17:53+01:00
jshttp/content-type,gh/30172150,6.9,openssf_local,0,False,,12.3,50.0,50,2026-04-27T17:17:54+01:00
jshttp/cookie,gh/4475810,6.5,openssf_local,1,False,,19.57,72.68,73,2026-04-27T16:06:19+01:00
jshttp/etag,gh/22894570,6.1,openssf_local,0,False,,26.06,50.0,50,2026-04-27T21:36:35+01:00
jshttp/forwarded,gh/24300217,6.2,openssf_local,0,False,,24.5,50.0,50,2026-04-27T21:36:41+01:00
jshttp/fresh,gh/4617552,6.5,openssf_local,0,False,,19.57,50.0,50,2026-04-27T17:18:09+01:00
jshttp/http-errors,gh/23806086,7.2,openssf_local,0,False,,9.62,50.0,50,2026-04-27T16:03:41+01:00
jshttp/media-typer,gh/20814275,6.5,openssf_local,0,False,,19.57,50.0,50,2026-04-27T17:18:10+01:00
jshttp/methods,gh/8274071,6.3,openssf_local,0,False,,23.04,50.0,50,2026-04-27T21:36:42+01:00
jshttp/mime-db,gh/22970419,7.4,openssf_local,0,False,,7.72,50.0,50,2026-04-27T14:57:14+01:00
jshttp/mime-types,gh/19380178,7.4,openssf_local,0,False,,7.72,50.0,50,2026-04-27T15:07:28+01:00
jshttp/negotiator,gh/3275614,6.6,openssf_local,0,False,,17.0,50.0,50,2026-04-27T16:10:27+01:00
jshttp/on-finished,gh/15349765,6.6,openssf_local,0,False,,17.0,50.0,50,2026-04-27T21:36:47+01:00
jshttp/range-parser,gh/4627131,5.5,openssf_local,0,False,,34.23,50.0,50,2026-04-27T17:18:22+01:00
jshttp/statuses,gh/17690272,6.9,openssf_local,0,False,,12.3,50.0,50,2026-04-27T16:05:40+01:00
jshttp/type-is,gh/15484233,6.5,openssf_local,0,False,,19.57,50.0,50,2026-04-27T21:36:48+01:00
jshttp/vary,gh/20498698,6.6,openssf_local,0,False,,17.0,50.0,50,2026-04-27T21:36:53+01:00
jslicense/spdx-correct.js,gh/34817196,3.3,openssf_local,0,False,,84.34,50.0,84,2026-04-27T17:18:27+01:00
jslicense/spdx-exceptions.json,gh/40062896,3.2,openssf_local,0,False,,86.47,50.0,86,2026-05-18T00:38:10+01:00
jslicense/spdx-expression-parse.js,gh/40067336,3.2,openssf_local,0,False,,86.47,50.0,86,2026-04-27T16:09:39+01:00
jslicense/spdx-license-ids,gh/26001547,4,openssf_local,0,False,,64.65,50.0,65,2026-04-27T16:06:30+01:00
json5/json5,gh/4463453,3,openssf_local,1,False,,92.84,72.68,93,2026-04-27T15:07:46+01:00
juliangruber/balanced-match,gh/13538817,6.2,openssf_local,0,False,,24.5,50.0,50,2026-04-27T14:54:46+01:00
juliangruber/brace-expansion,gh/13539234,6.2,openssf_local,1,False,,24.5,72.68,73,2026-04-27T14:54:48+01:00
juliangruber/isarray,gh/10227611,7.1,openssf_local,0,False,passing,10.51,50.0,50,2026-04-27T15:07:16+01:00
justmoon/node-extend,gh/3967764,3.7,openssf_local,0,False,,77.18,50.0,77,2026-04-27T21:36:56+01:00
jviereck/regjsparser,gh/14087781,4.4,openssf_local,0,False,,52.46,50.0,52,2026-04-27T21:37:07+01:00
ka-weihe/fastest-levenshtein,gh/158960628,2.6,openssf_local,0,False,,98.1,50.0,98,2026-04-27T21:37:08+01:00
kaelzhang/node-ignore,gh/12519245,3.1,openssf_local,0,False,,88.14,50.0,88,2026-04-27T17:18:40+01:00
kemitchell/validate-npm-package-license.js,gh/35000460,3.2,openssf_local,0,False,,86.47,50.0,86,2026-04-27T21:37:10+01:00
kevinbeaty/any-promise,gh/26247715,2.8,openssf_local,0,False,,96.53,50.0,97,2026-04-27T21:37:19+01:00
kevva/dir-glob,gh/49264969,3.7,openssf_local,0,False,,77.18,50.0,77,2026-04-27T21:37:19+01:00
kevva/shebang-command,gh/47402913,3.7,openssf_local,0,False,,77.18,50.0,77,2026-04-27T15:52:38+01:00
kilian/electron-to-chromium,gh/78972540,5.4,openssf_local,0,False,,36.69,50.0,50,2026-04-27T16:06:58+01:00
kjd/idna,gh/10323585,7.8,openssf_local,1,True,,3.91,72.68,73,2026-04-27T14:54:24+01:00
knurling-rs/defmt,gh/282262730,6.3,openssf_local,0,False,,23.04,50.0,50,2026-04-27T17:18:50+01:00
kpdecker/jsdiff,gh/1542219,4.6,openssf_local,0,False,,48.66,50.0,50,2026-04-27T21:37:19+01:00
krb5/krb5,gh/4307702,5.3,openssf_local,18,True,,38.48,95.85,96,2026-04-27T21:37:24+01:00
kriskowal/asap,gh/11295071,3.1,openssf_local,0,False,,88.14,50.0,88,2026-04-27T21:37:29+01:00
kriszyp/json-schema,gh/947175,3.6,openssf_local,1,False,,79.19,72.68,79,2026-04-27T21:37:35+01:00
langchain-ai/langchain,gh/552661142,7.2,openssf_local,30,False,,9.62,96.59,97,2026-04-27T21:37:47+01:00
laurent-laporte-pro/deprecated,gh/111412148,4.3,openssf_local,0,False,,53.8,50.0,54,2026-05-03T23:27:04+01:00
legrandin/pycryptodome,gh/19378935,5.6,openssf_local,1,True,,32.55,72.68,73,2026-04-27T21:37:49+01:00
libexpat/libexpat,gh/80314213,8,openssf_local,40,True,passing,2.57,97.56,98,2026-04-07T14:58:35+01:00
libffi/libffi,gh/321154,4.5,openssf_local,0,False,,50.0,50.0,50,2026-04-06T16:36:31+01:00
libidn/libidn2,gl/2882658,,,0,False,,,50.0,50,
libjpeg-turbo/libjpeg-turbo,gh/39760454,5.4,openssf_local,4,True,,36.69,87.07,87,2026-04-06T16:36:07+01:00
libjxl/libjxl,gh/340219494,8.5,openssf_local,0,True,silver,1.68,50.0,50,2026-05-03T23:27:10+01:00
libpixman/pixman,gh/81675971,2.8,openssf_local,4,False,,96.53,87.07,97,2026-04-27T21:38:12+01:00
libtiff/libtiff,gl/4720790,,,101,False,,,99.27,99,
libuv/libuv,gh/14812739,6,openssf_local,0,False,,26.96,50.0,50,2026-04-06T12:36:26+01:00
linusu/buffer-from,gh/66025821,2.9,openssf_local,0,False,,95.75,50.0,96,2026-04-27T16:06:12+01:00
linux-audit/audit-userspace,gh/52464964,4.8,openssf_local,0,False,,45.08,50.0,50,2026-04-27T21:38:15+01:00
linux-pam/linux-pam,gh/76264690,4.9,openssf_local,6,False,,43.18,89.27,89,2026-05-18T00:38:14+01:00
litejs/natural-compare-lite,gh/9146732,4,openssf_local,0,False,,64.65,50.0,65,2026-04-27T21:38:29+01:00
ljharb/call-bind,gh/308533760,4.2,openssf_local,0,False,,56.49,50.0,56,2026-04-27T14:56:55+01:00
ljharb/call-bind-apply-helpers,gh/898190951,4,openssf_local,0,False,,64.65,50.0,65,2026-04-27T14:55:19+01:00
ljharb/call-bound,gh/898125972,4,openssf_local,0,False,,64.65,50.0,65,2026-04-27T14:54:19+01:00
ljharb/concat-map,gh/548993448,4,openssf_local,0,False,,64.65,50.0,65,2026-04-27T17:19:08+01:00
ljharb/define-data-property,gh/689109338,4,openssf_local,0,False,,64.65,50.0,65,2026-04-27T17:19:09+01:00
ljharb/define-properties,gh/28768789,3.9,openssf_local,0,False,,72.04,50.0,72,2026-04-27T15:05:26+01:00
ljharb/es-abstract,gh/28995155,4.7,openssf_local,0,False,,46.64,50.0,50,2026-04-27T17:19:11+01:00
ljharb/es-define-property,gh/756570458,4.8,openssf_local,0,False,,45.08,50.0,50,2026-04-27T14:56:18+01:00
ljharb/es-errors,gh/752160492,4.8,openssf_local,0,False,,45.08,50.0,50,2026-04-27T14:53:12+01:00
ljharb/es-shim-unscopables,gh/480458584,4,openssf_local,0,False,,64.65,50.0,65,2026-04-27T17:19:16+01:00
ljharb/es-to-primitive,gh/32377814,4.1,openssf_local,0,False,,59.06,50.0,59,2026-05-03T23:27:20+01:00
ljharb/get-intrinsic,gh/308516559,4,openssf_local,0,False,,64.65,50.0,65,2026-04-27T14:54:54+01:00
ljharb/get-proto,gh/911035271,4,openssf_local,0,False,,64.65,50.0,65,2026-04-27T15:08:20+01:00
ljharb/gopd,gh/560708130,4.1,openssf_local,0,False,,59.06,50.0,59,2026-04-27T14:55:51+01:00
ljharb/internal-slot,gh/216159146,4,openssf_local,0,False,,64.65,50.0,65,2026-04-27T17:19:22+01:00
ljharb/object-keys,gh/9103992,4.4,openssf_local,0,False,,52.46,50.0,52,2026-05-03T23:27:30+01:00
ljharb/object.assign,gh/17755831,4,openssf_local,0,False,,64.65,50.0,65,2026-04-27T16:10:15+01:00
ljharb/possible-typed-array-names,gh/760136716,4,openssf_local,0,False,,64.65,50.0,65,2026-04-27T16:08:48+01:00
ljharb/qs,gh/22266795,5.2,openssf_local,2,True,passing,40.04,82.2,82,2026-04-27T17:19:26+01:00
ljharb/safe-regex-test,gh/540138887,4.1,openssf_local,0,False,,59.06,50.0,59,2026-04-27T17:19:28+01:00
ljharb/set-function-length,gh/704249795,4,openssf_local,0,False,,64.65,50.0,65,2026-04-27T16:06:43+01:00
ljharb/side-channel,gh/225239081,4,openssf_local,0,False,,64.65,50.0,65,2026-04-27T15:06:14+01:00
ljharb/side-channel-list,gh/901451610,4.7,openssf_local,0,False,,46.64,50.0,50,2026-05-03T23:27:35+01:00
ljharb/side-channel-map,gh/901191461,4,openssf_local,0,False,,64.65,50.0,65,2026-04-27T17:19:33+01:00
ljharb/side-channel-weakmap,gh/901188921,4.2,openssf_local,0,False,,56.49,50.0,56,2026-05-03T23:27:44+01:00
lodash/lodash,gh/3955647,6.8,openssf_local,2,True,,14.09,82.2,82,2026-04-27T14:53:10+01:00
loganfsmyth/gensync,gh/132383032,1.9,openssf_local,0,False,,99.55,50.0,100,2026-04-27T17:19:39+01:00
lokathor/bytemuck,gh/209673558,4,openssf_local,0,False,,64.65,50.0,65,2026-04-27T21:38:44+01:00
lukeed/dequal,gh/174421655,4.2,openssf_local,0,False,,56.49,50.0,56,2026-04-27T21:38:44+01:00
lukeed/escalade,gh/273568715,3.2,openssf_local,0,False,,86.47,50.0,86,2026-04-27T15:53:34+01:00
lukeed/kleur,gh/140393403,3.3,openssf_local,0,False,,84.34,50.0,84,2026-04-27T21:38:47+01:00
lxml/lxml,gh/1353927,6.4,openssf_local,6,True,,21.25,89.27,89,2026-05-03T23:27:54+01:00
lydell/js-tokens,gh/17552490,3.5,openssf_local,0,False,,80.98,50.0,81,2026-04-27T14:57:28+01:00
lz4/lz4,gh/18106269,7.2,openssf_local,3,True,,9.62,84.88,85,2026-04-06T13:35:41+01:00
madler/zlib,gh/2359378,5,openssf_local,7,True,in_progress,42.06,90.49,90,2026-04-06T14:36:48+01:00
mafintosh/end-of-stream,gh/14732255,3.2,openssf_local,0,False,,86.47,50.0,86,2026-04-27T16:06:56+01:00
mafintosh/pump,gh/12118126,3.8,openssf_local,0,False,,75.5,50.0,76,2026-04-27T21:38:52+01:00
mafintosh/tar-stream,gh/15340089,3.9,openssf_local,0,False,,72.04,50.0,72,2026-04-27T21:38:59+01:00
marshallpierce/rust-base64,gh/47371310,3.8,openssf_local,1,False,,75.5,72.68,76,2026-05-03T23:27:54+01:00
mathiasbynens/cssesc,gh/12001360,3,openssf_local,0,False,,92.84,50.0,93,2026-04-27T17:19:54+01:00
mathiasbynens/emoji-regex,gh/24557614,3.6,openssf_local,0,False,,79.19,50.0,79,2026-04-27T21:39:06+01:00
mathiasbynens/jsesc,gh/10498729,3,openssf_local,0,False,,92.84,50.0,93,2026-04-27T17:20:00+01:00
mathiasbynens/punycode.js,gh/2755924,3.6,openssf_local,0,False,,79.19,50.0,79,2026-04-27T14:56:17+01:00
mathiasbynens/regenerate,gh/10182772,3,openssf_local,0,False,,92.84,50.0,93,2026-04-27T17:20:01+01:00
mathiasbynens/regexpu-core,gh/49437324,3.6,openssf_local,0,False,,79.19,50.0,79,2026-04-27T21:39:08+01:00
mathiasbynens/unicode-canonical-property-names-ecmascript,gh/88346537,3.3,openssf_local,0,False,,84.34,50.0,84,2026-04-27T17:20:07+01:00
mathiasbynens/unicode-property-aliases-ecmascript,gh/88333533,3.2,openssf_local,0,False,,86.47,50.0,86,2026-04-27T17:20:08+01:00
matklad/once_cell,gh/143220272,4.9,openssf_local,1,False,,43.18,72.68,73,2026-04-27T21:39:18+01:00
matplotlib/matplotlib,gh/1385122,8.5,openssf_local,0,True,,1.68,50.0,50,2026-04-27T21:39:19+01:00
mcollina/fastq,gh/37368217,4.7,openssf_local,0,False,,46.64,50.0,50,2026-04-27T17:20:13+01:00
mcollina/reusify,gh/42106515,4.8,openssf_local,0,False,,45.08,50.0,50,2026-04-27T21:39:25+01:00
md/tcp-wrappers,gl/salsa.debian.org-28852,,,0,False,,,50.0,50,
mdn/data,gh/70901646,7.8,openssf_local,0,False,,3.91,50.0,50,2026-04-27T17:20:16+01:00
medikoo/d,gh/10817569,3.2,openssf_local,0,False,,86.47,50.0,86,2026-04-27T17:20:17+01:00
medikoo/es5-ext,gh/1792941,3.8,openssf_local,1,False,,75.5,72.68,76,2026-04-27T15:52:38+01:00
medikoo/es6-symbol,gh/14423385,3.9,openssf_local,0,False,,72.04,50.0,72,2026-04-27T17:20:19+01:00
medikoo/type,gh/177198492,3.8,openssf_local,0,False,,75.5,50.0,76,2026-04-27T16:07:15+01:00
meinersbur/isl,gh/37677854,3.7,openssf_local,0,False,,77.18,50.0,77,2026-06-01T00:23:57+01:00
mhammond/pywin32,gh/108187130,5,openssf_local,1,False,,42.06,72.68,73,2026-05-03T23:28:16+01:00
micheles/decorator,gh/14656555,4.2,openssf_local,0,True,,56.49,50.0,56,2026-04-27T21:39:39+01:00
micromark/micromark,gh/157420458,4,openssf_local,0,False,,64.65,50.0,65,2026-04-27T14:56:23+01:00
micromatch/anymatch,gh/11458302,3.7,openssf_local,0,False,,77.18,50.0,77,2026-04-27T16:09:58+01:00
micromatch/braces,gh/25475303,3.9,openssf_local,2,False,,72.04,82.2,82,2026-04-27T15:08:10+01:00
micromatch/is-extglob,gh/31788841,4.2,openssf_local,0,False,,56.49,50.0,56,2026-05-18T00:38:15+01:00
micromatch/is-glob,gh/28179425,3.7,openssf_local,0,False,,77.18,50.0,77,2026-04-27T14:57:44+01:00
micromatch/micromatch,gh/27359938,3.9,openssf_local,1,False,,72.04,72.68,73,2026-04-27T21:39:45+01:00
micromatch/picomatch,gh/156211895,6.8,openssf_local,0,False,,14.09,50.0,50,2026-04-27T14:57:04+01:00
micromatch/to-regex-range,gh/40355891,3.6,openssf_local,0,False,,79.19,50.0,79,2026-04-27T14:56:36+01:00
microsoft/tslib,gh/34414315,7.4,openssf_local,0,True,,7.72,50.0,50,2026-04-27T14:52:59+01:00
microsoft/typescript,gh/20929025,8.6,openssf_local,0,True,,1.34,50.0,50,2026-05-03T23:28:23+01:00
microsoft/windows-rs,gh/208102250,6.4,openssf_local,1,False,,21.25,72.68,73,2026-04-27T14:53:06+01:00
minimistjs/minimist,gh/549230701,5.2,openssf_local,1,False,,40.04,72.68,73,2026-05-03T23:28:34+01:00
mirror/ncurses,gh/22324756,3,openssf_local,14,False,,92.84,94.39,94,2026-06-01T00:23:57+01:00
mitsuhiko/insta,gh/165561258,5.2,openssf_local,0,False,,40.04,50.0,50,2026-05-03T23:28:34+01:00
mm2/little-cms,gh/507969,6.8,openssf_local,0,True,,14.09,50.0,50,2026-04-27T21:40:14+01:00
moment/moment,gh/1424470,2.6,openssf_local,2,False,,98.1,82.2,98,2026-05-03T23:28:53+01:00
more-itertools/more-itertools,gh/4144530,5.1,openssf_local,0,True,,41.16,50.0,50,2026-04-27T16:06:19+01:00
motdotla/dotenv,gh/11205780,4.8,openssf_local,0,False,,45.08,50.0,50,2026-04-27T21:40:33+01:00
moxystudio/node-cross-spawn,gh/21335844,2.7,openssf_local,1,False,,97.32,72.68,97,2026-04-27T21:40:35+01:00
mozilla/source-map,gh/2014930,4,openssf_local,0,False,,64.65,50.0,65,2026-04-27T14:56:01+01:00
mpc/mpc,gl/gitlab.inria.fr-22470,,,0,False,,,50.0,50,
mpfr/mpfr,gl/gitlab.inria.fr-33626,,,0,False,,,50.0,50,
mrabarnett/mrab-regex,gh/309446978,4.6,openssf_local,0,True,,48.66,50.0,50,2026-04-27T17:20:40+01:00
mrmlnc/fast-glob,gh/77467076,3.3,openssf_local,0,False,,84.34,50.0,84,2026-04-27T16:08:20+01:00
msgpack/msgpack-python,gh/2242705,6.5,openssf_local,0,True,,19.57,50.0,50,2026-04-27T21:40:39+01:00
multimedia-team/aom,gl/salsa.debian.org-29534,,,15,False,,,95.12,95,
myrne/performance-now,gh/10219264,2.8,openssf_local,0,False,,96.53,50.0,97,2026-06-28T16:39:34+01:00
mysticatea/abort-controller,gh/105228556,3,openssf_local,0,False,,92.84,50.0,93,2026-04-27T16:09:31+01:00
mysticatea/event-target-shim,gh/31137469,2.7,openssf_local,0,False,,97.32,50.0,97,2026-04-27T16:08:04+01:00
netflix/vmaf,gh/51317975,3.8,openssf_local,0,False,,75.5,50.0,76,2026-05-18T00:38:17+01:00
nghttp2/nghttp2,gh/11452676,7.1,openssf_local,7,True,in_progress,10.51,90.49,90,2026-05-03T23:29:00+01:00
nicolo-ribaudo/babel-preset-current-node-syntax,gh/253327079,3.3,openssf_local,0,False,,84.34,50.0,84,2026-04-27T21:41:06+01:00
nlnetlabs/unbound,gh/94195301,5.9,openssf_local,34,True,,28.52,96.83,97,2026-05-03T23:29:07+01:00
node-fetch/fetch-blob,gh/186960326,4.4,openssf_local,0,False,,52.46,50.0,52,2026-04-27T17:21:24+01:00
node-fetch/node-fetch,gh/29849956,5.3,openssf_local,2,False,,38.48,82.2,82,2026-04-27T15:53:39+01:00
nodeca/argparse,gh/4325614,3.5,openssf_local,0,False,,80.98,50.0,81,2026-04-27T21:41:13+01:00
nodeca/js-yaml,gh/2504175,4.2,openssf_local,1,True,,56.49,72.68,73,2026-04-27T15:07:56+01:00
nodeca/pako,gh/16231859,4.9,openssf_local,0,True,,43.18,50.0,50,2026-04-27T21:41:30+01:00
nodejs/node,gh/27193779,6.1,openssf_local,59,True,passing,26.06,98.54,99,2026-04-27T21:41:30+01:00
nodejs/readable-stream,gh/5187096,5,openssf_local,0,False,,42.06,50.0,50,2026-04-27T14:55:32+01:00
nodejs/string_decoder,gh/95052330,3.9,openssf_local,0,False,,72.04,50.0,72,2026-04-27T15:05:32+01:00
nodejs/undici,gh/133092972,7.8,openssf_local,15,False,,3.91,95.12,95,2026-04-27T14:54:06+01:00
nodelib/nodelib,gh/129310478,3.4,openssf_local,0,False,,82.33,50.0,82,2026-05-03T23:29:18+01:00
npm/abbrev-js,gh/554893,6.7,openssf_local,0,False,,15.32,50.0,50,2026-05-03T23:29:32+01:00
npm/cacache,gh/193812470,7,openssf_local,0,False,,11.41,50.0,50,2026-05-03T23:29:38+01:00
npm/hosted-git-info,gh/25002984,6.5,openssf_local,1,False,,19.57,72.68,73,2026-04-27T16:08:20+01:00
npm/ini,gh/2167680,6.4,openssf_local,0,False,,21.25,50.0,50,2026-05-03T23:29:45+01:00
npm/json-parse-even-better-errors,gh/211384370,6.6,openssf_local,0,False,,17.0,50.0,50,2026-05-03T23:29:52+01:00
npm/mute-stream,gh/5159166,6.5,openssf_local,0,False,,19.57,50.0,50,2026-05-03T23:29:57+01:00
npm/node-semver,gh/1357199,6.7,openssf_local,1,False,,15.32,72.68,73,2026-04-27T14:53:55+01:00
npm/node-which,gh/2169708,6.5,openssf_local,0,False,,19.57,50.0,50,2026-04-27T15:06:12+01:00
npm/nopt,gh/1544436,6.4,openssf_local,0,False,,21.25,50.0,50,2026-05-03T23:30:10+01:00
npm/normalize-package-data,gh/9301720,6.5,openssf_local,0,False,,19.57,50.0,50,2026-05-03T23:30:15+01:00
npm/ssri,gh/193817839,6.4,openssf_local,1,False,,21.25,72.68,73,2026-05-03T23:30:20+01:00
npm/unique-slug,gh/35246620,6.5,openssf_local,0,False,,19.57,50.0,50,2026-05-03T23:30:25+01:00
npm/write-file-atomic,gh/23896209,6.7,openssf_local,0,False,,15.32,50.0,50,2026-05-03T23:30:38+01:00
numpy/numpy,gh/908607,7.9,openssf_local,8,True,,2.91,91.71,92,2026-04-27T14:54:40+01:00
nv/cssom,gh/1025209,3,openssf_local,0,False,,92.84,50.0,93,2026-04-27T21:42:47+01:00
nvzqz/static-assertions,gh/100129252,3.3,openssf_local,0,False,,84.34,50.0,84,2026-04-27T16:05:42+01:00
oauthlib/oauthlib,gh/2811323,6.9,openssf_local,1,True,,12.3,72.68,73,2026-04-27T15:52:39+01:00
octokit/openapi-types.ts,gh/304109193,6.5,openssf_local,0,False,,19.57,50.0,50,2026-05-03T23:30:43+01:00
octokit/types.ts,gh/216109757,6.1,openssf_local,0,False,,26.06,50.0,50,2026-05-03T23:30:48+01:00
oozcitak/xmlbuilder-js,gh/1042809,3,openssf_local,0,False,,92.84,50.0,93,2026-04-27T21:43:07+01:00
open-telemetry/opentelemetry-js,gh/185901023,7.2,openssf_local,1,False,,9.62,72.68,73,2026-04-27T14:55:50+01:00
open-telemetry/opentelemetry-js-contrib,gh/255986659,7.5,openssf_local,0,False,,6.26,50.0,50,2026-04-27T21:43:22+01:00
open-telemetry/opentelemetry-python,gh/185478926,7.3,openssf_local,0,False,passing,8.28,50.0,50,2026-04-27T14:56:32+01:00
open-telemetry/opentelemetry-python-contrib,gh/220524743,7.5,openssf_local,1,False,,6.26,72.68,73,2026-05-03T23:30:53+01:00
openssl/openssl,gh/7634677,7.1,openssf_local,73,True,passing,10.51,98.78,99,2026-04-06T12:36:12+01:00
p11-glue/p11-kit,gh/12060420,6.5,openssf_local,2,True,passing,19.57,82.2,82,2026-05-03T23:30:58+01:00
pallets/click,gh/19103692,7.7,openssf_local,0,True,,4.81,50.0,50,2026-04-27T15:06:00+01:00
pallets/flask,gh/596892,6.9,openssf_local,2,True,,12.3,82.2,82,2026-04-27T16:08:49+01:00
pallets/itsdangerous,gh/1945034,5.6,openssf_local,0,True,,32.55,50.0,50,2026-04-27T21:43:39+01:00
pallets/jinja,gh/994551,5.6,openssf_local,8,True,,32.55,91.71,92,2026-04-27T15:08:06+01:00
pallets/markupsafe,gh/734244,5.8,openssf_local,0,True,,30.31,50.0,50,2026-04-27T14:55:44+01:00
pallets/werkzeug,gh/997338,6.7,openssf_local,11,False,,15.32,93.66,94,2026-04-27T16:06:04+01:00
pandas-dev/pandas,gh/858127,7.4,openssf_local,0,True,,7.72,50.0,50,2026-04-27T15:07:43+01:00
paramiko/paramiko,gh/119609,4.6,openssf_local,3,True,,48.66,84.88,85,2026-05-03T23:31:12+01:00
paulmillr/chokidar,gh/4090287,4.6,openssf_local,0,False,,48.66,50.0,50,2026-04-27T16:07:23+01:00
paulmillr/readdirp,gh/4494405,3.5,openssf_local,0,False,,80.98,50.0,81,2026-04-27T15:08:05+01:00
pcre2project/pcre2,gh/398251321,8.6,openssf_local,5,True,,1.34,87.8,88,2026-04-07T15:55:39+01:00
pest-parser/pest,gh/56964647,5.9,openssf_local,0,True,,28.52,50.0,50,2026-05-03T23:31:19+01:00
peternator7/strum,gh/80964373,5.6,openssf_local,0,False,,32.55,50.0,50,2026-04-27T21:43:57+01:00
petkaantonov/bluebird,gh/12670444,2.4,openssf_local,0,False,,98.88,50.0,99,2026-04-27T21:44:03+01:00
pexpect/ptyprocess,gh/24727748,3.3,openssf_local,0,False,,84.34,50.0,84,2026-04-27T16:10:33+01:00
pillarjs/encodeurl,gh/60721766,6.4,openssf_local,0,False,,21.25,50.0,50,2026-04-27T21:44:22+01:00
pillarjs/finalhandler,gh/20547377,7.5,openssf_local,0,False,,6.26,50.0,50,2026-04-27T21:44:23+01:00
pillarjs/iconv-lite,gh/2743221,6.8,openssf_local,0,False,,14.09,50.0,50,2026-04-27T15:06:23+01:00
pillarjs/parseurl,gh/17533192,6.3,openssf_local,0,False,,23.04,50.0,50,2026-04-27T21:44:25+01:00
pillarjs/path-to-regexp,gh/5265803,7.6,openssf_local,2,False,,5.26,82.2,82,2026-04-27T21:44:27+01:00
pillarjs/send,gh/4879977,7.2,openssf_local,1,False,,9.62,72.68,73,2026-04-27T21:44:35+01:00
pkgconf/pkgconf,gh/4180110,5,openssf_local,1,False,,42.06,72.68,73,2026-04-27T21:44:37+01:00
pnggroup/libpng,gh/3768025,4.7,openssf_local,0,True,,46.64,50.0,50,2026-04-27T21:44:44+01:00
postcss/postcss,gh/13078968,6.8,openssf_local,3,False,,14.09,84.88,85,2026-04-27T21:44:56+01:00
postcss/postcss-selector-parser,gh/36500102,3.9,openssf_local,0,False,,72.04,50.0,72,2026-04-27T15:05:16+01:00
postcss/postcss-value-parser,gh/40920306,2.3,openssf_local,0,False,,98.99,50.0,99,2026-04-27T14:55:57+01:00
prettier/prettier,gh/75104123,6.5,openssf_local,0,False,,19.57,50.0,50,2026-05-03T23:31:25+01:00
primus/eventemitter3,gh/13100677,3.4,openssf_local,0,False,,82.33,50.0,82,2026-04-27T21:45:01+01:00
proptest-rs/proptest,gh/94702898,6,openssf_local,0,False,,26.96,50.0,50,2026-04-27T16:10:42+01:00
protobufjs/protobuf.js,gh/8507859,5.9,openssf_local,2,False,,28.52,82.2,82,2026-04-27T15:05:51+01:00
protocolbuffers/protobuf,gh/23357588,6.2,openssf_local,13,True,,24.5,93.9,94,2026-05-18T00:38:19+01:00
psf/requests,gh/1362490,8.4,openssf_local,6,True,,2.13,89.27,89,2026-05-03T23:31:31+01:00
psycopg/psycopg2,gh/7730829,4.9,openssf_local,0,True,,43.18,50.0,50,2026-04-06T17:35:51+01:00
pvorb/clone,gh/2317381,3.5,openssf_local,0,False,,80.98,50.0,81,2026-04-27T21:45:20+01:00
py4j/py4j,gh/1045976,3.4,openssf_local,0,False,passing,82.33,50.0,82,2026-04-27T21:45:30+01:00
pyasn1/pyasn1,gh/512723255,6.3,openssf_local,0,False,,23.04,50.0,50,2026-04-27T14:55:10+01:00
pyasn1/pyasn1-modules,gh/512723354,5.4,openssf_local,0,True,,36.69,50.0,50,2026-04-27T15:06:42+01:00
pyca/bcrypt,gh/9993757,6.8,openssf_local,0,False,,14.09,50.0,50,2026-05-03T23:31:42+01:00
pyca/cryptography,gh/11939484,8.4,openssf_local,16,True,,2.13,95.37,95,2026-04-27T14:55:12+01:00
pyca/pynacl,gh/8350032,7.8,openssf_local,1,True,,3.91,72.68,73,2026-04-07T15:58:50+01:00
pyca/pyopenssl,gh/15778059,6.8,openssf_local,1,False,,14.09,72.68,73,2026-05-03T23:31:43+01:00
pydantic/pydantic,gh/90194616,6.8,openssf_local,2,True,,14.09,82.2,82,2026-04-27T15:07:55+01:00
pydantic/typing-inspection,gh/930576948,3.7,openssf_local,0,False,,77.18,50.0,77,2026-04-27T21:45:46+01:00
pygments/pygments,gh/205564111,6.1,openssf_local,11,True,,26.06,93.66,94,2026-04-27T15:06:57+01:00
pypa/distlib,gh/436970140,3.5,openssf_local,0,True,,80.98,50.0,81,2026-04-27T21:45:53+01:00
pypa/packaging,gh/19837758,8.5,openssf_local,0,True,,1.68,50.0,50,2026-04-27T14:53:45+01:00
pypa/pip,gh/1446467,7.5,openssf_local,8,True,in_progress,6.26,91.71,92,2026-04-27T15:07:24+01:00
pypa/setuptools,gh/54980593,5.8,openssf_local,4,True,,30.31,87.07,87,2026-04-27T14:56:18+01:00
pypa/virtualenv,gh/1446474,6.6,openssf_local,2,False,,17.0,82.2,82,2026-04-27T16:09:41+01:00
pypa/wheel,gh/98346885,5.5,openssf_local,1,True,,34.23,72.68,73,2026-04-27T15:07:16+01:00
pyparsing/pyparsing,gh/91262163,5.3,openssf_local,0,True,,38.48,50.0,50,2026-05-03T23:31:52+01:00
pytest-dev/iniconfig,gh/66012563,4.4,openssf_local,0,True,,52.46,50.0,52,2026-04-27T15:53:33+01:00
pytest-dev/pluggy,gh/34739117,5.9,openssf_local,0,False,,28.52,50.0,50,2026-04-27T21:46:09+01:00
pytest-dev/pytest,gh/37489525,6.7,openssf_local,0,False,,15.32,50.0,50,2026-04-27T14:56:07+01:00
python-attrs/attrs,gh/29918975,9.1,openssf_local,0,True,passing,0.34,50.0,50,2026-05-03T23:32:04+01:00
python-cffi/cffi,gh/696427398,5.2,openssf_local,0,False,,40.04,50.0,50,2026-04-27T14:52:37+01:00
python-greenlet/greenlet,gh/3003137,5.9,openssf_local,0,False,,28.52,50.0,50,2026-04-27T16:05:19+01:00
python-hyper/brotlicffi,gh/43543393,5.4,openssf_local,0,False,,36.69,50.0,50,2026-05-03T23:32:08+01:00
python-hyper/h11,gh/57372073,4.4,openssf_local,1,True,,52.46,72.68,73,2026-05-03T23:32:13+01:00
python-jsonschema/jsonschema,gh/3072629,7.5,openssf_local,0,False,,6.26,50.0,50,2026-04-27T16:06:36+01:00
python-jsonschema/jsonschema-specifications,gh/582755777,5.1,openssf_local,0,False,,41.16,50.0,50,2026-06-28T21:20:09+01:00
python-jsonschema/referencing,gh/569027868,7,openssf_local,0,False,,11.41,50.0,50,2026-04-27T15:53:15+01:00
python-pillow/pillow,gh/5171600,8.6,openssf_local,46,True,,1.34,98.05,98,2026-04-27T16:08:54+01:00
python-poetry/tomlkit,gh/140365570,4.4,openssf_local,0,False,,52.46,50.0,52,2026-04-27T21:46:36+01:00
python-trio/sniffio,gh/142657210,4.7,openssf_local,0,False,,46.64,50.0,50,2026-05-03T23:32:24+01:00
python/cpython,gh/81598961,8.7,openssf_local,57,True,,0.78,98.29,98,2026-06-01T00:23:57+01:00
python/importlib_metadata,gh/306448340,5.7,openssf_local,0,True,,31.1,50.0,50,2026-04-27T14:55:53+01:00
python/importlib_resources,gh/306147182,5.3,openssf_local,0,False,,38.48,50.0,50,2026-04-27T21:46:45+01:00
python/mypy,gh/7053637,6.9,openssf_local,0,False,,12.3,50.0,50,2026-04-27T16:09:26+01:00
python/mypy_extensions,gh/165752308,5.5,openssf_local,0,False,,34.23,50.0,50,2026-05-18T00:38:20+01:00
python/typing,gh/24604008,7.8,openssf_local,0,False,,3.91,50.0,50,2026-05-03T23:32:32+01:00
python/typing_extensions,gh/494077289,8.4,openssf_local,0,True,,2.13,50.0,50,2026-04-27T14:52:37+01:00
python/tzdata,gh/242158882,7.4,openssf_local,0,False,,7.72,50.0,50,2026-04-27T15:05:50+01:00
qix-/color-convert,gh/1874305,3.7,openssf_local,1,False,,77.18,72.68,77,2026-04-27T14:56:46+01:00
qix-/node-error-ex,gh/41388258,3,openssf_local,1,False,,92.84,72.68,93,2026-04-27T21:47:07+01:00
qix-/node-is-arrayish,gh/41376759,2.9,openssf_local,1,False,,95.75,72.68,96,2026-04-27T21:47:15+01:00
radix-ui/primitives,gh/273499522,4.2,openssf_local,0,False,,56.49,50.0,56,2026-04-27T14:54:46+01:00
raszi/node-tmp,gh/2313213,3.9,openssf_local,1,False,,72.04,72.68,73,2026-05-03T23:32:37+01:00
raynos/for-each,gh/6006855,3.8,openssf_local,0,False,,75.5,50.0,76,2026-04-27T21:47:32+01:00
raynos/function-bind,gh/10727014,4.6,openssf_local,0,False,,48.66,50.0,50,2026-04-27T14:53:58+01:00
rayon-rs/either,gh/42479602,4.2,openssf_local,0,False,,56.49,50.0,56,2026-05-03T23:32:42+01:00
rayon-rs/rayon,gh/24725038,5.5,openssf_local,0,False,,34.23,50.0,50,2026-04-27T14:56:47+01:00
react/create-react-app,gh/63537249,4.1,openssf_local,1,False,,59.06,72.68,73,2026-04-27T17:09:03+01:00
react/metro,gh/76504246,5.8,openssf_local,0,False,,30.31,50.0,50,2026-04-27T17:09:06+01:00
react/react,gh/10270250,7,openssf_local,1,False,in_progress,11.41,72.68,73,2026-05-03T20:00:58+01:00
reactivex/rxjs,gh/32247847,5.3,openssf_local,0,False,,38.48,50.0,50,2026-05-03T23:32:48+01:00
realpython/pytest-mypy,gh/69576530,3.7,openssf_local,0,False,,77.18,50.0,77,2026-04-27T21:47:48+01:00
remix-run/react-router,gh/19872456,5.4,openssf_local,2,False,,36.69,82.2,82,2026-05-03T23:32:56+01:00
remusao/tldts,gh/97631656,4.6,openssf_local,0,False,,48.66,50.0,50,2026-04-27T15:52:59+01:00
requests/requests-oauthlib,gh/6825724,4.2,openssf_local,0,False,,56.49,50.0,56,2026-05-03T23:33:06+01:00
requests/toolbelt,gh/15515181,4.4,openssf_local,0,True,,52.46,50.0,52,2026-04-27T21:48:01+01:00
retep998/winapi-rs,gh/23853482,2.7,openssf_local,0,False,,97.32,50.0,97,2026-04-27T16:10:10+01:00
rich-harris/estree-walker,gh/33668779,2.8,openssf_local,0,False,,96.53,50.0,97,2026-04-27T21:48:05+01:00
rich-harris/magic-string,gh/26143240,3.2,openssf_local,0,False,,86.47,50.0,86,2026-04-27T18:01:14+01:00
rob--w/proxy-from-env,gh/52038793,3.6,openssf_local,0,False,,79.19,50.0,79,2026-04-27T21:48:12+01:00
rogdham/backports.zstd,gh/977687927,4.5,openssf_local,0,False,,50.0,50.0,50,2026-04-27T21:48:18+01:00
rollup/plugins,gh/203607977,4.7,openssf_local,0,False,,46.64,50.0,50,2026-04-27T18:01:28+01:00
ronaldoussoren/pyobjc,gh/243933900,3.5,depsdev,0,False,,80.98,50.0,81,2026-04-20T00:00:00Z
rust-cli/anstyle,gh/493821282,7,openssf_local,1,False,,11.41,72.68,73,2026-05-03T23:33:14+01:00
rust-cli/env_logger,gh/96382888,6.7,openssf_local,0,False,,15.32,50.0,50,2026-04-27T15:53:25+01:00
rust-embedded/critical-section,gh/365854323,4.4,openssf_local,0,False,,52.46,50.0,52,2026-05-03T23:33:21+01:00
rust-fuzz/arbitrary,gh/90591032,4.4,openssf_local,0,False,,52.46,50.0,52,2026-04-27T21:48:29+01:00
rust-itertools/itertools,gh/22360263,6.5,openssf_local,0,False,,19.57,50.0,50,2026-05-03T23:33:25+01:00
rust-lang-nursery/lazy-static.rs,gh/21157492,5.2,openssf_local,0,False,,40.04,50.0,50,2026-04-27T16:09:49+01:00
rust-lang/cc-rs,gh/26039547,7.9,openssf_local,1,False,,2.91,72.68,73,2026-04-27T21:48:39+01:00
rust-lang/cfg-if,gh/38723660,5.1,openssf_local,0,False,,41.16,50.0,50,2026-04-27T15:07:40+01:00
rust-lang/compiler-builtins,gh/65153793,6.8,openssf_local,0,False,,14.09,50.0,50,2026-04-27T21:48:43+01:00
rust-lang/flate2-rs,gh/21954009,6.6,openssf_local,0,True,,17.0,50.0,50,2026-04-27T15:07:57+01:00
rust-lang/futures-rs,gh/55077261,7.2,openssf_local,4,False,,9.62,87.07,87,2026-04-27T14:55:31+01:00
rust-lang/glob,gh/23241722,5.4,openssf_local,0,False,,36.69,50.0,50,2026-04-27T16:07:29+01:00
rust-lang/hashbrown,gh/155119796,5.8,openssf_local,1,False,,30.31,72.68,73,2026-04-27T21:48:56+01:00
rust-lang/libc,gh/29197565,6.6,openssf_local,0,False,,17.0,50.0,50,2026-04-27T14:56:22+01:00
rust-lang/libz-sys,gh/26042019,6.4,openssf_local,0,False,,21.25,50.0,50,2026-04-27T21:49:05+01:00
rust-lang/log,gh/27974762,6.5,openssf_local,0,False,,19.57,50.0,50,2026-04-27T21:49:10+01:00
rust-lang/pkg-config-rs,gh/26042035,4.3,openssf_local,0,False,,53.8,50.0,54,2026-04-27T21:49:12+01:00
rust-lang/regex,gh/27890669,6.2,openssf_local,1,True,,24.5,72.68,73,2026-04-27T21:49:25+01:00
rust-lang/rust,gh/724712,7.1,depsdev,0,False,,10.51,50.0,50,2026-04-20T00:00:00Z
rust-num/num-traits,gh/114705611,4.2,openssf_local,0,False,,56.49,50.0,56,2026-04-27T16:05:24+01:00
rust-phf/rust-phf,gh/15992970,6.6,openssf_local,0,False,,17.0,50.0,50,2026-04-27T18:06:05+01:00
rust-random/getrandom,gh/166545969,7.4,openssf_local,0,False,,7.72,50.0,50,2026-04-27T21:49:41+01:00
rust-random/rand,gh/30227790,6.8,openssf_local,1,False,,14.09,72.68,73,2026-04-27T14:55:11+01:00
rust-random/rand_core,gh/1086593277,7,openssf_local,2,False,,11.41,82.2,82,2026-04-27T15:06:53+01:00
rust-random/rngs,gh/209510094,5.3,openssf_local,0,False,,38.48,50.0,50,2026-04-27T15:52:50+01:00
rustcrypto/formats,gh/406051759,6.1,openssf_local,0,False,,26.06,50.0,50,2026-04-27T16:10:25+01:00
rustcrypto/hashes,gh/74106774,5.8,openssf_local,3,False,,30.31,84.88,85,2026-04-27T21:49:49+01:00
rustcrypto/stream-ciphers,gh/83051505,6,openssf_local,1,False,,26.96,72.68,73,2026-04-27T21:49:49+01:00
rustcrypto/traits,gh/85605821,6.3,openssf_local,0,False,,23.04,50.0,50,2026-05-03T23:33:42+01:00
rustcrypto/utils,gh/77307442,5.6,openssf_local,2,False,,32.55,82.2,82,2026-04-27T14:57:03+01:00
rvagg/bl,gh/10706095,5.4,openssf_local,0,False,,36.69,50.0,50,2026-04-27T21:50:09+01:00
rvagg/through2,gh/11808187,3.2,openssf_local,0,False,,86.47,50.0,86,2026-04-27T21:50:19+01:00
ryanzim/universalify,gh/87651180,3.3,openssf_local,0,False,,84.34,50.0,84,2026-04-27T15:05:19+01:00
salesforce/tough-cookie,gh/2606873,7.3,openssf_local,1,False,,8.28,72.68,73,2026-05-03T23:33:48+01:00
samn/json-stable-stringify,gh/76598131,2.5,openssf_local,0,False,,98.43,50.0,98,2026-04-27T21:50:27+01:00
samverschueren/decode-uri-component,gh/91837954,3.7,openssf_local,1,False,,77.18,72.68,77,2026-04-27T21:50:32+01:00
sboudrias/inquirer.js,gh/10114077,5.6,openssf_local,0,False,,32.55,50.0,50,2026-04-27T15:06:21+01:00
scikit-build/ninja-python-distributions,gh/75102202,5.5,openssf_local,0,False,,34.23,50.0,50,2026-05-03T23:33:51+01:00
scikit-learn/scikit-learn,gh/843222,9.6,openssf_local,3,True,,0.11,84.88,85,2026-05-03T23:33:58+01:00
scipy/scipy,gh/1460385,5.9,openssf_local,3,True,,28.52,84.88,85,2026-04-27T16:05:30+01:00
seanmonstar/reqwest,gh/62350380,6.1,openssf_local,0,False,,26.06,50.0,50,2026-05-03T23:34:16+01:00
sec-ant/readable-stream,gh/569980966,3.8,openssf_local,0,False,,75.5,50.0,76,2026-04-27T21:50:52+01:00
selinuxproject/selinux,gh/20648799,5.5,openssf_local,0,True,,34.23,50.0,50,2026-04-07T12:56:19+01:00
serde-rs/bytes,gh/87358441,4.6,openssf_local,0,False,,48.66,50.0,50,2026-05-03T23:34:22+01:00
serde-rs/json,gh/35894511,5.6,openssf_local,0,True,,32.55,50.0,50,2026-04-27T14:55:50+01:00
serde-rs/serde,gh/14367737,5.6,openssf_local,0,False,,32.55,50.0,50,2026-04-27T14:52:37+01:00
servo/rust-fnv,gh/33499190,4,openssf_local,0,False,,64.65,50.0,65,2026-05-03T23:34:24+01:00
servo/rust-smallvec,gh/33456236,4.3,openssf_local,5,False,,53.8,87.8,88,2026-05-03T23:34:30+01:00
servo/rust-url,gh/14934771,7.1,openssf_local,1,False,,10.51,72.68,73,2026-04-27T16:06:10+01:00
sinclairzx81/typebox,gh/87454905,4.8,openssf_local,0,False,,45.08,50.0,50,2026-06-01T00:23:57+01:00
sindresorhus/ansi-escapes,gh/40721875,4,openssf_local,0,False,,64.65,50.0,65,2026-04-27T16:09:10+01:00
sindresorhus/array-union,gh/21005682,3.8,openssf_local,0,False,,75.5,50.0,76,2026-04-27T18:06:42+01:00
sindresorhus/binary-extensions,gh/29771015,3.9,openssf_local,0,False,,72.04,50.0,72,2026-04-27T21:51:13+01:00
sindresorhus/callsites,gh/18938743,3.8,openssf_local,0,False,,75.5,50.0,76,2026-04-27T21:51:19+01:00
sindresorhus/camelcase,gh/25116836,4,openssf_local,0,False,,64.65,50.0,65,2026-04-27T15:07:00+01:00
sindresorhus/clean-stack,gh/62838930,3.9,openssf_local,0,False,,72.04,50.0,72,2026-04-27T21:51:19+01:00
sindresorhus/cli-cursor,gh/23512396,3.8,openssf_local,0,False,,75.5,50.0,76,2026-04-27T21:51:28+01:00
sindresorhus/crypto-random-string,gh/73665728,3.9,openssf_local,0,False,,72.04,50.0,72,2026-04-27T21:51:29+01:00
sindresorhus/decamelize,gh/29773710,3.9,openssf_local,0,False,,72.04,50.0,72,2026-04-27T21:51:30+01:00
sindresorhus/detect-newline,gh/21304485,3.8,openssf_local,0,False,,75.5,50.0,76,2026-04-27T21:51:33+01:00
sindresorhus/environment,gh/793180075,3.9,openssf_local,0,False,,72.04,50.0,72,2026-04-27T18:06:55+01:00
sindresorhus/escape-string-regexp,gh/21169121,3.9,openssf_local,0,False,,72.04,50.0,72,2026-04-27T14:57:28+01:00
sindresorhus/execa,gh/47475908,4.5,openssf_local,0,False,,50.0,50.0,50,2026-04-27T21:51:38+01:00
sindresorhus/figures,gh/21672939,3.9,openssf_local,0,False,,72.04,50.0,72,2026-04-27T18:06:59+01:00
sindresorhus/file-type,gh/19105307,4,openssf_local,1,False,,64.65,72.68,73,2026-04-27T21:51:38+01:00
sindresorhus/find-cache-directory,gh/48783244,4.5,openssf_local,0,False,,50.0,50.0,50,2026-05-18T00:38:26+01:00
sindresorhus/find-up,gh/41723004,4,openssf_local,0,False,,64.65,50.0,65,2026-04-27T15:05:29+01:00
sindresorhus/find-up-simple,gh/714044439,3.9,openssf_local,0,False,,72.04,50.0,72,2026-04-27T15:08:30+01:00
sindresorhus/get-east-asian-width,gh/711160838,4.4,openssf_local,0,False,,52.46,50.0,52,2026-04-27T14:56:11+01:00
sindresorhus/get-stream,gh/44264225,4,openssf_local,0,False,,64.65,50.0,65,2026-04-27T21:51:47+01:00
sindresorhus/globals,gh/15186239,4.8,openssf_local,0,False,,45.08,50.0,50,2026-04-27T15:53:02+01:00
sindresorhus/globby,gh/21069494,4.2,openssf_local,0,False,,56.49,50.0,56,2026-04-27T16:07:58+01:00
sindresorhus/has-flag,gh/38718671,3.9,openssf_local,0,False,,72.04,50.0,72,2026-04-27T14:56:41+01:00
sindresorhus/import-fresh,gh/22020904,3.9,openssf_local,0,False,,72.04,50.0,72,2026-04-27T16:09:15+01:00
sindresorhus/import-local,gh/90292430,3.9,openssf_local,0,False,,72.04,50.0,72,2026-04-27T18:07:06+01:00
sindresorhus/indent-string,gh/20576837,3.9,openssf_local,0,False,,72.04,50.0,72,2026-04-27T16:09:14+01:00
sindresorhus/is-binary-path,gh/29771247,3.8,openssf_local,0,False,,75.5,50.0,76,2026-04-27T21:51:55+01:00
sindresorhus/is-docker,gh/33590534,3.9,openssf_local,0,False,,72.04,50.0,72,2026-04-27T18:07:11+01:00
sindresorhus/is-fullwidth-code-point,gh/39222301,4.1,openssf_local,0,False,,59.06,50.0,59,2026-04-27T15:06:53+01:00
sindresorhus/is-inside-container,gh/601943060,3.6,openssf_local,0,False,,79.19,50.0,79,2026-04-27T16:10:11+01:00
sindresorhus/is-path-inside,gh/21054113,3.9,openssf_local,0,False,,72.04,50.0,72,2026-04-27T16:10:19+01:00
sindresorhus/is-plain-obj,gh/38923193,3.8,openssf_local,0,False,,75.5,50.0,76,2026-04-27T16:05:38+01:00
sindresorhus/is-stream,gh/29436825,3.9,openssf_local,0,False,,72.04,50.0,72,2026-04-27T15:06:11+01:00
sindresorhus/is-unicode-supported,gh/348660847,3.9,openssf_local,0,False,,72.04,50.0,72,2026-04-27T21:52:00+01:00
sindresorhus/is-wsl,gh/88415331,4.1,openssf_local,0,False,,59.06,50.0,59,2026-04-27T18:07:17+01:00
sindresorhus/leven,gh/22794601,3.9,openssf_local,0,False,,72.04,50.0,72,2026-04-27T18:07:19+01:00
sindresorhus/locate-path,gh/74266248,3.9,openssf_local,0,False,,72.04,50.0,72,2026-04-27T14:57:20+01:00
sindresorhus/log-symbols,gh/21673868,3.8,openssf_local,0,False,,75.5,50.0,76,2026-04-27T21:52:03+01:00
sindresorhus/lowercase-keys,gh/29769737,4.2,openssf_local,0,False,,56.49,50.0,56,2026-04-27T18:07:22+01:00
sindresorhus/make-dir,gh/90776169,3.9,openssf_local,0,False,,72.04,50.0,72,2026-04-27T15:53:39+01:00
sindresorhus/meow,gh/25121561,4.8,openssf_local,0,False,,45.08,50.0,50,2026-04-27T21:52:03+01:00
sindresorhus/mimic-function,gh/71381729,3.9,openssf_local,0,False,,72.04,50.0,72,2026-04-27T15:53:36+01:00
sindresorhus/mimic-response,gh/93189529,3.9,openssf_local,0,False,,72.04,50.0,72,2026-04-27T16:08:53+01:00
sindresorhus/node-defaults,gh/7985040,3.8,openssf_local,0,False,,75.5,50.0,76,2026-04-27T18:07:31+01:00
sindresorhus/normalize-url,gh/29094022,4.2,openssf_local,1,False,,56.49,72.68,73,2026-04-27T21:52:03+01:00
sindresorhus/npm-run-path,gh/48707028,3.9,openssf_local,0,False,,72.04,50.0,72,2026-04-27T16:08:35+01:00
sindresorhus/object-assign,gh/16457190,3.9,openssf_local,0,False,,72.04,50.0,72,2026-04-27T16:07:01+01:00
sindresorhus/onetime,gh/14847357,4.1,openssf_local,0,False,,59.06,50.0,59,2026-04-27T18:07:36+01:00
sindresorhus/open,gh/18469325,4.1,openssf_local,0,False,,59.06,50.0,59,2026-04-27T21:52:07+01:00
sindresorhus/p-limit,gh/71542716,4.7,openssf_local,0,False,,46.64,50.0,50,2026-04-27T14:54:55+01:00
sindresorhus/p-locate,gh/74265632,4.1,openssf_local,0,False,,59.06,50.0,59,2026-04-27T14:55:40+01:00
sindresorhus/p-map,gh/71526722,3.8,openssf_local,0,False,,75.5,50.0,76,2026-04-27T21:52:15+01:00
sindresorhus/p-try,gh/71534796,3.8,openssf_local,0,False,,75.5,50.0,76,2026-04-27T21:52:21+01:00
sindresorhus/package-directory,gh/41724281,4,openssf_local,0,False,,64.65,50.0,65,2026-04-27T21:52:27+01:00
sindresorhus/parent-module,gh/50187748,3.9,openssf_local,0,False,,72.04,50.0,72,2026-04-27T18:07:47+01:00
sindresorhus/parse-json,gh/41367145,4.2,openssf_local,0,False,,56.49,50.0,56,2026-04-27T15:53:12+01:00
sindresorhus/path-exists,gh/34965664,3.8,openssf_local,0,False,,75.5,50.0,76,2026-04-27T15:53:29+01:00
sindresorhus/path-key,gh/48706449,3.9,openssf_local,0,False,,72.04,50.0,72,2026-04-27T15:06:43+01:00
sindresorhus/path-type,gh/41905436,3.8,openssf_local,0,False,,75.5,50.0,76,2026-04-27T15:53:02+01:00
sindresorhus/pify,gh/41585934,3.9,openssf_local,0,False,,72.04,50.0,72,2026-04-27T21:52:24+01:00
sindresorhus/quick-lru,gh/86679721,4.1,openssf_local,0,False,,59.06,50.0,59,2026-04-27T21:52:29+01:00
sindresorhus/read-package-up,gh/41842429,3.9,openssf_local,0,False,,72.04,50.0,72,2026-04-27T18:08:00+01:00
sindresorhus/read-pkg,gh/41790094,4,openssf_local,0,False,,64.65,50.0,65,2026-04-27T18:08:00+01:00
sindresorhus/resolve-cwd,gh/47504070,3.9,openssf_local,0,False,,72.04,50.0,72,2026-04-27T21:52:29+01:00
sindresorhus/resolve-from,gh/22022707,3.9,openssf_local,0,False,,72.04,50.0,72,2026-04-27T15:06:54+01:00
sindresorhus/restore-cursor,gh/23512229,3,openssf_local,0,False,,92.84,50.0,93,2026-04-27T16:03:26+01:00
sindresorhus/shebang-regex,gh/30903733,3.8,openssf_local,0,False,,75.5,50.0,76,2026-04-27T21:52:36+01:00
sindresorhus/slash,gh/11516031,3.9,openssf_local,0,False,,72.04,50.0,72,2026-04-27T15:07:58+01:00
sindresorhus/string-width,gh/39222730,4.8,openssf_local,0,False,,45.08,50.0,50,2026-04-27T14:55:17+01:00
sindresorhus/strip-bom,gh/18444852,3.9,openssf_local,0,False,,72.04,50.0,72,2026-04-27T15:53:17+01:00
sindresorhus/strip-final-newline,gh/47453723,3.9,openssf_local,0,False,,72.04,50.0,72,2026-04-27T21:52:36+01:00
sindresorhus/strip-indent,gh/18242629,3.9,openssf_local,0,False,,72.04,50.0,72,2026-04-27T18:08:05+01:00
sindresorhus/strip-json-comments,gh/14468669,3.8,openssf_local,0,False,,75.5,50.0,76,2026-04-27T16:06:47+01:00
sindresorhus/tagged-tag,gh/795552264,3.9,openssf_local,0,False,,72.04,50.0,72,2026-04-27T14:56:18+01:00
sindresorhus/to-fast-properties,gh/31656998,3.8,openssf_local,0,False,,75.5,50.0,76,2026-04-27T21:52:38+01:00
sindresorhus/type-fest,gh/175398594,6.3,openssf_local,0,False,,23.04,50.0,50,2026-04-27T14:55:40+01:00
sindresorhus/unicorn-magic,gh/716660564,3.8,openssf_local,0,False,,75.5,50.0,76,2026-04-27T15:07:13+01:00
sindresorhus/yocto-queue,gh/315531538,3.9,openssf_local,0,False,,72.04,50.0,72,2026-04-27T14:55:04+01:00
sinonjs/commons,gh/143001748,3.6,openssf_local,0,False,,79.19,50.0,79,2026-04-27T16:08:55+01:00
sinonjs/fake-timers,gh/16523712,5.9,openssf_local,0,False,,28.52,50.0,50,2026-05-03T23:34:38+01:00
smithy-lang/smithy-rs,gh/308027791,6.2,openssf_local,1,False,,24.5,72.68,73,2026-05-03T17:25:59+01:00
smithy-lang/smithy-typescript,gh/208319207,6.6,openssf_local,0,False,,17.0,50.0,50,2026-04-27T14:52:58+01:00
smol-rs/fastrand,gh/267368764,5.7,openssf_local,0,False,,31.1,50.0,50,2026-05-03T23:34:43+01:00
snowflakedb/snowflake-connector-python,gh/62262074,6,openssf_local,6,False,,26.96,89.27,89,2026-04-27T21:52:50+01:00
socketio/socket.io,gh/557980,6.2,openssf_local,6,False,,24.5,89.27,89,2026-05-03T23:34:49+01:00
sqlalchemy/sqlalchemy,gh/159271175,6.2,openssf_local,1,True,,24.5,72.68,73,2026-05-03T23:34:53+01:00
sqlite/sqlite,gh/176278485,4.4,openssf_local,1,False,,52.46,72.68,73,2026-04-06T13:39:01+01:00
srijs/rust-crc32fast,gh/157348282,3.8,openssf_local,0,False,,75.5,50.0,76,2026-04-27T21:53:29+01:00
stebalien/tempfile,gh/33832372,6.6,openssf_local,0,False,,17.0,50.0,50,2026-04-27T18:08:23+01:00
stefanpenner/get-caller-file,gh/48818175,1.9,openssf_local,0,False,,99.55,50.0,100,2026-04-27T16:10:21+01:00
storybookjs/storybook,gh/54173593,5.8,openssf_local,1,False,,30.31,72.68,73,2026-04-27T16:05:58+01:00
stream-utils/destroy,gh/15544623,3.3,openssf_local,0,False,,84.34,50.0,84,2026-04-27T18:08:29+01:00
stream-utils/raw-body,gh/12823654,6.6,openssf_local,0,False,,17.0,50.0,50,2026-04-27T21:53:29+01:00
stream-utils/unpipe,gh/37428186,3,openssf_local,0,False,,92.84,50.0,93,2026-04-27T18:08:35+01:00
streamich/memfs,gh/37490572,5.2,openssf_local,0,False,,40.04,50.0,50,2026-04-27T18:08:36+01:00
stub42/pytz,gh/63155638,4.8,openssf_local,0,True,,45.08,50.0,50,2026-04-27T21:53:29+01:00
suguru03/neo-async,gh/27030361,2.8,openssf_local,0,False,,96.53,50.0,97,2026-04-27T18:08:43+01:00
sval-rs/sval,gh/157205610,4.9,openssf_local,0,False,,43.18,50.0,50,2026-04-27T15:05:49+01:00
swc-project/swc,gh/115110181,5.3,openssf_local,0,True,,38.48,50.0,50,2026-04-27T21:53:32+01:00
syntax-tree/unist-util-is,gh/41795086,3.9,openssf_local,0,False,,72.04,50.0,72,2026-04-27T18:08:53+01:00
systemd/systemd,gh/32873313,8.9,openssf_local,23,True,passing,0.67,96.34,96,2026-04-06T12:39:39+01:00
taiki-e/pin-project,gh/164668916,7.2,openssf_local,0,False,,9.62,50.0,50,2026-04-27T18:08:53+01:00
taiki-e/pin-project-lite,gh/216847853,7.2,openssf_local,0,False,,9.62,50.0,50,2026-04-27T21:53:42+01:00
taiki-e/portable-atomic,gh/448365131,7.8,openssf_local,0,False,,3.91,50.0,50,2026-04-27T15:07:02+01:00
takluyver/jeepney,gl/2780772,,,0,False,,,50.0,50,
tapjs/signal-exit,gh/35711072,3,openssf_local,0,False,,92.84,50.0,93,2026-04-27T14:57:26+01:00
tapjs/stack-utils,gh/48974178,3.1,openssf_local,0,False,,88.14,50.0,88,2026-04-27T21:53:46+01:00
tartley/colorama,gh/18892209,4.2,openssf_local,0,False,,56.49,50.0,56,2026-04-27T14:54:50+01:00
teambition/merge2,gh/25396227,3.4,openssf_local,0,False,,82.33,50.0,82,2026-05-03T23:34:58+01:00
teddriggs/darling,gh/89984100,4,openssf_local,0,False,,64.65,50.0,65,2026-04-27T21:53:52+01:00
tehshrike/deepmerge,gh/3276413,1.8,openssf_local,0,False,,100.0,50.0,100,2026-04-27T21:53:57+01:00
terkelg/sisteransi,gh/122441239,3.1,openssf_local,0,False,,88.14,50.0,88,2026-04-27T18:09:05+01:00
terser/terser,gh/29097127,5.9,openssf_local,1,False,,28.52,72.68,73,2026-04-27T18:09:07+01:00
textualize/rich,gh/220809393,6.8,openssf_local,0,True,,14.09,50.0,50,2026-04-27T16:07:41+01:00
theskumar/python-dotenv,gh/23727790,5.9,openssf_local,0,False,,28.52,50.0,50,2026-04-27T21:54:00+01:00
thkukuk/rpcsvc-proto,gh/55140533,2.6,openssf_local,0,False,,98.1,50.0,98,2026-04-27T18:09:15+01:00
thlorenz/convert-source-map,gh/8751561,3.9,openssf_local,0,False,,72.04,50.0,72,2026-04-27T18:09:16+01:00
thlorenz/deep-is,gh/9345558,2.5,openssf_local,0,False,,98.43,50.0,98,2026-04-27T18:09:20+01:00
tim-kos/node-retry,gh/1738798,3.3,openssf_local,0,False,,84.34,50.0,84,2026-04-27T21:54:17+01:00
time-rs/time,gh/26459635,5.3,openssf_local,1,False,,38.48,72.68,73,2026-05-03T23:35:11+01:00
tj/commander.js,gh/2206953,6.7,openssf_local,0,False,,15.32,50.0,50,2026-04-27T21:54:24+01:00
tj/node-cookie-signature,gh/6229722,2.9,openssf_local,0,False,,95.75,50.0,96,2026-04-27T21:55:35+01:00
tjguk/wmi,gh/23124645,2.4,openssf_local,0,False,,98.88,50.0,99,2026-04-27T21:54:35+01:00
tkem/cachetools,gh/18006791,7.5,openssf_local,0,True,,6.26,50.0,50,2026-04-27T16:08:14+01:00
tokio-rs/bytes,gh/30062547,5.5,openssf_local,0,False,,34.23,50.0,50,2026-04-27T18:09:33+01:00
tokio-rs/loom,gh/161875917,4.4,openssf_local,0,False,,52.46,50.0,52,2026-05-03T23:35:16+01:00
tokio-rs/prost,gh/94262864,6.9,openssf_local,2,True,,12.3,82.2,82,2026-04-27T18:09:33+01:00
tokio-rs/slab,gh/37093133,4.5,openssf_local,1,False,,50.0,72.68,73,2026-04-27T21:54:42+01:00
tokio-rs/tokio,gh/67836789,7.7,openssf_local,5,True,,4.81,87.8,88,2026-04-27T15:05:15+01:00
tokio-rs/tracing,gh/165289175,7,openssf_local,2,False,,11.41,82.2,82,2026-05-03T23:35:27+01:00
toml-rs/toml,gh/95902102,7.8,openssf_local,0,False,,3.91,50.0,50,2026-04-27T15:06:02+01:00
tootallnate/proxy-agents,gh/11293703,4.2,openssf_local,2,False,,56.49,82.2,82,2026-04-27T14:55:03+01:00
tootallnate/util-deprecate,gh/19321056,3.1,openssf_local,0,False,,88.14,50.0,88,2026-04-27T15:07:29+01:00
torvalds/linux,gh/2325298,3.9,openssf_local,10602,False,,72.04,100.0,100,2026-06-01T00:24:06+01:00
tower-rs/tower,gh/98244646,4.8,openssf_local,0,False,,45.08,50.0,50,2026-05-03T23:35:27+01:00
tox-dev/filelock,gh/17098256,7.7,openssf_local,1,False,,4.81,72.68,73,2026-04-27T21:55:05+01:00
tox-dev/platformdirs,gh/367032142,7.6,openssf_local,0,False,,5.26,50.0,50,2026-04-27T18:09:46+01:00
tqdm/tqdm,gh/36804486,5.8,openssf_local,2,True,passing,30.31,82.2,82,2026-04-27T16:10:26+01:00
tritondatacenter/node-assert-plus,gh/4767976,3.4,openssf_local,0,False,,82.33,50.0,82,2026-05-18T00:38:39+01:00
tritondatacenter/node-extsprintf,gh/4058064,3.2,openssf_local,0,False,,86.47,50.0,86,2026-05-18T00:38:41+01:00
troygoode/node-require-directory,gh/3053807,2.9,openssf_local,0,False,,95.75,50.0,96,2026-04-27T21:55:05+01:00
tsconfig/bases,gh/263697285,4.7,openssf_local,0,False,,46.64,50.0,50,2026-04-27T16:09:37+01:00
tukaani-project/xz,gh/553665726,5.4,openssf_local,0,True,,36.69,50.0,50,2026-04-07T13:58:53+01:00
typescript-eslint/typescript-eslint,gh/165536154,6.2,openssf_local,0,False,,24.5,50.0,50,2026-04-27T14:53:22+01:00
typeshed-internal/stub_uploader,gh/331669593,5.7,openssf_local,0,False,,31.1,50.0,50,2026-06-28T21:20:09+01:00
unicode-org/icu,gh/49244766,9.1,openssf_local,7,True,passing,0.34,90.49,90,2026-05-18T00:38:42+01:00
unicode-org/icu4x,gh/243395141,6.4,openssf_local,2,False,,21.25,82.2,82,2026-04-27T15:06:31+01:00
unicode-rs/unicode-xid,gh/34637906,3.5,openssf_local,0,False,,80.98,50.0,81,2026-04-27T18:10:04+01:00
unshiftio/requires-port,gh/26316179,3.2,openssf_local,0,False,,86.47,50.0,86,2026-04-27T21:55:20+01:00
uqfoundation/dill,gh/11031844,4.1,openssf_local,0,True,,59.06,50.0,59,2026-04-27T18:10:07+01:00
urllib3/urllib3,gh/2410676,8.9,openssf_local,14,True,passing,0.67,94.39,94,2026-04-27T14:52:37+01:00
util-linux/util-linux,gh/2339555,7.4,openssf_local,10,True,passing,7.72,92.44,92,2026-04-06T18:39:17+01:00
utopia-team/dbus,gl/salsa.debian.org-9742,,,8,False,,,91.71,92,
uuidjs/uuid,gh/1203139,6.8,openssf_local,0,False,,14.09,50.0,50,2026-04-27T15:06:23+01:00
vercel/ai,gh/644461337,6.3,openssf_local,1,False,,23.04,72.68,73,2026-04-27T21:55:20+01:00
vercel/ms,gh/3655872,5.3,openssf_local,1,False,,38.48,72.68,73,2026-04-27T14:53:05+01:00
visionmedia/bytes.js,gh/4626886,3.2,openssf_local,0,False,,86.47,50.0,86,2026-04-27T16:07:35+01:00
vitest-dev/vitest,gh/434708679,5.9,openssf_local,1,False,,28.52,72.68,73,2026-04-27T18:10:20+01:00
vorner/signal-hook,gh/137260008,4.4,openssf_local,0,False,,52.46,50.0,52,2026-04-27T21:55:47+01:00
vuejs/core,gh/137078487,5.6,openssf_local,1,False,,32.55,72.68,73,2026-04-27T16:05:57+01:00
wasm-bindgen/wasm-bindgen,gh/114685405,6.6,openssf_local,0,False,,17.0,50.0,50,2026-04-27T14:56:32+01:00
watson/ci-info,gh/71475907,3.2,openssf_local,0,False,,86.47,50.0,86,2026-04-27T15:52:45+01:00
wbond/asn1crypto,gh/36823669,4.5,openssf_local,0,True,,50.0,50.0,50,2026-04-27T16:09:12+01:00
webmproject/libwebp,gh/23368445,3.9,openssf_local,20,False,,72.04,96.1,96,2026-04-06T20:35:44+01:00
webpack/enhanced-resolve,gh/5400204,6.5,openssf_local,0,False,,19.57,50.0,50,2026-04-27T18:10:29+01:00
webpack/minimizer-webpack-plugin,gh/143057914,6.1,openssf_local,0,False,,26.06,50.0,50,2026-06-28T21:20:09+01:00
webpack/schema-utils,gh/80306715,4.5,openssf_local,0,False,,50.0,50.0,50,2026-04-27T15:07:23+01:00
webpack/tapable,gh/7730086,6.3,openssf_local,0,False,,23.04,50.0,50,2026-04-27T16:09:01+01:00
webpack/watchpack,gh/24119524,6.5,openssf_local,0,False,,19.57,50.0,50,2026-04-27T21:56:02+01:00
webpack/webpack-sources,gh/48954523,6.4,openssf_local,0,False,,21.25,50.0,50,2026-04-27T21:56:11+01:00
webreflection/flatted,gh/131121620,5.6,openssf_local,0,False,,32.55,50.0,50,2026-04-27T21:56:21+01:00
webreflection/html-escaper,gh/33597730,3,openssf_local,0,False,,92.84,50.0,93,2026-04-27T18:10:45+01:00
websocket-client/websocket-client,gh/1202362,4,openssf_local,0,True,,64.65,50.0,65,2026-04-27T21:56:25+01:00
websockets/ws,gh/2744972,5.5,openssf_local,2,False,,34.23,82.2,82,2026-04-27T15:53:08+01:00
wesleytodd/setprototypeof,gh/30301031,3.6,openssf_local,0,False,,79.19,50.0,79,2026-04-27T16:09:33+01:00
whitequark/ipaddr.js,gh/2110585,3.9,openssf_local,0,False,,72.04,50.0,72,2026-04-27T18:10:51+01:00
withoutboats/heck,gh/86326466,3.4,openssf_local,0,False,,82.33,50.0,82,2026-04-27T21:56:35+01:00
xiph/ogg,gh/33956205,3.3,openssf_local,0,False,,84.34,50.0,84,2026-04-27T18:10:57+01:00
xorg-team/lib/libx11,gl/salsa.debian.org-4306,,,11,False,,,93.66,94,
xorg-team/lib/libxau,gl/salsa.debian.org-4307,,,0,False,,,50.0,50,
xorg-team/lib/libxdmcp,gl/salsa.debian.org-4313,,,0,False,,,50.0,50,
xorg-team/lib/libxext,gl/salsa.debian.org-4314,,,0,False,,,50.0,50,
xorg-team/lib/libxrender,gl/salsa.debian.org-4328,,,0,False,,,50.0,50,
xorg/proto/xorgproto,gl/gitlab.freedesktop.org-788,,,0,False,,,50.0,50,
xtuc/webassemblyjs,gh/113006071,2.6,openssf_local,0,False,,98.1,50.0,98,2026-04-27T14:53:19+01:00
yahoo/serialize-javascript,gh/24106944,5.8,openssf_local,1,False,,30.31,72.68,73,2026-05-03T23:35:33+01:00
yaml/libyaml,gh/2699072,3.6,openssf_local,0,True,,79.19,50.0,79,2026-04-27T21:56:41+01:00
yaml/pyyaml,gh/2700147,4.6,openssf_local,3,True,,48.66,84.88,85,2026-04-27T14:57:12+01:00
yargs/cliui,gh/34287546,4.7,openssf_local,0,False,,46.64,50.0,50,2026-05-03T23:35:39+01:00
yargs/set-blocking,gh/58830287,2.8,openssf_local,0,False,,96.53,50.0,97,2026-04-27T18:11:10+01:00
yargs/y18n,gh/39720886,4.7,openssf_local,1,False,,46.64,72.68,73,2026-05-03T23:35:49+01:00
yargs/yargs,gh/14210523,5.7,openssf_local,0,False,,31.1,50.0,50,2026-04-27T18:11:20+01:00
yargs/yargs-parser,gh/50258379,5.4,openssf_local,0,False,,36.69,50.0,50,2026-04-27T15:07:49+01:00
yuzujs/setimmediate,gh/1981208,3,openssf_local,0,False,,92.84,50.0,93,2026-04-27T21:57:01+01:00
zertosh/loose-envify,gh/41947687,3,openssf_local,0,False,,92.84,50.0,93,2026-04-27T16:05:43+01:00
zesterer/spin-rs,gh/21686666,5.3,openssf_local,2,False,,38.48,82.2,82,2026-04-27T21:40:49+01:00
zloirock/core-js,gh/11481338,4,openssf_local,0,False,,64.65,50.0,65,2026-04-27T15:06:21+01:00
