"package","github_repo"
"9menu","arnoldrobbins/9menu"
"a2jmidid","linuxaudio/a2jmidid"
"abootimg","ggrandou/abootimg"
"accel-config","intel/idxd-config"
"adios2","ornladios/ADIOS2"
"admesh","admesh/admesh"
"adms","Qucs/ADMS"
"adwaita-qt","FedoraQt/adwaita-qt"
"aewm++","frankhale/aewmpp"
"afflib","sshock/AFFLIBv3"
"afuse","pcarrier/afuse"
"aha","theZiz/aha"
"amap-align","mes5k/amap-align"
"amdsmi","ROCm/amdsmi"
"aml","any1/aml"
"ancient","temisu/ancient"
"aoeui","pklausler/aoeui"
"apachetop","tessus/apachetop"
"appmenu-gtk-module","rilian-la-te/vala-panel-appmenu"
"appstream-glib","hughsie/appstream-glib"
"apt-dater","DE-IBH/apt-dater"
"aqemu","tobimensch/aqemu"
"argh","adishavit/argh"
"argon2","P-H-C/phc-winner-argon2"
"aribb24","nkoriyama/aribb24"
"arm-compute-library","ARM-software/ComputeLibrary"
"armci-mpi","pmodels/armci-mpi"
"arp-scan","royhills/arp-scan"
"arpack","opencollab/arpack-ng"
"asmjit","asmjit/asmjit"
"astc-encoder","ARM-software/astc-encoder"
"asyncfuture","vpicaver/asyncfuture"
"atf","freebsd/atf"
"atlas-ecmwf","ecmwf/atlas"
"atomicparsley","wez/atomicparsley"
"authselect","authselect/authselect"
"avr-evtd","rbrito/avr-evtd"
"avra","Ro5bert/avra"
"avrdude","avrdudes/avrdude"
"axc","gkdr/axc"
"axel","axel-download-accelerator/axel"
"ayatana-ido","AyatanaIndicators/ayatana-ido"
"ayatana-indicator-messages","AyatanaIndicators/ayatana-indicator-messages"
"backward-cpp","bombela/backward-cpp"
"bambamc","gt1/bambamc"
"bamtools","pezmaster31/bamtools"
"base16384","fumiama/base16384"
"bats-support","bats-core/bats-support"
"bbhash","rizkg/BBHash"
"bc-ur","BlockchainCommons/bc-ur"
"bcg729","BelledonneCommunications/bcg729"
"beanstalkd","beanstalkd/beanstalkd"
"bear","rizsotto/Bear"
"bedtools","arq5x/bedtools2"
"beep","spkr-beep/beep"
"bemenu","Cloudef/bemenu"
"benchmark","google/benchmark"
"biblesync","karlkleinpaste/biblesync"
"bifrost","pmelsted/bifrost"
"biometric-authentication","ukui/biometric-authentication"
"bitshuffle","kiyo-masui/bitshuffle"
"blaspp","icl-utk-edu/blaspp"
"blis","flame/blis"
"blitz++","blitzpp/blitz"
"bluez-alsa","Arkq/bluez-alsa"
"boxfort","Snaipe/Criterion"
"bpfcc","iovisor/bcc"
"bpftune","oracle/bpftune"
"brotli","google/brotli"
"btllib","bcgsc/btllib"
"budgie-desktop","buddiesofbudgie/budgie-desktop"
"bup","bup/bup"
"buteo-sync-plugin-caldav","sailfishos/buteo-sync-plugin-caldav"
"buteo-sync-plugins-social","sailfishos/buteo-sync-plugins-social"
"buteo-syncfw","sailfishos/buteo-syncfw"
"bzip3","kspalaiologos/bzip3"
"c-vtapi","VirusTotal/c-vtapi"
"cadaver","notroj/cadaver"
"caja-actions","mate-desktop/caja-actions"
"camp","IRCAD/camp"
"canl-c","CESNET/canl-c"
"cassiopee","osallou/cassiopee-c"
"catcodec","OpenTTD/catcodec"
"cbm","resurrecting-open-source-projects/cbm"
"cccc","sarnold/cccc"
"cccl","NVIDIA/cccl"
"cctbx","cctbx/cctbx_project"
"cctz","google/cctz"
"cdcover","karlp/cdcover"
"cddlib","cddlib/cddlib"
"cgif","dloebl/cgif"
"cglm","recp/cglm"
"cgreen","cgreen-devs/cgreen"
"charls","team-charls/charls"
"chmlib","jedwing/CHMLib"
"cif-api","COMCIFS/cif_api"
"ciftilib","Washington-University/CiftiLib"
"civetweb","civetweb/civetweb"
"cjose","OpenIDC/cjose"
"cjs","linuxmint/cjs"
"cjson","DaveGamble/cJSON"
"clamfs","burghardt/clamfs"
"clanlib","sphair/ClanLib"
"cld2","CLD2Owners/cld2"
"clfft","clMathLibraries/clFFT"
"cli11","CLIUtils/CLI11"
"cloudflare-ddns","Tachi107/cloudflare-ddns"
"cluster-glue","ClusterLabs/cluster-glue"
"cmark","commonmark/cmark"
"cmark-gfm","github/cmark"
"coda","stcorp/coda"
"coinor-cbc","coin-or/cbc"
"coinor-csdp","coin-or/Csdp"
"coinor-ipopt","coin-or/Ipopt"
"coinor-osi","coin-or/Osi"
"coinutils","coin-or/CoinUtils"
"collada-dom","rdiankov/collada-dom"
"colortail","joakim666/colortail"
"compton","chjj/compton"
"concurrentqueue","cameron314/concurrentqueue"
"conky","brndnmtthws/conky"
"connman-ui","tbursztyka/connman-ui"
"consensuscore","PacificBiosciences/ConsensusCore"
"console-bridge","ros/console_bridge"
"contactsd","sailfishos/contactsd"
"coot","pemsley/coot"
"cowsql","cowsql/cowsql"
"cpdb-libs","OpenPrinting/cpdb-libs"
"cpm","comotion/cpm"
"cpp-hocon","puppetlabs/cpp-hocon"
"cpp-httplib","yhirose/cpp-httplib"
"cpp-jwt","arun11299/cpp-jwt"
"cppdap","google/cppdap"
"cppnumericalsolvers","PatWie/CppNumericalSolvers"
"cpprest","Microsoft/cpprestsdk"
"cpptest","cpptest/cpptest"
"cpptoml","skystrife/cpptoml"
"cppzmq","zeromq/cppzmq"
"cpu-features","google/cpu_features"
"cpuinfo","pytorch/cpuinfo"
"cqrlib","yayahjb/cqrlib"
"cracklib2","cracklib/cracklib"
"crasm","colinbourassa/crasm"
"createrepo-c","rpm-software-management/createrepo_c"
"criterion","Snaipe/Criterion"
"critnib","kilobyte/critnib"
"croaring","RoaringBitmap/CRoaring"
"crossguid","graeme-hill/crossguid"
"ctemplate","olafvdspek/ctemplate"
"cthreadpool","Pithikos/C-Thread-Pool"
"ctre","hanickadot/compile-time-regular-expressions"
"cubature","stevengj/cubature"
"cubeb","mozilla/cubeb"
"cupp","Mebus/cupp"
"cups","OpenPrinting/cups"
"cura-engine","Ultimaker/CuraEngine"
"cutycapt","Crystalix007/CutyCapt"
"cvector","yayahjb/cvector"
"cwiid","abstrakraft/cwiid"
"cxxopts","jarro2783/cxxopts"
"d52","jblang/d52"
"daemonlogger","Cisco-Talos/Daemonlogger"
"darnwdl","grandpaul/darnwdl"
"dav-text","atsb/dav-text"
"davfs2","alisarctl/davfs2"
"dbeacon","uoaerg/dbeacon"
"dbskkd-cdb","jj1bdx/dbskkd-cdb"
"dcfldd","resurrecting-open-source-projects/dcfldd"
"dcontainers","dlang-community/containers"
"dctrl-tools","ajkaijanaho/dctrl-tools"
"dd-opentracing-cpp","DataDog/dd-opentracing-cpp"
"ddccontrol","ddccontrol/ddccontrol"
"dde-network-utils","linuxdeepin/dde-network-utils"
"dde-qt-dbus-factory","linuxdeepin/dde-qt-dbus-factory"
"dde-qt5integration","linuxdeepin/qt5integration"
"deepin-movie-reborn","linuxdeepin/deepin-movie-reborn"
"deepin-qt5dxcb-plugin","linuxdeepin/qt5platform-plugins"
"detox","dharple/detox"
"deutex","Doom-Utils/deutex"
"dhcpcd","NetworkConfiguration/dhcpcd"
"dieharder","eddelbuettel/dieharder"
"diet-ng","rejectedsoftware/diet-ng"
"dimbl","LanguageMachines/dimbl"
"ding-libs","SSSD/ding-libs"
"diod","chaos/diod"
"discord-rpc","discord/discord-rpc"
"dislocker","Aorimn/dislocker"
"distorm3","gdabah/distorm"
"dlt-daemon","COVESA/dlt-daemon"
"dma","corecode/dma"
"dmlc-core","dmlc/dmlc-core"
"dnswire","DNS-OARC/dnswire"
"docopt.cpp","docopt/docopt"
"dolfinx-mpc","jorgensd/dolfinx_mpc"
"dosfstools","dosfstools/dosfstools"
"dotconf","williamh/dotconf"
"double-conversion","google/double-conversion"
"dqlite","canonical/dqlite"
"draco","google/draco"
"dracut","dracut-ng/dracut-ng"
"dragonbox","jk-jeon/dragonbox"
"driftnet","deiv/driftnet"
"dsdcc","f4exb/dsdcc"
"dtkcommon","linuxdeepin/dtkcommon"
"dtkcore","linuxdeepin/dtkcore"
"dtkdeclarative","linuxdeepin/dtkdeclarative"
"dtkgui","linuxdeepin/dtkgui"
"dtklog","linuxdeepin/dtklog"
"dtkwidget","linuxdeepin/dtkwidget"
"dtl","cubicdaiya/dtl"
"duo-unix","duosecurity/duo_unix"
"dwarfutils","davea42/libdwarf-code"
"dxvk","doitsujin/dxvk"
"dynarmic","merryhime/dynarmic"
"dyssol","FlowsheetSimulation/Dyssol-open"
"dzen2","robm/dzen"
"e-antic","flatsurf/e-antic"
"easyloggingpp","abumq/easyloggingpp"
"ebook-speaker","book-readers/ebook-speaker"
"eckit","ecmwf/eckit"
"eclib","JohnCremona/eclib"
"ectrans","ecmwf-ifs/ectrans"
"edac-utils","grondo/edac-utils"
"edb-debugger","eteran/edb-debugger"
"edge-addition-planarity-suite","graph-algorithms/edge-addition-planarity-suite"
"efibootguard","siemens/efibootguard"
"efivar","rhinstaller/efivar"
"egl-wayland","NVIDIA/egl-wayland"
"eiskaltdcpp","eiskaltdcpp/eiskaltdcpp"
"elinks","rkd77/elinks"
"elogind","elogind/elogind"
"epr-api","bcdev/epr-api"
"erfa","liberfa/erfa"
"erlang-base64url","dvv/base64url"
"erlang-cl","tonyrog/cl"
"erlang-goldrush","DeadZen/goldrush"
"erlang-idna","benoitc/erlang-idna"
"erlang-jose","potatosalad/erlang-jose"
"erlang-lager","erlang-lager/lager"
"erlang-luerl","rvirding/luerl"
"erlang-p1-acme","processone/p1_acme"
"erlang-p1-cache-tab","processone/cache_tab"
"erlang-p1-eimp","processone/eimp"
"erlang-p1-mqtree","processone/mqtree"
"erlang-p1-mysql","processone/p1_mysql"
"erlang-p1-oauth2","processone/p1_oauth2"
"erlang-p1-pam","processone/epam"
"erlang-p1-pgsql","processone/p1_pgsql"
"erlang-p1-pkix","processone/pkix"
"erlang-p1-sip","processone/esip"
"erlang-p1-sqlite3","processone/erlang-sqlite3"
"erlang-p1-stringprep","processone/stringprep"
"erlang-p1-stun","processone/stun"
"erlang-p1-tls","processone/fast_tls"
"erlang-p1-utils","processone/p1_utils"
"erlang-p1-xml","processone/fast_xml"
"erlang-p1-xmpp","processone/xmpp"
"erlang-p1-yaml","processone/fast_yaml"
"erlang-p1-yconf","processone/yconf"
"erlang-p1-zlib","processone/ezlib"
"erlang-redis-client","wooga/eredis"
"erlang-unicode-util-compat","benoitc/unicode_util_compat"
"esekeyd","burghardt/esekeyd"
"espeak-ng","espeak-ng/espeak-ng"
"etsf-io","ElectronicStructureLibrary/libetsf_io"
"evdi","DisplayLink/evdi"
"event-dance","elima/EventDance"
"exifprobe","hfiguiere/exifprobe"
"exodusii","certik/exodus"
"faad2","knik0/faad2"
"fakechroot","dex4er/fakechroot"
"faketime","wolfcw/libfaketime"
"falcosecurity-libs","falcosecurity/libs"
"farmhash","google/farmhash"
"fast-cpp-csv-parser","ben-strasser/fast-cpp-csv-parser"
"fast-float","fastfloat/fast_float"
"fast5","mateidavid/fast5"
"fastcdr","eProsima/Fast-CDR"
"fastdds","eProsima/Fast-DDS"
"fastobj","thisistherk/fast_obj"
"fasttext","facebookresearch/fastText"
"fathom","jdart1/Fathom"
"fatresize","ya-mouse/fatresize"
"faudio","FNA-XNA/FAudio"
"fbpager","fluxbox/fbpager"
"fcitx","fcitx/fcitx"
"fcitx5","fcitx/fcitx5"
"fcitx5-chinese-addons","fcitx/fcitx5-chinese-addons"
"fcitx5-gtk","fcitx/fcitx5-gtk"
"fcitx5-lua","fcitx/fcitx5-lua"
"fcitx5-qt","fcitx/fcitx5-qt"
"fckit","ecmwf/fckit"
"fdb","ecmwf/fdb"
"fdupes","adrianlopezroche/fdupes"
"fenicsx-performance-tests","FEniCS/performance-test"
"fermi-lite","lh3/fermi-lite"
"ffindex","ahcm/ffindex"
"ffmpegthumbnailer","dirkvdb/ffmpegthumbnailer"
"ffms2","FFMS/ffms2"
"fiat-ecmwf","ecmwf-ifs/fiat"
"filament","google/filament"
"finalcut","gansm/finalcut"
"fio","axboe/fio"
"flam3","scottdraves/flam3"
"flex","westes/flex"
"flightcrew","Sigil-Ebook/flightcrew"
"fluidsynth","Fluidsynth/fluidsynth"
"flvmeta","noirotm/flvmeta"
"fntsample","eugmes/fntsample"
"foonathan-memory","foonathan/memory"
"fortune-mod","shlomif/fortune-mod"
"fpgatools","Wolfgang-Spraul/fpgatools"
"fplll","fplll/fplll"
"fpzip","LLNL/fpzip"
"fqterm","mytbk/fqterm"
"freealut","vancegroup/freealut"
"freesweep","rwestlund/freesweep"
"friso","lionsoul2014/friso"
"frobby","Macaulay2/frobby"
"frozen","serge-sans-paille/frozen"
"frugally-deep","Dobiasd/frugally-deep"
"fstrm","farsightsec/fstrm"
"fsvs","phmarek/fsvs"
"ftgl","frankheckenbach/ftgl"
"ftxui","ArthurSonzogni/FTXUI"
"funtools","ericmandel/funtools"
"fuse","libfuse/libfuse"
"fuse-umfuse-fat","virtualsquare/fusefatfs"
"fuse3","libfuse/libfuse"
"fwupd","fwupd/fwupd"
"fyba","kartverket/fyba"
"g2","danielrmeyer/g2"
"g2clib","NOAA-EMC/NCEPLIBS-g2c"
"g810-led","MatMoul/g810-led"
"game-music-emu","libgme/game-music-emu"
"gamemode","FeralInteractive/gamemode"
"garmin-forerunner-tools","phako/garmintools"
"gatb-core","GATB/gatb-core"
"gau2grid","dgasmith/gau2grid"
"gbsplay","mmitch/gbsplay"
"gconjugue","jalvesaq/gconjugue"
"gelemental","ginggs/gelemental"
"genext2fs","bestouff/genext2fs"
"gensio","cminyard/gensio"
"genwqe-user","ibm-genwqe/genwqe-user"
"gio-qt","linuxdeepin/gio-qt"
"gkl","Intel-HLS/GKL"
"gl-image-display","dkogan/GL_image_display"
"gl4es","ptitSeb/gl4es"
"glbinding","cginternals/glbinding"
"gle","linas/glextrusion"
"glgrib","pmarguinaud/glgrib"
"glib-d","gtkd-developers/GlibD"
"globus-authz","gridcf/gct"
"globus-authz-callout-error","gridcf/gct"
"globus-callout","gridcf/gct"
"globus-common","gridcf/gct"
"globus-ftp-client","gridcf/gct"
"globus-ftp-control","gridcf/gct"
"globus-gass-cache","gridcf/gct"
"globus-gass-copy","gridcf/gct"
"globus-gass-server-ez","gridcf/gct"
"globus-gass-transfer","gridcf/gct"
"globus-gfork","gridcf/gct"
"globus-gram-client","gridcf/gct"
"globus-gram-job-manager","gridcf/gct"
"globus-gram-job-manager-callout-error","gridcf/gct"
"globus-gram-protocol","gridcf/gct"
"globus-gridftp-server","gridcf/gct"
"globus-gridftp-server-control","gridcf/gct"
"globus-gridmap-callout-error","gridcf/gct"
"globus-gridmap-eppn-callout","gridcf/gct"
"globus-gridmap-verify-myproxy-callout","gridcf/gct"
"globus-gsi-callback","gridcf/gct"
"globus-gsi-cert-utils","gridcf/gct"
"globus-gsi-credential","gridcf/gct"
"globus-gsi-openssl-error","gridcf/gct"
"globus-gsi-proxy-core","gridcf/gct"
"globus-gsi-proxy-ssl","gridcf/gct"
"globus-gsi-sysconfig","gridcf/gct"
"globus-gss-assist","gridcf/gct"
"globus-gssapi-error","gridcf/gct"
"globus-gssapi-gsi","gridcf/gct"
"globus-io","gridcf/gct"
"globus-net-manager","gridcf/gct"
"globus-openssl-module","gridcf/gct"
"globus-rsl","gridcf/gct"
"globus-scheduler-event-generator","gridcf/gct"
"globus-xio","gridcf/gct"
"globus-xio-gridftp-driver","gridcf/gct"
"globus-xio-gridftp-multicast","gridcf/gct"
"globus-xio-gsi-driver","gridcf/gct"
"globus-xio-pipe-driver","gridcf/gct"
"globus-xio-popen-driver","gridcf/gct"
"globus-xio-rate-driver","gridcf/gct"
"globus-xio-udt-driver","gridcf/gct"
"glome","google/glome"
"gloo","facebookincubator/gloo"
"glslang","KhronosGroup/glslang"
"glyr","sahib/glyr"
"gmime","jstedfast/gmime"
"gnudatalanguage","gnudatalanguage/gdl"
"golang-github-jonboulle-clockwork","jonboulle/clockwork"
"google-glog","google/glog"
"google-perftools","gperftools/gperftools"
"googletest","google/googletest"
"govarnam","varnamproject/govarnam"
"gpaste","Keruspe/GPaste"
"gpicview","lxde/gpicview"
"gprbuild","AdaCore/gprbuild"
"gpt","thiago-silva/gpt"
"gr-air-modes","bistromath/gr-air-modes"
"gr-dab","andrmuel/gr-dab"
"gr-funcube","dl1ksv/gr-funcube"
"gr-hpsdr","Tom-McDermott/gr-hpsdr"
"gr-rds","bastibl/gr-rds"
"gr-satellites","daniestevez/gr-satellites"
"granite","elementary/granite"
"granite-7","elementary/granite"
"grantlee5","steveire/grantlee"
"grfcodec","OpenTTD/grfcodec"
"gridsite","CESNET/gridsite"
"groonga-normalizer-mysql","groonga/groonga-normalizer-mysql"
"group-service","zhuyaliang/group-service"
"gsmlib","vbouchaud/gsmlib"
"gss-ntlmssp","gssapi/gss-ntlmssp"
"gtg-trace","trahay/Generic-Trace-Generator"
"gtk-layer-shell","wmww/gtk-layer-shell"
"gtk-session-lock","Cu3PO42/gtk-session-lock"
"gtk3-nocsd","PCMan/gtk3-nocsd"
"gtk4-layer-shell","wmww/gtk4-layer-shell"
"guile-ssh","artyom-poptsov/guile-ssh"
"harminv","stevengj/harminv"
"harp","stcorp/harp"
"hdapsd","evgeni/hdapsd"
"heaptrack","KDE/heaptrack"
"heatshrink","atomicobject/heatshrink"
"hera","anigmetov/hera"
"hfst-ospell","hfst/hfst-ospell"
"hidapi","libusb/hidapi"
"highway","google/highway"
"highwayhash","google/highwayhash"
"hipblas","ROCm/hipBLAS"
"hipcub","ROCm/hipCUB"
"hipfft","ROCm/hipfft"
"hipsolver","ROCm/hipSOLVER"
"hipsparse","ROCm/hipsparse"
"hiredis","redis/hiredis"
"hmat-oss","jeromerobert/hmat-oss"
"hnswlib","nmslib/hnswlib"
"hoel","babelouest/hoel"
"hopscotch-map","Tessil/hopscotch-map"
"horst","br101/horst"
"howardhinnant-date","HowardHinnant/date"
"hsetroot","himdel/hsetroot"
"htscodecs","jkbonfield/htscodecs"
"htslib","samtools/htslib"
"http-parser","joyent/http-parser"
"httperf","httperf/httperf"
"httptunnel","larsbrinkhoff/httptunnel"
"hwinfo","openSUSE/hwinfo"
"hyperscan","intel/hyperscan"
"hyphen","hunspell/hyphen"
"ibsim","linux-rdma/ibsim"
"ibus","ibus/ibus"
"ibus-anthy","fujiwarat/ibus-anthy"
"ibus-array","lexical/ibus-array"
"ibus-chewing","chewing/ibus-chewing"
"ibus-hangul","libhangul/ibus-hangul"
"ibus-rime","rime/ibus-rime"
"icecc","icecc/icecream"
"icecc-monitor","icecc/icemon"
"iddawc","babelouest/iddawc"
"ident2","mbacarella/ident2"
"identity4c","ufpidentity/identity4c"
"iec16022","rdoeffinger/iec16022"
"iitii","ekg/iitii"
"imgui","ocornut/imgui"
"immer","arximboldi/immer"
"inadyn","troglobit/inadyn"
"incron","ar-/incron"
"infinipath-psm","intel/psm"
"injeqt","vogel/injeqt"
"inotify-tools","rvoicilas/inotify-tools"
"input-pad","fujiwarat/input-pad"
"insserv","slicer69/insserv"
"intel-gmmlib","intel/gmmlib"
"intel-hdcp","intel/hdcp"
"intel-ipsec-mb","intel/intel-ipsec-mb"
"intel-media-driver","intel/media-driver"
"intel-processor-trace","intel/libipt"
"intrusive-shared-ptr","gershnik/intrusive_shared_ptr"
"inventor","aumuell/open-inventor"
"ioping","koct9i/ioping"
"ipe-tools","otfried/ipe-tools"
"ipp-crypto","intel/ipp-crypto"
"iptux","iptux-src/iptux"
"iputils","iputils/iputils"
"ircd-ircu","UndernetIRC/ircu2"
"isomd5sum","rhinstaller/isomd5sum"
"isoqlog","EnderUNIX/Isoqlog"
"isospec","MatteoLacki/IsoSpec"
"itkadaptivedenoising","ntustison/ITKAdaptiveDenoising"
"itkgenericlabelinterpolator","InsightSoftwareConsortium/ITKGenericLabelInterpolator"
"itools","arabeyes-org/itools"
"jacktrip","jacktrip/jacktrip"
"java-diff-utils","java-diff-utils/java-diff-utils"
"jbig2enc","agl/jbig2enc"
"jcal","persiancal/jcal"
"jmtpfs","JasonFerrara/jmtpfs"
"jose","latchset/jose"
"jove","jonmacs/jove"
"joy2key","joolswills/joy2key"
"jp2a","Talinx/jp2a"
"jpeg-compressor-cpp","richgel999/jpeg-compressor"
"jpeg-xl","libjxl/libjxl"
"jreen","euroelessar/jreen"
"jsmn","zserge/jsmn"
"json-c","json-c/json-c"
"jsonnet","google/jsonnet"
"jxrlib","4creators/jxrlib"
"kchmviewer","gyunaev/kchmviewer"
"kcolorpicker","ksnip/kcolorpicker"
"keybinder-3.0","engla/keybinder"
"khronos-opencl-clhpp","KhronosGroup/OpenCL-CLHPP"
"kickpass","kickpass/kickpass"
"kimageannotator","ksnip/kImageAnnotator"
"kissfft","mborgerding/kissfft"
"klog","ea4k/klog"
"kodi-game-libretro","kodi-game/game"
"kodi-pvr-mediaportal-tvserver","kodi-pvr/pvr"
"kodi-pvr-nextpvr","kodi-pvr/pvr"
"ktikz","fhackenberger/ktikz"
"kvantum","tsujan/Kvantum"
"kvazaar","ultravideo/kvazaar"
"kxl","Quipyowert2/libKXL"
"ladvd","sspans/ladvd"
"lager","arximboldi/lager"
"lapackpp","icl-utk-edu/lapackpp"
"lbfgspp","yixuan/LBFGSpp"
"lbzip2","kjn/lbzip2"
"ldc","ldc-developers/ldc"
"leaflet-markercluster","Leaflet/Leaflet"
"leatherman","puppetlabs/leatherman"
"lerc","Esri/lerc"
"level-zero","oneapi-src/level-zero"
"leveldb","google/leveldb"
"lib3mf","3MFConsortium/lib3mf"
"libad9361-iio","analogdevicesinc/libad9361-iio"
"libansilove","ansilove/libansilove"
"libapache2-mod-auth-cas","apereo/mod_auth_cas"
"libapogee3","indilib/indi-3rdparty"
"libappimage","AppImageCommunity/libappimage"
"libarcus","Ultimaker/libArcus"
"libargparse","p-ranav/argparse"
"libargs","Taywee/args"
"libass","libass/libass"
"libatomic-ops","ivmai/libatomic_ops"
"libatomic-queue","max0x7ba/atomic_queue"
"libatomicbitvector","ekg/atomicbitvector"
"libaunit","AdaCore/aunit"
"libavif","AOMediaCodec/libavif"
"libavtp","Avnu/libavtp"
"libayatana-appindicator","AyatanaIndicators/libayatana-appindicator"
"libayatana-common","AyatanaIndicators/libayatana-common"
"libayatana-indicator","AyatanaIndicators/libayatana-indicator"
"libbacktrace","ianlancetaylor/libbacktrace"
"libbde","libyal/libbde"
"libberkeleydb-perl","pmqs/BerkeleyDB"
"libbfio","libyal/libbfio"
"libbgcode","prusa3d/libbgcode"
"libbigwig","dpryan79/libBigWig"
"libbioparser-dev","rvaser/bioparser"
"libbiosoup-dev","rvaser/biosoup"
"libbitarray","noporpoise/BitArray"
"libblockdev","storaged-project/libblockdev"
"libbloom","jvirkki/libbloom"
"libbraiding","miguelmarco/libbraiding"
"libbytesize","storaged-project/libbytesize"
"libcaes","libyal/libcaes"
"libcbor","PJK/libcbor"
"libcds","khizmax/libcds"
"libchardet","Joungkyun/libchardet"
"libchdr","rtissera/libchdr"
"libcifpp","PDB-REDO/libcifpp"
"libcitygml","jklimke/libcitygml"
"libcleri","cesbit/libcleri"
"libcli","dparrish/libcli"
"libcm256cc","f4exb/cm256cc"
"libcmis","tdf/libcmis"
"libcomps","rpm-software-management/libcomps"
"libconfuse","libconfuse/libconfuse"
"libcork","dcreager/libcork"
"libcorkipset","dcreager/libcorkipset"
"libcotp","paolostivanin/libcotp"
"libcpuid","anrieff/libcpuid"
"libcreg","libyal/libcreg"
"libcsv","rgamble/libcsv"
"libcue","lipnitsk/libcue"
"libcyaml","tlsa/libcyaml"
"libdbusmenu-lxqt","lxqt/libdbusmenu-lxqt"
"libde265","strukturag/libde265"
"libdeflate","ebiggers/libdeflate"
"libdevice-usb-perl","gwadej/perl-device-usb"
"libdigidoc","open-eid/libdigidoc"
"libdisorder","locasto/libdisorder"
"libdivsufsort","y-256/libdivsufsort"
"libdjinterop","xsco/libdjinterop"
"libdnf","rpm-software-management/libdnf"
"libdogleg","dkogan/libdogleg"
"libdontdie","flonatel/libdontdie"
"libdrpm","rpm-software-management/drpm"
"libdumbnet","ofalk/libdnet"
"libe131","hhromic/libe131"
"libebur128","jiixyj/libebur128"
"libeconf","openSUSE/libeconf"
"libecpint","robashaw/libecpint"
"libedlib","Martinsos/edlib"
"libemf2svg","kakwa/libemf2svg"
"libepoxy","anholt/libepoxy"
"libequihash","stef/equihash"
"liberasurecode","openstack/liberasurecode"
"libesedb","libyal/libesedb"
"libest","cisco/libest"
"libevdevplus","YukiWorkshop/libevdevPlus"
"libevhtp","criticalstack/libevhtp"
"libevt","libyal/libevt"
"libevtx","libyal/libevtx"
"libewf","libyal/libewf-legacy"
"libfastahack","ekg/fastahack"
"libfastjson","rsyslog/libfastjson"
"libfcrypto","libyal/libfcrypto"
"libfec","fblomqvi/libfec"
"libfixmath","PetteriAimonen/libfixmath"
"libflame","flame/libflame"
"libflathashmap","skarupke/flat_hash_map"
"libfli","indilib/indi-3rdparty"
"libflorist","AdaCore/florist"
"libfm","lxde/libfm"
"libfm-qt","lxqt/libfm-qt"
"libfm-qt5","lxqt/libfm-qt"
"libfplus","Dobiasd/FunctionalPlus"
"libfreeaptx","iamthehorker/libfreeaptx"
"libfsapfs","libyal/libfsapfs"
"libfsext","libyal/libfsext"
"libfsfat","libyal/libfsfat"
"libfshfs","libyal/libfshfs"
"libfsntfs","libyal/libfsntfs"
"libfsxfs","libyal/libfsxfs"
"libfvde","libyal/libfvde"
"libfwnt","libyal/libfwnt"
"libfwsi","libyal/libfwsi"
"libfyaml","pantoniou/libfyaml"
"libgclib","gpertea/gclib"
"libgctp","OkoSanto/GCTP"
"libgd-perl","lstein/Perl-GD"
"libgdf","mbillingr/libgdf"
"libgdsii","HomerReid/libGDSII"
"libgff","COMBINE-lab/libgff"
"libgfshare","kinnison/libgfshare"
"libgnatcoll","AdaCore/gnatcoll-core"
"libgnatcoll-bindings","AdaCore/gnatcoll-bindings"
"libgnatcoll-db","AdaCore/gnatcoll-db"
"libgphoto2","gphoto/libgphoto2"
"libgtkada","AdaCore/gtkada"
"libguess","kaniini/libguess"
"libgusb","hughsie/libgusb"
"libhangul","libhangul/libhangul"
"libhat-trie","dcjones/hat-trie"
"libhitaki","alsa-project/libhitaki"
"libhmsbeagle","beagle-dev/beagle-lib"
"libhomfly","miguelmarco/libhomfly"
"libhpptools","mateidavid/hpptools"
"libhugetlbfs","libhugetlbfs/libhugetlbfs"
"libical3","libical/libical"
"libiio","analogdevicesinc/libiio"
"libiksemel","meduketto/iksemel"
"libimagequant","ImageOptim/libimagequant"
"libime","fcitx/libime"
"libimobiledevice-glue","libimobiledevice/libimobiledevice-glue"
"libinih","benhoyt/inih"
"libinstpatch","swami/libinstpatch"
"libint2","evaleev/libint"
"libips4o","vgteam/ips4o"
"libiptcdata","ianw/libiptcdata"
"libisal","intel/isa-l"
"libiscsi","sahlberg/libiscsi"
"libite","troglobit/libite"
"libitl","arabeyes-org/ITL"
"libitl-gobject","aelmahmoudy/libitl-gobject"
"libjcat","hughsie/libjcat"
"libjson-rpc-cpp","cinemast/libjson-rpc-cpp"
"libjsoncpp","open-source-parsers/jsoncpp"
"libjsonparser","udp/json-parser"
"libjwt","benmcollins/libjwt"
"libkainjow-mustache","kainjow/Mustache"
"libkdtree++","nvmd/libkdtree"
"libkdumpfile","ptesarik/libkdumpfile"
"libkiwix","kiwix/libkiwix"
"libkkc","ueno/libkkc"
"libkml","libkml/libkml"
"libkode","cornelius/libkode"
"liblastfm","lastfm/liblastfm"
"liblaxjson","andrewrk/liblaxjson"
"liblc3","google/liblc3"
"libldm","mdbooth/libldm"
"libleidenalg","vtraag/libleidenalg"
"liblms7compact","xtrx-sdr/liblms7002m"
"liblnk","libyal/liblnk"
"liblo","radarsat1/liblo"
"liblockfile","miquels/liblockfile"
"liblrdf","swh/LRDF"
"libltc","x42/libltc"
"libluksde","libyal/libluksde"
"liblxqt","lxqt/liblxqt"
"libm2k","analogdevicesinc/libm2k"
"libm4ri","malb/m4ri"
"libm4rie","malb/m4rie"
"libmacaroons","rescrv/libmacaroons"
"libmcfp","mhekkel/libmcfp"
"libmediascan","andygrundman/libmediascan"
"libmeshb","LoicMarechal/libMeshb"
"libmicrodns","videolabs/libmicrodns"
"libminc","BIC-MNI/libminc"
"libmirisdr","f4exb/libmirisdr-4"
"libmlocale","sailfishos/libmlocale"
"libmmap-allocator","ekg/mmap_allocator"
"libmmmulti","ekg/mmmulti"
"libmobi","bfabiszewski/libmobi"
"libmodi","libyal/libmodi"
"libmodulemd","fedora-modularity/libmodulemd"
"libmongo-client","algernon/libmongo-client"
"libmongocrypt","mongodb/libmongocrypt"
"libmpack","libmpack/libmpack"
"libmpack-lua","libmpack/libmpack-lua"
"libmrss","bakulf/libmrss"
"libmsiecf","libyal/libmsiecf"
"libmstoolkit","mhoopmann/mstoolkit"
"libmurmurhash","kloetzl/libmurmurhash"
"libmypaint","mypaint/libmypaint"
"libmysofa","hoene/libmysofa"
"libnbd","libguestfs/libnbd"
"libncl","mtholder/ncl"
"libnest2d","Ultimaker/libnest2d"
"libnet","libnet/libnet"
"libnet-ldapapi-perl","quanah/net-ldapapi"
"libnetconf2","CESNET/libnetconf2"
"libnewuoa","elsid/newuoa-cpp"
"libnfs","sahlberg/libnfs"
"libnginx-mod-http-auth-pam","sto/ngx_http_auth_pam_module"
"libnginx-mod-http-cache-purge","FRiCKLE/ngx_cache_purge"
"libnginx-mod-http-dav-ext","arut/nginx-dav-ext-module"
"libnginx-mod-http-echo","agentzh/echo-nginx-module"
"libnginx-mod-http-fancyindex","aperezdc/ngx-fancyindex"
"libnginx-mod-http-geoip2","leev/ngx_http_geoip2_module"
"libnginx-mod-http-headers-more-filter","openresty/headers-more-nginx-module"
"libnginx-mod-http-lua","openresty/lua-nginx-module"
"libnginx-mod-http-ndk","simpl/ngx_devel_kit"
"libnginx-mod-http-subs-filter","yaoweibin/ngx_http_substitutions_filter_module"
"libnginx-mod-http-uploadprogress","masterzen/nginx-upload-progress-module"
"libnginx-mod-http-upstream-fair","gnosek/nginx-upstream-fair"
"libnginx-mod-nchan","slact/nchan"
"libnginx-mod-rtmp","arut/nginx-rtmp-module"
"libnids","MITRECND/libnids"
"libnitrokey","Nitrokey/libnitrokey"
"libnl3","thom311/libnl"
"libnop","google/libnop"
"libnsl","thkukuk/libnsl"
"libntru","tbuktu/libntru"
"libnvme","linux-nvme/libnvme"
"libnxml","bakulf/libnxml"
"liboauth2","zmartzone/liboauth2"
"libobjcryst","diffpy/libobjcryst"
"libofa","tanob/libofa"
"libofono-qt","Kaffeine/libofono-qt"
"libofx","libofx/libofx"
"libolecf","libyal/libolecf"
"libomemo","gkdr/libomemo"
"libomemo-c","dino/libomemo-c"
"libomp-jonathonl","jonathonl/omp"
"libonig","kkos/oniguruma"
"libopaque","stef/libopaque"
"libopenaptx","pali/libopenaptx"
"libopencsd","Linaro/OpenCSD"
"liboprf","stef/liboprf"
"libp11","OpenSC/libp11"
"libpam-ufpidentity","ufpidentity/pam_ufpidentity"
"libpam-x2go","ArcticaProject/libpam-x2go"
"libpaper","rrthomas/libpaper"
"libpdb-redo","PDB-REDO/libpdb-redo"
"libpdl-io-matlab-perl","jlapeyre/PDL-IO-Matlab"
"libpff","libyal/libpff"
"libpg-query","pganalyze/libpg_query"
"libpgm","steve-o/openpgm"
"libphdi","libyal/libphdi"
"libphonenumber","googlei18n/libphonenumber"
"libpinyin","libpinyin/libpinyin"
"libpisp","raspberrypi/libpisp"
"libpktriggercord","indilib/indi-3rdparty"
"libpog","metthal/pog"
"libportal","flatpak/libportal"
"libpqxx","jtv/libpqxx"
"libpsl","rockdaboot/libpsl"
"libpsm2","01org/opa-psm2"
"libpuzzle","jedisct1/libpuzzle"
"libpwquality","libpwquality/libpwquality"
"libpyzy","hsumita/libpyzy"
"libqb","clusterlabs/libqb"
"libqcow","libyal/libqcow"
"libqes","kdmurray91/libqes"
"libqofono","sailfishos/libqofono"
"libqofonoext","sailfishos/libqofonoext"
"libqt5qxlsx","dantti/QXlsx"
"libqt5xdg","lxqt/libqtxdg"
"libqtxdg","lxqt/libqtxdg"
"libquazip","stachenov/quazip"
"libquazip1-qt5","stachenov/quazip"
"libquazip1-qt6","stachenov/quazip"
"libquotient","quotient-im/libQuotient"
"librabbitmq","alanxz/rabbitmq-c"
"librandomx","tevador/RandomX"
"libratbag","libratbag/libratbag"
"librda","ArcticaProject/librda"
"librdata","WizardMac/librdata"
"librdkafka","confluentinc/librdkafka"
"libre","baresip/re"
"libregf","libyal/libregf"
"librepfunc","wirbel-at-vdr-portal/librepfunc"
"librepo","rpm-software-management/librepo"
"libresample","minorninth/libresample"
"librime","rime/librime"
"librsync","librsync/librsync"
"libs3","bji/libs3"
"libsavitar","Ultimaker/libSavitar"
"libscca","libyal/libscca"
"libsdl2-image","libsdl-org/SDL_image"
"libsdl2-mixer","libsdl-org/SDL_mixer"
"libsdl3-image","libsdl-org/SDL_image"
"libsdl3-ttf","libsdl-org/SDL_ttf"
"libsdsl","simongog/sdsl-lite"
"libsearpc","haiwen/libsearpc"
"libseccomp","seccomp/libseccomp"
"libsecp256k1","bitcoin/secp256k1"
"libseqlib","walaj/SeqLib"
"libserial","crayzeewulf/libserial"
"libshrinkwrap","jonathonl/shrinkwrap"
"libsidplayfp","libsidplayfp/libsidplayfp"
"libsignal-protocol-c","signalapp/libsignal-protocol-c"
"libsigscan","libyal/libsigscan"
"libsimpleini","brofield/simpleini"
"libsixel","libsixel/libsixel"
"libskk","ueno/libskk"
"libslow5lib","hasindu2008/slow5lib"
"libsmb2","sahlberg/libsmb2"
"libsmdev","libyal/libsmdev"
"libsmithwaterman","ekg/smithwaterman"
"libsml","volkszaehler/libsml"
"libsmraw","libyal/libsmraw"
"libsocialcache","sailfishos/libsocialcache"
"libsolv","openSUSE/libsolv"
"libspatialaudio","videolabs/libspatialaudio"
"libspiro","fontforge/libspiro"
"libsrtp2","cisco/libsrtp"
"libssw","mengyao/Complete-Striped-Smith-Waterman-Library"
"libstaroffice","fosnola/libstaroffice"
"libstb","nothings/stb"
"libstorj","Storj/libstorj"
"libstreamvbyte","lemire/streamvbyte"
"libsv","uael/sv"
"libsysstat","lxqt/libsysstat"
"libtabixpp","ekg/tabixpp"
"libtcod","libtcod/libtcod"
"libtelnet","seanmiddleditch/libtelnet"
"libtemplates-parser","AdaCore/templates-parser"
"libtgowt","desktop-app/tg_owt"
"libthread-pool","rvaser/thread_pool"
"libticables","debrouxl/tilibs"
"libticalcs","debrouxl/tilibs"
"libticonv","debrouxl/tilibs"
"libtifiles","debrouxl/tilibs"
"libtlsrpt","sys4/libtlsrpt"
"libtpms","stefanberger/libtpms"
"libtrexio","TREX-CoE/trexio"
"libtsm","Aetf/libtsm"
"libtypec","libtypec/libtypec"
"libubootenv","sbabic/libubootenv"
"libucimf","matlinuxer2/ucimf"
"libudev0-shim","archlinux/libudev0-shim"
"libudis86","canihavesomecoffee/udis86"
"libuecc","NeoRaider/libuecc"
"libuev","troglobit/libuev"
"libuinputplus","YukiWorkshop/libuInputPlus"
"libuio","missinglinkelectronics/libuio"
"libunibreak","adah1972/libunibreak"
"libunicode-linebreak-perl","hatukanezumi/Unicode-LineBreak"
"libuninameslist","fontforge/libuninameslist"
"libunivalue","jgarzik/univalue"
"libunwind","libunwind/libunwind"
"liburing","axboe/liburing"
"libusb3380","xtrx-sdr/libusb3380"
"libusbauth-configparser","kochstefan/usbauth-all"
"libusbgx","linux-usb-gadgets/libusbgx"
"libusrsctp","sctplab/usrsctp"
"libuv1","libuv/libuv"
"libuvc","ktossell/libuvc"
"libva","intel/libva"
"libvbz-hdf-plugin","nanoporetech/vbz_compression"
"libvcflib","vcflib/vcflib"
"libvdpau-va-gl","i-rinat/libvdpau-va-gl"
"libverto","latchset/libverto"
"libvhdi","libyal/libvhdi"
"libvmdk","libyal/libvmdk"
"libvpl","intel/libvpl"
"libvsapm","libyal/libvsapm"
"libvsgpt","libyal/libvsgpt"
"libvshadow","libyal/libvshadow"
"libvslvm","libyal/libvslvm"
"libvsqlitepp","vinzenz/vsqlite--"
"libwfa2","smarco/WFA2-lib"
"libwhereami","gpakosz/whereami"
"libx86emu","wfeldt/libx86emu"
"libxdf","Yida-Lin/libxdf"
"libxeddsa","Syndace/libxeddsa"
"libxlsxwriter","jmcnamara/libxlsxwriter"
"libxmlada","AdaCore/xmlada"
"libxmlb","hughsie/libxmlb"
"libxsmm","libxsmm/libxsmm"
"libxtrx","xtrx-sdr/libxtrx"
"libxtrxdsp","xtrx-sdr/libxtrxdsp"
"libxtrxll","xtrx-sdr/libxtrxll"
"libyaml","yaml/libyaml"
"libyang","CESNET/libyang"
"libytnef","Yeraze/ytnef"
"libzc","mferland/libzc"
"libzeep","mhekkel/libzeep"
"libzen","MediaArea/ZenLib"
"libzstd","facebook/zstd"
"libzt","zyga/libzt"
"libzypp","openSUSE/libzypp"
"lincity-ng","lincity-ng/lincity-ng"
"listserialportsc","arduino/listSerialPortsC"
"litehtml","litehtml/litehtml"
"litl","trahay/LiTL"
"lksctp-tools","sctp/lksctp-tools"
"lldpad","intel/openlldp"
"lm-sensors","hramrach/lm-sensors"
"lmdbxx","bendiken/lmdbxx"
"logrotate","logrotate/logrotate"
"lshw","lyonel/lshw"
"lsof","lsof-org/lsof"
"lsyncd","axkibe/lsyncd"
"lua-compat53","keplerproject/lua-compat-5"
"lua-curses","lcurses/lcurses"
"lua-cyrussasl","JorjBauer/lua-cyrussasl"
"lua-dbi","mwild1/luadbi"
"lua-event","harningt/luaevent"
"lua-expat","lunarmodules/luaexpat"
"lua-filesystem","keplerproject/luafilesystem"
"lua-geoip","agladysh/lua-geoip"
"lua-inotify","hoelzro/linotify"
"lua-ldap","lualdap/lualdap"
"lua-lgi","pavouk/lgi"
"lua-luv","luvit/luv"
"lua-md5","keplerproject/md5"
"lua-penlight","lunarmodules/penlight"
"lua-posix","luaposix/luaposix"
"lua-redis","nrk/redis-lua"
"lua-rings","keplerproject/rings"
"lua-sec","brunoos/luasec"
"lua-sql","keplerproject/luasql"
"lua-system","lunarmodules/luasystem"
"lua-systemd","daurnimator/lua-systemd"
"lua-term","hoelzro/lua-term"
"lua-yaml","gvvaughan/lyaml"
"lua-zip","luaforge/luazip"
"lua-zlib","brimworks/lua-zlib"
"luabind","ValyriaTear/luabind"
"luajit","openresty/luajit2"
"lucene++","luceneplusplus/LucenePlusPlus"
"luksmeta","latchset/luksmeta"
"lunar-calendar","yetist/lunar-calendar"
"lunar-date","yetist/lunar-date"
"lutok","jmmv/lutok"
"lxinput","lxde/lxinput"
"lxqt-globalkeys","lxqt/lxqt-globalkeys"
"lxqt-menu-data","lxqt/lxqt-menu-data"
"lxsession","lxde/lxsession"
"lz4","lz4/lz4"
"lzfse","lzfse/lzfse"
"m4api","ktossell/m4api"
"mactelnet","haakonnessjoen/MAC-Telnet"
"madness","m-a-d-n-e-s-s/madness"
"magic-enum","Neargye/magic_enum"
"magicrescue","jbj/magicrescue"
"magpie","buddiesofbudgie/magpie"
"mailio","karastojko/mailio"
"makedumpfile","makedumpfile/makedumpfile"
"maliit-framework","maliit/framework"
"mangler","econnell/mangler"
"mapbox-geometry","mapbox/geometry"
"mapbox-polylabel","mapbox/polylabel"
"mapbox-variant","mapbox/variant"
"marisa","s-yata/marisa-trie"
"marsshooter","thelaui/M"
"martchus-cpp-utilities","Martchus/cpp-utilities"
"martchus-qtforkawesome","Martchus/qtforkawesome"
"martchus-qtutilities","Martchus/qtutilities"
"massivethreads","massivethreads/massivethreads"
"mathic","Macaulay2/mathic"
"mathicgb","Macaulay2/mathicgb"
"maxflow","gerddie/maxflow"
"mctc-lib","grimme-lab/mctc-lib"
"md4c","mity/md4c"
"mdadm","md-raid-utilities/mdadm"
"mdbtools","mdbtools/mdbtools"
"mdm","cklin/mdm"
"mdnsd","troglobit/mdnsd"
"meanwhile","obriencj/meanwhile"
"memtailor","Macaulay2/memtailor"
"meshoptimizer","zeux/meshoptimizer"
"meshsdfilter","bldeng/MeshSDFilter"
"metastore","przemoc/metastore"
"metkit","ecmwf/metkit"
"metrohash","jandrewrogers/MetroHash"
"mfem","mfem/mfem"
"microprofile","jonasmr/microprofile"
"mimalloc","microsoft/mimalloc"
"miniaudio","mackron/miniaudio"
"minimap","lh3/minimap"
"minimap2","lh3/minimap2"
"mir-core","libmir/mir-core"
"mkcal","sailfishos/mkcal"
"mktorrent","pobrn/mktorrent"
"mmlib","mmlabs-mindmaze/mmlib"
"modest","lexborisov/Modest"
"mongo-c-driver","mongodb/mongo-c-driver"
"mozc","google/mozc"
"mpc123","bucciarati/mpc123"
"mptcpd","multipath-tcp/mptcpd"
"mrgingham","dkogan/mrgingham"
"mrtdreader","rubund/mrtdreader"
"ms-gsl","Microsoft/GSL"
"mscompress","stapelberg/mscompress"
"msgpack-c","msgpack/msgpack-c"
"msgpack-cxx","msgpack/msgpack-c"
"msgpuck","rtsisyk/msgpuck"
"mstch","no1msd/mstch"
"mt-st","iustin/mt-st"
"muffin","linuxmint/muffin"
"multispeech","poretsky/multispeech"
"music","INCF/MUSIC"
"mustache-d","repeatedly/mustache-d"
"nabi","libhangul/nabi"
"nanoflann","jlblancoc/nanoflann"
"nanosvg","memononen/nanosvg"
"nanovg","memononen/nanovg"
"nats.c","nats-io/nats"
"ncbi-vdb","ncbi/ncbi-vdb"
"ndctl","pmem/ndctl"
"neatvnc","any1/neatvnc"
"nemo","linuxmint/nemo"
"nemo-qml-plugin-contacts","sailfishos/nemo-qml-plugin-contacts"
"neon-2-sse","intel/ARM_NEON_2_x86_SSE"
"netatalk","Netatalk/netatalk"
"netgen","NGSolve/netgen"
"nethogs","raboof/nethogs"
"netperf","HewlettPackard/netperf"
"nfdump","phaag/nfdump"
"nfs-ganesha","nfs-ganesha/nfs-ganesha"
"nghttp3","ngtcp2/nghttp3"
"ngtcp2","ngtcp2/ngtcp2"
"nifticlib","NIFTI-Imaging/nifti_clib"
"nlopt","stevengj/nlopt"
"node-undici","nodejs/llhttp"
"nrn-iv","neuronsimulator/iv"
"nss-pem","kdudka/nss-pem"
"nsync","google/nsync"
"ntfs-3g","tuxera/ntfs-3g"
"nthash","bcgsc/ntHash"
"ntirpc","nfs-ganesha/ntirpc"
"numactl","numactl/numactl"
"nvidia-texture-tools","castano/nvidia-texture-tools"
"nx-libs","ArcticaProject/nx-libs"
"o2","rbdannenberg/o2"
"oaknut","merryhime/oaknut"
"oas","ThomasNoll/oas"
"obconf","danakj/obconf"
"ocaml-alsa","savonet/ocaml-alsa"
"ocaml-curses","mbacarella/curses"
"ocaml-expat","whitequark/ocaml-expat"
"ocaml-gavl","savonet/ocaml-gavl"
"ocaml-ladspa","savonet/ocaml-ladspa"
"ocaml-portaudio","savonet/ocaml-portaudio"
"ocaml-pulseaudio","savonet/ocaml-pulseaudio"
"ocaml-samplerate","savonet/ocaml-samplerate"
"ocaml-soundtouch","savonet/ocaml-soundtouch"
"ocl-icd","OCL-dev/ocl-icd"
"ocurl","ygrek/ocurl"
"odc","ecmwf/odc"
"odil","lamyj/odil"
"odt2txt","dstosberg/odt2txt"
"oidc-agent","indigo-dc/oidc-agent"
"ondselsolver","Ondsel-Development/OndselSolver"
"onednn","oneapi-src/oneDNN"
"onesixtyone","trailofbits/onesixtyone"
"onnxruntime","microsoft/onnxruntime"
"opa-ff","intel/opa-ff"
"open-isns","open-iscsi/open-isns"
"openal-soft","kcat/openal-soft"
"opencc","BYVoid/OpenCC"
"opencl-clang-17","intel/opencl-clang"
"opencl-clang-18","intel/opencl-clang"
"opencl-clang-19","intel/opencl-clang"
"opencryptoki","opencryptoki/opencryptoki"
"openfec","roc-streaming/openfec"
"openjph","aous72/OpenJPH"
"openrc","openrc/openrc"
"opensc","OpenSC/OpenSC"
"opensm","linux-rdma/opensm"
"opensta","The-OpenROAD-Project/OpenSTA"
"opentelemetry-cpp","open-telemetry/opentelemetry-cpp"
"opentracing-c-wrapper","haproxytech/opentracing-c-wrapper"
"opentracing-cpp","opentracing/opentracing-cpp"
"openxr-sdk-source","KhronosGroup/OpenXR-SDK-Source"
"orcania","babelouest/orcania"
"ordered-map","Tessil/ordered-map"
"original-awk","onetrueawk/awk"
"osm-gps-map","nzjrs/osm-gps-map"
"osmpbf","openstreetmap/OSM-binary"
"ostree","ostreedev/ostree"
"owncloud-client-desktop-shell-integration-dolphin","owncloud/client-desktop-shell-integration-dolphin"
"owncloud-client-desktop-shell-integration-nautilus","owncloud/client-desktop-shell-integration-nautilus"
"p8-platform","Pulse-Eight/platform"
"packeth","jemcek/packETH"
"pacparser","manugarg/pacparser"
"pagmo","esa/pagmo2"
"paho.mqtt.c","eclipse-paho/paho"
"paho.mqtt.cpp","eclipse-paho/paho"
"pajeng","schnorr/pajeng"
"pam-pkcs11","OpenSC/pam_pkcs11"
"papilo","scipopt/papilo"
"paraglob","zeek/paraglob"
"parallel-hashmap","greg7mdp/parallel-hashmap"
"parasail","jeffdaily/parasail"
"paryfor","ekg/paryfor"
"pbcopper","PacificBiosciences/pbcopper"
"pbseqlib","PacificBiosciences/blasr_libcpp"
"pcaudiolib","espeak-ng/pcaudiolib"
"pcmanfm","lxde/pcmanfm"
"pcre2","PCRE2Project/pcre2"
"pdfresurrect","enferex/pdfresurrect"
"pdqsort","orlp/pdqsort"
"pekwm","pekdon/pekwm"
"perftest","linux-rdma/perftest"
"pgdbf","kstrauser/pgdbf"
"pgextwlist","dimitri/pgextwlist"
"pgtcl","flightaware/pgtcl"
"pico-sdk","raspberrypi/pico-sdk"
"picojson","kazuho/picojson"
"picotool","raspberrypi/picotool"
"pidgin-blinklight","nomeata/pidgin-blinklight"
"pinfo","baszoetekouw/pinfo"
"pinot","FabriceColin/pinot"
"pipexec","flonatel/pipexec"
"pkcs11-helper","OpenSC/pkcs11-helper"
"pkcs11-provider","latchset/pkcs11-provider"
"pktstat","dleonard0/pktstat"
"playerctl","altdesktop/playerctl"
"plfit","ntamas/plfit"
"plog","SergiusTheBest/plog"
"pmix","pmix/pmix"
"png23d","kyllikki/png23d"
"pngtools","mikalstill/pngtools"
"policykit-1","polkit-org/polkit"
"polyseed","tevador/polyseed"
"popt","rpm-software-management/popt"
"posixsignalmanager","textshell/posixsignalmanager"
"powercap","powercap/powercap"
"powerman","chaos/powerman"
"powertop","fenrus75/powertop"
"pqiv","phillipberndt/pqiv"
"primecount","kimwalisch/primecount"
"primesieve","kimwalisch/primesieve"
"primus-vk","felixdoerre/primus_vk"
"procmail","BuGlessRB/procmail"
"projectm","projectM-visualizer/projectm"
"prometheus-cpp","jupp0r/prometheus-cpp"
"protobuf","google/protobuf"
"protobuf-c","protobuf-c/protobuf-c"
"protozero","mapbox/protozero"
"proxychains-ng","rofl0r/proxychains-ng"
"psutils","rrthomas/psutils"
"pthreadpool","Maratyszcza/pthreadpool"
"ptl","jrmadsen/PTL"
"pwgen","tytso/pwgen"
"pybind11","pybind/pybind11"
"pybind11-json","pybind/pybind11_json"
"pygame-sdl2","renpy/pygame_sdl2"
"pystring","imageworks/pystring"
"python-bumps","bumps/bumps"
"python-cups","OpenPrinting/pycups"
"python-hiredis","redis/hiredis-py"
"python-magic","ahupp/python-magic"
"python-mapnik","mapnik/python-mapnik"
"python-pyproj","pyproj4/pyproj"
"qatlib","intel/qatlib"
"qatzip","intel/qatzip"
"qcodeeditor","Megaxela/QCodeEditor"
"qcomicbook","stolowski/QComicBook"
"qdacco","cpina/qdacco"
"qdjango","jlaine/qdjango"
"qgit","tibirna/qgit"
"qgnomeplatform","FedoraQt/QGnomePlatform"
"qhttpengine","nitroshare/qhttpengine"
"qmath3d","vpicaver/QMath3d"
"qmenumodel","AyatanaIndicators/qmenumodel"
"qmltermwidget","Swordfish90/qmltermwidget"
"qoauth","ayoy/qoauth"
"qoi","phoboslab/qoi"
"qr-code-generator","nayuki/QR-Code-generator"
"qrtr","linux-msm/qrtr"
"qt-advanced-docking-system","githubuser0xFFFF/Qt-Advanced-Docking-System"
"qt-qml-models","cavewhere/qt-qml-models"
"qtcontacts-sqlite","sailfishos/qtcontacts-sqlite"
"qtdbusextended","nemomobile/qtdbusextended"
"qterm","qterm/qterm"
"qtermwidget","lxqt/qtermwidget"
"qtkeychain","frankosterfeld/qtkeychain"
"qtmpris","sailfishos/qtmpris"
"qtspell","manisandro/qtspell"
"qtxdg-tools","lxqt/qtxdg-tools"
"quickfix","quickfix/quickfix"
"quickflux","benlau/quickflux"
"quicktree","khowe/quicktree"
"qwebdavlib","fredldotme/qwebdavlib"
"qwprot","QW-Group/qwprot"
"qzxing","ftylitak/qzxing"
"ragel","adrian-thurston/ragel"
"raintpl","feulf/raintpl3"
"rang","agauniyal/rang"
"range-v3","ericniebler/range-v3"
"rapidfuzz-cpp","maxbachmann/RapidFuzz"
"raqm","HOST-Oman/libraqm"
"rc","rakitzis/rc"
"rccl","ROCm/rccl"
"rcheevos","RetroAchievements/rcheevos"
"rdma-core","linux-rdma/rdma-core"
"re2","google/re2"
"readerwriterqueue","cameron314/readerwriterqueue"
"readpe","mentebinaria/readpe"
"readstat","WizardMac/ReadStat"
"recastnavigation","recastnavigation/recastnavigation"
"recode","rrthomas/recode"
"relacy","dvyukov/relacy"
"rem","baresip/rem"
"reproc","DaanDeMeyer/reproc"
"reptyr","nelhage/reptyr"
"restinio","Stiffstream/restinio"
"resvg","linebender/resvg"
"rhonabwy","babelouest/rhonabwy"
"rkcommon","RenderKit/rkcommon"
"rlottie","Samsung/rlottie"
"rlwrap","hanslub42/rlwrap"
"rmagic","jeremywadsack/reportmagic"
"robin-map","Tessil/robin-map"
"rocalution","ROCm/rocALUTION"
"rocblas","ROCm/rocBLAS"
"rocdbgapi","ROCm/ROCdbgapi"
"rocfft","ROCm/rocfft"
"rocm-compilersupport","ROCm/ROCm-CompilerSupport"
"rocm-device-libs","ROCm/ROCm-Device-Libs"
"rocm-hipamd","ROCm/clr"
"rocm-smi-lib","ROCm/rocm_smi_lib"
"rocprim","ROCm/rocPRIM"
"rocr-runtime","ROCm/ROCR-Runtime"
"rocrand","ROCm/rocRAND"
"rocsolver","ROCm/rocSOLVER"
"rocsparse","ROCm/rocSPARSE"
"roct-thunk-interface","ROCm/ROCT-Thunk-Interface"
"rocthrust","rocm/rocthrust"
"roctracer","ROCm/roctracer"
"rolldice","sstrickl/rolldice"
"ros-navigation-msgs","ros-planning/navigation_msgs"
"ros2-ament-index","ament/ament_index"
"ros2-osrf-testing-tools-cpp","osrf/osrf_testing_tools_cpp"
"ros2-performance-test-fixture","ros2/performance_test_fixture"
"ros2-rcpputils","ros2/rcpputils"
"ros2-rcutils","ros2/rcutils"
"ros2-rosidl","ros2/rosidl"
"rotix","shemminga/rotix"
"rpcsvc-proto","thkukuk/rpcsvc-proto"
"rpma","pmem/rpma"
"rtkit","heftig/rtkit"
"ru-tts","poretsky/ru_tts"
"ruby-hiredis","redis/hiredis-rb"
"ruby-prof","ruby-prof/ruby-prof"
"rulex","poretsky/rulex"
"rust-dolby-vision","quietvoid/dovi_tool"
"rust-fips203-ffi","integritychain/fips203"
"rust-rav1e","xiph/rav1e"
"ruy","google/ruy"
"safecat","aperezdc/safecat"
"safeint","dcleblanc/SafeInt"
"sail","HappySeaFox/sail"
"savvy","statgen/savvy"
"sbjson","SBJson/SBJson"
"scanmem","scanmem/scanmem"
"schroedinger-coordgenlibs","schrodinger/coordgenlibs"
"scim","scim-im/scim"
"scim-pinyin","scim-im/scim-pinyin"
"scitokens-cpp","scitokens/scitokens-cpp"
"scrub","chaos/scrub"
"sdbus-cpp","Kistler-Group/sdbus-cpp"
"sdl-kitchensink","katajakasa/SDL_kitchensink"
"sdl12-compat","libsdl-org/sdl12-compat"
"sdl2-compat","libsdl-org/sdl2-compat"
"sdl2-pango","markuskimius/SDL2_Pango"
"sdop","PhilipHazel/SDoP"
"seafile","haiwen/seafile"
"secsipidx","asipto/secsipidx"
"sentencepiece","google/sentencepiece"
"sep","sep-developers/sep"
"serialdv","f4exb/serialDV"
"setcover","martin-steinegger/setcover"
"sexpp","rnpgp/sexpp"
"sfarklib","raboof/sfArkLib"
"sfsexp","mjsottile/sfsexp"
"sfst","santhoshtr/sfst"
"shaderc","google/shaderc"
"shadow","shadow-maint/shadow"
"shairplay","juhovh/shairplay"
"shine","savonet/shine"
"sigscheme","uim/sigscheme"
"sigviewer","cbrnr/sigviewer"
"simavr","buserror/simavr"
"simde","simd-everywhere/simde"
"simdjson","lemire/simdjson"
"singleapplication","itay-grudev/SingleApplication"
"skypat","skymizer/SkyPat"
"slop","naelstrof/slop"
"snapd-glib","snapcore/snapd-glib"
"snowball-data","snowballstem/snowball-data"
"snp-sites","sanger-pathogens/snp-sites"
"soapysdr","pothosware/SoapySDR"
"socket++","malaterre/socketxx-1"
"sockstat","alteholz/sockstat"
"softflowd","irino/softflowd"
"sombok","hatukanezumi/sombok"
"sonic","waywardgeek/sonic"
"sonivox","pedrolcl/sonivox"
"soplex","scipopt/soplex"
"soqt","coin3d/soqt"
"sparsehash","sparsehash/sparsehash"
"spdlog","gabime/spdlog"
"spectrwm","conformal/spectrwm"
"spfft","eth-cscs/SpFFT"
"spirv-cross","KhronosGroup/SPIRV-Cross"
"spirv-headers","KhronosGroup/SPIRV-Headers"
"spirv-llvm-translator-17","KhronosGroup/SPIRV-LLVM-Translator"
"spirv-llvm-translator-18","KhronosGroup/SPIRV-LLVM-Translator"
"spirv-llvm-translator-19","KhronosGroup/SPIRV-LLVM-Translator"
"spirv-tools","KhronosGroup/SPIRV-Tools"
"spoa","rvaser/spoa"
"sqlite-modern-cpp","SqliteModernCpp/sqlite_modern_cpp"
"squashfs-tools-ng","AgentD/squashfs-tools-ng"
"squashfuse","vasi/squashfuse"
"sra-sdk","ncbi/sra-tools"
"srpc","sogou/srpc"
"srt","Haivision/srt"
"ssdeep","ssdeep-project/ssdeep"
"sshfs-fuse","libfuse/sshfs"
"sslscan","rbsec/sslscan"
"sssd","SSSD/sssd"
"staden-io-lib","jkbonfield/io_lib"
"stdgpu","stotko/stdgpu"
"stellarsolver","rlancaste/stellarsolver"
"stlink","stlink-org/stlink"
"stringencoders","client9/stringencoders"
"sudoku","cinemast/sudoku"
"sunclock","nongiach/Sunclock"
"sunpinyin","sunpinyin/sunpinyin"
"superlu","xiaoyeli/superlu"
"superlu-dist","xiaoyeli/superlu_dist"
"svgpp","svgpp/svgpp"
"svn-all-fast-export","svn-all-fast-export/svn2git"
"swami","swami/swami"
"swapspace","Tookmund/Swapspace"
"symfpu","martin-cs/symfpu"
"synaptic","mvo5/synaptic"
"sysbench","akopytov/sysbench"
"sysfsutils","linux-ras/sysfsutils"
"systemc","accellera-official/systemc"
"sysvinit","slicer69/sysvinit"
"taggrepper","kumanna/taggrepper"
"tao-config","taocpp/config"
"tao-json","taocpp/json"
"tao-pegtl","taocpp/PEGTL"
"tasmanian","ORNL/TASMANIAN"
"tbox","tboox/tbox"
"tcl-syslog","mxmanghi/tcl-syslog"
"tcl-unix-sockets","cyanogilvie/unix_sockets"
"tclxml","wjoye/tclxml"
"tcmu","open-iscsi/tcmu-runner"
"tcpflow","simsong/tcpflow"
"tcplay","bwalex/tc-play"
"tcptraceroute","mct/tcptraceroute"
"td","tdlib/td"
"td1.8.11","tdlib/td"
"teckit","silnrsi/teckit"
"teg","wfx/teg"
"tensorpipe","pytorch/tensorpipe"
"termbox","nsf/termbox"
"terraphast","amkozlov/terraphast-one"
"thinkfan","vmatare/thinkfan"
"ticcutils","LanguageMachines/ticcutils"
"tilda","lanoxx/tilda"
"tinycbor","intel/tinycbor"
"tinyexr","syoyo/tinyexr"
"tinyframe","DNS-OARC/tinyframe"
"tinygltf","syoyo/tinygltf"
"tinyobjloader","tinyobjloader/tinyobjloader"
"tinyusb","hathach/tinyusb"
"tl-optional","TartanLlama/optional"
"tlsh","trendmicro/tlsh"
"tmux","tmux/tmux"
"tnat64","andrewshadura/tnat64"
"tnef","verdammelt/tnef"
"toml11","ToruNiina/toml11"
"tp-smapi","linux-thinkpad/tp_smapi"
"tpm2-abrmd","intel/tpm2-abrmd"
"tpm2-openssl","tpm2-software/tpm2-openssl"
"tpm2-pkcs11","tpm2-software/tpm2-pkcs11"
"tpm2-tss","tpm2-software/tpm2-tss"
"tpm2-tss-engine","tpm2-software/tpm2-tss-engine"
"traildb","traildb/traildb"
"trayer","sargon/trayer-srg"
"tree-sitter-c","tree-sitter/tree-sitter-c"
"tree-sitter-lua","tree-sitter-grammars/tree-sitter-lua"
"tree-sitter-markdown","tree-sitter-grammars/tree-sitter-markdown"
"tree-sitter-query","tree-sitter-grammars/tree-sitter-query"
"tree-sitter-vim","tree-sitter-grammars/tree-sitter-vim"
"tree-sitter-vimdoc","neovim/tree-sitter-vimdoc"
"treeland-protocols","linuxdeepin/treeland-protocols"
"treeviewx","rdmpage/treeviewx"
"trickle","mariusae/trickle"
"trompeloeil-cpp","rollbear/trompeloeil"
"tstools","kynesim/tstools"
"tty-clock","xorg62/tty-clock"
"ttyrec","ovh/ovh-ttyrec"
"tuning-library","surge-synthesizer/tuning-library"
"tweeny","mobius3/tweeny"
"udisks2-qt5","linuxdeepin/udisks2-qt5"
"uim","uim/uim"
"ukui-interface","ukui/ukui-interface"
"ulfius","babelouest/ulfius"
"umockdev","martinpitt/umockdev"
"unibilium","neovim/unibilium"
"unifrac-tools","biocore/unifrac-binaries"
"unilog","Xilinx/Vitis-AI"
"units-cpp","nholthaus/units"
"unittest++","unittest-cpp/unittest-cpp"
"universal-detector","MacPaw/universal-detector"
"unshield","twogood/unshield"
"unworkable","niallo/Unworkable"
"upb","protocolbuffers/upb"
"uptimed","rpodgorny/uptimed"
"urdfdom","ros/urdfdom"
"urdfdom-headers","ros/urdfdom_headers"
"usbmuxd","libimobiledevice/usbmuxd"
"usbutils","gregkh/usbutils"
"usepackage","jonathanhogg/usepackage"
"utf8proc","JuliaStrings/utf8proc"
"utfcpp","nemtrif/utfcpp"
"util-linux","util-linux/util-linux"
"uudeview","hannob/uudeview"
"v4l2loopback","umlaeute/v4l2loopback"
"vagalume","bertogg/vagalume"
"vala-panel","rilian-la-te/vala-panel"
"valijson","tristanpenman/valijson"
"vart","Xilinx/Vitis-AI"
"vc","VcDevel/Vc"
"vdt","dpiparo/vdt"
"veccore","root-project/veccore"
"velvet","dzerbino/velvet"
"vixl","Linaro/vixl"
"vkfft","DTolm/VkFFT"
"vnlog","dkogan/vnlog"
"vpnc","streambinder/vpnc"
"vtk-dicom","dgobbi/vtk-dicom"
"vulkan-loader","KhronosGroup/Vulkan-Loader"
"vulkan-memory-allocator","GPUOpen-LibrariesAndSDKs/VulkanMemoryAllocator"
"vulkan-utility-libraries","KhronosGroup/Vulkan-Utility-Libraries"
"vulkan-validationlayers","KhronosGroup/Vulkan-ValidationLayers"
"vulkan-volk","zeux/volk"
"waylandpp","NilsBrause/waylandpp"
"wbar","rodolf0/wbar"
"wbxml2","libwbxml/libwbxml"
"websocketpp","zaphoyd/websocketpp"
"welcome2l","voyageur/welcome2l"
"wf-config","WayfireWM/wf-config"
"wmctrl","Conservatory/wmctrl"
"wml","thewml/website-meta-language"
"wmpinboard","bbidulock/wmpinboard"
"woff2","google/woff2"
"workflow","sogou/workflow"
"wreport","ARPA-SIMC/wreport"
"wslay","tatsuhiro-t/wslay"
"wtmpdb","thkukuk/wtmpdb"
"wvstreams","apenwarr/wvstreams"
"wyhash","wangyi-fudan/wyhash"
"x52pro","seesturm/x52lib"
"xapp","linuxmint/xapp"
"xar","apple-oss-distributions/xar"
"xarchiver","ib/xarchiver"
"xbyak","herumi/xbyak"
"xcb-imdkit","fcitx/xcb-imdkit"
"xcb-util-xrm","Airblader/xcb-util-xrm"
"xchm","rzvncj/xCHM"
"xclip","astrand/xclip"
"xdg-utils-cxx","azubieta/xdg-utils-cxx"
"xdotool","jordansissel/xdotool"
"xdp-tools","xdp-project/xdp-tools"
"xenium","mpoeter/xenium"
"xeus","jupyter-xeus/xeus"
"xeus-zmq","jupyter-xeus/xeus-zmq"
"xf86-input-mtrack","BlueDragonX/xf86-input-mtrack"
"xfpt","PhilipHazel/xfpt"
"xinv3d","JoesCat/xinvaders3d"
"xir","Xilinx/Vitis-AI"
"xjump","hugomg/xjump"
"xnec2c","KJ7LNW/xnec2c"
"xnnpack","google/XNNPACK"
"xosd","Schlauf/libXosd"
"xosview","hills/xosview"
"xprintidle","g0hl1n/xprintidle"
"xraylib","tschoonj/xraylib"
"xsensors","Mystro256/xsensors"
"xsettings-kde","KDE/xsettings-kde"
"xsimd","xtensor-stack/xsimd"
"xtb","grimme-lab/xtb"
"xtensor","xtensor-stack/xtensor"
"xtensor-blas","xtensor-stack/xtensor-blas"
"xtl","xtensor-stack/xtl"
"xwiimote","xwiimote/xwiimote"
"xxsds-dynamic","xxsds/DYNAMIC"
"xylib","wojdyr/xylib"
"yafc","sebastinas/yafc"
"yaml-cpp","jbeder/yaml-cpp"
"yascreen","bbonev/yascreen"
"yasm","yasm/yasm"
"yatm","mlang/yatm"
"yder","babelouest/yder"
"ykclient","Yubico/yubico-c-client"
"yorick-yeti","emmt/Yeti"
"yyjson","ibireme/yyjson"
"z3","Z3Prover/z3"
"zarchive","Exzap/ZArchive"
"zatacka","simenheg/zatackax"
"zbar","mchehab/zbar"
"zchunk","zchunk/zchunk"
"zimg","sekrit-twc/zimg"
"zlog","HardySimpson/zlog"
"zmat","NeuroJSON/zmat"
"zmk","zyga/zmk"
"znc","FruitieX/znc-backlog"
"zopfli","google/zopfli"
"zstd-jni-java","luben/zstd-jni"
"zug","arximboldi/zug"
"zvbi","zapping-vbi/zvbi"
"zxcvbn-c","tsyrogit/zxcvbn-c"
"zxing-cpp","zxing-cpp/zxing-cpp"
"zycore-c","zyantific/zycore-c"
"zziplib","gdraheim/zziplib"
