repo,repo_id,date,cve
ai/nanoid,99401299,2022-01-21,CVE-2021-23566
ai/nanoid,99401299,2024-12-09,CVE-2024-55565
aio-libs/aiohttp,13258039,2021-02-26,CVE-2021-21330
aio-libs/aiohttp,13258039,2023-07-20,CVE-2023-37276
aio-libs/aiohttp,13258039,2023-11-14,CVE-2023-47627
aio-libs/aiohttp,13258039,2023-11-14,CVE-2023-47641
aio-libs/aiohttp,13258039,2023-11-27,CVE-2023-49081
aio-libs/aiohttp,13258039,2023-11-27,CVE-2023-49082
aio-libs/aiohttp,13258039,2023-11-27,GHSA-pjjw-qhg8-p2p9
aio-libs/aiohttp,13258039,2024-01-29,CVE-2024-23334
aio-libs/aiohttp,13258039,2024-01-29,CVE-2024-23829
aio-libs/aiohttp,13258039,2024-04-18,CVE-2024-27306
aio-libs/aiohttp,13258039,2024-05-03,CVE-2024-30251
aio-libs/aiohttp,13258039,2024-08-09,CVE-2024-42367
aio-libs/aiohttp,13258039,2024-11-18,CVE-2024-52303
aio-libs/aiohttp,13258039,2024-11-18,CVE-2024-52304
aio-libs/aiohttp,13258039,2025-07-14,CVE-2025-53643
ajv-validator/ajv,35914020,2022-02-10,CVE-2020-15366
alexcrichton/tar-rs,21946092,2021-07-19,CVE-2021-38511
alexcrichton/tar-rs,21946092,2021-08-25,CVE-2018-20990
alexhuszagh/rust-lexical,155286170,2023-09-03,GHSA-2326-pfpj-vx3h
alexhuszagh/rust-lexical,155286170,2023-09-03,GHSA-c2hm-mjxv-89r4
amanieu/parking_lot,58731560,2021-08-25,CVE-2020-35910
andialbrecht/sqlparse,4067434,2021-09-10,CVE-2021-32839
andialbrecht/sqlparse,4067434,2023-04-18,CVE-2023-30608
andialbrecht/sqlparse,4067434,2024-04-15,CVE-2024-4340
antonk52/lilconfig,238967485,2024-10-31,CVE-2024-21537
apache/airflow,33884891,2021-02-17,BIT-airflow-2021-26559
apache/airflow,33884891,2021-02-17,BIT-airflow-2021-26697
apache/airflow,33884891,2021-04-20,BIT-airflow-2020-17515
apache/airflow,33884891,2021-04-20,BIT-airflow-2020-17526
apache/airflow,33884891,2021-04-30,BIT-airflow-2020-13927
apache/airflow,33884891,2021-05-02,BIT-airflow-2021-28359
apache/airflow,33884891,2021-06-18,BIT-airflow-2020-13944
apache/airflow,33884891,2021-08-16,BIT-airflow-2021-35936
apache/airflow,33884891,2021-09-09,BIT-airflow-2021-38540
apache/airflow,33884891,2022-01-20,BIT-airflow-2021-45230
apache/airflow,33884891,2022-02-25,BIT-airflow-2021-45229
apache/airflow,33884891,2022-02-25,BIT-airflow-2022-24288
apache/airflow,33884891,2022-05-14,CVE-2017-12614
apache/airflow,33884891,2022-08-17,CVE-2022-38362
apache/airflow,33884891,2022-09-02,BIT-airflow-2022-38054
apache/airflow,33884891,2022-09-02,BIT-airflow-2022-38170
apache/airflow,33884891,2022-09-21,BIT-airflow-2022-40604
apache/airflow,33884891,2022-09-21,BIT-airflow-2022-40754
apache/airflow,33884891,2022-10-07,BIT-airflow-2022-41672
apache/airflow,33884891,2022-11-02,BIT-airflow-2022-43982
apache/airflow,33884891,2022-11-02,BIT-airflow-2022-43985
apache/airflow,33884891,2022-11-14,BIT-airflow-2022-27949
apache/airflow,33884891,2022-11-14,BIT-airflow-2022-40127
apache/airflow,33884891,2022-11-15,BIT-airflow-2022-45402
apache/airflow,33884891,2022-11-22,BIT-airflow-2022-38649
apache/airflow,33884891,2022-11-22,BIT-airflow-2022-40189
apache/airflow,33884891,2022-11-22,BIT-airflow-2022-40954
apache/airflow,33884891,2023-01-21,BIT-airflow-2023-22884
apache/airflow,33884891,2023-02-24,CVE-2023-25691
apache/airflow,33884891,2023-02-24,CVE-2023-25692
apache/airflow,33884891,2023-02-24,CVE-2023-25956
apache/airflow,33884891,2023-03-15,BIT-airflow-2023-25695
apache/airflow,33884891,2023-04-07,CVE-2023-28707
apache/airflow,33884891,2023-05-08,BIT-airflow-2023-25754
apache/airflow,33884891,2023-05-08,BIT-airflow-2023-29247
apache/airflow,33884891,2023-06-19,BIT-airflow-2023-35005
apache/airflow,33884891,2023-06-27,CVE-2023-35798
apache/airflow,33884891,2023-07-06,CVE-2023-33234
apache/airflow,33884891,2023-07-12,BIT-airflow-2022-46651
apache/airflow,33884891,2023-07-12,BIT-airflow-2023-22887
apache/airflow,33884891,2023-07-12,BIT-airflow-2023-22888
apache/airflow,33884891,2023-07-12,BIT-airflow-2023-35908
apache/airflow,33884891,2023-07-12,BIT-airflow-2023-36543
apache/airflow,33884891,2023-08-05,BIT-airflow-2023-39508
apache/airflow,33884891,2023-08-11,CVE-2023-39553
apache/airflow,33884891,2023-08-23,BIT-airflow-2023-37379
apache/airflow,33884891,2023-08-23,BIT-airflow-2023-39441
apache/airflow,33884891,2023-08-23,BIT-airflow-2023-40273
apache/airflow,33884891,2023-09-12,BIT-airflow-2023-40611
apache/airflow,33884891,2023-09-12,BIT-airflow-2023-40712
apache/airflow,33884891,2023-10-14,BIT-airflow-2023-42663
apache/airflow,33884891,2023-10-14,BIT-airflow-2023-42780
apache/airflow,33884891,2023-10-14,BIT-airflow-2023-42792
apache/airflow,33884891,2023-10-14,BIT-airflow-2023-45348
apache/airflow,33884891,2023-10-23,BIT-airflow-2023-46288
apache/airflow,33884891,2023-10-28,BIT-airflow-2023-46215
apache/airflow,33884891,2023-11-12,BIT-airflow-2023-42781
apache/airflow,33884891,2023-11-12,BIT-airflow-2023-47037
apache/airflow,33884891,2023-12-21,BIT-airflow-2023-47265
apache/airflow,33884891,2023-12-21,BIT-airflow-2023-48291
apache/airflow,33884891,2023-12-21,BIT-airflow-2023-49920
apache/airflow,33884891,2023-12-21,BIT-airflow-2023-50783
apache/airflow,33884891,2024-01-24,BIT-airflow-2023-50943
apache/airflow,33884891,2024-01-24,BIT-airflow-2023-50944
apache/airflow,33884891,2024-01-24,BIT-airflow-2023-51702
apache/airflow,33884891,2024-02-29,BIT-airflow-2024-27906
apache/airflow,33884891,2024-03-01,BIT-airflow-2024-26280
apache/airflow,33884891,2024-03-14,BIT-airflow-2024-28746
apache/airflow,33884891,2024-03-26,BIT-airflow-2024-29735
apache/airflow,33884891,2024-04-18,BIT-airflow-2024-31869
apache/airflow,33884891,2024-04-21,CVE-2024-29733
apache/airflow,33884891,2024-05-14,BIT-airflow-2024-32077
apache/airflow,33884891,2024-06-14,BIT-airflow-2024-25142
apache/airflow,33884891,2024-07-17,BIT-airflow-2024-39863
apache/airflow,33884891,2024-07-17,BIT-airflow-2024-39877
apache/airflow,33884891,2024-08-05,CVE-2024-42447
apache/airflow,33884891,2024-08-21,BIT-airflow-2024-41937
apache/airflow,33884891,2024-09-07,BIT-airflow-2024-45034
apache/airflow,33884891,2024-09-07,BIT-airflow-2024-45498
apache/airflow,33884891,2024-11-08,BIT-airflow-2024-50378
apache/airflow,33884891,2024-11-15,BIT-airflow-2024-45784
apache/airflow,33884891,2025-01-08,CVE-2024-45033
apache/airflow,33884891,2025-03-19,CVE-2025-27018
apache/airflow,33884891,2025-04-07,CVE-2025-30473
apache/airflow,33884891,2025-06-24,CVE-2025-50213
apache/airflow,33884891,2025-09-26,BIT-airflow-2025-54831
apache/airflow,33884891,2025-10-30,BIT-airflow-2025-54941
apache/airflow,33884891,2025-10-30,BIT-airflow-2025-62402
apache/airflow,33884891,2025-10-30,BIT-airflow-2025-62503
apache/airflow,33884891,2025-12-15,BIT-airflow-2025-66388
apache/arrow,51905353,2022-05-24,CVE-2019-12408
apache/arrow,51905353,2022-05-24,CVE-2019-12410
apache/arrow,51905353,2023-11-09,CVE-2023-47248
apache/arrow,51905353,2024-11-28,CVE-2024-52338
apache/arrow-rs,358917250,2021-09-14,GHSA-h588-76vg-prgj
apache/arrow-rs,358917250,2021-09-14,GHSA-qgrp-8f3v-q85p
apache/arrow-rs,358917250,2021-09-14,GHSA-r7cj-wmwv-hfw5
archlinux/linux,142707813,2021-05-27,DEBIAN-CVE-2008-2544
archlinux/linux,142707813,2021-06-07,DEBIAN-CVE-2018-25015
archlinux/linux,142707813,2021-11-02,DEBIAN-CVE-2017-5123
archlinux/linux,142707813,2021-12-08,DEBIAN-CVE-2018-25020
archlinux/linux,142707813,2022-04-18,DEBIAN-CVE-2011-4917
archlinux/linux,142707813,2022-07-12,DEBIAN-CVE-2011-4916
archlinux/linux,142707813,2024-06-27,DEBIAN-CVE-2016-20022
axios/axios,23088740,2021-01-04,CVE-2020-28168
axios/axios,23088740,2021-09-01,CVE-2021-3749
axios/axios,23088740,2023-11-08,CVE-2023-45857
axios/axios,23088740,2024-08-12,CVE-2024-39338
axios/axios,23088740,2025-03-07,CVE-2025-27152
axios/axios,23088740,2025-09-11,CVE-2025-58754
azure/azure-sdk-for-js,108311273,2024-06-11,CVE-2024-35255
azure/azure-sdk-for-python,4127088,2022-07-13,CVE-2022-30187
azure/azure-sdk-for-python,4127088,2024-06-11,CVE-2024-35255
babel/babel,24560307,2023-10-16,CVE-2023-45133
babel/babel,24560307,2025-03-11,CVE-2025-27789
bincode-org/bincode,24130045,2025-12-16,RUSTSEC-2025-0141
bminor/glibc,13868694,2021-01-04,DEBIAN-CVE-2019-25013
bminor/glibc,13868694,2021-01-27,DEBIAN-CVE-2021-3326
bminor/glibc,13868694,2021-02-24,DEBIAN-CVE-2021-27645
bminor/glibc,13868694,2021-02-26,DEBIAN-CVE-2020-27618
bminor/glibc,13868694,2021-05-25,DEBIAN-CVE-2021-33574
bminor/glibc,13868694,2021-07-22,DEBIAN-CVE-2021-35942
bminor/glibc,13868694,2021-11-04,DEBIAN-CVE-2021-43396
bminor/glibc,13868694,2022-01-14,DEBIAN-CVE-2022-23218
bminor/glibc,13868694,2022-01-14,DEBIAN-CVE-2022-23219
bminor/glibc,13868694,2022-08-24,DEBIAN-CVE-2021-3998
bminor/glibc,13868694,2022-08-24,DEBIAN-CVE-2021-3999
bminor/glibc,13868694,2022-10-17,DLA-3152-1
bminor/glibc,13868694,2023-06-25,DEBIAN-CVE-2015-20109
bminor/glibc,13868694,2023-09-12,DEBIAN-CVE-2023-4813
bminor/glibc,13868694,2023-09-18,DEBIAN-CVE-2023-4527
bminor/glibc,13868694,2023-09-18,DEBIAN-CVE-2023-4806
bminor/glibc,13868694,2023-09-25,DEBIAN-CVE-2023-5156
bminor/glibc,13868694,2023-10-03,DEBIAN-CVE-2023-4911
bminor/glibc,13868694,2023-10-03,DSA-5514-1
bminor/glibc,13868694,2024-01-30,DSA-5611-1
bminor/glibc,13868694,2024-01-31,DEBIAN-CVE-2023-6246
bminor/glibc,13868694,2024-01-31,DEBIAN-CVE-2023-6779
bminor/glibc,13868694,2024-01-31,DEBIAN-CVE-2023-6780
bminor/glibc,13868694,2024-04-17,DEBIAN-CVE-2024-2961
bminor/glibc,13868694,2024-04-23,DSA-5673-1
bminor/glibc,13868694,2024-05-03,DSA-5678-1
bminor/glibc,13868694,2024-05-04,DLA-3807-1
bminor/glibc,13868694,2024-05-06,DEBIAN-CVE-2024-33599
bminor/glibc,13868694,2024-05-06,DEBIAN-CVE-2024-33600
bminor/glibc,13868694,2024-05-06,DEBIAN-CVE-2024-33601
bminor/glibc,13868694,2024-05-06,DEBIAN-CVE-2024-33602
bminor/glibc,13868694,2024-06-30,DLA-3850-1
bminor/glibc,13868694,2025-01-22,DEBIAN-CVE-2025-0395
bminor/glibc,13868694,2025-04-30,DLA-4143-1
bminor/glibc,13868694,2025-05-16,DEBIAN-CVE-2025-4802
bminor/glibc,13868694,2025-05-27,DLA-4181-1
bminor/glibc,13868694,2025-06-05,DEBIAN-CVE-2025-5702
bminor/glibc,13868694,2025-06-05,DEBIAN-CVE-2025-5745
bminor/glibc,13868694,2025-07-23,DEBIAN-CVE-2025-8058
browserslist/browserslist,27971466,2021-05-24,CVE-2021-23364
bytecodealliance/rustix,295544240,2023-10-18,CVE-2024-43806
c-ares/c-ares,571708,2021-05-13,DEBIAN-CVE-2020-14354
c-ares/c-ares,571708,2021-08-10,DLA-2738-1
c-ares/c-ares,571708,2021-08-10,DSA-4954-1
c-ares/c-ares,571708,2021-11-23,DEBIAN-CVE-2021-3672
c-ares/c-ares,571708,2023-02-18,DLA-3323-1
c-ares/c-ares,571708,2023-03-06,DEBIAN-CVE-2022-4904
c-ares/c-ares,571708,2023-05-25,DEBIAN-CVE-2023-31124
c-ares/c-ares,571708,2023-05-25,DEBIAN-CVE-2023-31130
c-ares/c-ares,571708,2023-05-25,DEBIAN-CVE-2023-31147
c-ares/c-ares,571708,2023-05-25,DEBIAN-CVE-2023-32067
c-ares/c-ares,571708,2023-06-07,DSA-5419-1
c-ares/c-ares,571708,2023-06-26,DLA-3471-1
c-ares/c-ares,571708,2023-08-22,DEBIAN-CVE-2020-22217
c-ares/c-ares,571708,2023-09-15,DLA-3567-1
c-ares/c-ares,571708,2024-02-23,DEBIAN-CVE-2024-25629
c-ares/c-ares,571708,2025-04-08,DEBIAN-CVE-2025-31498
c-ares/c-ares,571708,2025-12-08,DEBIAN-CVE-2025-62408
c-ares/c-ares,571708,2025-12-18,DSA-6084-1
caolan/async,698041,2022-04-07,CVE-2021-43138
certifi/python-certifi,3060959,2022-12-07,CVE-2022-23491
certifi/python-certifi,3060959,2023-07-25,CVE-2023-37920
certifi/python-certifi,3060959,2024-07-05,CVE-2024-39689
chalk/ansi-regex,20451415,2021-09-20,CVE-2021-3807
chalk/ansi-regex,20451415,2025-09-08,GHSA-jvhh-2m83-6w29
chalk/ansi-styles,11803168,2025-09-08,GHSA-p5rr-crjh-x7gr
chalk/chalk,11855195,2025-09-08,GHSA-2v46-p5h4-248w
chalk/slice-ansi,43191689,2025-09-08,GHSA-9xjj-cmqc-578p
chalk/strip-ansi,15014856,2025-09-08,GHSA-vfjc-p7x3-q864
chalk/supports-color,11855007,2025-09-08,GHSA-pj3j-3w3f-j752
chalk/wrap-ansi,41053676,2025-09-08,GHSA-2rv4-jp6r-xgq7
colinhacks/zod,245704608,2023-09-28,CVE-2023-4316
colorjs/color-name,27038309,2025-09-08,CVE-2025-59145
comex/rust-shlex,37886228,2024-01-21,CVE-2024-58266
conventional-changelog/conventional-changelog,15639771,2025-09-22,CVE-2025-59433
crossbeam-rs/crossbeam,35566048,2021-07-30,CVE-2021-32810
crossbeam-rs/crossbeam,35566048,2021-08-25,CVE-2018-20996
crossbeam-rs/crossbeam,35566048,2021-08-25,CVE-2020-15254
crossbeam-rs/crossbeam,35566048,2022-02-05,CVE-2022-23639
crossbeam-rs/crossbeam,35566048,2022-05-10,GHSA-6888-wf7j-34jq
crossbeam-rs/crossbeam,35566048,2022-05-10,GHSA-8gj8-hv75-gp94
crossbeam-rs/crossbeam,35566048,2022-05-10,GHSA-9g55-pg62-m8hh
crossbeam-rs/crossbeam,35566048,2022-06-07,GHSA-rwf4-gx62-rqfw
crossbeam-rs/crossbeam,35566048,2025-04-08,CVE-2025-4574
curl/curl,569041,2021-03-30,DSA-4881-1
curl/curl,569041,2021-04-01,DEBIAN-CVE-2021-22876
curl/curl,569041,2021-04-01,DEBIAN-CVE-2021-22890
curl/curl,569041,2021-05-17,DLA-2664-1
curl/curl,569041,2021-06-11,DEBIAN-CVE-2021-22898
curl/curl,569041,2021-08-05,DEBIAN-CVE-2021-22922
curl/curl,569041,2021-08-05,DEBIAN-CVE-2021-22923
curl/curl,569041,2021-08-05,DEBIAN-CVE-2021-22924
curl/curl,569041,2021-08-09,DLA-2734-1
curl/curl,569041,2021-09-23,DEBIAN-CVE-2021-22945
curl/curl,569041,2021-09-29,DEBIAN-CVE-2021-22946
curl/curl,569041,2021-09-29,DEBIAN-CVE-2021-22947
curl/curl,569041,2021-09-30,DLA-2773-1
curl/curl,569041,2022-05-26,DEBIAN-CVE-2022-22576
curl/curl,569041,2022-06-02,DEBIAN-CVE-2022-27774
curl/curl,569041,2022-06-02,DEBIAN-CVE-2022-27775
curl/curl,569041,2022-06-02,DEBIAN-CVE-2022-27776
curl/curl,569041,2022-06-02,DEBIAN-CVE-2022-27778
curl/curl,569041,2022-06-02,DEBIAN-CVE-2022-27779
curl/curl,569041,2022-06-02,DEBIAN-CVE-2022-27780
curl/curl,569041,2022-06-02,DEBIAN-CVE-2022-27781
curl/curl,569041,2022-06-02,DEBIAN-CVE-2022-27782
curl/curl,569041,2022-06-02,DEBIAN-CVE-2022-30115
curl/curl,569041,2022-07-07,DEBIAN-CVE-2022-32205
curl/curl,569041,2022-07-07,DEBIAN-CVE-2022-32206
curl/curl,569041,2022-07-07,DEBIAN-CVE-2022-32207
curl/curl,569041,2022-07-07,DEBIAN-CVE-2022-32208
curl/curl,569041,2022-08-01,DSA-5197-1
curl/curl,569041,2022-08-29,DLA-3085-1
curl/curl,569041,2022-09-23,DEBIAN-CVE-2022-35252
curl/curl,569041,2022-10-29,DEBIAN-CVE-2022-42915
curl/curl,569041,2022-10-29,DEBIAN-CVE-2022-42916
curl/curl,569041,2022-12-05,DEBIAN-CVE-2022-32221
curl/curl,569041,2022-12-05,DEBIAN-CVE-2022-35260
curl/curl,569041,2022-12-23,DEBIAN-CVE-2022-43551
curl/curl,569041,2023-01-27,DSA-5330-1
curl/curl,569041,2023-01-28,DLA-3288-1
curl/curl,569041,2023-02-09,DEBIAN-CVE-2022-43552
curl/curl,569041,2023-02-23,DEBIAN-CVE-2023-23914
curl/curl,569041,2023-02-23,DEBIAN-CVE-2023-23915
curl/curl,569041,2023-02-23,DEBIAN-CVE-2023-23916
curl/curl,569041,2023-02-24,DLA-3341-1
curl/curl,569041,2023-02-27,DSA-5365-1
curl/curl,569041,2023-03-30,DEBIAN-CVE-2023-27533
curl/curl,569041,2023-03-30,DEBIAN-CVE-2023-27534
curl/curl,569041,2023-03-30,DEBIAN-CVE-2023-27535
curl/curl,569041,2023-03-30,DEBIAN-CVE-2023-27536
curl/curl,569041,2023-03-30,DEBIAN-CVE-2023-27537
curl/curl,569041,2023-03-30,DEBIAN-CVE-2023-27538
curl/curl,569041,2023-04-21,DLA-3398-1
curl/curl,569041,2023-05-26,DEBIAN-CVE-2023-28319
curl/curl,569041,2023-05-26,DEBIAN-CVE-2023-28320
curl/curl,569041,2023-05-26,DEBIAN-CVE-2023-28321
curl/curl,569041,2023-05-26,DEBIAN-CVE-2023-28322
curl/curl,569041,2023-07-26,DSA-5460-1
curl/curl,569041,2023-08-22,DEBIAN-CVE-2020-19909
curl/curl,569041,2023-09-15,DEBIAN-CVE-2023-38039
curl/curl,569041,2023-10-11,DLA-3613-1
curl/curl,569041,2023-10-11,DSA-5523-1
curl/curl,569041,2023-10-18,DEBIAN-CVE-2023-38545
curl/curl,569041,2023-10-18,DEBIAN-CVE-2023-38546
curl/curl,569041,2023-12-07,DEBIAN-CVE-2023-46218
curl/curl,569041,2023-12-12,DEBIAN-CVE-2023-46219
curl/curl,569041,2023-12-19,DLA-3692-1
curl/curl,569041,2023-12-23,DSA-5587-1
curl/curl,569041,2024-02-03,DEBIAN-CVE-2024-0853
curl/curl,569041,2024-03-17,DLA-3763-1
curl/curl,569041,2024-03-27,DEBIAN-CVE-2024-2004
curl/curl,569041,2024-03-27,DEBIAN-CVE-2024-2379
curl/curl,569041,2024-03-27,DEBIAN-CVE-2024-2398
curl/curl,569041,2024-03-27,DEBIAN-CVE-2024-2466
curl/curl,569041,2024-07-24,DEBIAN-CVE-2024-6197
curl/curl,569041,2024-07-24,DEBIAN-CVE-2024-6874
curl/curl,569041,2024-07-31,DEBIAN-CVE-2024-7264
curl/curl,569041,2024-09-11,DEBIAN-CVE-2024-8096
curl/curl,569041,2024-11-06,DEBIAN-CVE-2024-9681
curl/curl,569041,2024-11-14,DLA-3951-1
curl/curl,569041,2024-12-11,DEBIAN-CVE-2024-11053
curl/curl,569041,2025-02-05,DEBIAN-CVE-2025-0167
curl/curl,569041,2025-02-05,DEBIAN-CVE-2025-0665
curl/curl,569041,2025-02-05,DEBIAN-CVE-2025-0725
curl/curl,569041,2025-05-28,DEBIAN-CVE-2025-4947
curl/curl,569041,2025-05-28,DEBIAN-CVE-2025-5025
curl/curl,569041,2025-06-07,DEBIAN-CVE-2025-5399
curl/curl,569041,2025-06-11,DLA-4213-1
curl/curl,569041,2025-09-12,DEBIAN-CVE-2025-10148
curl/curl,569041,2025-09-12,DEBIAN-CVE-2025-9086
curl/curl,569041,2025-11-07,DEBIAN-CVE-2025-10966
daaku/nodejs-tmpl,2171213,2021-09-20,CVE-2021-3777
debug-js/debug,2871998,2023-01-09,CVE-2017-20165
debug-js/debug,2871998,2025-09-08,CVE-2025-59144
dtolnay/paste,155652490,2024-10-07,RUSTSEC-2024-0436
eemeli/yaml,119439276,2023-04-24,CVE-2023-2251
encode/httpx,179492861,2022-04-28,CVE-2021-41945
eslint/rewrite,791446923,2024-11-15,CVE-2024-21539
eslint/rewrite,791446923,2025-07-18,GHSA-xffm-g5w8-qvg7
evanw/esbuild,61137153,2025-02-10,GHSA-67mh-4wv8-2f99
executablebooks/markdown-it-py,249956697,2023-02-22,CVE-2023-26302
executablebooks/markdown-it-py,249956697,2023-02-23,CVE-2023-26303
expressjs/body-parser,15669006,2024-09-10,CVE-2024-45590
expressjs/body-parser,15669006,2025-11-25,CVE-2025-13466
expressjs/serve-static,17464338,2024-09-10,CVE-2024-43800
facebook/create-react-app,63537249,2021-03-11,CVE-2021-24033
facebook/react,10270250,2023-10-19,CVE-2023-5654
fb55/css-what,4460687,2021-06-07,CVE-2021-33587
fb55/css-what,4460687,2022-10-01,CVE-2022-21222
fb55/nth-check,16864923,2021-09-20,CVE-2021-3803
ffmpeg/ffmpeg,1614410,2021-01-03,DEBIAN-CVE-2020-35964
ffmpeg/ffmpeg,1614410,2021-01-04,DEBIAN-CVE-2020-35965
ffmpeg/ffmpeg,1614410,2021-01-31,DLA-2537-1
ffmpeg/ffmpeg,1614410,2021-05-24,DEBIAN-CVE-2020-21041
ffmpeg/ffmpeg,1614410,2021-05-25,DEBIAN-CVE-2020-20445
ffmpeg/ffmpeg,1614410,2021-05-25,DEBIAN-CVE-2020-20446
ffmpeg/ffmpeg,1614410,2021-05-25,DEBIAN-CVE-2020-20448
ffmpeg/ffmpeg,1614410,2021-05-25,DEBIAN-CVE-2020-20450
ffmpeg/ffmpeg,1614410,2021-05-25,DEBIAN-CVE-2020-20451
ffmpeg/ffmpeg,1614410,2021-05-25,DEBIAN-CVE-2020-20453
ffmpeg/ffmpeg,1614410,2021-05-26,DEBIAN-CVE-2020-22015
ffmpeg/ffmpeg,1614410,2021-05-26,DEBIAN-CVE-2020-22019
ffmpeg/ffmpeg,1614410,2021-05-26,DEBIAN-CVE-2020-22020
ffmpeg/ffmpeg,1614410,2021-05-26,DEBIAN-CVE-2020-22021
ffmpeg/ffmpeg,1614410,2021-05-26,DEBIAN-CVE-2020-22024
ffmpeg/ffmpeg,1614410,2021-05-26,DEBIAN-CVE-2020-22026
ffmpeg/ffmpeg,1614410,2021-05-26,DEBIAN-CVE-2020-22028
ffmpeg/ffmpeg,1614410,2021-05-26,DEBIAN-CVE-2020-24020
ffmpeg/ffmpeg,1614410,2021-05-27,DEBIAN-CVE-2020-22016
ffmpeg/ffmpeg,1614410,2021-05-27,DEBIAN-CVE-2020-22017
ffmpeg/ffmpeg,1614410,2021-05-27,DEBIAN-CVE-2020-22022
ffmpeg/ffmpeg,1614410,2021-05-27,DEBIAN-CVE-2020-22023
ffmpeg/ffmpeg,1614410,2021-05-27,DEBIAN-CVE-2020-22025
ffmpeg/ffmpeg,1614410,2021-05-27,DEBIAN-CVE-2020-22027
ffmpeg/ffmpeg,1614410,2021-05-27,DEBIAN-CVE-2020-22029
ffmpeg/ffmpeg,1614410,2021-05-27,DEBIAN-CVE-2020-22030
ffmpeg/ffmpeg,1614410,2021-05-27,DEBIAN-CVE-2020-22031
ffmpeg/ffmpeg,1614410,2021-05-27,DEBIAN-CVE-2020-22032
ffmpeg/ffmpeg,1614410,2021-05-27,DEBIAN-CVE-2020-22033
ffmpeg/ffmpeg,1614410,2021-05-27,DEBIAN-CVE-2020-22034
ffmpeg/ffmpeg,1614410,2021-06-01,DEBIAN-CVE-2020-22035
ffmpeg/ffmpeg,1614410,2021-06-01,DEBIAN-CVE-2020-22036
ffmpeg/ffmpeg,1614410,2021-06-01,DEBIAN-CVE-2020-22037
ffmpeg/ffmpeg,1614410,2021-06-01,DEBIAN-CVE-2020-22038
ffmpeg/ffmpeg,1614410,2021-06-01,DEBIAN-CVE-2020-22039
ffmpeg/ffmpeg,1614410,2021-06-01,DEBIAN-CVE-2020-22040
ffmpeg/ffmpeg,1614410,2021-06-01,DEBIAN-CVE-2020-22041
ffmpeg/ffmpeg,1614410,2021-06-01,DEBIAN-CVE-2020-22042
ffmpeg/ffmpeg,1614410,2021-06-01,DEBIAN-CVE-2020-22043
ffmpeg/ffmpeg,1614410,2021-06-01,DEBIAN-CVE-2020-22044
ffmpeg/ffmpeg,1614410,2021-06-02,DEBIAN-CVE-2020-22046
ffmpeg/ffmpeg,1614410,2021-06-02,DEBIAN-CVE-2020-22048
ffmpeg/ffmpeg,1614410,2021-06-02,DEBIAN-CVE-2020-22049
ffmpeg/ffmpeg,1614410,2021-06-02,DEBIAN-CVE-2020-22051
ffmpeg/ffmpeg,1614410,2021-06-02,DEBIAN-CVE-2020-22054
ffmpeg/ffmpeg,1614410,2021-06-02,DEBIAN-CVE-2020-22056
ffmpeg/ffmpeg,1614410,2021-08-04,DEBIAN-CVE-2021-38114
ffmpeg/ffmpeg,1614410,2021-08-05,DEBIAN-CVE-2021-3566
ffmpeg/ffmpeg,1614410,2021-08-10,DEBIAN-CVE-2020-21688
ffmpeg/ffmpeg,1614410,2021-08-10,DEBIAN-CVE-2020-21697
ffmpeg/ffmpeg,1614410,2021-08-12,DEBIAN-CVE-2021-38291
ffmpeg/ffmpeg,1614410,2021-08-14,DLA-2742-1
ffmpeg/ffmpeg,1614410,2021-08-21,DEBIAN-CVE-2021-38171
ffmpeg/ffmpeg,1614410,2021-08-22,DLA-2742-2
ffmpeg/ffmpeg,1614410,2021-09-20,DEBIAN-CVE-2020-20891
ffmpeg/ffmpeg,1614410,2021-09-20,DEBIAN-CVE-2020-20892
ffmpeg/ffmpeg,1614410,2021-09-20,DEBIAN-CVE-2020-20896
ffmpeg/ffmpeg,1614410,2021-09-20,DEBIAN-CVE-2020-20898
ffmpeg/ffmpeg,1614410,2021-09-20,DEBIAN-CVE-2020-20902
ffmpeg/ffmpeg,1614410,2021-09-20,DEBIAN-CVE-2021-38090
ffmpeg/ffmpeg,1614410,2021-09-20,DEBIAN-CVE-2021-38091
ffmpeg/ffmpeg,1614410,2021-09-20,DEBIAN-CVE-2021-38092
ffmpeg/ffmpeg,1614410,2021-09-20,DEBIAN-CVE-2021-38093
ffmpeg/ffmpeg,1614410,2021-09-20,DEBIAN-CVE-2021-38094
ffmpeg/ffmpeg,1614410,2021-10-19,DSA-4990-1
ffmpeg/ffmpeg,1614410,2021-10-31,DSA-4998-1
ffmpeg/ffmpeg,1614410,2021-11-10,DEBIAN-CVE-2020-23906
ffmpeg/ffmpeg,1614410,2021-11-13,DLA-2818-1
ffmpeg/ffmpeg,1614410,2022-04-25,DSA-5124-1
ffmpeg/ffmpeg,1614410,2022-05-01,DSA-5126-1
ffmpeg/ffmpeg,1614410,2022-05-02,DEBIAN-CVE-2022-1475
ffmpeg/ffmpeg,1614410,2022-05-16,DLA-3010-1
ffmpeg/ffmpeg,1614410,2022-09-23,DEBIAN-CVE-2022-2566
ffmpeg/ffmpeg,1614410,2022-11-01,DSA-5268-1
ffmpeg/ffmpeg,1614410,2022-11-04,DLA-3178-1
ffmpeg/ffmpeg,1614410,2022-11-13,DEBIAN-CVE-2022-3964
ffmpeg/ffmpeg,1614410,2022-11-13,DEBIAN-CVE-2022-3965
ffmpeg/ffmpeg,1614410,2022-12-16,DEBIAN-CVE-2022-3109
ffmpeg/ffmpeg,1614410,2023-01-12,DEBIAN-CVE-2022-3341
ffmpeg/ffmpeg,1614410,2023-03-29,DEBIAN-CVE-2022-48434
ffmpeg/ffmpeg,1614410,2023-04-30,DSA-5394-1
ffmpeg/ffmpeg,1614410,2023-06-13,DLA-3454-1
ffmpeg/ffmpeg,1614410,2023-07-29,DEBIAN-CVE-2022-4907
ffmpeg/ffmpeg,1614410,2023-08-11,DEBIAN-CVE-2021-28429
ffmpeg/ffmpeg,1614410,2023-11-12,DSA-5552-1
ffmpeg/ffmpeg,1614410,2024-01-27,DEBIAN-CVE-2024-22860
ffmpeg/ffmpeg,1614410,2024-01-27,DEBIAN-CVE-2024-22861
ffmpeg/ffmpeg,1614410,2024-01-27,DEBIAN-CVE-2024-22862
ffmpeg/ffmpeg,1614410,2024-04-12,DEBIAN-CVE-2023-49528
ffmpeg/ffmpeg,1614410,2024-04-17,DEBIAN-CVE-2024-31578
ffmpeg/ffmpeg,1614410,2024-04-17,DEBIAN-CVE-2024-31581
ffmpeg/ffmpeg,1614410,2024-04-17,DEBIAN-CVE-2024-31582
ffmpeg/ffmpeg,1614410,2024-04-17,DEBIAN-CVE-2024-31585
ffmpeg/ffmpeg,1614410,2024-04-19,DEBIAN-CVE-2023-49501
ffmpeg/ffmpeg,1614410,2024-04-19,DEBIAN-CVE-2023-49502
ffmpeg/ffmpeg,1614410,2024-04-19,DEBIAN-CVE-2023-50007
ffmpeg/ffmpeg,1614410,2024-04-19,DEBIAN-CVE-2023-50008
ffmpeg/ffmpeg,1614410,2024-04-19,DEBIAN-CVE-2023-50009
ffmpeg/ffmpeg,1614410,2024-04-19,DEBIAN-CVE-2023-50010
ffmpeg/ffmpeg,1614410,2024-04-19,DEBIAN-CVE-2023-51791
ffmpeg/ffmpeg,1614410,2024-04-19,DEBIAN-CVE-2023-51793
ffmpeg/ffmpeg,1614410,2024-04-19,DEBIAN-CVE-2023-51795
ffmpeg/ffmpeg,1614410,2024-04-19,DEBIAN-CVE-2023-51796
ffmpeg/ffmpeg,1614410,2024-04-19,DEBIAN-CVE-2023-51797
ffmpeg/ffmpeg,1614410,2024-04-19,DEBIAN-CVE-2023-51798
ffmpeg/ffmpeg,1614410,2024-04-26,DEBIAN-CVE-2023-51794
ffmpeg/ffmpeg,1614410,2024-06-15,DSA-5712-1
ffmpeg/ffmpeg,1614410,2024-06-26,DSA-5721-1
ffmpeg/ffmpeg,1614410,2024-07-01,DEBIAN-CVE-2024-32228
ffmpeg/ffmpeg,1614410,2024-07-01,DEBIAN-CVE-2024-32230
ffmpeg/ffmpeg,1614410,2024-08-06,DEBIAN-CVE-2024-7055
ffmpeg/ffmpeg,1614410,2024-08-12,DEBIAN-CVE-2024-7272
ffmpeg/ffmpeg,1614410,2024-08-14,DSA-5748-1
ffmpeg/ffmpeg,1614410,2024-10-21,DLA-3928-1
ffmpeg/ffmpeg,1614410,2024-11-29,DEBIAN-CVE-2024-35366
ffmpeg/ffmpeg,1614410,2024-11-29,DEBIAN-CVE-2024-35367
ffmpeg/ffmpeg,1614410,2024-11-29,DEBIAN-CVE-2024-35368
ffmpeg/ffmpeg,1614410,2024-11-29,DEBIAN-CVE-2024-35369
ffmpeg/ffmpeg,1614410,2024-11-29,DEBIAN-CVE-2024-36615
ffmpeg/ffmpeg,1614410,2024-11-29,DEBIAN-CVE-2024-36616
ffmpeg/ffmpeg,1614410,2024-11-29,DEBIAN-CVE-2024-36617
ffmpeg/ffmpeg,1614410,2024-11-29,DEBIAN-CVE-2024-36618
ffmpeg/ffmpeg,1614410,2024-11-29,DEBIAN-CVE-2024-36619
ffmpeg/ffmpeg,1614410,2024-12-31,DEBIAN-CVE-2023-6602
ffmpeg/ffmpeg,1614410,2024-12-31,DEBIAN-CVE-2023-6603
ffmpeg/ffmpeg,1614410,2025-01-03,DEBIAN-CVE-2024-35365
ffmpeg/ffmpeg,1614410,2025-01-03,DEBIAN-CVE-2024-36613
ffmpeg/ffmpeg,1614410,2025-01-06,DEBIAN-CVE-2023-6601
ffmpeg/ffmpeg,1614410,2025-01-06,DEBIAN-CVE-2023-6604
ffmpeg/ffmpeg,1614410,2025-01-06,DEBIAN-CVE-2023-6605
ffmpeg/ffmpeg,1614410,2025-01-16,DEBIAN-CVE-2025-0518
ffmpeg/ffmpeg,1614410,2025-02-01,DLA-4039-1
ffmpeg/ffmpeg,1614410,2025-02-18,DEBIAN-CVE-2025-22919
ffmpeg/ffmpeg,1614410,2025-02-18,DEBIAN-CVE-2025-22921
ffmpeg/ffmpeg,1614410,2025-02-18,DEBIAN-CVE-2025-25473
ffmpeg/ffmpeg,1614410,2025-02-23,DEBIAN-CVE-2025-1594
ffmpeg/ffmpeg,1614410,2025-03-01,DLA-4073-1
ffmpeg/ffmpeg,1614410,2025-03-02,DEBIAN-CVE-2025-1816
ffmpeg/ffmpeg,1614410,2025-05-02,DEBIAN-CVE-2024-55069
ffmpeg/ffmpeg,1614410,2025-07-14,DLA-4241-1
ffmpeg/ffmpeg,1614410,2025-08-25,DSA-5985-1
ffmpeg/ffmpeg,1614410,2025-09-09,DEBIAN-CVE-2025-9951
ffmpeg/ffmpeg,1614410,2025-09-21,DSA-6007-1
ffmpeg/ffmpeg,1614410,2025-10-06,DEBIAN-CVE-2025-59731
ffmpeg/ffmpeg,1614410,2025-10-06,DEBIAN-CVE-2025-59732
ffmpeg/ffmpeg,1614410,2025-10-06,DEBIAN-CVE-2025-59733
ffmpeg/ffmpeg,1614410,2025-11-07,DEBIAN-CVE-2025-7700
ffmpeg/ffmpeg,1614410,2025-12-07,DSA-6073-1
ffmpeg/ffmpeg,1614410,2025-12-10,DSA-6079-1
ffmpeg/ffmpeg,1614410,2025-12-18,DEBIAN-CVE-2025-63757
firebase/firebase-js-sdk,89290483,2021-05-18,CVE-2020-7765
firebase/firebase-js-sdk,89290483,2024-11-18,CVE-2024-11023
follow-redirects/follow-redirects,6697086,2022-01-12,CVE-2022-0155
follow-redirects/follow-redirects,6697086,2022-02-10,CVE-2022-0536
follow-redirects/follow-redirects,6697086,2024-01-02,CVE-2023-26159
follow-redirects/follow-redirects,6697086,2024-03-14,CVE-2024-28849
form-data/form-data,1755793,2025-07-21,CVE-2025-7783
freetype/freetype,187000659,2022-04-22,DEBIAN-CVE-2022-27404
freetype/freetype,187000659,2022-04-22,DEBIAN-CVE-2022-27405
freetype/freetype,187000659,2022-04-22,DEBIAN-CVE-2022-27406
freetype/freetype,187000659,2022-06-02,DEBIAN-CVE-2022-31782
freetype/freetype,187000659,2025-03-11,DEBIAN-CVE-2025-27363
freetype/freetype,187000659,2025-03-17,DSA-5880-1
freetype/freetype,187000659,2025-04-01,DLA-4104-1
fsevents/fsevents,1402936,2023-04-27,GHSA-xv2f-5jw4-v95m
fsevents/fsevents,1402936,2023-10-06,CVE-2023-45311
getsentry/sentry-javascript,3328572,2024-10-03,GHSA-593m-55hh-j8gv
getsentry/sentry-javascript,3328572,2025-01-28,GHSA-r5w7-f542-q2j4
getsentry/sentry-javascript,3328572,2025-11-24,CVE-2025-65944
git/git,36502,2021-03-09,DEBIAN-CVE-2021-21300
git/git,36502,2021-08-31,DEBIAN-CVE-2021-40330
git/git,36502,2022-02-11,DEBIAN-CVE-2022-24975
git/git,36502,2022-04-12,DEBIAN-CVE-2022-24765
git/git,36502,2022-07-12,DEBIAN-CVE-2022-29187
git/git,36502,2022-10-11,DLA-3145-1
git/git,36502,2022-10-19,DEBIAN-CVE-2022-39253
git/git,36502,2022-10-19,DEBIAN-CVE-2022-39260
git/git,36502,2022-12-13,DLA-3239-1
git/git,36502,2022-12-14,DLA-3239-2
git/git,36502,2023-01-17,DEBIAN-CVE-2022-23521
git/git,36502,2023-01-17,DEBIAN-CVE-2022-41903
git/git,36502,2023-01-26,DLA-3282-1
git/git,36502,2023-01-29,DSA-5332-1
git/git,36502,2023-02-14,DEBIAN-CVE-2023-22490
git/git,36502,2023-02-14,DEBIAN-CVE-2023-23946
git/git,36502,2023-02-23,DLA-3338-1
git/git,36502,2023-02-23,DSA-5357-1
git/git,36502,2023-04-25,DEBIAN-CVE-2023-25652
git/git,36502,2023-04-25,DEBIAN-CVE-2023-25815
git/git,36502,2023-04-25,DEBIAN-CVE-2023-29007
git/git,36502,2024-05-14,DEBIAN-CVE-2024-32002
git/git,36502,2024-05-14,DEBIAN-CVE-2024-32004
git/git,36502,2024-05-14,DEBIAN-CVE-2024-32020
git/git,36502,2024-05-14,DEBIAN-CVE-2024-32021
git/git,36502,2024-05-14,DEBIAN-CVE-2024-32465
git/git,36502,2024-06-26,DLA-3844-1
git/git,36502,2024-09-03,DLA-3867-1
git/git,36502,2024-09-13,DSA-5769-1
git/git,36502,2025-01-14,DEBIAN-CVE-2024-50349
git/git,36502,2025-01-14,DEBIAN-CVE-2024-52006
git/git,36502,2025-01-15,DEBIAN-CVE-2024-52005
git/git,36502,2025-01-26,DSA-5850-1
git/git,36502,2025-01-28,DLA-4031-1
git/git,36502,2025-07-08,DEBIAN-CVE-2025-48384
git/git,36502,2025-07-08,DEBIAN-CVE-2025-48385
git/git,36502,2025-07-10,DEBIAN-CVE-2025-27613
git/git,36502,2025-07-10,DEBIAN-CVE-2025-27614
git/git,36502,2025-07-10,DEBIAN-CVE-2025-46835
git/git,36502,2025-10-06,DLA-4323-1
gitoxidelabs/gitoxide,136510559,2023-09-23,CVE-2023-53158
gitoxidelabs/gitoxide,136510559,2024-04-13,CVE-2024-32884
gitoxidelabs/gitoxide,136510559,2024-05-22,CVE-2024-35186
gitoxidelabs/gitoxide,136510559,2024-05-22,CVE-2024-35197
gitoxidelabs/gitoxide,136510559,2024-07-18,CVE-2024-40644
gitoxidelabs/gitoxide,136510559,2024-07-24,GHSA-cx7h-h87r-jpgr
gitoxidelabs/gitoxide,136510559,2024-08-31,CVE-2024-45305
gitoxidelabs/gitoxide,136510559,2024-09-06,CVE-2024-45405
gitoxidelabs/gitoxide,136510559,2025-01-18,CVE-2025-22620
gitoxidelabs/gitoxide,136510559,2025-04-03,CVE-2025-31130
gitoxidelabs/gitoxide,136510559,2025-12-29,CVE-2026-0810
gmp-mirror/gmp,681340775,2021-11-15,DEBIAN-CVE-2021-43618
gmp-mirror/gmp,681340775,2021-12-02,DLA-2837-1
gnome/gdk-pixbuf,4533539,2021-05-28,DEBIAN-CVE-2021-20240
gnome/gdk-pixbuf,4533539,2022-01-12,DEBIAN-CVE-2021-44648
gnome/gdk-pixbuf,4533539,2022-07-24,DEBIAN-CVE-2021-46829
gnome/gdk-pixbuf,4533539,2022-09-11,DSA-5228-1
gnome/gdk-pixbuf,4533539,2024-01-26,DEBIAN-CVE-2022-48622
gnome/gdk-pixbuf,4533539,2025-06-17,DEBIAN-CVE-2025-6199
gnome/gdk-pixbuf,4533539,2025-06-22,DSA-5946-1
gnome/gdk-pixbuf,4533539,2025-06-23,DLA-4225-1
gnome/gdk-pixbuf,4533539,2025-07-08,DEBIAN-CVE-2025-7345
gnome/gdk-pixbuf,4533539,2025-10-22,DLA-4344-1
gnome/libxml2,4537118,2021-05-10,DLA-2653-1
gnome/libxml2,4537118,2021-05-14,DEBIAN-CVE-2021-3537
gnome/libxml2,4537118,2021-05-18,DEBIAN-CVE-2021-3518
gnome/libxml2,4537118,2021-05-19,DEBIAN-CVE-2021-3517
gnome/libxml2,4537118,2021-05-30,DLA-2669-1
gnome/libxml2,4537118,2021-06-01,DEBIAN-CVE-2021-3516
gnome/libxml2,4537118,2021-07-09,DEBIAN-CVE-2021-3541
gnome/libxml2,4537118,2022-02-26,DEBIAN-CVE-2022-23308
gnome/libxml2,4537118,2022-04-08,DLA-2972-1
gnome/libxml2,4537118,2022-05-03,DEBIAN-CVE-2022-29824
gnome/libxml2,4537118,2022-05-17,DLA-3012-1
gnome/libxml2,4537118,2022-05-22,DSA-5142-1
gnome/libxml2,4537118,2022-07-05,DEBIAN-CVE-2022-2309
gnome/libxml2,4537118,2022-07-28,DEBIAN-CVE-2016-3709
gnome/libxml2,4537118,2022-10-30,DLA-3172-1
gnome/libxml2,4537118,2022-11-05,DSA-5271-1
gnome/libxml2,4537118,2022-11-23,DEBIAN-CVE-2022-40303
gnome/libxml2,4537118,2022-11-23,DEBIAN-CVE-2022-40304
gnome/libxml2,4537118,2023-04-20,DSA-5391-1
gnome/libxml2,4537118,2023-04-24,DEBIAN-CVE-2023-28484
gnome/libxml2,4537118,2023-04-24,DEBIAN-CVE-2023-29469
gnome/libxml2,4537118,2023-04-30,DLA-3405-1
gnome/libxml2,4537118,2023-08-29,DEBIAN-CVE-2023-39615
gnome/libxml2,4537118,2023-10-06,DEBIAN-CVE-2023-45322
gnome/libxml2,4537118,2024-02-04,DEBIAN-CVE-2024-25062
gnome/libxml2,4537118,2024-05-14,DEBIAN-CVE-2024-34459
gnome/libxml2,4537118,2024-09-05,DLA-3878-1
gnome/libxml2,4537118,2025-01-26,DEBIAN-CVE-2022-49043
gnome/libxml2,4537118,2025-02-18,DEBIAN-CVE-2024-56171
gnome/libxml2,4537118,2025-02-18,DEBIAN-CVE-2025-24928
gnome/libxml2,4537118,2025-02-18,DEBIAN-CVE-2025-27113
gnome/libxml2,4537118,2025-02-22,DLA-4064-1
gnome/libxml2,4537118,2025-04-08,DEBIAN-CVE-2025-32414
gnome/libxml2,4537118,2025-04-17,DEBIAN-CVE-2025-32415
gnome/libxml2,4537118,2025-04-30,DLA-4146-1
gnome/libxml2,4537118,2025-06-12,DEBIAN-CVE-2025-6021
gnome/libxml2,4537118,2025-06-16,DEBIAN-CVE-2025-49794
gnome/libxml2,4537118,2025-06-16,DEBIAN-CVE-2025-49796
gnome/libxml2,4537118,2025-06-16,DEBIAN-CVE-2025-6170
gnome/libxml2,4537118,2025-06-26,DSA-5949-1
gnome/libxml2,4537118,2025-07-26,DLA-4251-1
gnome/libxml2,4537118,2025-08-08,DEBIAN-CVE-2025-8732
gnome/libxml2,4537118,2025-08-29,DSA-5990-1
gnome/libxml2,4537118,2025-09-10,DEBIAN-CVE-2025-9714
gnome/libxml2,4537118,2025-09-30,DLA-4319-1
gnutls/nettle,59017402,2021-04-05,DEBIAN-CVE-2021-20305
gnutls/nettle,59017402,2021-06-18,DSA-4933-1
gnutls/nettle,59017402,2021-08-05,DEBIAN-CVE-2021-3580
gnutls/nettle,59017402,2021-09-18,DLA-2760-1
google/brotli,24993138,2022-05-24,BIT-brotli-2020-8927
google/brotli,24993138,2025-10-31,CVE-2025-6176
google/zerocopy,534354967,2023-12-14,GHSA-3mv5-343c-w2qg
grpc/grpc,27729880,2023-06-09,DEBIAN-CVE-2023-32732
grpc/grpc,27729880,2023-07-05,CVE-2023-32731
grpc/grpc,27729880,2023-07-06,CVE-2023-1428
grpc/grpc,27729880,2023-07-06,CVE-2023-32732
grpc/grpc,27729880,2023-08-09,CVE-2023-33953
grpc/grpc,27729880,2023-08-09,DEBIAN-CVE-2023-33953
grpc/grpc,27729880,2023-09-13,CVE-2023-4785
grpc/grpc,27729880,2023-09-13,DEBIAN-CVE-2023-4785
grpc/grpc,27729880,2023-10-10,DEBIAN-CVE-2023-44487
grpc/grpc,27729880,2024-08-06,DEBIAN-CVE-2024-7246
grpc/grpc,27729880,2024-11-26,DEBIAN-CVE-2024-11407
gulpjs/glob-parent,29154915,2021-06-07,BIT-gulp-2020-28469
gulpjs/glob-parent,29154915,2022-07-18,BIT-gulp-2021-35065
hapijs/hoek,5831189,2022-09-25,CVE-2020-36604
harfbuzz/harfbuzz,5050525,2022-06-23,DEBIAN-CVE-2022-33068
harfbuzz/harfbuzz,5050525,2023-02-04,DEBIAN-CVE-2023-25193
harfbuzz/harfbuzz,5050525,2024-12-27,DEBIAN-CVE-2024-56732
httplib2/httplib2,53002916,2021-02-08,CVE-2021-21240
httplib2/httplib2,53002916,2022-05-14,CVE-2013-2037
hyperium/http,84983058,2021-08-25,CVE-2019-25008
hyperium/http,84983058,2021-08-25,CVE-2019-25009
isaacs/chownr,3858354,2022-02-10,CVE-2017-18869
isaacs/minimatch,2056549,2022-10-18,CVE-2022-3517
isaacs/node-glob,357681,2025-11-17,CVE-2025-64756
isaacs/node-tar,1534331,2021-08-03,CVE-2021-32803
isaacs/node-tar,1534331,2021-08-03,CVE-2021-32804
isaacs/node-tar,1534331,2021-08-31,CVE-2021-37701
isaacs/node-tar,1534331,2021-08-31,CVE-2021-37712
isaacs/node-tar,1534331,2021-08-31,CVE-2021-37713
isaacs/node-tar,1534331,2024-03-22,CVE-2024-28863
isaacs/node-tar,1534331,2025-10-30,CVE-2025-64118
jaraco/zipp,157774633,2024-07-09,CVE-2024-5569
jbgutierrez/path-parse,34113780,2021-08-10,CVE-2021-23343
joblib/joblib,654608,2022-09-26,CVE-2022-21797
jonschlinkert/word-wrap,18260583,2023-06-22,CVE-2023-26115
jpadilla/pyjwt,1408162,2022-05-13,CVE-2017-11424
jpadilla/pyjwt,1408162,2022-05-24,CVE-2022-29217
jpadilla/pyjwt,1408162,2024-12-02,CVE-2024-53861
jshttp/cookie,4475810,2024-10-04,CVE-2024-47764
json5/json5,4463453,2022-12-29,CVE-2022-46175
juliangruber/brace-expansion,13539234,2025-06-09,CVE-2025-5889
kjd/idna,10323585,2024-04-11,CVE-2024-3651
krb5/krb5,4307702,2021-07-22,DEBIAN-CVE-2021-36222
krb5/krb5,4307702,2021-07-25,DSA-4944-1
krb5/krb5,4307702,2021-08-23,DEBIAN-CVE-2021-37750
krb5/krb5,4307702,2021-09-30,DLA-2771-1
krb5/krb5,4307702,2022-11-19,DSA-5286-1
krb5/krb5,4307702,2022-11-29,DLA-3213-1
krb5/krb5,4307702,2022-12-25,DEBIAN-CVE-2022-42898
krb5/krb5,4307702,2023-08-07,DEBIAN-CVE-2023-36054
krb5/krb5,4307702,2023-10-22,DLA-3626-1
krb5/krb5,4307702,2024-02-29,DEBIAN-CVE-2024-26458
krb5/krb5,4307702,2024-02-29,DEBIAN-CVE-2024-26461
krb5/krb5,4307702,2024-02-29,DEBIAN-CVE-2024-26462
krb5/krb5,4307702,2024-06-28,DEBIAN-CVE-2024-37370
krb5/krb5,4307702,2024-06-28,DEBIAN-CVE-2024-37371
krb5/krb5,4307702,2024-07-05,DSA-5726-1
krb5/krb5,4307702,2025-02-23,DLA-4065-1
krb5/krb5,4307702,2025-04-15,DEBIAN-CVE-2025-3576
krb5/krb5,4307702,2025-05-30,DLA-4195-1
kriszyp/json-schema,947175,2021-11-19,CVE-2021-3918
langchain-ai/langchain,552661142,2023-04-05,CVE-2023-29374
langchain-ai/langchain,552661142,2023-06-14,CVE-2023-34540
langchain-ai/langchain,552661142,2023-06-20,CVE-2023-34541
langchain-ai/langchain,552661142,2023-07-03,CVE-2023-36258
langchain-ai/langchain,552661142,2023-07-06,CVE-2023-36188
langchain-ai/langchain,552661142,2023-07-06,CVE-2023-36189
langchain-ai/langchain,552661142,2023-08-05,CVE-2023-36095
langchain-ai/langchain,552661142,2023-08-15,CVE-2023-38860
langchain-ai/langchain,552661142,2023-08-15,CVE-2023-38896
langchain-ai/langchain,552661142,2023-08-15,CVE-2023-39659
langchain-ai/langchain,552661142,2023-08-22,CVE-2023-36281
langchain-ai/langchain,552661142,2023-09-01,CVE-2023-39631
langchain-ai/langchain,552661142,2023-10-19,CVE-2023-46229
langchain-ai/langchain,552661142,2023-10-21,CVE-2023-32785
langchain-ai/langchain,552661142,2023-10-21,CVE-2023-32786
langchain-ai/langchain,552661142,2024-02-26,CVE-2024-0243
langchain-ai/langchain,552661142,2024-03-04,CVE-2024-28088
langchain-ai/langchain,552661142,2024-03-26,CVE-2024-1455
langchain-ai/langchain,552661142,2024-04-16,CVE-2024-3571
langchain-ai/langchain,552661142,2024-06-06,CVE-2024-2965
langchain-ai/langchain,552661142,2024-10-29,CVE-2024-8309
langchain-ai/langchain,552661142,2025-03-20,CVE-2024-10940
langchain-ai/langchain,552661142,2025-10-06,CVE-2025-6985
langchain-ai/langchain,552661142,2025-11-20,CVE-2025-65106
langchain-ai/langchain,552661142,2025-12-23,CVE-2025-68664
legrandin/pycryptodome,19378935,2024-01-05,CVE-2023-52323
libexpat/libexpat,80314213,2022-01-01,DEBIAN-CVE-2021-45960
libexpat/libexpat,80314213,2022-01-06,DEBIAN-CVE-2021-46143
libexpat/libexpat,80314213,2022-01-10,DEBIAN-CVE-2022-22822
libexpat/libexpat,80314213,2022-01-10,DEBIAN-CVE-2022-22823
libexpat/libexpat,80314213,2022-01-10,DEBIAN-CVE-2022-22824
libexpat/libexpat,80314213,2022-01-10,DEBIAN-CVE-2022-22825
libexpat/libexpat,80314213,2022-01-10,DEBIAN-CVE-2022-22826
libexpat/libexpat,80314213,2022-01-10,DEBIAN-CVE-2022-22827
libexpat/libexpat,80314213,2022-01-24,DEBIAN-CVE-2022-23852
libexpat/libexpat,80314213,2022-01-26,DEBIAN-CVE-2022-23990
libexpat/libexpat,80314213,2022-01-30,DLA-2904-1
libexpat/libexpat,80314213,2022-02-12,DSA-5073-1
libexpat/libexpat,80314213,2022-02-16,DEBIAN-CVE-2022-25235
libexpat/libexpat,80314213,2022-02-16,DEBIAN-CVE-2022-25236
libexpat/libexpat,80314213,2022-02-18,DEBIAN-CVE-2022-25313
libexpat/libexpat,80314213,2022-02-18,DEBIAN-CVE-2022-25314
libexpat/libexpat,80314213,2022-02-18,DEBIAN-CVE-2022-25315
libexpat/libexpat,80314213,2022-02-22,DSA-5085-1
libexpat/libexpat,80314213,2022-03-07,DLA-2935-1
libexpat/libexpat,80314213,2022-03-13,DSA-5085-2
libexpat/libexpat,80314213,2022-09-14,DEBIAN-CVE-2022-40674
libexpat/libexpat,80314213,2022-09-22,DSA-5236-1
libexpat/libexpat,80314213,2022-09-25,DLA-3119-1
libexpat/libexpat,80314213,2022-10-24,DEBIAN-CVE-2022-43680
libexpat/libexpat,80314213,2022-10-28,DLA-3165-1
libexpat/libexpat,80314213,2022-10-30,DSA-5266-1
libexpat/libexpat,80314213,2024-02-04,DEBIAN-CVE-2023-52425
libexpat/libexpat,80314213,2024-02-04,DEBIAN-CVE-2023-52426
libexpat/libexpat,80314213,2024-03-10,DEBIAN-CVE-2024-28757
libexpat/libexpat,80314213,2024-04-07,DLA-3783-1
libexpat/libexpat,80314213,2024-08-30,DEBIAN-CVE-2024-45490
libexpat/libexpat,80314213,2024-08-30,DEBIAN-CVE-2024-45491
libexpat/libexpat,80314213,2024-08-30,DEBIAN-CVE-2024-45492
libexpat/libexpat,80314213,2024-09-17,DSA-5770-1
libexpat/libexpat,80314213,2024-09-19,DLA-3893-1
libexpat/libexpat,80314213,2024-10-27,DEBIAN-CVE-2024-50602
libexpat/libexpat,80314213,2025-03-14,DEBIAN-CVE-2024-8176
libexpat/libexpat,80314213,2025-04-30,DLA-4145-1
libexpat/libexpat,80314213,2025-09-15,DEBIAN-CVE-2025-59375
libexpat/libexpat,80314213,2025-11-28,DEBIAN-CVE-2025-66382
libjpeg-turbo/libjpeg-turbo,39760454,2021-06-01,DEBIAN-CVE-2020-17541
libjpeg-turbo/libjpeg-turbo,39760454,2022-05-31,DLA-3037-1
libjpeg-turbo/libjpeg-turbo,39760454,2022-06-18,DEBIAN-CVE-2021-46822
libjpeg-turbo/libjpeg-turbo,39760454,2022-08-31,DEBIAN-CVE-2020-35538
libpixman/pixman,81675971,2022-11-03,DEBIAN-CVE-2022-44638
libpixman/pixman,81675971,2022-11-07,DLA-3179-1
libpixman/pixman,81675971,2022-11-12,DSA-5276-1
libpixman/pixman,81675971,2023-07-17,DEBIAN-CVE-2023-37769
linux-pam/linux-pam,76264690,2024-02-06,DEBIAN-CVE-2024-22365
linux-pam/linux-pam,76264690,2024-10-23,DEBIAN-CVE-2024-10041
linux-pam/linux-pam,76264690,2024-11-07,DEBIAN-CVE-2024-10963
linux-pam/linux-pam,76264690,2025-06-17,DEBIAN-CVE-2025-6020
linux-pam/linux-pam,76264690,2025-08-13,DEBIAN-CVE-2025-8941
linux-pam/linux-pam,76264690,2025-09-21,DLA-4306-1
ljharb/qs,22266795,2022-11-27,CVE-2022-24999
ljharb/qs,22266795,2025-12-30,CVE-2025-15284
lodash/lodash,3955647,2021-05-06,CVE-2021-23337
lodash/lodash,3955647,2022-01-06,CVE-2020-28500
lxml/lxml,1353927,2021-01-07,CVE-2020-27783
lxml/lxml,1353927,2021-03-21,CVE-2021-28957
lxml/lxml,1353927,2021-12-13,CVE-2021-43818
lxml/lxml,1353927,2022-05-13,CVE-2018-19787
lxml/lxml,1353927,2022-05-14,CVE-2014-3146
lxml/lxml,1353927,2022-07-05,CVE-2022-2309
lz4/lz4,18106269,2021-05-12,DLA-2657-1
lz4/lz4,18106269,2021-05-21,DSA-4919-1
lz4/lz4,18106269,2021-06-02,DEBIAN-CVE-2021-3520
madler/zlib,2359378,2022-03-25,DEBIAN-CVE-2018-25032
madler/zlib,2359378,2022-04-01,DSA-5111-1
madler/zlib,2359378,2022-04-02,DLA-2968-1
madler/zlib,2359378,2022-08-05,DEBIAN-CVE-2022-37434
madler/zlib,2359378,2022-08-25,DSA-5218-1
madler/zlib,2359378,2022-09-12,DLA-3103-1
madler/zlib,2359378,2023-10-14,DEBIAN-CVE-2023-45853
marshallpierce/rust-base64,47371310,2021-08-25,CVE-2017-1000430
matklad/once_cell,143220272,2021-08-25,CVE-2019-16141
medikoo/es5-ext,1792941,2024-02-26,CVE-2024-27088
mhammond/pywin32,108187130,2021-07-06,CVE-2021-32559
micromatch/braces,25475303,2022-01-06,CVE-2018-1109
micromatch/braces,25475303,2024-05-14,CVE-2024-4068
micromatch/micromatch,27359938,2024-05-14,CVE-2024-4067
microsoft/windows-rs,208102250,2022-01-02,GHSA-x4mq-m75f-mx8m
minimistjs/minimist,549230701,2022-03-18,CVE-2021-44906
moment/moment,1424470,2022-04-04,CVE-2022-24785
moment/moment,1424470,2022-07-06,CVE-2022-31129
moxystudio/node-cross-spawn,21335844,2024-11-08,CVE-2024-21538
mvdnes/spin-rs,21686666,2021-08-25,CVE-2019-16137
mvdnes/spin-rs,21686666,2023-03-31,GHSA-2qv5-7mw5-j3cg
nghttp2/nghttp2,11452676,2021-10-16,DLA-2786-1
nghttp2/nghttp2,11452676,2023-10-10,DEBIAN-CVE-2023-44487
nghttp2/nghttp2,11452676,2023-10-16,DLA-3621-1
nghttp2/nghttp2,11452676,2023-12-01,DSA-5570-1
nghttp2/nghttp2,11452676,2024-04-04,DEBIAN-CVE-2024-28182
nghttp2/nghttp2,11452676,2024-04-30,DLA-3804-1
nghttp2/nghttp2,11452676,2024-09-27,DLA-3898-1
nlnetlabs/unbound,94195301,2021-04-27,DEBIAN-CVE-2019-25031
nlnetlabs/unbound,94195301,2021-04-27,DEBIAN-CVE-2019-25032
nlnetlabs/unbound,94195301,2021-04-27,DEBIAN-CVE-2019-25033
nlnetlabs/unbound,94195301,2021-04-27,DEBIAN-CVE-2019-25034
nlnetlabs/unbound,94195301,2021-04-27,DEBIAN-CVE-2019-25035
nlnetlabs/unbound,94195301,2021-04-27,DEBIAN-CVE-2019-25036
nlnetlabs/unbound,94195301,2021-04-27,DEBIAN-CVE-2019-25037
nlnetlabs/unbound,94195301,2021-04-27,DEBIAN-CVE-2019-25038
nlnetlabs/unbound,94195301,2021-04-27,DEBIAN-CVE-2019-25039
nlnetlabs/unbound,94195301,2021-04-27,DEBIAN-CVE-2019-25040
nlnetlabs/unbound,94195301,2021-04-27,DEBIAN-CVE-2019-25041
nlnetlabs/unbound,94195301,2021-04-27,DEBIAN-CVE-2019-25042
nlnetlabs/unbound,94195301,2022-08-01,DEBIAN-CVE-2022-30698
nlnetlabs/unbound,94195301,2022-08-01,DEBIAN-CVE-2022-30699
nlnetlabs/unbound,94195301,2022-09-26,DEBIAN-CVE-2022-3204
nlnetlabs/unbound,94195301,2023-03-29,DLA-3371-1
nlnetlabs/unbound,94195301,2024-02-14,DEBIAN-CVE-2023-50387
nlnetlabs/unbound,94195301,2024-02-14,DEBIAN-CVE-2023-50868
nlnetlabs/unbound,94195301,2024-02-14,DSA-5620-1
nlnetlabs/unbound,94195301,2024-02-21,DLA-3736-1
nlnetlabs/unbound,94195301,2024-03-07,DEBIAN-CVE-2024-1931
nlnetlabs/unbound,94195301,2024-06-06,DEBIAN-CVE-2024-33655
nlnetlabs/unbound,94195301,2024-08-12,DEBIAN-CVE-2024-43167
nlnetlabs/unbound,94195301,2024-08-12,DEBIAN-CVE-2024-43168
nlnetlabs/unbound,94195301,2024-09-29,DLA-3903-1
nlnetlabs/unbound,94195301,2024-10-03,DEBIAN-CVE-2024-8508
nlnetlabs/unbound,94195301,2024-11-14,DLA-3952-1
nlnetlabs/unbound,94195301,2025-07-16,DEBIAN-CVE-2025-5994
nlnetlabs/unbound,94195301,2025-08-24,DLA-4280-1
nlnetlabs/unbound,94195301,2025-08-27,DSA-5987-1
nlnetlabs/unbound,94195301,2025-10-22,DEBIAN-CVE-2025-11411
nlnetlabs/unbound,94195301,2025-11-05,DLA-4365-1
nlnetlabs/unbound,94195301,2025-11-30,DLA-4365-2
nlnetlabs/unbound,94195301,2025-12-04,DSA-6071-1
node-fetch/node-fetch,29849956,2022-01-21,CVE-2022-0235
node-fetch/node-fetch,29849956,2022-08-02,CVE-2022-2596
nodeca/js-yaml,2504175,2025-11-14,CVE-2025-64718
nodejs/node,27193779,2021-01-06,DEBIAN-CVE-2020-8265
nodejs/node,27193779,2021-01-06,DEBIAN-CVE-2020-8287
nodejs/node,27193779,2021-01-06,DSA-4826-1
nodejs/node,27193779,2021-02-24,DSA-4863-1
nodejs/node,27193779,2021-03-03,DEBIAN-CVE-2021-22883
nodejs/node,27193779,2021-03-03,DEBIAN-CVE-2021-22884
nodejs/node,27193779,2021-08-16,DEBIAN-CVE-2021-22939
nodejs/node,27193779,2021-08-16,DEBIAN-CVE-2021-22940
nodejs/node,27193779,2021-10-07,DEBIAN-CVE-2021-22930
nodejs/node,27193779,2021-11-03,DEBIAN-CVE-2021-22960
nodejs/node,27193779,2021-11-15,DEBIAN-CVE-2021-22959
nodejs/node,27193779,2022-02-24,DEBIAN-CVE-2021-44531
nodejs/node,27193779,2022-02-24,DEBIAN-CVE-2021-44532
nodejs/node,27193779,2022-02-24,DEBIAN-CVE-2021-44533
nodejs/node,27193779,2022-02-24,DEBIAN-CVE-2022-21824
nodejs/node,27193779,2022-06-27,DSA-5170-1
nodejs/node,27193779,2022-07-14,DEBIAN-CVE-2022-32212
nodejs/node,27193779,2022-07-14,DEBIAN-CVE-2022-32213
nodejs/node,27193779,2022-07-14,DEBIAN-CVE-2022-32214
nodejs/node,27193779,2022-07-14,DEBIAN-CVE-2022-32215
nodejs/node,27193779,2022-10-05,DLA-3137-1
nodejs/node,27193779,2022-12-05,DEBIAN-CVE-2022-35255
nodejs/node,27193779,2022-12-05,DEBIAN-CVE-2022-35256
nodejs/node,27193779,2022-12-05,DEBIAN-CVE-2022-43548
nodejs/node,27193779,2023-01-24,DSA-5326-1
nodejs/node,27193779,2023-02-23,DEBIAN-CVE-2023-23918
nodejs/node,27193779,2023-02-23,DEBIAN-CVE-2023-23919
nodejs/node,27193779,2023-02-23,DEBIAN-CVE-2023-23920
nodejs/node,27193779,2023-02-26,DLA-3344-1
nodejs/node,27193779,2023-05-02,DSA-5395-1
nodejs/node,27193779,2023-07-01,DEBIAN-CVE-2023-30589
nodejs/node,27193779,2023-08-15,DEBIAN-CVE-2023-32006
nodejs/node,27193779,2023-08-21,DEBIAN-CVE-2023-32002
nodejs/node,27193779,2023-08-24,DEBIAN-CVE-2023-32559
nodejs/node,27193779,2023-10-18,DEBIAN-CVE-2023-38552
nodejs/node,27193779,2023-11-23,DEBIAN-CVE-2023-30581
nodejs/node,27193779,2023-11-28,DEBIAN-CVE-2023-30588
nodejs/node,27193779,2023-11-28,DEBIAN-CVE-2023-30590
nodejs/node,27193779,2023-12-27,DSA-5589-1
nodejs/node,27193779,2024-02-20,DEBIAN-CVE-2024-21892
nodejs/node,27193779,2024-02-20,DEBIAN-CVE-2024-22019
nodejs/node,27193779,2024-03-19,DEBIAN-CVE-2024-22025
nodejs/node,27193779,2024-03-26,DLA-3776-1
nodejs/node,27193779,2024-04-09,DEBIAN-CVE-2024-27983
nodejs/node,27193779,2024-05-07,DEBIAN-CVE-2024-27982
nodejs/node,27193779,2024-07-09,DEBIAN-CVE-2024-22020
nodejs/node,27193779,2024-07-10,DEBIAN-CVE-2024-22018
nodejs/node,27193779,2024-09-07,DEBIAN-CVE-2023-39333
nodejs/node,27193779,2024-09-07,DEBIAN-CVE-2023-46809
nodejs/node,27193779,2024-09-07,DEBIAN-CVE-2024-36137
nodejs/node,27193779,2024-09-14,DLA-3886-1
nodejs/node,27193779,2025-01-22,DEBIAN-CVE-2025-23083
nodejs/node,27193779,2025-02-07,DEBIAN-CVE-2025-23085
nodejs/node,27193779,2025-02-25,DLA-4067-1
nodejs/node,27193779,2025-05-01,DEBIAN-CVE-2025-47153
nodejs/node,27193779,2025-05-02,DLA-4152-1
nodejs/node,27193779,2025-05-19,DEBIAN-CVE-2025-23165
nodejs/node,27193779,2025-05-19,DEBIAN-CVE-2025-23166
nodejs/node,27193779,2025-08-29,DSA-5991-1
nodejs/undici,133092972,2022-06-17,CVE-2022-32210
nodejs/undici,133092972,2022-07-21,CVE-2022-31150
nodejs/undici,133092972,2022-07-21,CVE-2022-31151
nodejs/undici,133092972,2022-08-18,CVE-2022-35948
nodejs/undici,133092972,2022-08-18,CVE-2022-35949
nodejs/undici,133092972,2023-02-16,BIT-node-2023-23936
nodejs/undici,133092972,2023-02-16,CVE-2023-24807
nodejs/undici,133092972,2023-10-16,CVE-2023-45143
nodejs/undici,133092972,2024-02-16,CVE-2024-24750
nodejs/undici,133092972,2024-02-16,CVE-2024-24758
nodejs/undici,133092972,2024-04-04,CVE-2024-30260
nodejs/undici,133092972,2024-04-04,CVE-2024-30261
nodejs/undici,133092972,2024-07-09,CVE-2024-38372
nodejs/undici,133092972,2025-01-21,CVE-2025-22150
nodejs/undici,133092972,2025-05-15,CVE-2025-47279
npm/hosted-git-info,25002984,2021-05-06,CVE-2021-23362
npm/node-semver,1357199,2023-06-21,CVE-2022-25883
npm/ssri,193817839,2021-03-19,CVE-2021-27290
numpy/numpy,908607,2021-12-17,CVE-2021-33430
numpy/numpy,908607,2021-12-17,CVE-2021-34141
numpy/numpy,908607,2021-12-17,CVE-2021-41495
numpy/numpy,908607,2021-12-17,CVE-2021-41496
numpy/numpy,908607,2022-05-13,CVE-2017-12852
numpy/numpy,908607,2022-05-14,CVE-2014-1858
numpy/numpy,908607,2022-05-14,CVE-2014-1859
numpy/numpy,908607,2022-05-24,CVE-2019-6446
oauthlib/oauthlib,2811323,2022-09-09,CVE-2022-36087
open-telemetry/opentelemetry-js,185901023,2023-08-09,GHSA-f8pq-3926-8gx5
open-telemetry/opentelemetry-python,185478926,2023-10-02,CVE-2023-43810
openssl/openssl,7634677,2021-02-16,DEBIAN-CVE-2021-23839
openssl/openssl,7634677,2021-02-16,DEBIAN-CVE-2021-23840
openssl/openssl,7634677,2021-02-16,DEBIAN-CVE-2021-23841
openssl/openssl,7634677,2021-02-17,DSA-4855-1
openssl/openssl,7634677,2021-02-18,DLA-2563-1
openssl/openssl,7634677,2021-03-25,DEBIAN-CVE-2021-3449
openssl/openssl,7634677,2021-03-25,DEBIAN-CVE-2021-3450
openssl/openssl,7634677,2021-03-25,DSA-4875-1
openssl/openssl,7634677,2021-08-24,DEBIAN-CVE-2021-3711
openssl/openssl,7634677,2021-08-24,DEBIAN-CVE-2021-3712
openssl/openssl,7634677,2021-08-24,DSA-4963-1
openssl/openssl,7634677,2021-09-27,DLA-2766-1
openssl/openssl,7634677,2022-01-28,DEBIAN-CVE-2021-4160
openssl/openssl,7634677,2022-03-15,DEBIAN-CVE-2022-0778
openssl/openssl,7634677,2022-03-15,DSA-5103-1
openssl/openssl,7634677,2022-03-17,DLA-2952-1
openssl/openssl,7634677,2022-05-03,DEBIAN-CVE-2022-1292
openssl/openssl,7634677,2022-05-14,DLA-3008-1
openssl/openssl,7634677,2022-05-17,DSA-5139-1
openssl/openssl,7634677,2022-06-21,DEBIAN-CVE-2022-2068
openssl/openssl,7634677,2022-06-26,DSA-5169-1
openssl/openssl,7634677,2022-07-01,DEBIAN-CVE-2022-2274
openssl/openssl,7634677,2022-07-05,DEBIAN-CVE-2022-2097
openssl/openssl,7634677,2022-10-11,DEBIAN-CVE-2022-3358
openssl/openssl,7634677,2022-11-01,DEBIAN-CVE-2022-3602
openssl/openssl,7634677,2022-11-01,DEBIAN-CVE-2022-3786
openssl/openssl,7634677,2022-12-13,DEBIAN-CVE-2022-3996
openssl/openssl,7634677,2023-02-07,DSA-5343-1
openssl/openssl,7634677,2023-02-08,DEBIAN-CVE-2022-4304
openssl/openssl,7634677,2023-02-08,DEBIAN-CVE-2022-4450
openssl/openssl,7634677,2023-02-08,DEBIAN-CVE-2023-0215
openssl/openssl,7634677,2023-02-08,DEBIAN-CVE-2023-0216
openssl/openssl,7634677,2023-02-08,DEBIAN-CVE-2023-0217
openssl/openssl,7634677,2023-02-08,DEBIAN-CVE-2023-0286
openssl/openssl,7634677,2023-02-08,DEBIAN-CVE-2023-0401
openssl/openssl,7634677,2023-02-20,DLA-3325-1
openssl/openssl,7634677,2023-02-24,DEBIAN-CVE-2022-4203
openssl/openssl,7634677,2023-03-22,DEBIAN-CVE-2023-0464
openssl/openssl,7634677,2023-03-28,DEBIAN-CVE-2023-0465
openssl/openssl,7634677,2023-03-28,DEBIAN-CVE-2023-0466
openssl/openssl,7634677,2023-04-20,DEBIAN-CVE-2023-1255
openssl/openssl,7634677,2023-05-30,DEBIAN-CVE-2023-2650
openssl/openssl,7634677,2023-05-31,DSA-5417-1
openssl/openssl,7634677,2023-06-08,DLA-3449-1
openssl/openssl,7634677,2023-07-14,DEBIAN-CVE-2023-2975
openssl/openssl,7634677,2023-07-19,DEBIAN-CVE-2023-3446
openssl/openssl,7634677,2023-07-31,DEBIAN-CVE-2023-3817
openssl/openssl,7634677,2023-08-15,DLA-3530-1
openssl/openssl,7634677,2023-10-24,DSA-5532-1
openssl/openssl,7634677,2023-10-25,DEBIAN-CVE-2023-5363
openssl/openssl,7634677,2023-11-06,DEBIAN-CVE-2023-5678
openssl/openssl,7634677,2024-01-09,DEBIAN-CVE-2023-6129
openssl/openssl,7634677,2024-01-26,DEBIAN-CVE-2024-0727
openssl/openssl,7634677,2024-04-08,DEBIAN-CVE-2024-2511
openssl/openssl,7634677,2024-04-25,DEBIAN-CVE-2023-6237
openssl/openssl,7634677,2024-05-16,DEBIAN-CVE-2024-4603
openssl/openssl,7634677,2024-06-27,DEBIAN-CVE-2024-5535
openssl/openssl,7634677,2024-09-03,DEBIAN-CVE-2024-6119
openssl/openssl,7634677,2024-09-03,DSA-5764-1
openssl/openssl,7634677,2024-10-16,DEBIAN-CVE-2024-9143
openssl/openssl,7634677,2024-10-31,DLA-3942-1
openssl/openssl,7634677,2024-11-03,DLA-3942-2
openssl/openssl,7634677,2024-11-13,DEBIAN-CVE-2024-4741
openssl/openssl,7634677,2025-01-20,DEBIAN-CVE-2024-13176
openssl/openssl,7634677,2025-02-11,DEBIAN-CVE-2024-12797
openssl/openssl,7634677,2025-05-22,DEBIAN-CVE-2025-4575
openssl/openssl,7634677,2025-05-24,DLA-4176-1
openssl/openssl,7634677,2025-06-16,DEBIAN-CVE-2025-27587
openssl/openssl,7634677,2025-09-30,DEBIAN-CVE-2025-9230
openssl/openssl,7634677,2025-09-30,DEBIAN-CVE-2025-9231
openssl/openssl,7634677,2025-09-30,DEBIAN-CVE-2025-9232
openssl/openssl,7634677,2025-10-01,DSA-6015-1
openssl/openssl,7634677,2025-10-03,DLA-4321-1
opensuse/ca-certificates,10785433,2021-03-14,DLA-2593-1
p11-glue/p11-kit,12060420,2021-01-01,DSA-4822-1
p11-glue/p11-kit,12060420,2021-01-04,DLA-2513-1
pallets/flask,596892,2023-05-01,CVE-2023-30861
pallets/flask,596892,2025-05-13,CVE-2025-47278
pallets/jinja,994551,2021-02-01,CVE-2020-28493
pallets/jinja,994551,2022-05-14,CVE-2014-1402
pallets/jinja,994551,2022-05-17,CVE-2014-0012
pallets/jinja,994551,2024-01-11,CVE-2024-22195
pallets/jinja,994551,2024-05-06,CVE-2024-34064
pallets/jinja,994551,2024-12-23,CVE-2024-56201
pallets/jinja,994551,2024-12-23,CVE-2024-56326
pallets/jinja,994551,2025-03-05,CVE-2025-27516
pallets/werkzeug,997338,2021-04-20,CVE-2020-28724
pallets/werkzeug,997338,2022-05-14,CVE-2016-10516
pallets/werkzeug,997338,2022-05-24,CVE-2019-14322
pallets/werkzeug,997338,2022-05-25,CVE-2022-29361
pallets/werkzeug,997338,2023-02-14,CVE-2023-23934
pallets/werkzeug,997338,2023-02-14,CVE-2023-25577
pallets/werkzeug,997338,2023-10-25,CVE-2023-46136
pallets/werkzeug,997338,2024-05-06,CVE-2024-34069
pallets/werkzeug,997338,2024-10-25,CVE-2024-49766
pallets/werkzeug,997338,2024-10-25,CVE-2024-49767
pallets/werkzeug,997338,2025-12-02,CVE-2025-66221
paramiko/paramiko,119609,2022-03-17,CVE-2022-24302
paramiko/paramiko,119609,2022-05-01,CVE-2008-0299
paramiko/paramiko,119609,2023-12-18,CVE-2023-48795
pcre2project/pcre2,398251321,2022-05-16,DEBIAN-CVE-2022-1586
pcre2project/pcre2,398251321,2022-05-16,DEBIAN-CVE-2022-1587
pcre2project/pcre2,398251321,2023-03-16,DLA-3363-1
pcre2project/pcre2,398251321,2023-07-18,DEBIAN-CVE-2022-41409
pcre2project/pcre2,398251321,2025-08-27,DEBIAN-CVE-2025-58050
pillarjs/path-to-regexp,5265803,2024-09-09,CVE-2024-45296
pillarjs/path-to-regexp,5265803,2024-12-05,CVE-2024-52798
pillarjs/send,4879977,2024-09-10,CVE-2024-43799
pkgconf/pkgconf,4180110,2023-01-22,DEBIAN-CVE-2023-24056
postcss/postcss,13078968,2021-05-10,CVE-2021-23368
postcss/postcss,13078968,2022-01-07,CVE-2021-23382
postcss/postcss,13078968,2023-09-30,CVE-2023-44270
protobufjs/protobuf.js,8507859,2022-05-28,CVE-2022-25878
protobufjs/protobuf.js,8507859,2023-07-05,CVE-2023-36665
protocolbuffers/protobuf,23357588,2022-01-10,DEBIAN-CVE-2021-22569
protocolbuffers/protobuf,23357588,2022-01-26,CVE-2021-22570
protocolbuffers/protobuf,23357588,2022-01-26,DEBIAN-CVE-2021-22570
protocolbuffers/protobuf,23357588,2022-05-13,CVE-2015-5237
protocolbuffers/protobuf,23357588,2022-09-22,DEBIAN-CVE-2022-1941
protocolbuffers/protobuf,23357588,2022-09-23,CVE-2022-1941
protocolbuffers/protobuf,23357588,2022-10-12,DEBIAN-CVE-2022-3171
protocolbuffers/protobuf,23357588,2022-12-12,DEBIAN-CVE-2022-3509
protocolbuffers/protobuf,23357588,2022-12-12,DEBIAN-CVE-2022-3510
protocolbuffers/protobuf,23357588,2023-04-18,DLA-3393-1
protocolbuffers/protobuf,23357588,2024-09-19,DEBIAN-CVE-2024-7254
protocolbuffers/protobuf,23357588,2025-06-16,CVE-2025-4565
protocolbuffers/protobuf,23357588,2025-06-16,DEBIAN-CVE-2025-4565
psf/requests,1362490,2022-05-13,CVE-2015-2296
psf/requests,1362490,2022-05-14,CVE-2014-1830
psf/requests,1362490,2022-05-17,CVE-2014-1829
psf/requests,1362490,2023-05-22,CVE-2023-32681
psf/requests,1362490,2024-05-20,CVE-2024-35195
psf/requests,1362490,2025-06-09,CVE-2024-47081
pyca/cryptography,11939484,2021-01-11,CVE-2020-25659
pyca/cryptography,11939484,2021-02-07,CVE-2020-36242
pyca/cryptography,11939484,2022-05-17,CVE-2016-9243
pyca/cryptography,11939484,2022-11-02,GHSA-39hc-v87j-747x
pyca/cryptography,11939484,2023-02-07,CVE-2023-23931
pyca/cryptography,11939484,2023-02-08,CVE-2023-0286
pyca/cryptography,11939484,2023-06-02,GHSA-5cpq-8wj7-hf2v
pyca/cryptography,11939484,2023-07-14,CVE-2023-38325
pyca/cryptography,11939484,2023-08-01,GHSA-jm77-qphf-c4w8
pyca/cryptography,11939484,2023-09-21,GHSA-v8gr-m533-ghj9
pyca/cryptography,11939484,2023-11-28,CVE-2023-49083
pyca/cryptography,11939484,2024-01-26,CVE-2024-0727
pyca/cryptography,11939484,2024-02-05,CVE-2023-50782
pyca/cryptography,11939484,2024-02-21,CVE-2024-26130
pyca/cryptography,11939484,2024-09-03,GHSA-h4gh-qq45-vh27
pyca/cryptography,11939484,2025-02-11,CVE-2024-12797
pyca/pynacl,8350032,2025-12-31,CVE-2025-69277
pyca/pyopenssl,15778059,2022-05-17,CVE-2013-4314
pydantic/pydantic,90194616,2021-05-13,CVE-2021-29510
pydantic/pydantic,90194616,2024-04-15,CVE-2024-3772
pygments/pygments,205564111,2021-03-12,DLA-2590-1
pygments/pygments,205564111,2021-03-12,DSA-4870-1
pygments/pygments,205564111,2021-03-17,CVE-2021-27291
pygments/pygments,205564111,2021-03-17,DEBIAN-CVE-2021-27291
pygments/pygments,205564111,2021-03-19,DLA-2600-1
pygments/pygments,205564111,2021-03-23,CVE-2021-20270
pygments/pygments,205564111,2021-03-23,DEBIAN-CVE-2021-20270
pygments/pygments,205564111,2021-03-27,DSA-4878-1
pygments/pygments,205564111,2022-05-17,CVE-2015-8557
pygments/pygments,205564111,2023-07-19,CVE-2022-40896
pygments/pygments,205564111,2023-07-19,DEBIAN-CVE-2022-40896
pypa/pip,1446467,2021-06-09,CVE-2019-20916
pypa/pip,1446467,2021-11-10,CVE-2021-3572
pypa/pip,1446467,2022-05-13,CVE-2013-1629
pypa/pip,1446467,2022-05-13,CVE-2013-1888
pypa/pip,1446467,2022-05-13,CVE-2014-8991
pypa/pip,1446467,2022-05-24,CVE-2013-5123
pypa/pip,1446467,2023-10-25,CVE-2023-5752
pypa/pip,1446467,2025-09-24,CVE-2025-8869
pypa/setuptools,54980593,2022-05-17,CVE-2013-1633
pypa/setuptools,54980593,2022-12-23,BIT-setuptools-2022-40897
pypa/setuptools,54980593,2024-07-15,BIT-setuptools-2024-6345
pypa/setuptools,54980593,2025-05-17,BIT-setuptools-2025-47273
pypa/virtualenv,1446474,2022-05-17,CVE-2011-4617
pypa/virtualenv,1446474,2024-11-24,BIT-virtualenv-2024-53899
pypa/wheel,98346885,2022-12-23,CVE-2022-40898
python-hyper/h11,57372073,2025-04-24,CVE-2025-43859
python-pillow/pillow,5171600,2021-01-12,BIT-pillow-2020-35653
python-pillow/pillow,5171600,2021-01-12,BIT-pillow-2020-35654
python-pillow/pillow,5171600,2021-01-12,BIT-pillow-2020-35655
python-pillow/pillow,5171600,2021-03-03,BIT-pillow-2021-27921
python-pillow/pillow,5171600,2021-03-03,BIT-pillow-2021-27922
python-pillow/pillow,5171600,2021-03-03,BIT-pillow-2021-27923
python-pillow/pillow,5171600,2021-03-19,BIT-pillow-2021-25289
python-pillow/pillow,5171600,2021-03-19,BIT-pillow-2021-25290
python-pillow/pillow,5171600,2021-03-19,BIT-pillow-2021-25291
python-pillow/pillow,5171600,2021-03-19,BIT-pillow-2021-25292
python-pillow/pillow,5171600,2021-03-19,BIT-pillow-2021-25293
python-pillow/pillow,5171600,2021-04-23,GHSA-jgpv-4h4c-xhw3
python-pillow/pillow,5171600,2021-06-02,BIT-pillow-2021-25287
python-pillow/pillow,5171600,2021-06-02,BIT-pillow-2021-25288
python-pillow/pillow,5171600,2021-06-02,BIT-pillow-2021-28675
python-pillow/pillow,5171600,2021-06-02,BIT-pillow-2021-28676
python-pillow/pillow,5171600,2021-06-02,BIT-pillow-2021-28677
python-pillow/pillow,5171600,2021-06-02,BIT-pillow-2021-28678
python-pillow/pillow,5171600,2021-07-13,BIT-pillow-2021-34552
python-pillow/pillow,5171600,2021-09-03,BIT-pillow-2021-23437
python-pillow/pillow,5171600,2021-11-03,BIT-pillow-2020-10378
python-pillow/pillow,5171600,2021-11-03,BIT-pillow-2020-5310
python-pillow/pillow,5171600,2021-11-03,BIT-pillow-2020-5312
python-pillow/pillow,5171600,2022-01-10,BIT-pillow-2022-22815
python-pillow/pillow,5171600,2022-01-10,BIT-pillow-2022-22816
python-pillow/pillow,5171600,2022-01-10,BIT-pillow-2022-22817
python-pillow/pillow,5171600,2022-03-11,BIT-pillow-2022-24303
python-pillow/pillow,5171600,2022-03-11,GHSA-4fx9-vc88-q2xc
python-pillow/pillow,5171600,2022-05-14,CVE-2014-3589
python-pillow/pillow,5171600,2022-05-14,CVE-2014-3598
python-pillow/pillow,5171600,2022-05-14,CVE-2014-9601
python-pillow/pillow,5171600,2022-05-17,CVE-2014-1932
python-pillow/pillow,5171600,2022-05-17,CVE-2014-3007
python-pillow/pillow,5171600,2022-05-17,CVE-2016-3076
python-pillow/pillow,5171600,2022-05-24,BIT-pillow-2020-5311
python-pillow/pillow,5171600,2022-05-25,BIT-pillow-2022-30595
python-pillow/pillow,5171600,2022-08-15,OSV-2022-715
python-pillow/pillow,5171600,2022-10-22,OSV-2022-1074
python-pillow/pillow,5171600,2022-11-14,BIT-pillow-2022-45198
python-pillow/pillow,5171600,2022-11-14,BIT-pillow-2022-45199
python-pillow/pillow,5171600,2023-09-12,A-299477569
python-pillow/pillow,5171600,2023-09-20,PYSEC-2023-175
python-pillow/pillow,5171600,2023-11-03,BIT-pillow-2023-44271
python-pillow/pillow,5171600,2024-01-19,BIT-pillow-2023-50447
python-pillow/pillow,5171600,2024-04-03,BIT-pillow-2024-28219
python-pillow/pillow,5171600,2025-07-01,BIT-pillow-2025-48379
python-poetry/poetry,123303402,2022-03-21,CVE-2022-26184
python-poetry/poetry,123303402,2022-09-07,CVE-2022-36069
python-poetry/poetry,123303402,2022-09-07,CVE-2022-36070
qix-/color-convert,1874305,2025-09-08,CVE-2025-59162
qix-/node-error-ex,41388258,2025-09-08,CVE-2025-59330
qix-/node-is-arrayish,41376759,2025-09-08,CVE-2025-59331
raszi/node-tmp,2313213,2025-08-06,CVE-2025-54798
remix-run/react-router,19872456,2025-04-24,CVE-2025-43864
remix-run/react-router,19872456,2025-04-24,CVE-2025-43865
rust-cli/anstyle,493821282,2024-09-08,GHSA-2rxc-gjrp-vjhx
rust-lang/cc-rs,26039547,2025-11-17,RUSTSEC-2025-0121
rust-lang/futures-rs,55077261,2022-05-24,CVE-2020-35905
rust-lang/futures-rs,55077261,2022-05-24,CVE-2020-35906
rust-lang/futures-rs,55077261,2022-05-24,CVE-2020-35907
rust-lang/futures-rs,55077261,2022-05-24,CVE-2020-35908
rust-lang/hashbrown,155119796,2024-10-11,GHSA-wwq9-3cpr-mm53
rust-lang/regex,27890669,2022-03-08,CVE-2022-24713
rust-random/rand,30227790,2025-11-17,RUSTSEC-2025-0124
rust-random/rand_core,1086593277,2021-02-12,CVE-2021-27378
rust-random/rand_core,1086593277,2021-08-25,CVE-2020-25576
rustcrypto/hashes,74106774,2021-08-25,CVE-2019-16143
rustcrypto/hashes,74106774,2021-08-25,CVE-2019-25006
rustcrypto/hashes,74106774,2021-09-08,CVE-2021-45696
rustcrypto/stream-ciphers,83051505,2021-08-25,CVE-2019-25005
rustcrypto/utils,77307442,2021-05-06,RUSTSEC-2021-0064
rustcrypto/utils,77307442,2021-09-24,CVE-2021-45706
salesforce/tough-cookie,2606873,2023-07-01,CVE-2023-26136
samverschueren/decode-uri-component,91837954,2022-11-28,CVE-2022-38900
scikit-learn/scikit-learn,843222,2022-05-24,CVE-2020-13092
scikit-learn/scikit-learn,843222,2022-05-24,CVE-2020-28975
scikit-learn/scikit-learn,843222,2024-06-06,CVE-2024-5206
scipy/scipy,1460385,2022-05-05,CVE-2013-4251
scipy/scipy,1460385,2023-07-05,CVE-2023-25399
scipy/scipy,1460385,2023-07-06,CVE-2023-29824
selinuxproject/selinux,20648799,2021-07-01,DEBIAN-CVE-2021-36084
selinuxproject/selinux,20648799,2021-07-01,DEBIAN-CVE-2021-36085
selinuxproject/selinux,20648799,2021-07-01,DEBIAN-CVE-2021-36086
selinuxproject/selinux,20648799,2021-07-01,DEBIAN-CVE-2021-36087
selinuxproject/selinux,20648799,2024-10-22,DLA-3930-1
servo/rust-smallvec,33456236,2021-01-08,CVE-2021-25900
servo/rust-smallvec,33456236,2021-08-25,CVE-2018-20991
servo/rust-smallvec,33456236,2021-08-25,CVE-2018-25023
servo/rust-smallvec,33456236,2021-08-25,CVE-2019-15551
servo/rust-smallvec,33456236,2021-08-25,CVE-2019-15554
servo/rust-url,14934771,2024-12-09,CVE-2024-12224
sindresorhus/file-type,19105307,2022-07-22,CVE-2022-36313
sindresorhus/normalize-url,29094022,2021-06-08,CVE-2021-33502
smithy-lang/smithy-rs,308027791,2023-04-19,CVE-2023-30610
snowflakedb/snowflake-connector-python,62262074,2022-11-10,CVE-2022-42965
snowflakedb/snowflake-connector-python,62262074,2023-06-08,CVE-2023-34233
snowflakedb/snowflake-connector-python,62262074,2024-10-24,CVE-2024-49750
snowflakedb/snowflake-connector-python,62262074,2025-01-29,CVE-2025-24793
snowflakedb/snowflake-connector-python,62262074,2025-01-29,CVE-2025-24794
snowflakedb/snowflake-connector-python,62262074,2025-01-29,CVE-2025-24795
socketio/socket.io,557980,2021-01-20,CVE-2020-28481
socketio/socket.io,557980,2021-06-30,CVE-2020-36049
socketio/socket.io,557980,2022-01-13,CVE-2022-21676
socketio/socket.io,557980,2022-02-09,CVE-2020-36048
socketio/socket.io,557980,2022-10-26,CVE-2022-2421
socketio/socket.io,557980,2022-11-21,CVE-2022-41940
socketio/socket.io,557980,2023-05-03,CVE-2023-31125
socketio/socket.io,557980,2023-05-23,CVE-2023-32695
socketio/socket.io,557980,2024-06-19,CVE-2024-38355
sqlalchemy/sqlalchemy,159271175,2022-05-14,CVE-2012-0805
sqlite/sqlite,176278485,2023-05-22,DLA-3431-1
storybookjs/storybook,54173593,2025-12-18,CVE-2025-68429
sybrenstuvel/python-rsa,50107469,2021-03-24,CVE-2020-13757
sybrenstuvel/python-rsa,50107469,2021-04-30,CVE-2020-25658
sybrenstuvel/python-rsa,50107469,2022-05-14,CVE-2016-1494
systemd/systemd,32873313,2021-05-10,DEBIAN-CVE-2020-13529
systemd/systemd,32873313,2021-07-20,DEBIAN-CVE-2021-33910
systemd/systemd,32873313,2021-07-20,DLA-2715-1
systemd/systemd,32873313,2021-07-20,DSA-4942-1
systemd/systemd,32873313,2022-06-30,DLA-3063-1
systemd/systemd,32873313,2022-08-23,DEBIAN-CVE-2021-3997
systemd/systemd,32873313,2022-09-09,DEBIAN-CVE-2022-2526
systemd/systemd,32873313,2022-11-08,DEBIAN-CVE-2022-3821
systemd/systemd,32873313,2022-11-23,DEBIAN-CVE-2022-45873
systemd/systemd,32873313,2023-01-11,DEBIAN-CVE-2022-4415
systemd/systemd,32873313,2023-03-03,DEBIAN-CVE-2023-26604
systemd/systemd,32873313,2023-03-31,DLA-3377-1
systemd/systemd,32873313,2023-06-13,DEBIAN-CVE-2023-31437
systemd/systemd,32873313,2023-06-13,DEBIAN-CVE-2023-31438
systemd/systemd,32873313,2023-06-13,DEBIAN-CVE-2023-31439
systemd/systemd,32873313,2023-06-29,DLA-3474-1
systemd/systemd,32873313,2023-12-23,DEBIAN-CVE-2023-7008
systemd/systemd,32873313,2024-02-14,DEBIAN-CVE-2023-50387
systemd/systemd,32873313,2024-02-14,DEBIAN-CVE-2023-50868
systemd/systemd,32873313,2024-09-02,DLA-3859-1
systemd/systemd,32873313,2025-05-29,DSA-5931-1
systemd/systemd,32873313,2025-05-30,DEBIAN-CVE-2025-4598
systemd/systemd,32873313,2025-07-30,DLA-4259-1
terser/terser,29097127,2022-07-16,CVE-2022-25858
thomasdickey/ncurses-snapshots,65149533,2021-09-20,DEBIAN-CVE-2021-39537
thomasdickey/ncurses-snapshots,65149533,2022-04-18,DEBIAN-CVE-2022-29458
thomasdickey/ncurses-snapshots,65149533,2022-10-29,DLA-3167-1
thomasdickey/ncurses-snapshots,65149533,2023-04-14,DEBIAN-CVE-2023-29491
thomasdickey/ncurses-snapshots,65149533,2023-08-22,DEBIAN-CVE-2020-19185
thomasdickey/ncurses-snapshots,65149533,2023-08-22,DEBIAN-CVE-2020-19186
thomasdickey/ncurses-snapshots,65149533,2023-08-22,DEBIAN-CVE-2020-19187
thomasdickey/ncurses-snapshots,65149533,2023-08-22,DEBIAN-CVE-2020-19188
thomasdickey/ncurses-snapshots,65149533,2023-08-22,DEBIAN-CVE-2020-19189
thomasdickey/ncurses-snapshots,65149533,2023-08-22,DEBIAN-CVE-2020-19190
thomasdickey/ncurses-snapshots,65149533,2023-09-28,DLA-3586-1
thomasdickey/ncurses-snapshots,65149533,2023-12-03,DLA-3682-1
thomasdickey/ncurses-snapshots,65149533,2023-12-12,DEBIAN-CVE-2023-50495
thomasdickey/ncurses-snapshots,65149533,2025-06-16,DEBIAN-CVE-2025-6141
time-rs/time,26459635,2021-08-25,CVE-2020-26235
tokio-rs/prost,94262864,2021-07-08,CVE-2021-38192
tokio-rs/prost,94262864,2021-08-25,CVE-2020-35858
tokio-rs/slab,37093133,2025-08-11,CVE-2025-55159
tokio-rs/tokio,67836789,2021-07-07,CVE-2021-38191
tokio-rs/tokio,67836789,2021-11-16,CVE-2021-45710
tokio-rs/tokio,67836789,2023-01-04,CVE-2023-22466
tokio-rs/tokio,67836789,2023-01-11,GHSA-4q83-7cq4-p6wg
tokio-rs/tokio,67836789,2025-04-07,GHSA-rr8g-9fpq-6wmg
tokio-rs/tracing,165289175,2023-10-19,GHSA-8f24-6m29-wm2r
tokio-rs/tracing,165289175,2025-08-29,CVE-2025-58160
tootallnate/proxy-agents,11293703,2021-09-02,CVE-2021-23406
tootallnate/proxy-agents,11293703,2022-01-06,CVE-2019-10196
tox-dev/filelock,17098256,2025-12-16,CVE-2025-68146
tqdm/tqdm,36804486,2022-05-14,CVE-2016-10075
tqdm/tqdm,36804486,2024-05-03,CVE-2024-34062
unicode-org/icu,49244766,2021-06-07,DEBIAN-CVE-2021-30535
unicode-org/icu,49244766,2021-09-20,DEBIAN-CVE-2020-21913
unicode-org/icu,49244766,2021-10-12,DLA-2784-1
unicode-org/icu,49244766,2021-11-28,DSA-5014-1
unicode-org/icu,49244766,2025-05-27,DEBIAN-CVE-2025-5222
unicode-org/icu,49244766,2025-06-15,DLA-4217-1
unicode-org/icu,49244766,2025-06-26,DSA-5951-1
unicode-org/icu4x,243395141,2024-07-01,GHSA-74r5-g7vc-j2v2
unicode-org/icu4x,243395141,2024-07-01,GHSA-xrv3-jmcp-374j
urllib3/urllib3,2410676,2021-03-15,CVE-2021-28363
urllib3/urllib3,2410676,2021-04-30,CVE-2020-7212
urllib3/urllib3,2410676,2021-06-01,CVE-2021-33503
urllib3/urllib3,2410676,2021-06-18,CVE-2020-26137
urllib3/urllib3,2410676,2022-05-13,CVE-2019-11236
urllib3/urllib3,2410676,2022-05-17,CVE-2016-9015
urllib3/urllib3,2410676,2023-10-02,CVE-2023-43804
urllib3/urllib3,2410676,2023-10-15,CVE-2018-25091
urllib3/urllib3,2410676,2023-10-17,CVE-2023-45803
urllib3/urllib3,2410676,2024-06-17,CVE-2024-37891
urllib3/urllib3,2410676,2025-06-18,CVE-2025-50181
urllib3/urllib3,2410676,2025-06-18,CVE-2025-50182
urllib3/urllib3,2410676,2025-12-05,CVE-2025-66418
urllib3/urllib3,2410676,2025-12-05,CVE-2025-66471
util-linux/util-linux,2339555,2021-07-30,DEBIAN-CVE-2021-37600
util-linux/util-linux,2339555,2022-01-24,DSA-5055-1
util-linux/util-linux,2339555,2022-02-21,DEBIAN-CVE-2022-0563
util-linux/util-linux,2339555,2022-08-23,DEBIAN-CVE-2021-3995
util-linux/util-linux,2339555,2022-08-23,DEBIAN-CVE-2021-3996
util-linux/util-linux,2339555,2023-08-22,DEBIAN-CVE-2020-21583
util-linux/util-linux,2339555,2024-03-27,DEBIAN-CVE-2024-28085
util-linux/util-linux,2339555,2024-03-31,DSA-5650-1
util-linux/util-linux,2339555,2024-04-07,DLA-3782-1
util-linux/util-linux,2339555,2025-12-05,DEBIAN-CVE-2025-14104
vercel/ai,644461337,2025-11-07,CVE-2025-48985
vercel/ms,3655872,2023-01-05,CVE-2017-20162
vercel/next.js,70107786,2021-08-12,CVE-2021-37699
vercel/next.js,70107786,2021-09-01,CVE-2021-39178
vercel/next.js,70107786,2021-12-07,CVE-2021-43803
vercel/next.js,70107786,2022-01-28,CVE-2022-21721
vercel/next.js,70107786,2022-02-17,CVE-2022-23646
vercel/next.js,70107786,2022-08-30,CVE-2022-36046
vercel/next.js,70107786,2023-10-22,CVE-2023-46298
vercel/next.js,70107786,2024-05-09,CVE-2024-34350
vercel/next.js,70107786,2024-05-09,CVE-2024-34351
vercel/next.js,70107786,2024-07-10,CVE-2024-39693
vercel/next.js,70107786,2024-09-17,CVE-2024-46982
vercel/next.js,70107786,2024-10-14,CVE-2024-47831
vercel/next.js,70107786,2024-12-17,CVE-2024-51479
vercel/next.js,70107786,2025-01-03,CVE-2024-56332
vercel/next.js,70107786,2025-03-21,CVE-2025-29927
vercel/next.js,70107786,2025-04-02,CVE-2025-30218
vercel/next.js,70107786,2025-05-15,CVE-2025-32421
vercel/next.js,70107786,2025-05-28,CVE-2025-48068
vercel/next.js,70107786,2025-07-03,CVE-2025-49005
vercel/next.js,70107786,2025-07-03,CVE-2025-49826
vercel/next.js,70107786,2025-08-29,CVE-2025-55173
vercel/next.js,70107786,2025-08-29,CVE-2025-57752
vercel/next.js,70107786,2025-08-29,CVE-2025-57822
vercel/next.js,70107786,2025-12-03,GHSA-9qr9-h5gf-34mp
vercel/next.js,70107786,2025-12-11,GHSA-mwv6-3258-q52c
vercel/next.js,70107786,2025-12-11,GHSA-w37m-7fhw-fmv9
vercel/next.js,70107786,2025-12-12,GHSA-5j59-xgg2-r9c4
vitest-dev/vitest,434708679,2025-02-04,CVE-2025-24964
vuejs/core,137078487,2024-10-15,CVE-2024-9506
webmproject/libwebp,23368445,2021-05-21,DEBIAN-CVE-2018-25009
webmproject/libwebp,23368445,2021-05-21,DEBIAN-CVE-2018-25010
webmproject/libwebp,23368445,2021-05-21,DEBIAN-CVE-2018-25011
webmproject/libwebp,23368445,2021-05-21,DEBIAN-CVE-2018-25012
webmproject/libwebp,23368445,2021-05-21,DEBIAN-CVE-2018-25013
webmproject/libwebp,23368445,2021-05-21,DEBIAN-CVE-2018-25014
webmproject/libwebp,23368445,2021-05-21,DEBIAN-CVE-2020-36328
webmproject/libwebp,23368445,2021-05-21,DEBIAN-CVE-2020-36329
webmproject/libwebp,23368445,2021-05-21,DEBIAN-CVE-2020-36330
webmproject/libwebp,23368445,2021-05-21,DEBIAN-CVE-2020-36331
webmproject/libwebp,23368445,2021-05-21,DEBIAN-CVE-2020-36332
webmproject/libwebp,23368445,2021-06-05,DLA-2677-1
webmproject/libwebp,23368445,2021-06-10,DSA-4930-1
webmproject/libwebp,23368445,2023-05-21,DSA-5408-1
webmproject/libwebp,23368445,2023-05-31,DLA-3439-1
webmproject/libwebp,23368445,2023-06-20,DEBIAN-CVE-2023-1999
webmproject/libwebp,23368445,2023-09-12,DEBIAN-CVE-2023-4863
webmproject/libwebp,23368445,2023-09-13,DSA-5497-1
webmproject/libwebp,23368445,2023-09-13,DSA-5497-2
webmproject/libwebp,23368445,2023-09-18,DLA-3570-1
webpack/loader-utils,6503675,2022-10-12,CVE-2022-37599
webpack/loader-utils,6503675,2022-10-13,CVE-2022-37601
webpack/loader-utils,6503675,2022-10-14,CVE-2022-37603
websockets/ws,2744972,2021-05-28,CVE-2021-32640
websockets/ws,2744972,2024-06-17,CVE-2024-37890
yahoo/serialize-javascript,24106944,2025-02-10,CVE-2024-11831
yaml/pyyaml,2700147,2021-02-09,CVE-2020-14343
yaml/pyyaml,2700147,2021-04-20,CVE-2019-20477
yaml/pyyaml,2700147,2021-04-20,CVE-2020-1747
yargs/y18n,39720886,2021-03-29,CVE-2020-7774
zesterer/spin-rs,21686666,2021-08-25,CVE-2019-16137
zesterer/spin-rs,21686666,2023-03-31,GHSA-2qv5-7mw5-j3cg
