url,valid,method,checked_at
git://anonscm.debian.org/cgit/collab-maint/portmidi.git/,False,ls-remote,2026-05-17T23:15:11Z
git://cgit.freedesktop.org/gstreamer/orc,False,ls-remote,2026-05-17T23:15:11Z
git://code.qt.io/cgit/pyside/pyside-setup.git/tree/doc/changelogs,False,ls-remote,2026-05-17T23:15:11Z
git://code.qt.io/qt/qt5.git,True,ls-remote,2026-06-28T13:20:44Z
git://git.altlinux.org/people/ldv/packages/?p=libutempter.git,False,ls-remote,2026-05-17T23:15:11Z
git://git.code.sf.net/p/giflib/code,True,ls-remote,2026-04-27T20:41:04Z
git://git.code.sf.net/p/net-snmp/code,True,ls-remote,2026-04-27T20:41:04Z
git://git.code.sf.net/p/opencore-amr/code,True,ls-remote,2026-04-27T20:41:04Z
git://git.coolaj86.com/coolaj86/atob.js.git,False,ls-remote,2026-07-06T10:53:22Z
git://git.coolaj86.com/coolaj86/btoa.js.git,False,ls-remote,2026-05-17T23:15:11Z
git://git.coolaj86.com/coolaj86/remedial.js,False,ls-remote,2026-05-17T23:15:11Z
git://git.debian.org/?p=users/ron/libao.git,False,ls-remote,2026-05-17T23:15:11Z
git://git.ffmpeg.org/rtmpdump.git,True,ls-remote,2026-04-27T20:41:04Z
git://git.gnu.org.ua/gdbm.git,True,ls-remote,2026-04-27T20:41:04Z
git://git.gnunet.org/libmicrohttpd.git,True,ls-remote,2026-04-27T20:41:04Z
git://git.gnupg.org/libgpg-error.git,True,ls-remote,2026-05-31T23:17:28Z
git://git.hadrons.org/cgit/debian/pkgs/acl.git,False,ls-remote,2026-04-27T20:50:59Z
git://git.hadrons.org/cgit/debian/pkgs/attr.git,False,ls-remote,2026-06-28T19:52:26Z
git://git.hadrons.org/cgit/debian/pkgs/inetutils.git,False,ls-remote,2026-05-17T23:15:11Z
git://git.hadrons.org/cgit/debian/pkgs/libbsd.git,False,ls-remote,2026-06-28T19:52:26Z
git://git.hadrons.org/cgit/debian/pkgs/libmd.git,False,ls-remote,2026-06-28T19:52:26Z
git://git.iximeow.net/yaxpeax-arch/,False,ls-remote,2026-05-17T23:15:11Z
git://git.iximeow.net/yaxpeax-arm/,False,ls-remote,2026-05-17T23:15:11Z
git://git.jff.email/cgit/libunistring.git,False,ls-remote,2026-04-27T20:50:59Z
git://git.jff.email/cgit/sane-backends.git,False,ls-remote,2026-05-17T23:15:11Z
git://git.jff.email/cgit/shotwell.git,False,ls-remote,2026-05-17T23:15:11Z
git://git.kernel.org/pub/scm/fs/fsverity/fsverity-utils.git,True,ls-remote,2026-05-17T23:15:11Z
git://git.kernel.org/pub/scm/libs/ieee1394/libraw1394.git,True,ls-remote,2026-04-27T20:50:59Z
git://git.kernel.org/pub/scm/libs/klibc/klibc.git,True,ls-remote,2026-04-27T20:41:04Z
git://git.kernel.org/pub/scm/libs/libcap/libcap.git/,True,ls-remote,2026-04-27T20:41:04Z
git://git.kernel.org/pub/scm/linux/kernel/git/dhowells/keyutils.git,True,ls-remote,2026-04-27T20:41:04Z
git://git.kernel.org/pub/scm/utils/dash/dash.git,True,ls-remote,2026-04-27T20:41:04Z
git://git.kernel.org/pub/scm/utils/dtc/dtc.git,True,ls-remote,2026-05-17T23:15:11Z
git://git.kernel.org/pub/scm/utils/kernel/kmod/kmod.git/,True,ls-remote,2026-04-27T20:41:04Z
git://git.kernel.org/pub/scm/utils/pciutils/pciutils.git/,True,ls-remote,2026-04-27T20:41:04Z
git://git.kolab.org/diffusion/lkx/,False,ls-remote,2026-05-17T23:15:11Z
git://git.libreoffice.org/core,False,ls-remote,2026-05-17T23:15:11Z
git://git.linux-nfs.org/projects/steved/libtirpc.git,True,ls-remote,2026-04-27T20:41:04Z
git://git.lysator.liu.se/nettle/nettle,False,ls-remote,2026-06-28T13:20:44Z
git://git.netfilter.org/iptables/,True,ls-remote,2026-04-27T20:41:04Z
git://git.netfilter.org/libmnl/,True,ls-remote,2026-04-27T20:41:04Z
git://git.netfilter.org/libnetfilter_conntrack/,True,ls-remote,2026-04-27T20:41:04Z
git://git.netfilter.org/libnfnetlink,True,ls-remote,2026-04-27T20:41:04Z
git://git.netfilter.org/libnftnl,True,ls-remote,2026-04-27T20:41:04Z
git://git.ortolo.eu/pkg-libasyncns.git,False,ls-remote,2026-05-17T23:15:11Z
git://git.osgeo.org/gitea/geos/geos.git,False,ls-remote,2026-05-17T23:15:11Z
git://git.osgeo.org/gitea/rttopo/librttopo,False,ls-remote,2026-05-17T23:15:11Z
git://git.samba.org/samba.git,True,ls-remote,2026-05-17T23:15:11Z
git://git.savannah.gnu.org/automake.git,True,ls-remote,2026-07-06T10:53:22Z
git://git.savannah.gnu.org/bash.git,True,ls-remote,2026-04-27T20:41:04Z
git://git.savannah.gnu.org/cpio.git,True,ls-remote,2026-04-27T20:41:04Z
git://git.savannah.gnu.org/diffutils.git,True,ls-remote,2026-04-27T20:41:04Z
git://git.savannah.gnu.org/findutils.git,True,ls-remote,2026-04-27T20:41:04Z
git://git.savannah.gnu.org/gettext.git,True,ls-remote,2026-05-31T17:41:31Z
git://git.savannah.gnu.org/grep.git,True,ls-remote,2026-04-27T20:41:04Z
git://git.savannah.gnu.org/groff.git,True,ls-remote,2026-04-27T20:41:04Z
git://git.savannah.gnu.org/grub.git,True,ls-remote,2026-04-27T20:41:04Z
git://git.savannah.gnu.org/guile.git,True,ls-remote,2026-04-27T20:41:04Z
git://git.savannah.gnu.org/gzip.git,True,ls-remote,2026-04-27T20:41:04Z
git://git.savannah.gnu.org/libidn.git,True,ls-remote,2026-04-27T20:41:04Z
git://git.savannah.gnu.org/libunistring.git,True,ls-remote,2026-05-31T23:17:28Z
git://git.savannah.gnu.org/make.git,True,ls-remote,2026-04-27T20:41:04Z
git://git.savannah.gnu.org/nano.git,True,ls-remote,2026-04-27T20:41:04Z
git://git.savannah.gnu.org/patch.git,True,ls-remote,2026-04-27T20:41:04Z
git://git.savannah.gnu.org/readline.git,True,ls-remote,2026-04-27T20:41:04Z
git://git.savannah.gnu.org/sed.git,True,ls-remote,2026-04-27T20:41:04Z
git://git.savannah.gnu.org/tar.git,True,ls-remote,2026-04-27T20:41:04Z
git://git.savannah.gnu.org/texinfo.git,True,ls-remote,2026-04-27T20:41:04Z
git://git.savannah.gnu.org/wget.git,True,ls-remote,2026-06-28T13:20:44Z
git://git.savannah.nongnu.org/acl.git,True,ls-remote,2026-05-31T23:17:28Z
git://git.savannah.nongnu.org/attr.git,True,ls-remote,2026-04-27T20:41:04Z
git://git.sr.ht/~alip/lexis,False,ls-remote,2026-05-17T23:15:11Z
git://git.sr.ht/~alip/syd,False,ls-remote,2026-05-17T23:15:11Z
git://git.sr.ht/~ilkecan/indent-rs,False,ls-remote,2026-05-17T23:15:11Z
git://git.sr.ht/~kvsari/derive-getters,False,ls-remote,2026-05-17T23:15:11Z
git://git.sr.ht/~mcepl/m2crypto,False,ls-remote,2026-05-17T23:15:11Z
git://git.sr.ht/~nkeor/human_bytes,False,ls-remote,2026-05-17T23:15:11Z
git://git.sr.ht/~tdeo/serde_bare,False,ls-remote,2026-07-06T10:53:22Z
git://git.unturf.com/python/nested-lookup,False,ls-remote,2026-05-17T23:15:11Z
git://git.woa.com/tencent-cloud-datalake/goosefs-client-rust,False,ls-remote,2026-07-06T10:53:22Z
git://git.zapb.de/libjaylink/libjaylink,False,ls-remote,2026-05-17T23:15:11Z
git://jugit.fz-juelich.de/mlz/libcerf,False,ls-remote,2026-05-17T23:15:11Z
git://sourceware.org/git/binutils-gdb.git,True,ls-remote,2026-05-31T23:17:28Z
git://sourceware.org/git/bzip2.git,True,ls-remote,2026-04-27T20:41:04Z
git://sourceware.org/git/debugedit.git,True,ls-remote,2026-05-17T23:15:11Z
git://sourceware.org/git/elfutils.git,True,ls-remote,2026-04-27T20:41:04Z
git://sourceware.org/git/lvm2.git,True,ls-remote,2026-04-27T20:41:04Z
git://thekelleys.org.uk/dnsmasq.git,True,ls-remote,2026-05-17T23:15:11Z
git://xenbits.xen.org/git-http/xen.git,False,ls-remote,2026-05-17T23:15:11Z
https://aomedia.googlesource.com/aom.git,True,ls-remote,2026-04-27T20:41:04Z
https://bitbucket.org/brandon/backports.ssl_match_hostname.git,False,ls-remote,2026-05-17T23:15:11Z
https://bitbucket.org/de-marco/dia-semver.git,False,ls-remote,2026-05-17T23:15:11Z
https://bitbucket.org/dundeemt/pysftp.git,True,ls-remote,2026-05-17T23:15:11Z
https://bitbucket.org/jurko/suds.git,False,ls-remote,2026-05-17T23:15:11Z
https://bitbucket.org/marshallpierce/line-wrap-rs.git,True,ls-remote,2026-05-17T23:15:11Z
https://bitbucket.org/multicoreware/x265_git.git,True,ls-remote,2026-04-27T20:41:04Z
https://bitbucket.org/pitrou/pathlib.git,False,ls-remote,2026-05-17T23:15:11Z
https://bitbucket.org/sgillies/descartes.git,False,ls-remote,2026-05-17T23:15:11Z
https://bitbucket.org/tagoh/liblangtag.git,True,ls-remote,2026-05-17T23:15:11Z
https://bitbucket.org/techtonik/python-wget.git,False,ls-remote,2026-05-17T23:15:11Z
https://code.videolan.org/rist/librist.git,True,ls-remote,2026-04-27T20:41:04Z
https://code.videolan.org/videolan/dav1d.git,True,ls-remote,2026-04-27T20:41:04Z
https://code.videolan.org/videolan/libbluray.git,True,ls-remote,2026-04-27T20:41:04Z
https://code.videolan.org/videolan/libudfread.git,True,ls-remote,2026-04-27T20:41:04Z
https://code.videolan.org/videolan/x264.git,True,ls-remote,2026-04-27T20:41:04Z
https://codeberg.org/adamreichold/sif-itree.git,True,ls-remote,2026-05-17T23:15:11Z
https://codeberg.org/bromind/dot-parser.git,True,ls-remote,2026-05-17T23:15:11Z
https://codeberg.org/commons-rs/unit-prefix.git,True,ls-remote,2026-05-17T23:15:11Z
https://codeberg.org/dashea/requests-file.git,True,ls-remote,2026-06-28T13:20:44Z
https://codeberg.org/dequbed/rsasl.git,True,ls-remote,2026-07-06T10:53:22Z
https://codeberg.org/goat7658/doctest-file.git,True,ls-remote,2026-05-17T23:15:11Z
https://codeberg.org/guile/guile.git,True,ls-remote,2026-07-06T10:53:22Z
https://codeberg.org/gumbo-parser/gumbo-parser.git,True,ls-remote,2026-05-17T23:15:11Z
https://codeberg.org/hjacobs/python-clickclick.git,True,ls-remote,2026-05-17T23:15:11Z
https://codeberg.org/jasterv/test-context.git,True,ls-remote,2026-05-17T23:15:11Z
https://codeberg.org/jplatte/serde_html_form.git,True,ls-remote,2026-05-17T23:15:11Z
https://codeberg.org/jpt/jellyfish.git,True,ls-remote,2026-05-17T23:15:11Z
https://codeberg.org/jssfr/rxml.git,True,ls-remote,2026-05-17T23:15:11Z
https://codeberg.org/kornelski/load_image.git,True,ls-remote,2026-05-17T23:15:11Z
https://codeberg.org/koutheir/selinux-sys.git,True,ls-remote,2026-05-17T23:15:11Z
https://codeberg.org/koutheir/selinux.git,True,ls-remote,2026-05-17T23:15:11Z
https://codeberg.org/ltworf/pypular.git,True,ls-remote,2026-05-17T23:15:11Z
https://codeberg.org/ltworf/typedload.git,True,ls-remote,2026-06-28T13:20:44Z
https://codeberg.org/nielsenb-jf/aniso8601.git,True,ls-remote,2026-05-17T23:15:11Z
https://codeberg.org/notgull/ctor-lite.git,True,ls-remote,2026-05-17T23:15:11Z
https://codeberg.org/notgull/smol-hyper.git,True,ls-remote,2026-05-17T23:15:11Z
https://codeberg.org/polyfloyd/rust-id3.git,True,ls-remote,2026-05-17T23:15:11Z
https://codeberg.org/sarah-quinones/dyn-stack.git,True,ls-remote,2026-05-17T23:15:11Z
https://codeberg.org/sarah-quinones/faer.git,True,ls-remote,2026-05-17T23:15:11Z
https://codeberg.org/swsnr/gethostname.rs.git,True,ls-remote,2026-05-17T23:15:11Z
https://codeberg.org/tenacityteam/libmad.git,True,ls-remote,2026-05-17T23:15:11Z
https://codeberg.org/tlocke/pg8000.git,True,ls-remote,2026-04-27T20:41:04Z
https://codeberg.org/tlocke/scramp.git,True,ls-remote,2026-04-27T20:41:04Z
https://codeberg.org/wvwwvwwv/scalable-concurrent-containers.git,True,ls-remote,2026-05-17T23:15:11Z
https://codeberg.org/wvwwvwwv/scalable-delayed-dealloc.git,True,ls-remote,2026-05-17T23:15:11Z
https://codeberg.org/wvwwvwwv/synchronous-and-asynchronous.git,True,ls-remote,2026-05-17T23:15:11Z
https://codeberg.org/xfix/array-macro.git,False,ls-remote,2026-05-17T23:15:11Z
https://codeberg.org/xfix/enum-map.git,True,ls-remote,2026-05-17T23:15:11Z
https://dev.gnupg.org/source/libgcrypt.git,False,ls-remote,2026-07-06T10:53:22Z
https://git.libssh.org/projects/libssh.git,True,ls-remote,2026-04-27T20:41:04Z
https://git.openldap.org/openldap/openldap.git,True,ls-remote,2026-04-27T20:41:04Z
https://git.postgresql.org/git/postgresql.git,True,ls-remote,2026-04-27T20:41:04Z
https://git.qemu.org/git/qemu.git,True,ls-remote,2026-04-27T20:41:04Z
https://git.savannah.gnu.org/git/gettext.git,True,ls-remote,2026-07-06T10:53:22Z
https://git.savannah.gnu.org/git/libunistring.git,True,ls-remote,2026-07-06T10:53:22Z
https://git.savannah.gnu.org/git/readline.git,True,ls-remote,2026-07-06T10:53:22Z
https://git.savannah.nongnu.org/git/acl.git,True,ls-remote,2026-07-06T10:53:22Z
https://gitlab.cern.ch/dmc/gfal2-bindings.git,True,ls-remote,2026-05-17T23:15:11Z
https://gitlab.cern.ch/fts/fts-rest-flask.git,True,ls-remote,2026-05-17T23:15:11Z
https://gitlab.com/accounts-sso/accounts-qml-module.git,True,ls-remote,2026-05-17T23:15:11Z
https://gitlab.com/accounts-sso/libaccounts-glib.git,True,ls-remote,2026-05-17T23:15:11Z
https://gitlab.com/accounts-sso/libaccounts-qt.git,True,ls-remote,2026-05-17T23:15:11Z
https://gitlab.com/accounts-sso/signond.git,True,ls-remote,2026-05-17T23:15:11Z
https://gitlab.com/agerasev/lock-free-static.git,True,ls-remote,2026-05-17T23:15:11Z
https://gitlab.com/alelec/pip-system-certs.git,True,ls-remote,2026-05-17T23:15:11Z
https://gitlab.com/antonok/enum_dispatch.git,True,ls-remote,2026-05-17T23:15:11Z
https://gitlab.com/aomediacodec/svt-av1.git,True,ls-remote,2026-04-27T20:41:04Z
https://gitlab.com/apparmor/apparmor.git,True,ls-remote,2026-04-27T20:41:04Z
https://gitlab.com/bern-rtos/tools/rtos-trace.git,True,ls-remote,2026-05-17T23:15:11Z
https://gitlab.com/boiethios/fluid-rs.git,True,ls-remote,2026-05-17T23:15:11Z
https://gitlab.com/boiethios/radix_fmt_rs.git,True,ls-remote,2026-05-17T23:15:11Z
https://gitlab.com/bronsonbdevost/next_afterf.git,True,ls-remote,2026-05-17T23:15:11Z
https://gitlab.com/bzim/lockfree.git,True,ls-remote,2026-05-17T23:15:11Z
https://gitlab.com/bzim/owned-alloc.git,True,ls-remote,2026-05-17T23:15:11Z
https://gitlab.com/cardoe/enum-primitive-derive.git,True,ls-remote,2026-05-17T23:15:11Z
https://gitlab.com/catamphetamine/libphonenumber-js.git,True,ls-remote,2026-05-17T23:15:11Z
https://gitlab.com/chris-morgan/symlink.git,True,ls-remote,2026-05-17T23:15:11Z
https://gitlab.com/cjwatson/libpipeline.git,True,ls-remote,2026-04-27T20:41:04Z
https://gitlab.com/cjwatson/man-db.git,True,ls-remote,2026-07-06T10:53:22Z
https://gitlab.com/creepyskeleton/proc-macro-error.git,True,ls-remote,2026-04-27T20:41:04Z
https://gitlab.com/cryptsetup/cryptsetup.git,True,ls-remote,2026-05-17T23:15:11Z
https://gitlab.com/dajoha/color-print.git,True,ls-remote,2026-05-17T23:15:11Z
https://gitlab.com/davidbittner/ansi-parser.git,True,ls-remote,2026-05-17T23:15:11Z
https://gitlab.com/dns2utf8/sudo.rs.git,True,ls-remote,2026-07-06T10:53:22Z
https://gitlab.com/doctormo/python-crontab.git,True,ls-remote,2026-05-17T23:15:11Z
https://gitlab.com/drj11/pypng.git,True,ls-remote,2026-05-17T23:15:11Z
https://gitlab.com/drobilla/zix.git,True,ls-remote,2026-05-17T23:15:11Z
https://gitlab.com/enricoch/rust-fuzzy-search.git,True,ls-remote,2026-05-17T23:15:11Z
https://gitlab.com/ericvsmith/toposort.git,True,ls-remote,2026-05-17T23:15:11Z
https://gitlab.com/fast_chemail/fast_chemail-rs.git,True,ls-remote,2026-05-17T23:15:11Z
https://gitlab.com/ferreum/trampoline.git,True,ls-remote,2026-05-17T23:15:11Z
https://gitlab.com/gilrs-project/gilrs.git,True,ls-remote,2026-05-17T23:15:11Z
https://gitlab.com/gnutls/gnutls.git,True,ls-remote,2026-06-28T13:20:44Z
https://gitlab.com/gnutls/libtasn1.git,True,ls-remote,2026-06-28T13:20:44Z
https://gitlab.com/gnuwget/wget2.git,True,ls-remote,2026-04-27T20:41:04Z
https://gitlab.com/graphviz/graphviz.git,True,ls-remote,2026-04-27T20:41:04Z
https://gitlab.com/gsasl/libgssglue.git,True,ls-remote,2026-05-17T23:15:11Z
https://gitlab.com/ijackson/rust-shellexpand.git,True,ls-remote,2026-05-17T23:15:11Z
https://gitlab.com/imp/chrono-humanize-rs.git,True,ls-remote,2026-05-17T23:15:11Z
https://gitlab.com/inkscape/lib2geom.git,True,ls-remote,2026-05-17T23:15:11Z
https://gitlab.com/ixion/ixion.git,True,ls-remote,2026-05-17T23:15:11Z
https://gitlab.com/jd91mzm2/no-std-compat.git,True,ls-remote,2026-05-17T23:15:11Z
https://gitlab.com/kornelski/aom-decode.git,True,ls-remote,2026-05-17T23:15:11Z
https://gitlab.com/kornelski/dunce.git,True,ls-remote,2026-05-17T23:15:11Z
https://gitlab.com/kornelski/http-serde.git,True,ls-remote,2026-05-17T23:15:11Z
https://gitlab.com/kornelski/loop9.git,True,ls-remote,2026-05-17T23:15:11Z
https://gitlab.com/kornelski/oklab.git,True,ls-remote,2026-05-17T23:15:11Z
https://gitlab.com/kornelski/openmp-rs.git,True,ls-remote,2026-05-17T23:15:11Z
https://gitlab.com/kornelski/ordered-channel.git,True,ls-remote,2026-05-17T23:15:11Z
https://gitlab.com/kornelski/parse_cfg.git,True,ls-remote,2026-05-17T23:15:11Z
https://gitlab.com/kornelski/wild.git,True,ls-remote,2026-05-17T23:15:11Z
https://gitlab.com/leonhard-llc/ops.git,True,ls-remote,2026-05-17T23:15:11Z
https://gitlab.com/lib.rs/cargo_toml.git,True,ls-remote,2026-05-17T23:15:11Z
https://gitlab.com/libeigen/eigen.git,True,ls-remote,2026-05-17T23:15:11Z
https://gitlab.com/libidn/libidn2.git,True,ls-remote,2026-06-28T13:20:44Z
https://gitlab.com/libtiff/libtiff.git,True,ls-remote,2026-05-31T23:17:28Z
https://gitlab.com/man-db/man-db.git,True,ls-remote,2026-04-27T20:41:04Z
https://gitlab.com/mexus/futures-retry.git,True,ls-remote,2026-05-17T23:15:11Z
https://gitlab.com/noughmad/ptree.git,True,ls-remote,2026-05-17T23:15:11Z
https://gitlab.com/noughmad/serde-xml-any.git,True,ls-remote,2026-05-17T23:15:11Z
https://gitlab.com/noughmad/serde_any.git,True,ls-remote,2026-05-17T23:15:11Z
https://gitlab.com/okannen/static_init.git,True,ls-remote,2026-05-17T23:15:11Z
https://gitlab.com/okannen/undo_2.git,True,ls-remote,2026-05-17T23:15:11Z
https://gitlab.com/orcus/orcus.git,True,ls-remote,2026-05-17T23:15:11Z
https://gitlab.com/persy/persy.git,True,ls-remote,2026-05-17T23:15:11Z
https://gitlab.com/philbooth/bfj.git,True,ls-remote,2026-05-17T23:15:11Z
https://gitlab.com/philbooth/check-types.js.git,True,ls-remote,2026-05-17T23:15:11Z
https://gitlab.com/philbooth/hoopy.git,True,ls-remote,2026-05-17T23:15:11Z
https://gitlab.com/philbooth/tryer.git,True,ls-remote,2026-05-17T23:15:11Z
https://gitlab.com/philbooth/unicode-bom.git,True,ls-remote,2026-05-17T23:15:11Z
https://gitlab.com/procps-ng/procps.git,True,ls-remote,2026-04-27T20:41:04Z
https://gitlab.com/psmisc/psmisc.git,True,ls-remote,2026-04-27T20:41:04Z
https://gitlab.com/pwoolcoc/common-path.git,False,ls-remote,2026-05-17T23:15:11Z
https://gitlab.com/pwoolcoc/pwd.git,True,ls-remote,2026-05-17T23:15:11Z
https://gitlab.com/pycqa/flake8-polyfill.git,False,ls-remote,2026-05-17T23:15:11Z
https://gitlab.com/rich-harris/locate-character.git,True,ls-remote,2026-05-17T23:15:11Z
https://gitlab.com/rust-kqueue/rust-kqueue-sys.git,True,ls-remote,2026-05-17T23:15:11Z
https://gitlab.com/rust-kqueue/rust-kqueue.git,True,ls-remote,2026-05-17T23:15:11Z
https://gitlab.com/ryanobeirne/deltae.git,True,ls-remote,2026-05-17T23:15:11Z
https://gitlab.com/samsartor/async_cell.git,True,ls-remote,2026-05-17T23:15:11Z
https://gitlab.com/sequoia-pgp/nettle-rs.git,True,ls-remote,2026-05-17T23:15:11Z
https://gitlab.com/sequoia-pgp/nettle-sys.git,True,ls-remote,2026-05-17T23:15:11Z
https://gitlab.com/sequoia-pgp/sequoia.git,True,ls-remote,2026-05-17T23:15:11Z
https://gitlab.com/sequoia-pgp/sha1collisiondetection.git,True,ls-remote,2026-05-17T23:15:11Z
https://gitlab.com/sfcgal/sfcgal.git,True,ls-remote,2026-05-17T23:15:11Z
https://gitlab.com/sio4/code/alloc-counter.git,True,ls-remote,2026-05-17T23:15:11Z
https://gitlab.com/spearman/sorted-vec.git,True,ls-remote,2026-05-17T23:15:11Z
https://gitlab.com/takluyver/jeepney.git,True,ls-remote,2026-04-27T20:41:04Z
https://gitlab.com/taricorp/llvm-sys.rs.git,True,ls-remote,2026-05-17T23:15:11Z
https://gitlab.com/timvisee/version-compare.git,True,ls-remote,2026-05-17T23:15:11Z
https://gitlab.com/torkleyy/err-derive.git,True,ls-remote,2026-05-17T23:15:11Z
https://gitlab.com/tspiteri/az.git,True,ls-remote,2026-05-17T23:15:11Z
https://gitlab.com/tspiteri/fixed.git,True,ls-remote,2026-05-17T23:15:11Z
https://gitlab.com/tspiteri/gmp-mpfr-sys.git,True,ls-remote,2026-05-17T23:15:11Z
https://gitlab.com/tspiteri/rug.git,True,ls-remote,2026-05-17T23:15:11Z
https://gitlab.com/ubports/development/core/gsettings-qt.git,True,ls-remote,2026-05-17T23:15:11Z
https://gitlab.com/warsaw/flufl.lock.git,True,ls-remote,2026-05-31T17:41:31Z
https://gitlab.com/warsaw/flufl.lock/issues.git,False,ls-remote,2026-05-17T23:15:11Z
https://gitlab.com/warsaw/public.git,True,ls-remote,2026-05-31T17:41:31Z
https://gitlab.com/warsaw/public/issues.git,False,ls-remote,2026-05-17T23:15:11Z
https://gitlab.com/wireshark/wireshark.git,True,ls-remote,2026-05-17T23:15:11Z
https://gitlab.com/wufz/io-close.git,True,ls-remote,2026-05-17T23:15:11Z
https://gitlab.com/xmpp-rs/xmpp-rs.git,True,ls-remote,2026-05-17T23:15:11Z
https://gitlab.com/zhiburt/ansitok.git,True,ls-remote,2026-05-17T23:15:11Z
https://gitlab.dkrz.de/k202009/libaec.git,True,ls-remote,2026-05-17T23:15:11Z
https://gitlab.exherbo.org/sydbox/sydbox.git,True,ls-remote,2026-05-17T23:15:11Z
https://gitlab.freedesktop.org/dbus/dbus-python.git,True,ls-remote,2026-04-27T20:41:04Z
https://gitlab.freedesktop.org/emersion/libdisplay-info.git,True,ls-remote,2026-05-17T23:15:11Z
https://gitlab.freedesktop.org/fontconfig/fontconfig.git,True,ls-remote,2026-06-28T13:20:44Z
https://gitlab.freedesktop.org/geoclue/geoclue/wikis/home.git,False,ls-remote,2026-05-17T23:15:11Z
https://gitlab.freedesktop.org/glvnd/libglvnd.git,True,ls-remote,2026-04-27T20:41:04Z
https://gitlab.freedesktop.org/gstreamer/gstreamer-rs.git,True,ls-remote,2026-05-17T23:15:11Z
https://gitlab.freedesktop.org/gstreamer/gstreamer.git,True,ls-remote,2026-04-27T20:41:04Z
https://gitlab.freedesktop.org/libbsd/libbsd.git,True,ls-remote,2026-04-27T20:41:04Z
https://gitlab.freedesktop.org/libbsd/libmd.git,True,ls-remote,2026-04-27T20:41:04Z
https://gitlab.freedesktop.org/libdecor/libdecor.git,True,ls-remote,2026-05-17T23:15:11Z
https://gitlab.freedesktop.org/libinput/libei.git,True,ls-remote,2026-05-17T23:15:11Z
https://gitlab.freedesktop.org/libspectre/libspectre.git,True,ls-remote,2026-05-17T23:15:11Z
https://gitlab.freedesktop.org/mesa/drm.git,True,ls-remote,2026-04-27T20:41:04Z
https://gitlab.freedesktop.org/mesa/glu.git,True,ls-remote,2026-07-06T10:53:22Z
https://gitlab.freedesktop.org/mesa/mesa.git,True,ls-remote,2026-04-27T20:41:04Z
https://gitlab.freedesktop.org/mobile-broadband/libqrtr-glib.git,True,ls-remote,2026-05-17T23:15:11Z
https://gitlab.freedesktop.org/networkmanager/networkmanager.git,True,ls-remote,2026-05-17T23:15:11Z
https://gitlab.freedesktop.org/pipewire/pipewire-rs.git,True,ls-remote,2026-05-17T23:15:11Z
https://gitlab.freedesktop.org/pipewire/wireplumber.git,True,ls-remote,2026-05-17T23:15:11Z
https://gitlab.freedesktop.org/poppler/poppler.git,True,ls-remote,2026-04-27T20:41:04Z
https://gitlab.freedesktop.org/pulseaudio/pulseaudio.git,True,ls-remote,2026-04-27T20:41:04Z
https://gitlab.freedesktop.org/pwithnall/malcontent.git,True,ls-remote,2026-05-17T23:15:11Z
https://gitlab.freedesktop.org/pwithnall/uhttpmock.git,True,ls-remote,2026-05-17T23:15:11Z
https://gitlab.freedesktop.org/slirp/libslirp.git,True,ls-remote,2026-05-17T23:15:11Z
https://gitlab.freedesktop.org/spice/libcacard.git,True,ls-remote,2026-05-17T23:15:11Z
https://gitlab.freedesktop.org/uchardet/uchardet.git,True,ls-remote,2026-04-27T20:41:04Z
https://gitlab.freedesktop.org/wayland/wayland-protocols.git,True,ls-remote,2026-05-17T23:15:11Z
https://gitlab.freedesktop.org/wayland/wayland.git,True,ls-remote,2026-04-27T20:41:04Z
https://gitlab.freedesktop.org/xdg/shared-mime-info.git,True,ls-remote,2026-04-27T20:41:04Z
https://gitlab.freedesktop.org/xorg/app/xauth.git,True,ls-remote,2026-04-27T20:41:04Z
https://gitlab.freedesktop.org/xorg/app/xkbcomp.git,True,ls-remote,2026-05-17T23:15:11Z
https://gitlab.freedesktop.org/xorg/lib/libapplewm.git,True,ls-remote,2026-05-17T23:15:11Z
https://gitlab.freedesktop.org/xorg/lib/libice.git,True,ls-remote,2026-04-27T20:41:04Z
https://gitlab.freedesktop.org/xorg/lib/libpciaccess.git,True,ls-remote,2026-04-27T20:41:04Z
https://gitlab.freedesktop.org/xorg/lib/libsm.git,True,ls-remote,2026-04-27T20:41:04Z
https://gitlab.freedesktop.org/xorg/lib/libxaw.git,True,ls-remote,2026-04-27T20:41:04Z
https://gitlab.freedesktop.org/xorg/lib/libxcursor.git,True,ls-remote,2026-04-27T20:41:04Z
https://gitlab.freedesktop.org/xorg/lib/libxfixes.git,True,ls-remote,2026-04-27T20:41:04Z
https://gitlab.freedesktop.org/xorg/lib/libxfont.git,True,ls-remote,2026-05-17T23:15:11Z
https://gitlab.freedesktop.org/xorg/lib/libxft.git,True,ls-remote,2026-04-27T20:41:04Z
https://gitlab.freedesktop.org/xorg/lib/libxi.git,True,ls-remote,2026-04-27T20:41:04Z
https://gitlab.freedesktop.org/xorg/lib/libxinerama.git,True,ls-remote,2026-04-27T20:41:04Z
https://gitlab.freedesktop.org/xorg/lib/libxmu.git,True,ls-remote,2026-04-27T20:41:04Z
https://gitlab.freedesktop.org/xorg/lib/libxpm.git,True,ls-remote,2026-04-27T20:41:04Z
https://gitlab.freedesktop.org/xorg/lib/libxpresent.git,True,ls-remote,2026-05-17T23:15:11Z
https://gitlab.freedesktop.org/xorg/lib/libxrandr.git,True,ls-remote,2026-04-27T20:41:04Z
https://gitlab.freedesktop.org/xorg/lib/libxshmfence.git,True,ls-remote,2026-05-17T23:15:11Z
https://gitlab.freedesktop.org/xorg/lib/libxt.git,True,ls-remote,2026-04-27T20:41:04Z
https://gitlab.freedesktop.org/xorg/lib/libxtst.git,True,ls-remote,2026-04-27T20:41:04Z
https://gitlab.freedesktop.org/xorg/lib/libxv.git,True,ls-remote,2026-04-27T20:41:04Z
https://gitlab.freedesktop.org/xorg/lib/libxxf86vm.git,True,ls-remote,2026-04-27T20:41:04Z
https://gitlab.freedesktop.org/xorg/lib/pthread-stubs.git,True,ls-remote,2026-04-27T20:41:04Z
https://gitlab.freedesktop.org/xorg/proto/xorgproto.git,True,ls-remote,2026-05-31T23:17:28Z
https://gitlab.freedesktop.org/xorg/xserver.git,True,ls-remote,2026-04-27T20:41:04Z
https://gitlab.gnome.org/chergert/libspelling.git,True,ls-remote,2026-05-17T23:15:11Z
https://gitlab.gnome.org/gnome/evolution.git,True,ls-remote,2026-05-17T23:15:11Z
https://gitlab.gnome.org/gnome/gdk-pixbuf.git,True,ls-remote,2026-06-28T13:20:44Z
https://gitlab.gnome.org/gnome/gjs.git,True,ls-remote,2026-05-17T23:15:11Z
https://gitlab.gnome.org/gnome/glib-networking.git,True,ls-remote,2026-05-17T23:15:11Z
https://gitlab.gnome.org/gnome/glib.git,True,ls-remote,2026-06-28T13:20:44Z
https://gitlab.gnome.org/gnome/glibmm.git,True,ls-remote,2026-05-17T23:15:11Z
https://gitlab.gnome.org/gnome/gnome-session.git,True,ls-remote,2026-05-17T23:15:11Z
https://gitlab.gnome.org/gnome/gnome-settings-daemon.git,True,ls-remote,2026-05-17T23:15:11Z
https://gitlab.gnome.org/gnome/gnome-shell.git,True,ls-remote,2026-05-17T23:15:11Z
https://gitlab.gnome.org/gnome/gspell.git,True,ls-remote,2026-05-17T23:15:11Z
https://gitlab.gnome.org/gnome/gtk-vnc.git,True,ls-remote,2026-07-06T10:53:22Z
https://gitlab.gnome.org/gnome/gtksourceview.git,True,ls-remote,2026-05-17T23:15:11Z
https://gitlab.gnome.org/gnome/libdazzle.git,True,ls-remote,2026-05-17T23:15:11Z
https://gitlab.gnome.org/gnome/libdex.git,True,ls-remote,2026-05-17T23:15:11Z
https://gitlab.gnome.org/gnome/libgee.git,True,ls-remote,2026-05-17T23:15:11Z
https://gitlab.gnome.org/gnome/libgsf.git,True,ls-remote,2026-05-17T23:15:11Z
https://gitlab.gnome.org/gnome/libgtop.git,True,ls-remote,2026-05-17T23:15:11Z
https://gitlab.gnome.org/gnome/libhandy.git,True,ls-remote,2026-05-17T23:15:11Z
https://gitlab.gnome.org/gnome/libpanel.git,True,ls-remote,2026-05-17T23:15:11Z
https://gitlab.gnome.org/gnome/librsvg.git,True,ls-remote,2026-04-27T20:41:04Z
https://gitlab.gnome.org/gnome/libshumate.git,True,ls-remote,2026-05-17T23:15:11Z
https://gitlab.gnome.org/gnome/libsoup.git,True,ls-remote,2026-05-17T23:15:11Z
https://gitlab.gnome.org/gnome/libwnck.git,True,ls-remote,2026-05-17T23:15:11Z
https://gitlab.gnome.org/gnome/libxml2.git,True,ls-remote,2026-06-28T13:20:44Z
https://gitlab.gnome.org/gnome/libxslt.git,True,ls-remote,2026-04-27T20:41:04Z
https://gitlab.gnome.org/gnome/metacity.git,True,ls-remote,2026-05-17T23:15:11Z
https://gitlab.gnome.org/gnome/phodav.git,True,ls-remote,2026-07-06T10:53:22Z
https://gitlab.gnome.org/gnome/pygobject.git,True,ls-remote,2026-05-17T23:15:11Z
https://gitlab.gnome.org/gnome/tinysparql.git,True,ls-remote,2026-05-17T23:15:11Z
https://gitlab.gnome.org/world/dleyna.git,True,ls-remote,2026-05-17T23:15:11Z
https://gitlab.gnome.org/world/gedit/gedit.git,True,ls-remote,2026-05-17T23:15:11Z
https://gitlab.gnome.org/world/gedit/libgedit-amtk.git,True,ls-remote,2026-05-17T23:15:11Z
https://gitlab.gnome.org/world/gedit/libgedit-gfls.git,True,ls-remote,2026-05-17T23:15:11Z
https://gitlab.gnome.org/world/gedit/libgedit-gtksourceview.git,True,ls-remote,2026-05-17T23:15:11Z
https://gitlab.gnome.org/world/gedit/libgedit-tepl.git,True,ls-remote,2026-05-17T23:15:11Z
https://gitlab.gnome.org/world/rust/soup3-rs.git,True,ls-remote,2026-05-17T23:15:11Z
https://gitlab.inria.fr/mpc/mpc.git,True,ls-remote,2026-05-31T23:17:28Z
https://gitlab.inria.fr/mpfr/mpfr.git,True,ls-remote,2026-05-31T23:17:28Z
https://gitlab.isc.org/isc-projects/bind9.git,True,ls-remote,2026-07-06T10:53:22Z
https://gitlab.isc.org/isc-projects/dhcp.git,True,ls-remote,2026-04-27T20:41:04Z
https://gitlab.kitware.com/utils/rust-yaml-merge-keys.git,True,ls-remote,2026-05-17T23:15:11Z
https://gitlab.linss.com/open-source/python/uri-template.git,True,ls-remote,2026-05-17T23:15:11Z
https://gitlab.pyicu.org/main/pyicu.git,True,ls-remote,2026-05-17T23:15:11Z
https://gitlab.redox-os.org/redox-os/libredox.git,True,ls-remote,2026-04-27T20:41:04Z
https://gitlab.redox-os.org/redox-os/orbclient.git,True,ls-remote,2026-05-17T23:15:11Z
https://gitlab.redox-os.org/redox-os/rusttype.git,True,ls-remote,2026-05-17T23:15:11Z
https://gitlab.redox-os.org/redox-os/seahash.git,True,ls-remote,2026-05-17T23:15:11Z
https://gitlab.redox-os.org/redox-os/syscall.git,True,ls-remote,2026-04-27T20:41:04Z
https://gitlab.redox-os.org/redox-os/termion.git,True,ls-remote,2026-05-17T23:15:11Z
https://gitlab.redox-os.org/redox-os/users.git,True,ls-remote,2026-05-17T23:15:11Z
https://gitlab.xiph.org/xiph/opus.git,True,ls-remote,2026-04-27T20:41:04Z
https://gitlab.xiph.org/xiph/opusfile.git,True,ls-remote,2026-05-17T23:15:11Z
https://gitlab.xiph.org/xiph/speex.git,True,ls-remote,2026-04-27T20:41:04Z
https://gitlab.xiph.org/xiph/theora.git,True,ls-remote,2026-04-27T20:41:04Z
https://gitlab.xiph.org/xiph/tremor.git,True,ls-remote,2026-05-17T23:15:11Z
https://gitlab.xiph.org/xiph/vorbis.git,True,ls-remote,2026-04-27T20:41:04Z
https://invent.kde.org/frameworks/attica,True,ls-remote,2026-05-17T23:15:11Z
https://invent.kde.org/frameworks/baloo,True,ls-remote,2026-05-17T23:15:11Z
https://invent.kde.org/frameworks/bluez-qt,True,ls-remote,2026-05-17T23:15:11Z
https://invent.kde.org/frameworks/breeze-icons,True,ls-remote,2026-05-17T23:15:11Z
https://invent.kde.org/frameworks/extra-cmake-modules,True,ls-remote,2026-05-17T23:15:11Z
https://invent.kde.org/frameworks/frameworkintegration,True,ls-remote,2026-05-17T23:15:11Z
https://invent.kde.org/frameworks/kactivities,True,ls-remote,2026-05-17T23:15:11Z
https://invent.kde.org/frameworks/kactivities-stats,True,ls-remote,2026-05-17T23:15:11Z
https://invent.kde.org/frameworks/karchive,True,ls-remote,2026-05-17T23:15:11Z
https://invent.kde.org/frameworks/kauth,True,ls-remote,2026-05-17T23:15:11Z
https://invent.kde.org/frameworks/kbookmarks,True,ls-remote,2026-05-17T23:15:11Z
https://invent.kde.org/frameworks/kcalendarcore,True,ls-remote,2026-05-17T23:15:11Z
https://invent.kde.org/frameworks/kcmutils,True,ls-remote,2026-05-17T23:15:11Z
https://invent.kde.org/frameworks/kcodecs,True,ls-remote,2026-05-17T23:15:11Z
https://invent.kde.org/frameworks/kcolorscheme,True,ls-remote,2026-05-17T23:15:11Z
https://invent.kde.org/frameworks/kcompletion,True,ls-remote,2026-05-17T23:15:11Z
https://invent.kde.org/frameworks/kconfig,True,ls-remote,2026-05-17T23:15:11Z
https://invent.kde.org/frameworks/kconfigwidgets,True,ls-remote,2026-05-17T23:15:11Z
https://invent.kde.org/frameworks/kcontacts,True,ls-remote,2026-05-17T23:15:11Z
https://invent.kde.org/frameworks/kcoreaddons,True,ls-remote,2026-04-27T20:41:04Z
https://invent.kde.org/frameworks/kcrash,True,ls-remote,2026-05-17T23:15:11Z
https://invent.kde.org/frameworks/kdav,True,ls-remote,2026-05-17T23:15:11Z
https://invent.kde.org/frameworks/kdbusaddons,True,ls-remote,2026-05-17T23:15:11Z
https://invent.kde.org/frameworks/kdeclarative,True,ls-remote,2026-05-17T23:15:11Z
https://invent.kde.org/frameworks/kded,True,ls-remote,2026-05-17T23:15:11Z
https://invent.kde.org/frameworks/kdesu,True,ls-remote,2026-05-17T23:15:11Z
https://invent.kde.org/frameworks/kdnssd,True,ls-remote,2026-05-17T23:15:11Z
https://invent.kde.org/frameworks/kdoctools,True,ls-remote,2026-05-17T23:15:11Z
https://invent.kde.org/frameworks/kfilemetadata,True,ls-remote,2026-05-17T23:15:11Z
https://invent.kde.org/frameworks/kglobalaccel,True,ls-remote,2026-05-17T23:15:11Z
https://invent.kde.org/frameworks/kguiaddons,True,ls-remote,2026-05-17T23:15:11Z
https://invent.kde.org/frameworks/kholidays,True,ls-remote,2026-05-17T23:15:11Z
https://invent.kde.org/frameworks/ki18n,True,ls-remote,2026-05-17T23:15:11Z
https://invent.kde.org/frameworks/kiconthemes,True,ls-remote,2026-05-17T23:15:11Z
https://invent.kde.org/frameworks/kidletime,True,ls-remote,2026-05-17T23:15:11Z
https://invent.kde.org/frameworks/kio,True,ls-remote,2026-05-17T23:15:11Z
https://invent.kde.org/frameworks/kirigami,True,ls-remote,2026-05-17T23:15:11Z
https://invent.kde.org/frameworks/kitemmodels,True,ls-remote,2026-05-17T23:15:11Z
https://invent.kde.org/frameworks/kitemviews,True,ls-remote,2026-05-17T23:15:11Z
https://invent.kde.org/frameworks/kjobwidgets,True,ls-remote,2026-05-17T23:15:11Z
https://invent.kde.org/frameworks/knewstuff,True,ls-remote,2026-05-17T23:15:11Z
https://invent.kde.org/frameworks/knotifications,True,ls-remote,2026-05-17T23:15:11Z
https://invent.kde.org/frameworks/knotifyconfig,True,ls-remote,2026-05-17T23:15:11Z
https://invent.kde.org/frameworks/kpackage,True,ls-remote,2026-05-17T23:15:11Z
https://invent.kde.org/frameworks/kparts,True,ls-remote,2026-05-17T23:15:11Z
https://invent.kde.org/frameworks/kpeople,True,ls-remote,2026-05-17T23:15:11Z
https://invent.kde.org/frameworks/kpty,True,ls-remote,2026-05-17T23:15:11Z
https://invent.kde.org/frameworks/kquickcharts,True,ls-remote,2026-05-17T23:15:11Z
https://invent.kde.org/frameworks/kross,True,ls-remote,2026-05-17T23:15:11Z
https://invent.kde.org/frameworks/krunner,True,ls-remote,2026-05-17T23:15:11Z
https://invent.kde.org/frameworks/kservice,True,ls-remote,2026-05-17T23:15:11Z
https://invent.kde.org/frameworks/kstatusnotifieritem,True,ls-remote,2026-05-17T23:15:11Z
https://invent.kde.org/frameworks/ksvg,True,ls-remote,2026-05-17T23:15:11Z
https://invent.kde.org/frameworks/ktexteditor,True,ls-remote,2026-05-17T23:15:11Z
https://invent.kde.org/frameworks/ktextwidgets,True,ls-remote,2026-05-17T23:15:11Z
https://invent.kde.org/frameworks/kunitconversion,True,ls-remote,2026-05-17T23:15:11Z
https://invent.kde.org/frameworks/kuserfeedback,True,ls-remote,2026-05-17T23:15:11Z
https://invent.kde.org/frameworks/kwallet,True,ls-remote,2026-05-17T23:15:11Z
https://invent.kde.org/frameworks/kwayland,True,ls-remote,2026-05-17T23:15:11Z
https://invent.kde.org/frameworks/kwidgetsaddons,True,ls-remote,2026-05-17T23:15:11Z
https://invent.kde.org/frameworks/kwindowsystem,True,ls-remote,2026-05-17T23:15:11Z
https://invent.kde.org/frameworks/kxmlgui,True,ls-remote,2026-05-17T23:15:11Z
https://invent.kde.org/frameworks/modemmanager-qt,True,ls-remote,2026-05-17T23:15:11Z
https://invent.kde.org/frameworks/networkmanager-qt,True,ls-remote,2026-05-17T23:15:11Z
https://invent.kde.org/frameworks/plasma-framework,True,ls-remote,2026-05-17T23:15:11Z
https://invent.kde.org/frameworks/prison,True,ls-remote,2026-05-17T23:15:11Z
https://invent.kde.org/frameworks/purpose,True,ls-remote,2026-05-17T23:15:11Z
https://invent.kde.org/frameworks/solid,True,ls-remote,2026-05-17T23:15:11Z
https://invent.kde.org/frameworks/sonnet,True,ls-remote,2026-05-17T23:15:11Z
https://invent.kde.org/frameworks/syndication,True,ls-remote,2026-05-17T23:15:11Z
https://invent.kde.org/frameworks/syntax-highlighting,True,ls-remote,2026-05-17T23:15:11Z
https://invent.kde.org/frameworks/threadweaver,True,ls-remote,2026-05-17T23:15:11Z
https://invent.kde.org/graphics/kdegraphics-mobipocket,True,ls-remote,2026-05-17T23:15:11Z
https://invent.kde.org/graphics/kdiagram,True,ls-remote,2026-05-17T23:15:11Z
https://invent.kde.org/graphics/libkdcraw,True,ls-remote,2026-05-17T23:15:11Z
https://invent.kde.org/graphics/libkexiv2,True,ls-remote,2026-05-17T23:15:11Z
https://invent.kde.org/libraries/kdsoap-ws-discovery-client,True,ls-remote,2026-05-17T23:15:11Z
https://invent.kde.org/libraries/kirigami-addons/,True,ls-remote,2026-05-17T23:15:11Z
https://invent.kde.org/libraries/ktextaddons,True,ls-remote,2026-05-17T23:15:11Z
https://invent.kde.org/libraries/libqaccessibilityclient,True,ls-remote,2026-05-17T23:15:11Z
https://invent.kde.org/libraries/polkit-qt-1,True,ls-remote,2026-05-17T23:15:11Z
https://invent.kde.org/libraries/pulseaudio-qt,True,ls-remote,2026-05-17T23:15:11Z
https://invent.kde.org/multimedia/libkcddb,True,ls-remote,2026-05-17T23:15:11Z
https://invent.kde.org/network/kaccounts-integration,True,ls-remote,2026-05-17T23:15:11Z
https://invent.kde.org/pim/akonadi,True,ls-remote,2026-05-17T23:15:11Z
https://invent.kde.org/pim/akonadi-calendar,True,ls-remote,2026-05-17T23:15:11Z
https://invent.kde.org/pim/akonadi-contacts,True,ls-remote,2026-05-17T23:15:11Z
https://invent.kde.org/pim/akonadi-mime,True,ls-remote,2026-05-17T23:15:11Z
https://invent.kde.org/pim/akonadi-search,True,ls-remote,2026-05-17T23:15:11Z
https://invent.kde.org/pim/calendarsupport,True,ls-remote,2026-05-17T23:15:11Z
https://invent.kde.org/pim/eventviews,True,ls-remote,2026-05-17T23:15:11Z
https://invent.kde.org/pim/grantleetheme,True,ls-remote,2026-05-17T23:15:11Z
https://invent.kde.org/pim/incidenceeditor,True,ls-remote,2026-05-17T23:15:11Z
https://invent.kde.org/pim/kaddressbook,True,ls-remote,2026-05-17T23:15:11Z
https://invent.kde.org/pim/kcalutils,True,ls-remote,2026-05-17T23:15:11Z
https://invent.kde.org/pim/kdepim-runtime,True,ls-remote,2026-05-17T23:15:11Z
https://invent.kde.org/pim/kidentitymanagement,True,ls-remote,2026-05-17T23:15:11Z
https://invent.kde.org/pim/kimap,True,ls-remote,2026-05-17T23:15:11Z
https://invent.kde.org/pim/kldap,True,ls-remote,2026-05-17T23:15:11Z
https://invent.kde.org/pim/kmailtransport,True,ls-remote,2026-05-17T23:15:11Z
https://invent.kde.org/pim/kmbox,True,ls-remote,2026-05-17T23:15:11Z
https://invent.kde.org/pim/kmime,True,ls-remote,2026-05-17T23:15:11Z
https://invent.kde.org/pim/kontactinterface,True,ls-remote,2026-05-17T23:15:11Z
https://invent.kde.org/pim/kpimtextedit,True,ls-remote,2026-05-17T23:15:11Z
https://invent.kde.org/pim/ksmtp,True,ls-remote,2026-05-17T23:15:11Z
https://invent.kde.org/pim/ktnef,True,ls-remote,2026-05-17T23:15:11Z
https://invent.kde.org/pim/libgravatar,True,ls-remote,2026-05-17T23:15:11Z
https://invent.kde.org/pim/libkdepim,True,ls-remote,2026-05-17T23:15:11Z
https://invent.kde.org/pim/libkgapi,True,ls-remote,2026-05-17T23:15:11Z
https://invent.kde.org/pim/libkleo,True,ls-remote,2026-05-17T23:15:11Z
https://invent.kde.org/pim/libksieve,True,ls-remote,2026-05-17T23:15:11Z
https://invent.kde.org/pim/mailcommon,True,ls-remote,2026-05-17T23:15:11Z
https://invent.kde.org/pim/mailimporter,True,ls-remote,2026-05-17T23:15:11Z
https://invent.kde.org/pim/messagelib,True,ls-remote,2026-05-17T23:15:11Z
https://invent.kde.org/pim/pimcommon,True,ls-remote,2026-05-17T23:15:11Z
https://invent.kde.org/plasma/bluedevil,True,ls-remote,2026-05-17T23:15:11Z
https://invent.kde.org/plasma/kdecoration,True,ls-remote,2026-05-17T23:15:11Z
https://invent.kde.org/plasma/kdeplasma-addons,True,ls-remote,2026-05-17T23:15:11Z
https://invent.kde.org/plasma/kglobalacceld,True,ls-remote,2026-05-17T23:15:11Z
https://invent.kde.org/plasma/kinfocenter,True,ls-remote,2026-05-17T23:15:11Z
https://invent.kde.org/plasma/kmenuedit,True,ls-remote,2026-05-17T23:15:11Z
https://invent.kde.org/plasma/kpipewire,True,ls-remote,2026-05-17T23:15:11Z
https://invent.kde.org/plasma/ksshaskpass,True,ls-remote,2026-05-17T23:15:11Z
https://invent.kde.org/plasma/libkscreen,True,ls-remote,2026-05-17T23:15:11Z
https://invent.kde.org/plasma/libksysguard,True,ls-remote,2026-05-17T23:15:11Z
https://invent.kde.org/plasma/libplasma,True,ls-remote,2026-05-17T23:15:11Z
https://invent.kde.org/plasma/plasma-activities,True,ls-remote,2026-05-17T23:15:11Z
https://invent.kde.org/plasma/plasma-activities-stats,True,ls-remote,2026-05-17T23:15:11Z
https://invent.kde.org/plasma/plasma-desktop,True,ls-remote,2026-05-17T23:15:11Z
https://invent.kde.org/plasma/plasma-workspace,True,ls-remote,2026-05-17T23:15:11Z
https://invent.kde.org/plasma/plasma5support,True,ls-remote,2026-05-17T23:15:11Z
https://invent.kde.org/plasma/powerdevil,True,ls-remote,2026-05-17T23:15:11Z
https://invent.kde.org/plasma/systemsettings,True,ls-remote,2026-05-17T23:15:11Z
https://invent.kde.org/system/kpmcore,True,ls-remote,2026-05-17T23:15:11Z
https://pagure.io/libaio,True,ls-remote,2026-05-17T23:15:11Z
https://pagure.io/libuser/,True,ls-remote,2026-05-17T23:15:11Z
https://pagure.io/newt,True,ls-remote,2026-04-27T20:41:04Z
https://pagure.io/python-daemon/,True,ls-remote,2026-05-31T17:41:31Z
https://pagure.io/python-daemon/blob/main/f/changelog,False,ls-remote,2026-05-17T23:15:11Z
https://pagure.io/volume_key,True,ls-remote,2026-05-17T23:15:11Z
https://pagure.io/xmlto/,True,ls-remote,2026-05-17T23:15:11Z
https://salsa.debian.org/a11y-team/at-spi2-core.git,True,ls-remote,2026-06-28T19:52:26Z
https://salsa.debian.org/a11y-team/brltty.git,True,ls-remote,2026-05-17T23:15:11Z
https://salsa.debian.org/a11y-team/flite.git,True,ls-remote,2026-05-17T23:15:11Z
https://salsa.debian.org/a11y-team/liblouisutdml.git,True,ls-remote,2026-05-17T23:15:11Z
https://salsa.debian.org/a11y-team/pocketsphinx.git,True,ls-remote,2026-05-17T23:15:11Z
https://salsa.debian.org/alsa-team/alsa-lib.git,True,ls-remote,2026-06-28T19:52:26Z
https://salsa.debian.org/alsa-team/alsa-plugins.git,True,ls-remote,2026-05-17T23:15:11Z
https://salsa.debian.org/alsa-team/alsa-topology-conf.git,True,ls-remote,2026-05-17T23:15:11Z
https://salsa.debian.org/alsa-team/alsa-ucm-conf.git,True,ls-remote,2026-05-17T23:15:11Z
https://salsa.debian.org/alsa-team/alsa-utils.git,True,ls-remote,2026-05-17T23:15:11Z
https://salsa.debian.org/alteholz/libb64.git,True,ls-remote,2026-05-17T23:15:11Z
https://salsa.debian.org/apache-team/apr-util.git,True,ls-remote,2026-06-28T19:52:26Z
https://salsa.debian.org/apache-team/apr.git,True,ls-remote,2026-06-28T19:52:26Z
https://salsa.debian.org/apparmor-team/apparmor/tree/debian/unstable.git,False,ls-remote,2026-06-28T19:52:26Z
https://salsa.debian.org/apt-team/aptitude.git,True,ls-remote,2026-05-17T23:15:11Z
https://salsa.debian.org/aurel32/i2c-tools.git,True,ls-remote,2026-05-17T23:15:11Z
https://salsa.debian.org/auth-team/libu2f-host.git,True,ls-remote,2026-05-17T23:15:11Z
https://salsa.debian.org/bblough/xerces-c.git,True,ls-remote,2026-05-17T23:15:11Z
https://salsa.debian.org/berto/grilo-plugins.git,True,ls-remote,2026-05-17T23:15:11Z
https://salsa.debian.org/berto/grilo.git,True,ls-remote,2026-05-17T23:15:11Z
https://salsa.debian.org/blade/pigz.git,True,ls-remote,2026-05-17T23:15:11Z
https://salsa.debian.org/bluetooth-team/sbc.git,True,ls-remote,2026-05-17T23:15:11Z
https://salsa.debian.org/bottoms/pkg-codec2.git,True,ls-remote,2026-05-17T23:15:11Z
https://salsa.debian.org/ceph-team/ceph.git,True,ls-remote,2026-05-17T23:15:11Z
https://salsa.debian.org/cgzones/ncdu.git,True,ls-remote,2026-05-17T23:15:11Z
https://salsa.debian.org/chromium-team/chromium.git,True,ls-remote,2026-05-17T23:15:11Z
https://salsa.debian.org/cinnamon-team/cinnamon-control-center.git,True,ls-remote,2026-05-17T23:15:11Z
https://salsa.debian.org/cinnamon-team/cinnamon-desktop.git,True,ls-remote,2026-05-17T23:15:11Z
https://salsa.debian.org/cinnamon-team/cinnamon-menus.git,True,ls-remote,2026-05-17T23:15:11Z
https://salsa.debian.org/clint/fakeroot.git,True,ls-remote,2026-05-17T23:15:11Z
https://salsa.debian.org/common-lisp-team/clisp.git,True,ls-remote,2026-05-17T23:15:11Z
https://salsa.debian.org/common-lisp-team/ffcall.git,True,ls-remote,2026-05-17T23:15:11Z
https://salsa.debian.org/common-lisp-team/libsigsegv.git,True,ls-remote,2026-05-17T23:15:11Z
https://salsa.debian.org/cpython-team/python3-defaults.git,True,ls-remote,2026-04-27T20:41:04Z
https://salsa.debian.org/cwidget-team/cwidget.git,True,ls-remote,2026-05-17T23:15:11Z
https://salsa.debian.org/debian-astro-team/cfitsio.git,True,ls-remote,2026-05-17T23:15:11Z
https://salsa.debian.org/debian-ayatana-team/libdbusmenu.git,True,ls-remote,2026-05-17T23:15:11Z
https://salsa.debian.org/debian-gis-team/freexl.git,True,ls-remote,2026-05-17T23:15:11Z
https://salsa.debian.org/debian-gis-team/hdf4.git,True,ls-remote,2026-05-17T23:15:11Z
https://salsa.debian.org/debian-gis-team/ogdi-dfsg.git,True,ls-remote,2026-05-17T23:15:11Z
https://salsa.debian.org/debian-mate-team/atril.git,True,ls-remote,2026-05-17T23:15:11Z
https://salsa.debian.org/debian-mate-team/caja.git,True,ls-remote,2026-05-17T23:15:11Z
https://salsa.debian.org/debian-mate-team/libmatekbd.git,True,ls-remote,2026-05-17T23:15:11Z
https://salsa.debian.org/debian-mate-team/libmatemixer.git,True,ls-remote,2026-05-17T23:15:11Z
https://salsa.debian.org/debian-mate-team/libmateweather.git,True,ls-remote,2026-05-17T23:15:11Z
https://salsa.debian.org/debian-mate-team/marco.git,True,ls-remote,2026-05-17T23:15:11Z
https://salsa.debian.org/debian-mate-team/mate-control-center.git,True,ls-remote,2026-05-17T23:15:11Z
https://salsa.debian.org/debian-mate-team/mate-desktop.git,True,ls-remote,2026-05-17T23:15:11Z
https://salsa.debian.org/debian-mate-team/mate-menus.git,True,ls-remote,2026-05-17T23:15:11Z
https://salsa.debian.org/debian-mate-team/mate-panel.git,True,ls-remote,2026-05-17T23:15:11Z
https://salsa.debian.org/debian-mate-team/mate-utils.git,True,ls-remote,2026-05-17T23:15:11Z
https://salsa.debian.org/debian-phototools-team/optipng.git,True,ls-remote,2026-05-17T23:15:11Z
https://salsa.debian.org/debian-remote-team/libvncserver.git,True,ls-remote,2026-05-17T23:15:11Z
https://salsa.debian.org/debian/7zip.git,True,ls-remote,2026-05-17T23:15:11Z
https://salsa.debian.org/debian/aalib.git,True,ls-remote,2026-05-17T23:15:11Z
https://salsa.debian.org/debian/acpi-support.git,True,ls-remote,2026-05-17T23:15:11Z
https://salsa.debian.org/debian/acpid.git,True,ls-remote,2026-05-17T23:15:11Z
https://salsa.debian.org/debian/anacron.git,True,ls-remote,2026-05-17T23:15:11Z
https://salsa.debian.org/debian/at.git,True,ls-remote,2026-05-17T23:15:11Z
https://salsa.debian.org/debian/autogen.git,True,ls-remote,2026-05-17T23:15:11Z
https://salsa.debian.org/debian/babeltrace.git,True,ls-remote,2026-05-17T23:15:11Z
https://salsa.debian.org/debian/base-passwd.git,True,ls-remote,2026-04-27T20:50:59Z
https://salsa.debian.org/debian/boost-defaults.git,True,ls-remote,2026-05-17T23:15:11Z
https://salsa.debian.org/debian/btrfs-progs.git,True,ls-remote,2026-05-17T23:15:11Z
https://salsa.debian.org/debian/bzip2.git,True,ls-remote,2026-06-28T19:52:26Z
https://salsa.debian.org/debian/ca-certificates.git,True,ls-remote,2026-05-31T17:41:31Z
https://salsa.debian.org/debian/ccid.git,True,ls-remote,2026-05-17T23:15:11Z
https://salsa.debian.org/debian/cdrkit.git,True,ls-remote,2026-05-17T23:15:11Z
https://salsa.debian.org/debian/chafa.git,True,ls-remote,2026-05-17T23:15:11Z
https://salsa.debian.org/debian/cmocka.git,True,ls-remote,2026-05-17T23:15:11Z
https://salsa.debian.org/debian/colord-gtk.git,True,ls-remote,2026-05-17T23:15:11Z
https://salsa.debian.org/debian/colord.git,True,ls-remote,2026-05-17T23:15:11Z
https://salsa.debian.org/debian/cron.git,True,ls-remote,2026-06-28T13:20:44Z
https://salsa.debian.org/debian/cunit.git,True,ls-remote,2026-05-17T23:15:11Z
https://salsa.debian.org/debian/czmq.git,True,ls-remote,2026-05-17T23:15:11Z
https://salsa.debian.org/debian/db-defaults.git,True,ls-remote,2026-05-17T23:15:11Z
https://salsa.debian.org/debian/dbus-glib.git,True,ls-remote,2026-05-17T23:15:11Z
https://salsa.debian.org/debian/ddcutil.git,True,ls-remote,2026-05-17T23:15:11Z
https://salsa.debian.org/debian/debianutils.git,True,ls-remote,2026-04-27T20:41:04Z
https://salsa.debian.org/debian/dee.git,True,ls-remote,2026-05-17T23:15:11Z
https://salsa.debian.org/debian/discount.git,True,ls-remote,2026-05-17T23:15:11Z
https://salsa.debian.org/debian/djvulibre.git,True,ls-remote,2026-05-17T23:15:11Z
https://salsa.debian.org/debian/dos2unix.git,True,ls-remote,2026-05-17T23:15:11Z
https://salsa.debian.org/debian/doxygen.git,True,ls-remote,2026-05-17T23:15:11Z
https://salsa.debian.org/debian/ed.git,True,ls-remote,2026-05-17T23:15:11Z
https://salsa.debian.org/debian/ell.git,True,ls-remote,2026-05-17T23:15:11Z
https://salsa.debian.org/debian/enca.git,True,ls-remote,2026-05-17T23:15:11Z
https://salsa.debian.org/debian/esnacc.git,True,ls-remote,2026-05-17T23:15:11Z
https://salsa.debian.org/debian/exempi.git,True,ls-remote,2026-05-17T23:15:11Z
https://salsa.debian.org/debian/filezilla.git,True,ls-remote,2026-05-17T23:15:11Z
https://salsa.debian.org/debian/flatpak.git,True,ls-remote,2026-05-17T23:15:11Z
https://salsa.debian.org/debian/fping.git,True,ls-remote,2026-05-17T23:15:11Z
https://salsa.debian.org/debian/freetds.git,True,ls-remote,2026-06-28T19:52:26Z
https://salsa.debian.org/debian/gcab.git,True,ls-remote,2026-05-17T23:15:11Z
https://salsa.debian.org/debian/gdbm.git,True,ls-remote,2026-06-28T19:52:26Z
https://salsa.debian.org/debian/giflib.git,True,ls-remote,2026-06-28T19:52:26Z
https://salsa.debian.org/debian/glew.git,True,ls-remote,2026-05-17T23:15:11Z
https://salsa.debian.org/debian/gom.git,True,ls-remote,2026-05-17T23:15:11Z
https://salsa.debian.org/debian/grep.git,True,ls-remote,2026-06-28T19:52:26Z
https://salsa.debian.org/debian/hdparm.git,True,ls-remote,2026-05-17T23:15:11Z
https://salsa.debian.org/debian/heimdal.git,True,ls-remote,2026-05-17T23:15:11Z
https://salsa.debian.org/debian/hesiod.git,True,ls-remote,2026-05-17T23:15:11Z
https://salsa.debian.org/debian/hexchat.git,True,ls-remote,2026-05-17T23:15:11Z
https://salsa.debian.org/debian/hoichess.git,True,ls-remote,2026-05-17T23:15:11Z
https://salsa.debian.org/debian/icoutils.git,True,ls-remote,2026-05-17T23:15:11Z
https://salsa.debian.org/debian/iftop.git,True,ls-remote,2026-05-17T23:15:11Z
https://salsa.debian.org/debian/ifupdown.git,True,ls-remote,2026-04-27T20:50:59Z
https://salsa.debian.org/debian/imlib2.git,True,ls-remote,2026-05-17T23:15:11Z
https://salsa.debian.org/debian/intelrdfpmath.git,True,ls-remote,2026-05-17T23:15:11Z
https://salsa.debian.org/debian/jimtcl.git,True,ls-remote,2026-05-17T23:15:11Z
https://salsa.debian.org/debian/keyutils.git,True,ls-remote,2026-06-28T19:52:26Z
https://salsa.debian.org/debian/kyotocabinet.git,True,ls-remote,2026-05-17T23:15:11Z
https://salsa.debian.org/debian/libassuan/tree/debian/unstable.git,False,ls-remote,2026-06-28T19:52:26Z
https://salsa.debian.org/debian/libbs2b.git,True,ls-remote,2026-05-17T23:15:11Z
https://salsa.debian.org/debian/libcdio-paranoia.git,True,ls-remote,2026-05-17T23:15:11Z
https://salsa.debian.org/debian/libcdio.git,True,ls-remote,2026-05-17T23:15:11Z
https://salsa.debian.org/debian/libdv.git,True,ls-remote,2026-05-17T23:15:11Z
https://salsa.debian.org/debian/libemf.git,True,ls-remote,2026-05-17T23:15:11Z
https://salsa.debian.org/debian/libev.git,True,ls-remote,2026-06-28T19:52:26Z
https://salsa.debian.org/debian/libevdev.git,True,ls-remote,2026-05-17T23:15:11Z
https://salsa.debian.org/debian/libfilezilla.git,True,ls-remote,2026-05-17T23:15:11Z
https://salsa.debian.org/debian/libgadu.git,True,ls-remote,2026-05-17T23:15:11Z
https://salsa.debian.org/debian/libgnt.git,True,ls-remote,2026-05-17T23:15:11Z
https://salsa.debian.org/debian/libgpod.git,True,ls-remote,2026-05-17T23:15:11Z
https://salsa.debian.org/debian/libidn.git,True,ls-remote,2026-06-28T19:52:26Z
https://salsa.debian.org/debian/libiec61883.git,True,ls-remote,2026-05-17T23:15:11Z
https://salsa.debian.org/debian/liblognorm.git,True,ls-remote,2026-05-17T23:15:11Z
https://salsa.debian.org/debian/liblzf.git,True,ls-remote,2026-05-17T23:15:11Z
https://salsa.debian.org/debian/libmcrypt.git,True,ls-remote,2026-05-17T23:15:11Z
https://salsa.debian.org/debian/libmspack.git,True,ls-remote,2026-05-17T23:15:11Z
https://salsa.debian.org/debian/libmtp.git,True,ls-remote,2026-05-17T23:15:11Z
https://salsa.debian.org/debian/libndp.git,True,ls-remote,2026-05-17T23:15:11Z
https://salsa.debian.org/debian/liboauth.git,True,ls-remote,2026-05-17T23:15:11Z
https://salsa.debian.org/debian/liboobs.git,True,ls-remote,2026-05-17T23:15:11Z
https://salsa.debian.org/debian/libopenraw.git,True,ls-remote,2026-05-17T23:15:11Z
https://salsa.debian.org/debian/libotf.git,True,ls-remote,2026-05-17T23:15:11Z
https://salsa.debian.org/debian/libpst.git,True,ls-remote,2026-05-17T23:15:11Z
https://salsa.debian.org/debian/libqalculate.git,True,ls-remote,2026-05-17T23:15:11Z
https://salsa.debian.org/debian/libquvi-scripts.git,True,ls-remote,2026-05-17T23:15:11Z
https://salsa.debian.org/debian/librelp.git,False,ls-remote,2026-05-17T23:15:11Z
https://salsa.debian.org/debian/librist.git,True,ls-remote,2026-06-28T19:52:26Z
https://salsa.debian.org/debian/libssh.git,True,ls-remote,2026-06-28T19:52:26Z
https://salsa.debian.org/debian/libteam.git,True,ls-remote,2026-05-17T23:15:11Z
https://salsa.debian.org/debian/libtextwrap.git,True,ls-remote,2026-05-17T23:15:11Z
https://salsa.debian.org/debian/libtirpc.git,True,ls-remote,2026-06-28T19:52:26Z
https://salsa.debian.org/debian/libtomcrypt.git,False,ls-remote,2026-05-17T23:15:11Z
https://salsa.debian.org/debian/libvisual.git,True,ls-remote,2026-05-17T23:15:11Z
https://salsa.debian.org/debian/libvoikko.git,True,ls-remote,2026-05-17T23:15:11Z
https://salsa.debian.org/debian/libwacom.git,True,ls-remote,2026-05-17T23:15:11Z
https://salsa.debian.org/debian/libx86.git,True,ls-remote,2026-05-17T23:15:11Z
https://salsa.debian.org/debian/libyuv.git,True,ls-remote,2026-05-17T23:15:11Z
https://salsa.debian.org/debian/linux-atm.git,True,ls-remote,2026-05-17T23:15:11Z
https://salsa.debian.org/debian/lirc.git,True,ls-remote,2026-05-17T23:15:11Z
https://salsa.debian.org/debian/lmdb.git,True,ls-remote,2026-06-28T19:52:26Z
https://salsa.debian.org/debian/lyx.git,True,ls-remote,2026-05-17T23:15:11Z
https://salsa.debian.org/debian/lzop.git,True,ls-remote,2026-05-17T23:15:11Z
https://salsa.debian.org/debian/mailutils.git,True,ls-remote,2026-05-17T23:15:11Z
https://salsa.debian.org/debian/mc.git,True,ls-remote,2026-05-17T23:15:11Z
https://salsa.debian.org/debian/mhash.git,True,ls-remote,2026-05-17T23:15:11Z
https://salsa.debian.org/debian/motif.git,True,ls-remote,2026-05-17T23:15:11Z
https://salsa.debian.org/debian/mtdev.git,True,ls-remote,2026-05-17T23:15:11Z
https://salsa.debian.org/debian/nas.git,True,ls-remote,2026-05-17T23:15:11Z
https://salsa.debian.org/debian/nasm.git,True,ls-remote,2026-05-17T23:15:11Z
https://salsa.debian.org/debian/norm.git,True,ls-remote,2026-05-17T23:15:11Z
https://salsa.debian.org/debian/oath-toolkit.git,True,ls-remote,2026-05-17T23:15:11Z
https://salsa.debian.org/debian/openconnect.git,True,ls-remote,2026-05-17T23:15:11Z
https://salsa.debian.org/debian/openipmi.git,True,ls-remote,2026-05-17T23:15:11Z
https://salsa.debian.org/debian/ossp-uuid.git,True,ls-remote,2026-05-17T23:15:11Z
https://salsa.debian.org/debian/pcsc-lite.git,True,ls-remote,2026-05-17T23:15:11Z
https://salsa.debian.org/debian/pidgin.git,True,ls-remote,2026-05-17T23:15:11Z
https://salsa.debian.org/debian/plotutils.git,True,ls-remote,2026-05-17T23:15:11Z
https://salsa.debian.org/debian/plymouth.git,True,ls-remote,2026-05-17T23:15:11Z
https://salsa.debian.org/debian/powermgmt-base.git,False,ls-remote,2026-05-17T23:15:11Z
https://salsa.debian.org/debian/ppp.git,True,ls-remote,2026-05-17T23:15:11Z
https://salsa.debian.org/debian/ps2eps.git,True,ls-remote,2026-05-17T23:15:11Z
https://salsa.debian.org/debian/pv.git,True,ls-remote,2026-05-17T23:15:11Z
https://salsa.debian.org/debian/qdbm.git,True,ls-remote,2026-05-17T23:15:11Z
https://salsa.debian.org/debian/rasqal.git,True,ls-remote,2026-05-17T23:15:11Z
https://salsa.debian.org/debian/redland.git,True,ls-remote,2026-05-17T23:15:11Z
https://salsa.debian.org/debian/rpcbind.git,True,ls-remote,2026-05-17T23:15:11Z
https://salsa.debian.org/debian/rsync.git,True,ls-remote,2026-05-17T23:15:11Z
https://salsa.debian.org/debian/rsyslog.git,True,ls-remote,2026-05-17T23:15:11Z
https://salsa.debian.org/debian/screen.git,True,ls-remote,2026-05-17T23:15:11Z
https://salsa.debian.org/debian/sed.git,True,ls-remote,2026-06-28T19:52:26Z
https://salsa.debian.org/debian/sendmail.git,True,ls-remote,2026-05-17T23:15:11Z
https://salsa.debian.org/debian/smartmontools.git,True,ls-remote,2026-05-17T23:15:11Z
https://salsa.debian.org/debian/source-highlight.git,True,ls-remote,2026-05-17T23:15:11Z
https://salsa.debian.org/debian/spamassassin.git,False,ls-remote,2026-05-17T23:15:11Z
https://salsa.debian.org/debian/strace.git,True,ls-remote,2026-05-17T23:15:11Z
https://salsa.debian.org/debian/swig.git,True,ls-remote,2026-05-17T23:15:11Z
https://salsa.debian.org/debian/sysstat.git,True,ls-remote,2026-05-17T23:15:11Z
https://salsa.debian.org/debian/tar.git,True,ls-remote,2026-06-28T19:52:26Z
https://salsa.debian.org/debian/tcpdump.git,True,ls-remote,2026-05-17T23:15:11Z
https://salsa.debian.org/debian/tnftp.git,True,ls-remote,2026-05-17T23:15:11Z
https://salsa.debian.org/debian/tokyocabinet.git,True,ls-remote,2026-05-17T23:15:11Z
https://salsa.debian.org/debian/transmission.git,True,ls-remote,2026-05-17T23:15:11Z
https://salsa.debian.org/debian/usb-modeswitch.git,True,ls-remote,2026-05-17T23:15:11Z
https://salsa.debian.org/debian/usbredir.git,True,ls-remote,2026-05-17T23:15:11Z
https://salsa.debian.org/debian/vcdimager.git,True,ls-remote,2026-05-17T23:15:11Z
https://salsa.debian.org/debian/virglrenderer.git,True,ls-remote,2026-05-17T23:15:11Z
https://salsa.debian.org/debian/wget.git,True,ls-remote,2026-06-28T19:52:26Z
https://salsa.debian.org/debian/wimlib.git,True,ls-remote,2026-05-17T23:15:11Z
https://salsa.debian.org/debian/xcb-util-cursor.git,False,ls-remote,2026-05-17T23:15:11Z
https://salsa.debian.org/debian/xkbset.git,True,ls-remote,2026-05-17T23:15:11Z
https://salsa.debian.org/debian/xsel.git,True,ls-remote,2026-05-17T23:15:11Z
https://salsa.debian.org/debian/zabbix.git,True,ls-remote,2026-05-17T23:15:11Z
https://salsa.debian.org/debian/zeitgeist.git,True,ls-remote,2026-05-17T23:15:11Z
https://salsa.debian.org/debian/zerofree.git,True,ls-remote,2026-05-17T23:15:11Z
https://salsa.debian.org/debian/zsh.git,True,ls-remote,2026-05-17T23:15:11Z
https://salsa.debian.org/debianonmobile-team/libmbim.git,True,ls-remote,2026-05-17T23:15:11Z
https://salsa.debian.org/debianonmobile-team/libqmi.git,True,ls-remote,2026-05-17T23:15:11Z
https://salsa.debian.org/debianonmobile-team/modemmanager.git,True,ls-remote,2026-05-17T23:15:11Z
https://salsa.debian.org/dns-team/ldns.git,True,ls-remote,2026-05-17T23:15:11Z
https://salsa.debian.org/dotnet-team/libgdiplus.git,True,ls-remote,2026-05-17T23:15:11Z
https://salsa.debian.org/dpkg-team/dpkg.git,True,ls-remote,2026-04-27T20:41:04Z
https://salsa.debian.org/edd/gsl.git,True,ls-remote,2026-05-17T23:15:11Z
https://salsa.debian.org/eric/npth.git,True,ls-remote,2026-06-28T19:52:26Z
https://salsa.debian.org/fonts-team/libeot.git,True,ls-remote,2026-05-17T23:15:11Z
https://salsa.debian.org/freedesktop-team/accountsservice.git,True,ls-remote,2026-05-17T23:15:11Z
https://salsa.debian.org/freedesktop-team/poppler.git,True,ls-remote,2026-06-28T19:52:26Z
https://salsa.debian.org/games-team/box2d.git,True,ls-remote,2026-05-17T23:15:11Z
https://salsa.debian.org/games-team/qqwing.git,True,ls-remote,2026-05-17T23:15:11Z
https://salsa.debian.org/games-team/wildmidi.git,True,ls-remote,2026-05-17T23:15:11Z
https://salsa.debian.org/gdb-team/gdb.git,True,ls-remote,2026-05-17T23:15:11Z
https://salsa.debian.org/gnome-team/adwaita-icon-theme.git,True,ls-remote,2026-05-17T23:15:11Z
https://salsa.debian.org/gnome-team/babl.git,True,ls-remote,2026-05-17T23:15:11Z
https://salsa.debian.org/gnome-team/brasero.git,True,ls-remote,2026-05-17T23:15:11Z
https://salsa.debian.org/gnome-team/cairomm.git,True,ls-remote,2026-05-17T23:15:11Z
https://salsa.debian.org/gnome-team/caribou.git,True,ls-remote,2026-05-17T23:15:11Z
https://salsa.debian.org/gnome-team/cheese.git,True,ls-remote,2026-05-17T23:15:11Z
https://salsa.debian.org/gnome-team/clutter-gtk.git,True,ls-remote,2026-05-17T23:15:11Z
https://salsa.debian.org/gnome-team/cogl.git,True,ls-remote,2026-05-17T23:15:11Z
https://salsa.debian.org/gnome-team/eog.git,True,ls-remote,2026-05-17T23:15:11Z
https://salsa.debian.org/gnome-team/evince.git,True,ls-remote,2026-05-17T23:15:11Z
https://salsa.debian.org/gnome-team/file-roller.git,True,ls-remote,2026-05-17T23:15:11Z
https://salsa.debian.org/gnome-team/folks.git,False,ls-remote,2026-05-17T23:15:11Z
https://salsa.debian.org/gnome-team/gcr.git,True,ls-remote,2026-05-17T23:15:11Z
https://salsa.debian.org/gnome-team/gdk-pixbuf-xlib.git,True,ls-remote,2026-05-17T23:15:11Z
https://salsa.debian.org/gnome-team/gegl.git,True,ls-remote,2026-05-17T23:15:11Z
https://salsa.debian.org/gnome-team/geocode-glib.git,True,ls-remote,2026-05-17T23:15:11Z
https://salsa.debian.org/gnome-team/gexiv2.git,True,ls-remote,2026-05-17T23:15:11Z
https://salsa.debian.org/gnome-team/gimp.git,True,ls-remote,2026-05-17T23:15:11Z
https://salsa.debian.org/gnome-team/glade.git,True,ls-remote,2026-05-17T23:15:11Z
https://salsa.debian.org/gnome-team/gnome-autoar.git,True,ls-remote,2026-05-17T23:15:11Z
https://salsa.debian.org/gnome-team/gnome-bluetooth.git,True,ls-remote,2026-05-17T23:15:11Z
https://salsa.debian.org/gnome-team/gnome-contacts.git,True,ls-remote,2026-05-17T23:15:11Z
https://salsa.debian.org/gnome-team/gnome-control-center.git,True,ls-remote,2026-05-17T23:15:11Z
https://salsa.debian.org/gnome-team/gnome-desktop.git,True,ls-remote,2026-05-17T23:15:11Z
https://salsa.debian.org/gnome-team/gnome-disk-utility.git,False,ls-remote,2026-05-17T23:15:11Z
https://salsa.debian.org/gnome-team/gnome-keyring.git,True,ls-remote,2026-05-17T23:15:11Z
https://salsa.debian.org/gnome-team/gnome-menus.git,True,ls-remote,2026-05-17T23:15:11Z
https://salsa.debian.org/gnome-team/gnome-online-accounts.git,True,ls-remote,2026-05-17T23:15:11Z
https://salsa.debian.org/gnome-team/gnome-panel.git,True,ls-remote,2026-05-17T23:15:11Z
https://salsa.debian.org/gnome-team/gnome-terminal.git,True,ls-remote,2026-05-17T23:15:11Z
https://salsa.debian.org/gnome-team/gnome-user-share.git,False,ls-remote,2026-05-17T23:15:11Z
https://salsa.debian.org/gnome-team/gnote.git,True,ls-remote,2026-05-17T23:15:11Z
https://salsa.debian.org/gnome-team/gobject-introspection.git,True,ls-remote,2026-06-28T19:52:26Z
https://salsa.debian.org/gnome-team/gsettings-desktop-schemas.git,True,ls-remote,2026-05-17T23:15:11Z
https://salsa.debian.org/gnome-team/gsound.git,True,ls-remote,2026-05-17T23:15:11Z
https://salsa.debian.org/gnome-team/gssdp.git,True,ls-remote,2026-05-17T23:15:11Z
https://salsa.debian.org/gnome-team/gucharmap.git,True,ls-remote,2026-05-17T23:15:11Z
https://salsa.debian.org/gnome-team/gupnp-av.git,True,ls-remote,2026-05-17T23:15:11Z
https://salsa.debian.org/gnome-team/gupnp-dlna.git,True,ls-remote,2026-05-17T23:15:11Z
https://salsa.debian.org/gnome-team/gupnp-igd.git,True,ls-remote,2026-05-17T23:15:11Z
https://salsa.debian.org/gnome-team/gupnp.git,True,ls-remote,2026-05-17T23:15:11Z
https://salsa.debian.org/gnome-team/gvfs.git,True,ls-remote,2026-05-17T23:15:11Z
https://salsa.debian.org/gnome-team/hicolor-icon-theme.git,False,ls-remote,2026-05-17T23:15:11Z
https://salsa.debian.org/gnome-team/hitori.git,True,ls-remote,2026-05-17T23:15:11Z
https://salsa.debian.org/gnome-team/libadwaita.git,True,ls-remote,2026-05-17T23:15:11Z
https://salsa.debian.org/gnome-team/libcanberra.git,False,ls-remote,2026-05-17T23:15:11Z
https://salsa.debian.org/gnome-team/libchamplain.git,True,ls-remote,2026-05-17T23:15:11Z
https://salsa.debian.org/gnome-team/libcloudproviders.git,True,ls-remote,2026-05-17T23:15:11Z
https://salsa.debian.org/gnome-team/libdmapsharing.git,True,ls-remote,2026-05-17T23:15:11Z
https://salsa.debian.org/gnome-team/libgdata.git,True,ls-remote,2026-05-17T23:15:11Z
https://salsa.debian.org/gnome-team/libgepub.git,True,ls-remote,2026-05-17T23:15:11Z
https://salsa.debian.org/gnome-team/libgit2-glib.git,False,ls-remote,2026-05-17T23:15:11Z
https://salsa.debian.org/gnome-team/libgnome-games-support.git,True,ls-remote,2026-05-17T23:15:11Z
https://salsa.debian.org/gnome-team/libgnomekbd.git,True,ls-remote,2026-05-17T23:15:11Z
https://salsa.debian.org/gnome-team/libgudev.git,True,ls-remote,2026-05-17T23:15:11Z
https://salsa.debian.org/gnome-team/libgxps.git,False,ls-remote,2026-05-17T23:15:11Z
https://salsa.debian.org/gnome-team/libmanette.git,False,ls-remote,2026-05-17T23:15:11Z
https://salsa.debian.org/gnome-team/libmediaart.git,True,ls-remote,2026-05-17T23:15:11Z
https://salsa.debian.org/gnome-team/libnotify.git,False,ls-remote,2026-05-17T23:15:11Z
https://salsa.debian.org/gnome-team/libpeas.git,False,ls-remote,2026-05-17T23:15:11Z
https://salsa.debian.org/gnome-team/libsecret.git,False,ls-remote,2026-05-17T23:15:11Z
https://salsa.debian.org/gnome-team/libxklavier.git,True,ls-remote,2026-05-17T23:15:11Z
https://salsa.debian.org/gnome-team/meta-gnome3.git,False,ls-remote,2026-05-17T23:15:11Z
https://salsa.debian.org/gnome-team/mousetweaks.git,False,ls-remote,2026-05-17T23:15:11Z
https://salsa.debian.org/gnome-team/msgraph.git,True,ls-remote,2026-05-17T23:15:11Z
https://salsa.debian.org/gnome-team/mutter.git,True,ls-remote,2026-05-17T23:15:11Z
https://salsa.debian.org/gnome-team/nautilus-sendto.git,True,ls-remote,2026-05-17T23:15:11Z
https://salsa.debian.org/gnome-team/nautilus.git,False,ls-remote,2026-05-17T23:15:11Z
https://salsa.debian.org/gnome-team/notification-daemon.git,True,ls-remote,2026-05-17T23:15:11Z
https://salsa.debian.org/gnome-team/pangomm.git,True,ls-remote,2026-05-17T23:15:11Z
https://salsa.debian.org/gnome-team/phodav.git,True,ls-remote,2026-05-17T23:15:11Z
https://salsa.debian.org/gnome-team/rhythmbox.git,False,ls-remote,2026-05-17T23:15:11Z
https://salsa.debian.org/gnome-team/rygel.git,True,ls-remote,2026-05-17T23:15:11Z
https://salsa.debian.org/gnome-team/sound-juicer.git,True,ls-remote,2026-05-17T23:15:11Z
https://salsa.debian.org/gnome-team/spice-gtk.git,False,ls-remote,2026-05-17T23:15:11Z
https://salsa.debian.org/gnome-team/startup-notification.git,True,ls-remote,2026-05-17T23:15:11Z
https://salsa.debian.org/gnome-team/sysprof.git,True,ls-remote,2026-06-28T19:52:26Z
https://salsa.debian.org/gnome-team/totem-pl-parser.git,True,ls-remote,2026-05-17T23:15:11Z
https://salsa.debian.org/gnome-team/totem.git,True,ls-remote,2026-05-17T23:15:11Z
https://salsa.debian.org/gnome-team/vte.git,True,ls-remote,2026-05-17T23:15:11Z
https://salsa.debian.org/gnome-team/xdg-user-dirs-gtk.git,False,ls-remote,2026-05-17T23:15:11Z
https://salsa.debian.org/gnome-team/yelp.git,False,ls-remote,2026-05-17T23:15:11Z
https://salsa.debian.org/gnome-team/zenity.git,True,ls-remote,2026-05-17T23:15:11Z
https://salsa.debian.org/gnutls-team/libksba.git,True,ls-remote,2026-06-28T19:52:26Z
https://salsa.debian.org/gspr/lbfgsb.git,False,ls-remote,2026-05-17T23:15:11Z
https://salsa.debian.org/holmgren/nettle.git,True,ls-remote,2026-06-28T19:52:26Z
https://salsa.debian.org/hpc-team/libpfm4.git,True,ls-remote,2026-05-17T23:15:11Z
https://salsa.debian.org/hpc-team/openmpi.git,True,ls-remote,2026-06-28T19:52:26Z
https://salsa.debian.org/input-method-team/m17n-lib.git,True,ls-remote,2026-05-17T23:15:11Z
https://salsa.debian.org/installer-team/busybox.git,True,ls-remote,2026-05-17T23:15:11Z
https://salsa.debian.org/installer-team/cdebconf.git,True,ls-remote,2026-04-27T20:50:59Z
https://salsa.debian.org/installer-team/console-setup.git,True,ls-remote,2026-04-27T20:41:04Z
https://salsa.debian.org/installer-team/discover-data.git,True,ls-remote,2026-04-27T20:50:59Z
https://salsa.debian.org/installer-team/libdebian-installer.git,True,ls-remote,2026-05-17T23:15:11Z
https://salsa.debian.org/iso-codes-team/iso-codes.git,True,ls-remote,2026-05-17T23:15:11Z
https://salsa.debian.org/jamessan/subversion.git,True,ls-remote,2026-05-17T23:15:11Z
https://salsa.debian.org/java-team/hsqldb.git,True,ls-remote,2026-05-17T23:15:11Z
https://salsa.debian.org/kernel-team/ethtool.git,True,ls-remote,2026-05-17T23:15:11Z
https://salsa.debian.org/kernel-team/iw.git,True,ls-remote,2026-05-17T23:15:11Z
https://salsa.debian.org/kernel-team/linux-base.git,True,ls-remote,2026-04-27T20:50:59Z
https://salsa.debian.org/kernel-team/nfs-utils.git,False,ls-remote,2026-05-17T23:15:11Z
https://salsa.debian.org/lamby/pkg-redis.git,True,ls-remote,2026-06-28T19:52:26Z
https://salsa.debian.org/libreoffice-team/document-liberation/libwps.git,True,ls-remote,2026-05-17T23:15:11Z
https://salsa.debian.org/libreoffice-team/libnumbertext.git,True,ls-remote,2026-05-17T23:15:11Z
https://salsa.debian.org/libvirt-team/gtk-vnc.git,True,ls-remote,2026-05-17T23:15:11Z
https://salsa.debian.org/libvirt-team/libosinfo.git,True,ls-remote,2026-05-17T23:15:11Z
https://salsa.debian.org/libvirt-team/libvirt-glib.git,True,ls-remote,2026-05-17T23:15:11Z
https://salsa.debian.org/libvirt-team/libvirt.git,False,ls-remote,2026-05-17T23:15:11Z
https://salsa.debian.org/libvirt-team/osinfo-db.git,True,ls-remote,2026-05-17T23:15:11Z
https://salsa.debian.org/linux-blocks-team/sg3-utils.git,True,ls-remote,2026-05-17T23:15:11Z
https://salsa.debian.org/lvm-team/lvm2.git,True,ls-remote,2026-06-28T19:52:26Z
https://salsa.debian.org/lxde-team/menu-cache.git,False,ls-remote,2026-05-17T23:15:11Z
https://salsa.debian.org/lynx-team/lynx.git,False,ls-remote,2026-05-17T23:15:11Z
https://salsa.debian.org/mariadb-team/mysql.git,True,ls-remote,2026-05-17T23:15:11Z
https://salsa.debian.org/md/kmod.git,True,ls-remote,2026-06-28T19:52:26Z
https://salsa.debian.org/md/openbsd-inetd.git,True,ls-remote,2026-05-17T23:15:11Z
https://salsa.debian.org/md/tcp-wrappers.git,True,ls-remote,2026-04-27T20:50:59Z
https://salsa.debian.org/md/usrmerge.git,True,ls-remote,2026-05-17T23:15:11Z
https://salsa.debian.org/med-team/gdcm.git,False,ls-remote,2026-05-17T23:15:11Z
https://salsa.debian.org/med-team/parallel.git,True,ls-remote,2026-05-17T23:15:11Z
https://salsa.debian.org/meskes/bsdmainutils.git,True,ls-remote,2026-05-17T23:15:11Z
https://salsa.debian.org/meskes/hostname.git,True,ls-remote,2026-04-27T20:50:59Z
https://salsa.debian.org/mingw-w64-team/libz-mingw-w64.git,True,ls-remote,2026-05-17T23:15:11Z
https://salsa.debian.org/miniupnp-team/libnatpmp.git,False,ls-remote,2026-05-17T23:15:11Z
https://salsa.debian.org/miniupnp-team/minissdpd.git,True,ls-remote,2026-05-17T23:15:11Z
https://salsa.debian.org/miniupnp-team/miniupnpc.git,True,ls-remote,2026-05-17T23:15:11Z
https://salsa.debian.org/mod-player-team/libmikmod.git,True,ls-remote,2026-05-17T23:15:11Z
https://salsa.debian.org/mod-player-team/libmodplug.git,True,ls-remote,2026-05-17T23:15:11Z
https://salsa.debian.org/mozilla-team/nspr.git,True,ls-remote,2026-04-27T20:50:59Z
https://salsa.debian.org/multimedia-team/a52dec.git,True,ls-remote,2026-05-17T23:15:11Z
https://salsa.debian.org/multimedia-team/aom.git,True,ls-remote,2026-06-28T19:52:26Z
https://salsa.debian.org/multimedia-team/audacious-plugins.git,False,ls-remote,2026-05-17T23:15:11Z
https://salsa.debian.org/multimedia-team/audacious.git,True,ls-remote,2026-05-17T23:15:11Z
https://salsa.debian.org/multimedia-team/chromaprint.git,True,ls-remote,2026-05-17T23:15:11Z
https://salsa.debian.org/multimedia-team/dav1d.git,True,ls-remote,2026-06-28T19:52:26Z
https://salsa.debian.org/multimedia-team/dvdauthor.git,True,ls-remote,2026-05-17T23:15:11Z
https://salsa.debian.org/multimedia-team/ffado.git,True,ls-remote,2026-05-17T23:15:11Z
https://salsa.debian.org/multimedia-team/inkscape.git,True,ls-remote,2026-05-17T23:15:11Z
https://salsa.debian.org/multimedia-team/jack-audio-connection-kit.git,True,ls-remote,2026-05-17T23:15:11Z
https://salsa.debian.org/multimedia-team/lame.git,True,ls-remote,2026-04-27T20:50:59Z
https://salsa.debian.org/multimedia-team/libaacs.git,True,ls-remote,2026-05-17T23:15:11Z
https://salsa.debian.org/multimedia-team/libavc1394.git,False,ls-remote,2026-05-17T23:15:11Z
https://salsa.debian.org/multimedia-team/libbdplus.git,False,ls-remote,2026-05-17T23:15:11Z
https://salsa.debian.org/multimedia-team/libbluray.git,True,ls-remote,2026-06-28T19:52:26Z
https://salsa.debian.org/multimedia-team/libcaca.git,False,ls-remote,2026-05-17T23:15:11Z
https://salsa.debian.org/multimedia-team/libdc1394.git,True,ls-remote,2026-05-17T23:15:11Z
https://salsa.debian.org/multimedia-team/libdca.git,False,ls-remote,2026-05-17T23:15:11Z
https://salsa.debian.org/multimedia-team/libdiscid.git,True,ls-remote,2026-05-17T23:15:11Z
https://salsa.debian.org/multimedia-team/libdvbpsi.git,False,ls-remote,2026-05-17T23:15:11Z
https://salsa.debian.org/multimedia-team/libdvdnav.git,True,ls-remote,2026-05-17T23:15:11Z
https://salsa.debian.org/multimedia-team/libdvdread.git,True,ls-remote,2026-05-17T23:15:11Z
https://salsa.debian.org/multimedia-team/libebml.git,True,ls-remote,2026-05-17T23:15:11Z
https://salsa.debian.org/multimedia-team/libgav1.git,True,ls-remote,2026-05-17T23:15:11Z
https://salsa.debian.org/multimedia-team/libid3tag.git,False,ls-remote,2026-05-17T23:15:11Z
https://salsa.debian.org/multimedia-team/libkate.git,True,ls-remote,2026-05-17T23:15:11Z
https://salsa.debian.org/multimedia-team/libldac.git,True,ls-remote,2026-05-17T23:15:11Z
https://salsa.debian.org/multimedia-team/libmatroska.git,False,ls-remote,2026-05-17T23:15:11Z
https://salsa.debian.org/multimedia-team/libmms.git,True,ls-remote,2026-05-17T23:15:11Z
https://salsa.debian.org/multimedia-team/libopenmpt-modplug.git,True,ls-remote,2026-05-17T23:15:11Z
https://salsa.debian.org/multimedia-team/libopenmpt.git,True,ls-remote,2026-05-17T23:15:11Z
https://salsa.debian.org/multimedia-team/libplacebo.git,False,ls-remote,2026-05-17T23:15:11Z
https://salsa.debian.org/multimedia-team/libreplaygain.git,True,ls-remote,2026-05-17T23:15:11Z
https://salsa.debian.org/multimedia-team/libshout.git,True,ls-remote,2026-05-17T23:15:11Z
https://salsa.debian.org/multimedia-team/libtheora.git,True,ls-remote,2026-06-28T19:52:26Z
https://salsa.debian.org/multimedia-team/libvorbis.git,True,ls-remote,2026-06-28T19:52:26Z
https://salsa.debian.org/multimedia-team/lilv.git,True,ls-remote,2026-05-17T23:15:11Z
https://salsa.debian.org/multimedia-team/lv2.git,True,ls-remote,2026-05-17T23:15:11Z
https://salsa.debian.org/multimedia-team/mjpegtools.git,True,ls-remote,2026-05-17T23:15:11Z
https://salsa.debian.org/multimedia-team/mplayer.git,True,ls-remote,2026-05-17T23:15:11Z
https://salsa.debian.org/multimedia-team/opencore-amr.git,True,ls-remote,2026-04-27T20:50:59Z
https://salsa.debian.org/multimedia-team/openni2.git,True,ls-remote,2026-05-17T23:15:11Z
https://salsa.debian.org/multimedia-team/portsmf.git,False,ls-remote,2026-05-17T23:15:11Z
https://salsa.debian.org/multimedia-team/roc-toolkit.git,False,ls-remote,2026-05-17T23:15:11Z
https://salsa.debian.org/multimedia-team/rtmpdump.git,True,ls-remote,2026-06-28T19:52:26Z
https://salsa.debian.org/multimedia-team/serd.git,False,ls-remote,2026-05-17T23:15:11Z
https://salsa.debian.org/multimedia-team/sord.git,True,ls-remote,2026-05-17T23:15:11Z
https://salsa.debian.org/multimedia-team/soundtouch.git,True,ls-remote,2026-05-17T23:15:11Z
https://salsa.debian.org/multimedia-team/sox.git,True,ls-remote,2026-05-17T23:15:11Z
https://salsa.debian.org/multimedia-team/speexdsp.git,True,ls-remote,2026-05-17T23:15:11Z
https://salsa.debian.org/multimedia-team/sratom.git,False,ls-remote,2026-05-17T23:15:11Z
https://salsa.debian.org/multimedia-team/suil.git,True,ls-remote,2026-05-17T23:15:11Z
https://salsa.debian.org/multimedia-team/taglib.git,False,ls-remote,2026-05-17T23:15:11Z
https://salsa.debian.org/multimedia-team/twolame.git,True,ls-remote,2026-05-17T23:15:11Z
https://salsa.debian.org/multimedia-team/vorbis-tools.git,True,ls-remote,2026-05-17T23:15:11Z
https://salsa.debian.org/multimedia-team/x264.git,True,ls-remote,2026-06-28T19:52:26Z
https://salsa.debian.org/multimedia-team/xvidcore.git,True,ls-remote,2026-04-27T20:50:59Z
https://salsa.debian.org/mutt-team/mutt.git,True,ls-remote,2026-05-17T23:15:11Z
https://salsa.debian.org/myczko-guest/flashrom.git,True,ls-remote,2026-05-17T23:15:11Z
https://salsa.debian.org/nickg/libcddb.git,True,ls-remote,2026-05-17T23:15:11Z
https://salsa.debian.org/nvidia-team/libvdpau.git,False,ls-remote,2026-05-17T23:15:11Z
https://salsa.debian.org/nvidia-team/nvidia-settings.git,True,ls-remote,2026-05-17T23:15:11Z
https://salsa.debian.org/olly/xapian-core.git,True,ls-remote,2026-05-17T23:15:11Z
https://salsa.debian.org/openldap-team/openldap.git,True,ls-remote,2026-06-28T19:52:26Z
https://salsa.debian.org/optical-media-team/cdparanoia.git,True,ls-remote,2026-05-17T23:15:11Z
https://salsa.debian.org/optical-media-team/dvd-rw-tools.git,True,ls-remote,2026-05-17T23:15:11Z
https://salsa.debian.org/optical-media-team/libburn.git,True,ls-remote,2026-05-17T23:15:11Z
https://salsa.debian.org/optical-media-team/libisofs/tree/master.git,False,ls-remote,2026-05-17T23:15:11Z
https://salsa.debian.org/parted-team/parted.git,True,ls-remote,2026-05-17T23:15:11Z
https://salsa.debian.org/perl-team/interpreter/perl.git,False,ls-remote,2026-06-28T19:52:26Z
https://salsa.debian.org/pino/ebook-tools.git,True,ls-remote,2026-05-17T23:15:11Z
https://salsa.debian.org/pkg-netfilter-team/pkg-ipset.git,True,ls-remote,2026-05-17T23:15:11Z
https://salsa.debian.org/pkg-netfilter-team/pkg-libmnl.git,True,ls-remote,2026-06-28T19:52:26Z
https://salsa.debian.org/pkg-netfilter-team/pkg-libnetfilter-acct.git,True,ls-remote,2026-05-17T23:15:11Z
https://salsa.debian.org/pkg-netfilter-team/pkg-libnfnetlink.git,True,ls-remote,2026-06-28T19:52:26Z
https://salsa.debian.org/pkg-netfilter-team/pkg-nftables.git,True,ls-remote,2026-05-17T23:15:11Z
https://salsa.debian.org/pkg-privacy-team/libotr.git,True,ls-remote,2026-05-17T23:15:11Z
https://salsa.debian.org/pkg-rpm-team/rpm.git,True,ls-remote,2026-05-17T23:15:11Z
https://salsa.debian.org/pkg-security-team/libntlm.git,True,ls-remote,2026-05-17T23:15:11Z
https://salsa.debian.org/pkg-security-team/rhash.git,True,ls-remote,2026-05-17T23:15:11Z
https://salsa.debian.org/pkg-voip-team/spandsp.git,True,ls-remote,2026-05-17T23:15:11Z
https://salsa.debian.org/pkgutopia-team/packagekit-qt.git,True,ls-remote,2026-05-17T23:15:11Z
https://salsa.debian.org/pkgutopia-team/packagekit.git,True,ls-remote,2026-05-17T23:15:11Z
https://salsa.debian.org/printing-team/foo2zjs.git,False,ls-remote,2026-05-17T23:15:11Z
https://salsa.debian.org/printing-team/gutenprint.git,True,ls-remote,2026-05-17T23:15:11Z
https://salsa.debian.org/printing-team/hplip.v2.git,True,ls-remote,2026-05-17T23:15:11Z
https://salsa.debian.org/printing-team/ijs.git,False,ls-remote,2026-05-17T23:15:11Z
https://salsa.debian.org/printing-team/min12xxw.git,True,ls-remote,2026-05-17T23:15:11Z
https://salsa.debian.org/printing-team/pnm2ppa.git,True,ls-remote,2026-05-17T23:15:11Z
https://salsa.debian.org/pulseaudio-team/pavucontrol.git,True,ls-remote,2026-05-17T23:15:11Z
https://salsa.debian.org/pulseaudio-team/pulseaudio.git,True,ls-remote,2026-06-28T19:52:26Z
https://salsa.debian.org/pulseaudio-team/webrtc-audio-processing.git,False,ls-remote,2026-05-17T23:15:11Z
https://salsa.debian.org/python-team/packages/mercurial.git,True,ls-remote,2026-07-06T10:53:22Z
https://salsa.debian.org/qemu-team/qemu.git,True,ls-remote,2026-06-28T19:52:26Z
https://salsa.debian.org/qemu-team/spice-protocol.git,False,ls-remote,2026-05-17T23:15:11Z
https://salsa.debian.org/qt-kde-team/3rdparty/lensfun.git,True,ls-remote,2026-05-17T23:15:11Z
https://salsa.debian.org/qt-kde-team/extras/debconf-kde.git,True,ls-remote,2026-05-17T23:15:11Z
https://salsa.debian.org/qt-kde-team/extras/kdsoap.git,False,ls-remote,2026-05-17T23:15:11Z
https://salsa.debian.org/qt-kde-team/extras/libdbusmenu-qt.git,True,ls-remote,2026-05-17T23:15:11Z
https://salsa.debian.org/qt-kde-team/extras/phonon.git,True,ls-remote,2026-05-17T23:15:11Z
https://salsa.debian.org/qt-kde-team/kde/akregator.git,True,ls-remote,2026-05-17T23:15:11Z
https://salsa.debian.org/qt-kde-team/kde/ark.git,True,ls-remote,2026-05-17T23:15:11Z
https://salsa.debian.org/qt-kde-team/kde/gwenview.git,True,ls-remote,2026-05-17T23:15:11Z
https://salsa.debian.org/qt-kde-team/kde/juk.git,True,ls-remote,2026-05-17T23:15:11Z
https://salsa.debian.org/qt-kde-team/kde/k3b.git,False,ls-remote,2026-05-17T23:15:11Z
https://salsa.debian.org/qt-kde-team/kde/kamera.git,True,ls-remote,2026-05-17T23:15:11Z
https://salsa.debian.org/qt-kde-team/kde/kate.git,True,ls-remote,2026-05-17T23:15:11Z
https://salsa.debian.org/qt-kde-team/kde/kcalc.git,True,ls-remote,2026-05-17T23:15:11Z
https://salsa.debian.org/qt-kde-team/kde/kfind.git,True,ls-remote,2026-05-17T23:15:11Z
https://salsa.debian.org/qt-kde-team/kde/kmag.git,True,ls-remote,2026-05-17T23:15:11Z
https://salsa.debian.org/qt-kde-team/kde/kmail.git,False,ls-remote,2026-05-17T23:15:11Z
https://salsa.debian.org/qt-kde-team/kde/kmousetool.git,True,ls-remote,2026-05-17T23:15:11Z
https://salsa.debian.org/qt-kde-team/kde/kmouth.git,True,ls-remote,2026-05-17T23:15:11Z
https://salsa.debian.org/qt-kde-team/kde/konqueror.git,True,ls-remote,2026-05-17T23:15:11Z
https://salsa.debian.org/qt-kde-team/kde/konsole.git,True,ls-remote,2026-05-17T23:15:11Z
https://salsa.debian.org/qt-kde-team/kde/korganizer.git,False,ls-remote,2026-05-17T23:15:11Z
https://salsa.debian.org/qt-kde-team/kde/kpeoplevcard.git,True,ls-remote,2026-05-17T23:15:11Z
https://salsa.debian.org/qt-kde-team/kde/kwalletmanager.git,True,ls-remote,2026-05-17T23:15:11Z
https://salsa.debian.org/qt-kde-team/kde/layer-shell-qt.git,False,ls-remote,2026-05-17T23:15:11Z
https://salsa.debian.org/qt-kde-team/kde/okular.git,True,ls-remote,2026-05-17T23:15:11Z
https://salsa.debian.org/qt-kde-team/kde/partitionmanager.git,True,ls-remote,2026-05-17T23:15:11Z
https://salsa.debian.org/qt-kde-team/kde/sweeper.git,True,ls-remote,2026-05-17T23:15:11Z
https://salsa.debian.org/qt-kde-team/qt/qtchooser.git,True,ls-remote,2026-05-17T23:15:11Z
https://salsa.debian.org/rlb/deb-emacs.git,True,ls-remote,2026-05-17T23:15:11Z
https://salsa.debian.org/rrdtool-team/rrdtool.git,True,ls-remote,2026-05-17T23:15:11Z
https://salsa.debian.org/samba-team/cifs-utils.git,False,ls-remote,2026-05-17T23:15:11Z
https://salsa.debian.org/samba-team/talloc.git,True,ls-remote,2026-05-17T23:15:11Z
https://salsa.debian.org/samba-team/tdb.git,True,ls-remote,2026-05-17T23:15:11Z
https://salsa.debian.org/samba-team/tevent.git,True,ls-remote,2026-05-17T23:15:11Z
https://salsa.debian.org/sanvila/hello.git,False,ls-remote,2026-05-17T23:15:11Z
https://salsa.debian.org/science-team/ann.git,False,ls-remote,2026-05-17T23:15:11Z
https://salsa.debian.org/science-team/armadillo.git,True,ls-remote,2026-05-17T23:15:11Z
https://salsa.debian.org/science-team/ceres-solver.git,True,ls-remote,2026-05-17T23:15:11Z
https://salsa.debian.org/science-team/clp.git,True,ls-remote,2026-05-17T23:15:11Z
https://salsa.debian.org/science-team/coinmp.git,True,ls-remote,2026-05-17T23:15:11Z
https://salsa.debian.org/science-team/fftw.git,True,ls-remote,2026-06-28T19:52:26Z
https://salsa.debian.org/science-team/gl2ps.git,True,ls-remote,2026-05-17T23:15:11Z
https://salsa.debian.org/science-team/gnuplot.git,True,ls-remote,2026-05-17T23:15:11Z
https://salsa.debian.org/science-team/liblinear.git,True,ls-remote,2026-05-17T23:15:11Z
https://salsa.debian.org/science-team/libspnav.git,True,ls-remote,2026-05-17T23:15:11Z
https://salsa.debian.org/science-team/libsvm.git,True,ls-remote,2026-05-17T23:15:11Z
https://salsa.debian.org/science-team/metis.git,True,ls-remote,2026-05-17T23:15:11Z
https://salsa.debian.org/science-team/mpi-defaults.git,False,ls-remote,2026-05-17T23:15:11Z
https://salsa.debian.org/science-team/mpich.git,True,ls-remote,2026-05-17T23:15:11Z
https://salsa.debian.org/science-team/qhull.git,True,ls-remote,2026-05-17T23:15:11Z
https://salsa.debian.org/selinux-team/libsepol.git,True,ls-remote,2026-06-28T19:52:26Z
https://salsa.debian.org/ssh-team/putty.git,True,ls-remote,2026-07-06T10:53:22Z
https://salsa.debian.org/sudo-team/sudo.git,True,ls-remote,2026-05-17T23:15:11Z
https://salsa.debian.org/tcltk-team/blt.git,True,ls-remote,2026-05-17T23:15:11Z
https://salsa.debian.org/tcltk-team/tcltk-defaults.git,True,ls-remote,2026-05-17T23:15:11Z
https://salsa.debian.org/telepathy-team/libnice.git,True,ls-remote,2026-05-17T23:15:11Z
https://salsa.debian.org/telepathy-team/telepathy-glib.git,True,ls-remote,2026-05-17T23:15:11Z
https://salsa.debian.org/telepathy-team/telepathy-logger.git,True,ls-remote,2026-05-17T23:15:11Z
https://salsa.debian.org/toolchain-team/elfutils.git,True,ls-remote,2026-06-28T19:52:26Z
https://salsa.debian.org/toolchain-team/gcc-defaults.git,True,ls-remote,2026-05-17T23:15:11Z
https://salsa.debian.org/tts-team/speech-dispatcher.git,True,ls-remote,2026-05-17T23:15:11Z
https://salsa.debian.org/utopia-team/dbus.git,True,ls-remote,2026-04-27T20:50:59Z
https://salsa.debian.org/utopia-team/libatasmart.git,True,ls-remote,2026-05-17T23:15:11Z
https://salsa.debian.org/utopia-team/libdaemon.git,False,ls-remote,2026-05-17T23:15:11Z
https://salsa.debian.org/utopia-team/libnma.git,False,ls-remote,2026-05-17T23:15:11Z
https://salsa.debian.org/utopia-team/network-manager-applet.git,True,ls-remote,2026-05-17T23:15:11Z
https://salsa.debian.org/utopia-team/pipewire.git,True,ls-remote,2026-05-17T23:15:11Z
https://salsa.debian.org/utopia-team/upower.git,True,ls-remote,2026-05-17T23:15:11Z
https://salsa.debian.org/virtualsquare-team/s2argv-execs.git,True,ls-remote,2026-05-17T23:15:11Z
https://salsa.debian.org/virtualsquare-team/vdeplug4.git,False,ls-remote,2026-05-17T23:15:11Z
https://salsa.debian.org/webkit-team/libwpe.git,False,ls-remote,2026-05-17T23:15:11Z
https://salsa.debian.org/webkit-team/webkit.git,True,ls-remote,2026-05-17T23:15:11Z
https://salsa.debian.org/webkit-team/wpebackend-fdo.git,True,ls-remote,2026-05-17T23:15:11Z
https://salsa.debian.org/wine-team/vkd3d.git,True,ls-remote,2026-05-17T23:15:11Z
https://salsa.debian.org/wine-team/wine.git,False,ls-remote,2026-05-17T23:15:11Z
https://salsa.debian.org/xfce-extras-team/lightdm.git,True,ls-remote,2026-05-17T23:15:11Z
https://salsa.debian.org/xfce-team/apps/mousepad.git,True,ls-remote,2026-05-17T23:15:11Z
https://salsa.debian.org/xfce-team/apps/parole.git,True,ls-remote,2026-05-17T23:15:11Z
https://salsa.debian.org/xfce-team/apps/ristretto.git,False,ls-remote,2026-05-17T23:15:11Z
https://salsa.debian.org/xfce-team/apps/xfburn.git,True,ls-remote,2026-05-17T23:15:11Z
https://salsa.debian.org/xfce-team/apps/xfce4-taskmanager.git,True,ls-remote,2026-05-17T23:15:11Z
https://salsa.debian.org/xfce-team/desktop/exo.git,True,ls-remote,2026-05-17T23:15:11Z
https://salsa.debian.org/xfce-team/desktop/garcon.git,True,ls-remote,2026-05-17T23:15:11Z
https://salsa.debian.org/xfce-team/desktop/libxfce4ui.git,True,ls-remote,2026-05-17T23:15:11Z
https://salsa.debian.org/xfce-team/desktop/libxfce4util.git,False,ls-remote,2026-05-17T23:15:11Z
https://salsa.debian.org/xfce-team/desktop/libxfce4windowing.git,True,ls-remote,2026-05-17T23:15:11Z
https://salsa.debian.org/xfce-team/desktop/thunar.git,True,ls-remote,2026-05-17T23:15:11Z
https://salsa.debian.org/xfce-team/desktop/tumbler.git,True,ls-remote,2026-05-17T23:15:11Z
https://salsa.debian.org/xfce-team/desktop/xfce4-appfinder.git,True,ls-remote,2026-05-17T23:15:11Z
https://salsa.debian.org/xfce-team/desktop/xfce4-panel.git,True,ls-remote,2026-05-17T23:15:11Z
https://salsa.debian.org/xfce-team/desktop/xfce4-power-manager.git,True,ls-remote,2026-05-17T23:15:11Z
https://salsa.debian.org/xfce-team/desktop/xfce4-session.git,True,ls-remote,2026-05-17T23:15:11Z
https://salsa.debian.org/xfce-team/desktop/xfce4-terminal.git,True,ls-remote,2026-05-17T23:15:11Z
https://salsa.debian.org/xfce-team/desktop/xfconf.git,True,ls-remote,2026-05-17T23:15:11Z
https://salsa.debian.org/xfce-team/desktop/xfwm4.git,True,ls-remote,2026-05-17T23:15:11Z
https://salsa.debian.org/xfce-team/goodies/thunar-archive-plugin.git,True,ls-remote,2026-05-17T23:15:11Z
https://salsa.debian.org/xfce-team/goodies/thunar-media-tags-plugin.git,True,ls-remote,2026-05-17T23:15:11Z
https://salsa.debian.org/xfce-team/goodies/thunar-volman.git,True,ls-remote,2026-05-17T23:15:11Z
https://salsa.debian.org/xfce-team/goodies/xfce4-battery-plugin.git,True,ls-remote,2026-05-17T23:15:11Z
https://salsa.debian.org/xfce-team/goodies/xfce4-clipman-plugin.git,True,ls-remote,2026-05-17T23:15:11Z
https://salsa.debian.org/xfce-team/goodies/xfce4-cpufreq-plugin.git,True,ls-remote,2026-05-17T23:15:11Z
https://salsa.debian.org/xfce-team/goodies/xfce4-cpugraph-plugin.git,True,ls-remote,2026-05-17T23:15:11Z
https://salsa.debian.org/xfce-team/goodies/xfce4-datetime-plugin.git,True,ls-remote,2026-05-17T23:15:11Z
https://salsa.debian.org/xfce-team/goodies/xfce4-diskperf-plugin.git,True,ls-remote,2026-05-17T23:15:11Z
https://salsa.debian.org/xfce-team/goodies/xfce4-fsguard-plugin.git,True,ls-remote,2026-05-17T23:15:11Z
https://salsa.debian.org/xfce-team/goodies/xfce4-genmon-plugin.git,True,ls-remote,2026-05-17T23:15:11Z
https://salsa.debian.org/xfce-team/goodies/xfce4-mailwatch-plugin.git,True,ls-remote,2026-05-17T23:15:11Z
https://salsa.debian.org/xfce-team/goodies/xfce4-netload-plugin.git,True,ls-remote,2026-05-17T23:15:11Z
https://salsa.debian.org/xfce-team/goodies/xfce4-notes-plugin.git,True,ls-remote,2026-05-17T23:15:11Z
https://salsa.debian.org/xfce-team/goodies/xfce4-notifyd.git,True,ls-remote,2026-05-17T23:15:11Z
https://salsa.debian.org/xfce-team/goodies/xfce4-places-plugin.git,True,ls-remote,2026-05-17T23:15:11Z
https://salsa.debian.org/xfce-team/goodies/xfce4-screenshooter.git,True,ls-remote,2026-05-17T23:15:11Z
https://salsa.debian.org/xfce-team/goodies/xfce4-sensors-plugin.git,True,ls-remote,2026-05-17T23:15:11Z
https://salsa.debian.org/xfce-team/goodies/xfce4-smartbookmark-plugin.git,True,ls-remote,2026-05-17T23:15:11Z
https://salsa.debian.org/xfce-team/goodies/xfce4-systemload-plugin.git,True,ls-remote,2026-05-17T23:15:11Z
https://salsa.debian.org/xfce-team/goodies/xfce4-timer-plugin.git,True,ls-remote,2026-05-17T23:15:11Z
https://salsa.debian.org/xfce-team/goodies/xfce4-weather-plugin.git,True,ls-remote,2026-05-17T23:15:11Z
https://salsa.debian.org/xfce-team/goodies/xfce4-xkb-plugin.git,True,ls-remote,2026-05-17T23:15:11Z
https://salsa.debian.org/xmpp-team/gsasl.git,True,ls-remote,2026-05-17T23:15:11Z
https://salsa.debian.org/xorg-team/app/x11-session-utils.git,True,ls-remote,2026-05-17T23:15:11Z
https://salsa.debian.org/xorg-team/app/x11-xkb-utils.git,True,ls-remote,2026-05-17T23:15:11Z
https://salsa.debian.org/xorg-team/app/x11-xserver-utils.git,True,ls-remote,2026-05-17T23:15:11Z
https://salsa.debian.org/xorg-team/app/xterm.git,True,ls-remote,2026-05-17T23:15:11Z
https://salsa.debian.org/xorg-team/data/xkeyboard-config.git,True,ls-remote,2026-05-17T23:15:11Z
https://salsa.debian.org/xorg-team/lib/libfontenc.git,True,ls-remote,2026-05-17T23:15:11Z
https://salsa.debian.org/xorg-team/lib/libice.git,True,ls-remote,2026-06-28T19:52:26Z
https://salsa.debian.org/xorg-team/lib/libinput.git,True,ls-remote,2026-05-17T23:15:11Z
https://salsa.debian.org/xorg-team/lib/libpciaccess.git,True,ls-remote,2026-06-28T19:52:26Z
https://salsa.debian.org/xorg-team/lib/libsm.git,True,ls-remote,2026-06-28T19:52:26Z
https://salsa.debian.org/xorg-team/lib/libx11.git,True,ls-remote,2026-04-27T20:50:59Z
https://salsa.debian.org/xorg-team/lib/libxau.git,True,ls-remote,2026-04-27T20:50:59Z
https://salsa.debian.org/xorg-team/lib/libxcomposite.git,True,ls-remote,2026-05-17T23:15:11Z
https://salsa.debian.org/xorg-team/lib/libxcvt.git,True,ls-remote,2026-05-17T23:15:11Z
https://salsa.debian.org/xorg-team/lib/libxdamage.git,False,ls-remote,2026-05-17T23:15:11Z
https://salsa.debian.org/xorg-team/lib/libxdmcp.git,True,ls-remote,2026-04-27T20:50:59Z
https://salsa.debian.org/xorg-team/lib/libxext.git,True,ls-remote,2026-04-27T20:50:59Z
https://salsa.debian.org/xorg-team/lib/libxfixes.git,True,ls-remote,2026-06-28T19:52:26Z
https://salsa.debian.org/xorg-team/lib/libxi.git,True,ls-remote,2026-06-28T19:52:26Z
https://salsa.debian.org/xorg-team/lib/libxkbfile.git,True,ls-remote,2026-05-17T23:15:11Z
https://salsa.debian.org/xorg-team/lib/libxmu.git,True,ls-remote,2026-06-28T19:52:26Z
https://salsa.debian.org/xorg-team/lib/libxrandr.git,True,ls-remote,2026-06-28T19:52:26Z
https://salsa.debian.org/xorg-team/lib/libxrender.git,True,ls-remote,2026-04-27T20:50:59Z
https://salsa.debian.org/xorg-team/lib/libxres.git,True,ls-remote,2026-05-17T23:15:11Z
https://salsa.debian.org/xorg-team/lib/libxss.git,True,ls-remote,2026-05-17T23:15:11Z
https://salsa.debian.org/xorg-team/lib/libxt.git,True,ls-remote,2026-06-28T19:52:26Z
https://salsa.debian.org/xorg-team/lib/libxtst.git,True,ls-remote,2026-06-28T19:52:26Z
https://salsa.debian.org/xorg-team/lib/libxvmc.git,False,ls-remote,2026-05-17T23:15:11Z
https://salsa.debian.org/xorg-team/lib/libxxf86dga.git,True,ls-remote,2026-05-17T23:15:11Z
https://salsa.debian.org/xorg-team/lib/mesa.git,True,ls-remote,2026-06-28T19:52:26Z
https://salsa.debian.org/xorg-team/lib/xcb-util-image.git,True,ls-remote,2026-05-17T23:15:11Z
https://salsa.debian.org/xorg-team/lib/xcb-util-keysyms.git,True,ls-remote,2026-05-17T23:15:11Z
https://salsa.debian.org/xorg-team/lib/xcb-util-renderutil.git,True,ls-remote,2026-05-17T23:15:11Z
https://salsa.debian.org/xorg-team/lib/xcb-util-wm.git,True,ls-remote,2026-05-17T23:15:11Z
https://salsa.debian.org/xorg-team/lib/xcb-util.git,False,ls-remote,2026-05-17T23:15:11Z
https://salsa.debian.org/yangfl-guest/libwmf.git,True,ls-remote,2026-05-17T23:15:11Z
https://sourceware.org/git/binutils-gdb.git,True,ls-remote,2026-07-06T10:53:22Z
