repo,repo_id,package,has_npm_funding,npm_funding_url,fetched_at,status
7rulnik/source-map-js,gh/330043541,source-map-js,False,,2026-06-29T23:54:29+00:00,ok
acornjs/acorn,gh/5932749,acorn,False,,2026-06-29T23:54:29+00:00,ok
acornjs/acorn-jsx,gh/22187098,acorn-jsx,False,,2026-06-29T23:54:29+00:00,ok
adobe/react-spectrum,gh/208362715,@react-types/shared,False,,2026-06-29T23:54:29+00:00,ok
ai/nanoid,gh/99401299,nanoid,True,https://github.com/sponsors/ai,2026-06-29T23:54:29+00:00,ok
ajv-validator/ajv,gh/35914020,ajv,True,https://github.com/sponsors/epoberezkin,2026-06-29T23:54:29+00:00,ok
ajv-validator/ajv-formats,gh/281084700,ajv-formats,False,,2026-06-29T23:54:29+00:00,ok
ajv-validator/ajv-keywords,gh/60477053,ajv-keywords,False,,2026-06-29T23:54:29+00:00,ok
alexei/sprintf.js,gh/9175790,sprintf-js,False,,2026-06-29T23:54:29+00:00,ok
alexeyraspopov/picocolors,gh/410740124,picocolors,False,,2026-06-29T23:54:29+00:00,ok
alexindigo/asynckit,gh/59087459,asynckit,False,,2026-06-29T23:54:29+00:00,ok
andrewrk/node-pend,gh/11836813,pend,False,,2026-06-29T23:54:29+00:00,ok
andyperlitch/jsbn,gh/9710533,jsbn,False,,2026-06-29T23:54:29+00:00,ok
angular/angular-cli,gh/36891867,@angular-devkit/core,False,,2026-06-29T23:54:29+00:00,error
antonk52/lilconfig,gh/238967485,lilconfig,True,https://github.com/sponsors/antonk52,2026-06-29T23:54:29+00:00,ok
ardatan/graphql-tools,gh/54432168,@graphql-tools/utils,False,,2026-06-29T23:54:29+00:00,ok
ardatan/whatwg-node,gh/429511342,@whatwg-node/promise-helpers,False,,2026-06-29T23:54:29+00:00,ok
auth0/node-jwa,gh/8116861,jwa,False,,2026-06-29T23:54:29+00:00,ok
aws/aws-sdk-js-crypto-helpers,gh/149673986,@aws-crypto/util,False,,2026-06-29T23:54:29+00:00,ok
aws/aws-sdk-js-v3,gh/87228090,@aws-sdk/types,False,,2026-06-29T23:54:29+00:00,ok
axios/axios,gh/23088740,axios,False,,2026-06-29T23:54:29+00:00,ok
azure/azure-sdk-for-js,gh/108311273,@azure/abort-controller,False,,2026-06-29T23:54:29+00:00,ok
babel/babel,gh/24560307,@babel/helper-plugin-utils,False,,2026-06-29T23:54:29+00:00,ok
babel/babel-polyfills,gh/190579283,@babel/helper-define-polyfill-provider,False,,2026-06-29T23:54:29+00:00,ok
babel/minify,gh/55723051,babel-helper-evaluate-path,False,,2026-06-29T23:54:29+00:00,error
beatgammit/base64-js,gh/2853282,base64-js,True,https://github.com/sponsors/feross,2026-06-29T23:54:29+00:00,ok
blakeembrey/array-flatten,gh/17789771,array-flatten,False,,2026-06-29T23:54:29+00:00,ok
blakeembrey/change-case,gh/9440238,no-case,False,,2026-06-29T23:54:29+00:00,ok
brianc/node-postgres,gh/991475,pg-protocol,False,,2026-06-29T23:54:29+00:00,ok
broofa/mime,gh/534940,mime,True,https://github.com/sponsors/broofa,2026-06-29T23:54:29+00:00,ok
browserify/events,gh/1649251,events,False,,2026-06-29T23:54:29+00:00,ok
browserify/node-util,gh/14568009,util,False,,2026-06-29T23:54:29+00:00,ok
browserify/randombytes,gh/29300004,randombytes,False,,2026-06-29T23:54:29+00:00,ok
browserify/resolve,gh/1915099,resolve,True,https://github.com/sponsors/ljharb,2026-06-29T23:54:29+00:00,ok
browserslist/browserslist,gh/27971466,browserslist,True,https://opencollective.com/browserslist,2026-06-29T23:54:29+00:00,ok
browserslist/caniuse-lite,gh/80221890,caniuse-lite,True,https://opencollective.com/browserslist,2026-06-29T23:54:29+00:00,ok
browserslist/update-db,gh/505548145,update-browserslist-db,True,https://opencollective.com/browserslist,2026-06-29T23:54:29+00:00,ok
calvinmetcalf/minimalistic-assert,gh/29144257,minimalistic-assert,False,,2026-06-29T23:54:29+00:00,ok
calvinmetcalf/process-nextick-args,gh/36039131,process-nextick-args,False,,2026-06-29T23:54:29+00:00,ok
caolan/async,gh/698041,async,False,,2026-06-29T23:54:29+00:00,ok
chaijs/type-detect,gh/12107007,type-detect,False,,2026-06-29T23:54:29+00:00,ok
chalk/ansi-regex,gh/20451415,ansi-regex,True,https://github.com/chalk/ansi-regex?sponsor=1,2026-06-29T23:54:29+00:00,ok
chalk/ansi-styles,gh/11803168,ansi-styles,True,https://github.com/chalk/ansi-styles?sponsor=1,2026-06-29T23:54:29+00:00,ok
chalk/chalk,gh/11855195,chalk,True,https://github.com/chalk/chalk?sponsor=1,2026-06-29T23:54:29+00:00,ok
chalk/slice-ansi,gh/43191689,slice-ansi,True,https://github.com/chalk/slice-ansi?sponsor=1,2026-06-29T23:54:29+00:00,ok
chalk/strip-ansi,gh/15014856,strip-ansi,True,https://github.com/chalk/strip-ansi?sponsor=1,2026-06-29T23:54:29+00:00,ok
chalk/supports-color,gh/11855007,supports-color,True,https://github.com/chalk/supports-color?sponsor=1,2026-06-29T23:54:29+00:00,ok
chalk/wrap-ansi,gh/41053676,wrap-ansi,True,https://github.com/chalk/wrap-ansi?sponsor=1,2026-06-29T23:54:29+00:00,ok
chalker/safer-buffer,gh/125825141,safer-buffer,False,,2026-06-29T23:54:29+00:00,ok
cheeriojs/dom-serializer,gh/18991884,dom-serializer,True,https://github.com/cheeriojs/dom-serializer?sponsor=1,2026-06-29T23:54:29+00:00,ok
chicoxyzzy/node-releases,gh/73765596,node-releases,False,,2026-06-29T23:54:29+00:00,ok
colinhacks/zod,gh/245704608,zod,False,,2026-06-29T23:54:29+00:00,error
colorjs/color-name,gh/27038309,color-name,False,,2026-06-29T23:54:29+00:00,ok
component/escape-html,gh/5444800,escape-html,False,,2026-06-29T23:54:29+00:00,ok
component/toidentifier,gh/114743189,toidentifier,False,,2026-06-29T23:54:29+00:00,ok
conventional-changelog/commitlint,gh/51575745,@commitlint/types,False,,2026-06-29T23:54:29+00:00,ok
conventional-changelog/conventional-changelog,gh/15639771,conventional-commits-parser,False,,2026-06-29T23:54:29+00:00,ok
cosmiconfig/cosmiconfig,gh/45750507,cosmiconfig,True,https://github.com/sponsors/d-fischer,2026-06-29T23:54:29+00:00,ok
css-modules/icss-utils,gh/42766912,icss-utils,False,,2026-06-29T23:54:29+00:00,ok
cssnano/cssnano,gh/33943153,cssnano-utils,False,,2026-06-29T23:54:29+00:00,ok
csstools/postcss-plugins,gh/219192307,@csstools/utilities,True,https://github.com/sponsors/csstools,2026-06-29T23:54:29+00:00,ok
csstree/csstree,gh/67236461,css-tree,False,,2026-06-29T23:54:29+00:00,ok
daaku/nodejs-makeerror,gh/2097803,makeerror,False,,2026-06-29T23:54:29+00:00,ok
daaku/nodejs-tmpl,gh/2171213,tmpl,False,,2026-06-29T23:54:29+00:00,ok
davisjam/safe-regex,gh/90781457,safe-regex,False,,2026-06-29T23:54:29+00:00,ok
dchest/tweetnacl-js,gh/15649752,tweetnacl,False,,2026-06-29T23:54:29+00:00,ok
dcodeio/long.js,gh/8678904,@xtuc/long,False,,2026-06-29T23:54:29+00:00,ok
debug-js/debug,gh/2871998,debug,False,,2026-06-29T23:54:29+00:00,ok
definitelytyped/definitelytyped,gh/6093316,@types/node,False,,2026-06-29T23:54:29+00:00,ok
defunctzombie/node-process,gh/7580644,process,False,,2026-06-29T23:54:29+00:00,ok
dmitrysoshnikov/regexp-tree,gh/85459304,regexp-tree,False,,2026-06-29T23:54:29+00:00,ok
doowb/ansi-colors,gh/47135420,ansi-colors,False,,2026-06-29T23:54:29+00:00,ok
dougwilson/nodejs-depd,gh/20848667,depd,False,,2026-06-29T23:54:29+00:00,ok
eemeli/yaml,gh/119439276,yaml,True,https://github.com/sponsors/eemeli,2026-06-29T23:54:29+00:00,ok
ehmicky/human-signals,gh/214467546,human-signals,False,,2026-06-29T23:54:29+00:00,ok
emotion-js/emotion,gh/92570536,@emotion/memoize,False,,2026-06-29T23:54:29+00:00,ok
epoberezkin/fast-deep-equal,gh/94483360,fast-deep-equal,False,,2026-06-29T23:54:29+00:00,ok
epoberezkin/fast-json-stable-stringify,gh/108103016,fast-json-stable-stringify,False,,2026-06-29T23:54:29+00:00,ok
epoberezkin/json-schema-traverse,gh/93333933,json-schema-traverse,False,,2026-06-29T23:54:29+00:00,ok
es-shims/array-includes,gh/28753032,array-includes,False,,2026-06-29T23:54:29+00:00,error
es-shims/dunder-proto,gh/898274312,dunder-proto,False,,2026-06-29T23:54:29+00:00,ok
es-shims/es-object-atoms,gh/773229339,es-object-atoms,False,,2026-06-29T23:54:29+00:00,ok
es-shims/es-set-tostringtag,gh/580683868,es-set-tostringtag,False,,2026-06-29T23:54:29+00:00,ok
es-shims/math-intrinsics,gh/902014040,math-intrinsics,False,,2026-06-29T23:54:29+00:00,ok
es-shims/object.values,gh/41723335,object.values,False,,2026-06-29T23:54:29+00:00,error
es-shims/regexp.prototype.flags,gh/26932422,regexp.prototype.flags,True,https://github.com/sponsors/ljharb,2026-06-29T23:54:29+00:00,ok
es-shims/string.prototype.trimend,gh/114682758,string.prototype.trimend,True,https://github.com/sponsors/ljharb,2026-06-29T23:54:29+00:00,ok
es-shims/string.prototype.trimstart,gh/114682105,string.prototype.trimstart,True,https://github.com/sponsors/ljharb,2026-06-29T23:54:29+00:00,ok
eslint-community/eslint-utils,gh/568240379,@eslint-community/eslint-utils,True,https://opencollective.com/eslint,2026-06-29T23:54:29+00:00,ok
eslint/eslint,gh/11061773,eslint,True,https://eslint.org/donate,2026-06-29T23:54:29+00:00,ok
eslint/js,gh/27620277,eslint-visitor-keys,True,https://opencollective.com/eslint,2026-06-29T23:54:29+00:00,ok
eslint/rewrite,gh/791446923,@eslint/core,False,,2026-06-29T23:54:29+00:00,ok
estools/escodegen,gh/3611422,escodegen,False,,2026-06-29T23:54:29+00:00,ok
estools/esquery,gh/11412938,esquery,False,,2026-06-29T23:54:29+00:00,ok
estools/esrecurse,gh/27429822,esrecurse,False,,2026-06-29T23:54:29+00:00,ok
estools/estraverse,gh/6145439,estraverse,False,,2026-06-29T23:54:29+00:00,ok
estools/esutils,gh/14677293,esutils,False,,2026-06-29T23:54:29+00:00,ok
ethers-io/ethers.js,gh/63465664,@ethersproject/logger,True,https://gitcoin.co/grants/13/ethersjs-complete-simple-and-tiny-2,2026-06-29T23:54:29+00:00,ok
evanw/esbuild,gh/61137153,esbuild,False,,2026-06-29T23:54:29+00:00,ok
evanw/node-source-map-support,gh/7682781,source-map-support,False,,2026-06-29T23:54:29+00:00,ok
eventualbuddha/lines-and-columns,gh/47284288,lines-and-columns,False,,2026-06-29T23:54:29+00:00,ok
exodusoss/bytes,gh/885154008,@exodus/bytes,False,,2026-06-29T23:54:29+00:00,ok
expressjs/body-parser,gh/15669006,body-parser,True,https://opencollective.com/express,2026-06-29T23:54:29+00:00,ok
expressjs/serve-static,gh/17464338,serve-static,True,https://opencollective.com/express,2026-06-29T23:54:29+00:00,ok
facebook/create-react-app,gh/63537249,confusing-browser-globals,False,,2026-06-29T23:54:29+00:00,ok
facebook/metro,gh/76504246,metro-source-map,False,,2026-06-29T23:54:29+00:00,ok
facebook/react,gh/10270250,react-is,False,,2026-06-29T23:54:29+00:00,ok
facebook/watchman,gh/6930489,bser,False,,2026-06-29T23:54:29+00:00,ok
fastify/fast-uri,gh/419317518,fast-uri,True,https://github.com/sponsors/fastify,2026-06-29T23:54:29+00:00,ok
faye/websocket-driver-node,gh/9733816,websocket-driver,False,,2026-06-29T23:54:29+00:00,ok
fb55/boolbase,gh/16864585,boolbase,True,https://github.com/sponsors/fb55,2026-06-29T23:54:29+00:00,ok
fb55/css-select,gh/3411063,css-select,True,https://github.com/sponsors/fb55,2026-06-29T23:54:29+00:00,ok
fb55/css-what,gh/4460687,css-what,True,https://github.com/sponsors/fb55,2026-06-29T23:54:29+00:00,ok
fb55/domelementtype,gh/6627835,domelementtype,True,https://github.com/sponsors/fb55,2026-06-29T23:54:29+00:00,ok
fb55/domhandler,gh/5414232,domhandler,True,https://github.com/fb55/domhandler?sponsor=1,2026-06-29T23:54:29+00:00,ok
fb55/domutils,gh/6627949,domutils,True,https://github.com/fb55/domutils?sponsor=1,2026-06-29T23:54:29+00:00,ok
fb55/entities,gh/3172629,entities,True,https://github.com/fb55/entities?sponsor=1,2026-06-29T23:54:29+00:00,ok
fb55/htmlparser2,gh/2279062,htmlparser2,True,https://github.com/fb55/htmlparser2?sponsor=1,2026-06-29T23:54:29+00:00,ok
fb55/nth-check,gh/16864923,nth-check,True,https://github.com/fb55/nth-check?sponsor=1,2026-06-29T23:54:29+00:00,ok
felixge/node-combined-stream,gh/1787452,combined-stream,False,,2026-06-29T23:54:29+00:00,ok
felixge/node-delayed-stream,gh/1783893,delayed-stream,False,,2026-06-29T23:54:29+00:00,ok
feross/buffer,gh/14494363,buffer,True,https://github.com/sponsors/feross,2026-06-29T23:54:29+00:00,ok
feross/ieee754,gh/15489525,ieee754,True,https://github.com/sponsors/feross,2026-06-29T23:54:29+00:00,ok
feross/is-buffer,gh/25997846,is-buffer,True,https://github.com/sponsors/feross,2026-06-29T23:54:29+00:00,ok
feross/queue-microtask,gh/207021895,queue-microtask,True,https://github.com/sponsors/feross,2026-06-29T23:54:29+00:00,ok
feross/run-parallel,gh/18700638,run-parallel,True,https://github.com/sponsors/feross,2026-06-29T23:54:29+00:00,ok
feross/safe-buffer,gh/49538897,safe-buffer,True,https://github.com/sponsors/feross,2026-06-29T23:54:29+00:00,ok
firebase/firebase-js-sdk,gh/89290483,@firebase/util,False,,2026-06-29T23:54:29+00:00,ok
floating-ui/floating-ui,gh/54994103,@floating-ui/utils,False,,2026-06-29T23:54:29+00:00,ok
follow-redirects/follow-redirects,gh/6697086,follow-redirects,True,https://github.com/sponsors/RubenVerborgh,2026-06-29T23:54:29+00:00,ok
form-data/form-data,gh/1755793,form-data,False,,2026-06-29T23:54:29+00:00,ok
formatjs/formatjs,gh/19117456,@formatjs/fast-memoize,False,,2026-06-29T23:54:29+00:00,ok
frenic/csstype,gh/104001328,csstype,False,,2026-06-29T23:54:29+00:00,ok
fsevents/fsevents,gh/1402936,fsevents,False,,2026-06-29T23:54:29+00:00,ok
garycourt/uri-js,gh/989080,uri-js,False,,2026-06-29T23:54:29+00:00,ok
getsentry/sentry-javascript,gh/3328572,@sentry/core,False,,2026-06-29T23:54:29+00:00,ok
gkz/levn,gh/13287279,levn,False,,2026-06-29T23:54:29+00:00,ok
gkz/optionator,gh/13435927,optionator,False,,2026-06-29T23:54:29+00:00,ok
gkz/prelude-ls,gh/4457759,prelude-ls,False,,2026-06-29T23:54:29+00:00,ok
gkz/type-check,gh/13182168,type-check,False,,2026-06-29T23:54:29+00:00,ok
googlechrome/workbox,gh/55424670,workbox-core,False,,2026-06-29T23:54:29+00:00,ok
gregberge/svgr,gh/102155012,@svgr/babel-preset,True,https://github.com/sponsors/gregberge,2026-06-29T23:54:29+00:00,ok
grncdr/merge-stream,gh/10579821,merge-stream,False,,2026-06-29T23:54:29+00:00,ok
gulpjs/glob-parent,gh/29154915,glob-parent,False,,2026-06-29T23:54:29+00:00,ok
hapijs/hoek,gh/5831189,@hapi/hoek,False,,2026-06-29T23:54:29+00:00,ok
hiddentao/fast-levenshtein,gh/9490451,fast-levenshtein,False,,2026-06-29T23:54:29+00:00,ok
iarna/aproba,gh/31432421,aproba,False,,2026-06-29T23:54:29+00:00,ok
import-js/eslint-plugin-import,gh/32238354,eslint-plugin-import,False,,2026-06-29T23:54:29+00:00,ok
indutny/bn.js,gh/19176350,bn.js,False,,2026-06-29T23:54:29+00:00,ok
inikulin/parse5,gh/8862593,parse5,True,https://github.com/inikulin/parse5?sponsor=1,2026-06-29T23:54:29+00:00,ok
inspect-js/array-buffer-byte-length,gh/607836784,array-buffer-byte-length,False,,2026-06-29T23:54:29+00:00,error
inspect-js/available-typed-arrays,gh/235965505,available-typed-arrays,True,https://github.com/sponsors/ljharb,2026-06-29T23:54:29+00:00,ok
inspect-js/functions-have-names,gh/198357138,functions-have-names,False,,2026-06-29T23:54:29+00:00,error
inspect-js/has-bigints,gh/201714166,has-bigints,True,https://github.com/sponsors/ljharb,2026-06-29T23:54:29+00:00,ok
inspect-js/has-property-descriptors,gh/481834578,has-property-descriptors,True,https://github.com/sponsors/ljharb,2026-06-29T23:54:29+00:00,ok
inspect-js/has-proto,gh/577580747,has-proto,True,https://github.com/sponsors/ljharb,2026-06-29T23:54:29+00:00,ok
inspect-js/has-symbols,gh/68573418,has-symbols,True,https://github.com/sponsors/ljharb,2026-06-29T23:54:29+00:00,ok
inspect-js/has-tostringtag,gh/392913710,has-tostringtag,True,https://github.com/sponsors/ljharb,2026-06-29T23:54:29+00:00,ok
inspect-js/hasown,gh/703350811,hasown,False,,2026-06-29T23:54:29+00:00,ok
inspect-js/is-accessor-descriptor,gh/41658954,is-accessor-descriptor,False,,2026-06-29T23:54:29+00:00,ok
inspect-js/is-arguments,gh/15725461,is-arguments,False,,2026-06-29T23:54:29+00:00,error
inspect-js/is-array-buffer,gh/45977026,is-array-buffer,True,https://github.com/sponsors/ljharb,2026-06-29T23:54:29+00:00,ok
inspect-js/is-bigint,gh/149682261,is-bigint,True,https://github.com/sponsors/ljharb,2026-06-29T23:54:29+00:00,ok
inspect-js/is-boolean-object,gh/34700259,is-boolean-object,True,https://github.com/sponsors/ljharb,2026-06-29T23:54:29+00:00,ok
inspect-js/is-callable,gh/30012910,is-callable,True,https://github.com/sponsors/ljharb,2026-06-29T23:54:29+00:00,ok
inspect-js/is-core-module,gh/24578130,is-core-module,True,https://github.com/sponsors/ljharb,2026-06-29T23:54:29+00:00,ok
inspect-js/is-data-descriptor,gh/41659073,is-data-descriptor,False,,2026-06-29T23:54:29+00:00,ok
inspect-js/is-data-view,gh/751048078,is-data-view,True,https://github.com/sponsors/ljharb,2026-06-29T23:54:29+00:00,ok
inspect-js/is-date-object,gh/29991041,is-date-object,True,https://github.com/sponsors/ljharb,2026-06-29T23:54:29+00:00,ok
inspect-js/is-descriptor,gh/41658845,is-descriptor,False,,2026-06-29T23:54:29+00:00,ok
inspect-js/is-number-object,gh/29991666,is-number-object,True,https://github.com/sponsors/ljharb,2026-06-29T23:54:29+00:00,ok
inspect-js/is-regex,gh/15930063,is-regex,True,https://github.com/sponsors/ljharb,2026-06-29T23:54:29+00:00,ok
inspect-js/is-string,gh/30010185,is-string,True,https://github.com/sponsors/ljharb,2026-06-29T23:54:29+00:00,ok
inspect-js/is-symbol,gh/29791606,is-symbol,True,https://github.com/sponsors/ljharb,2026-06-29T23:54:29+00:00,ok
inspect-js/is-typed-array,gh/43528820,is-typed-array,True,https://github.com/sponsors/ljharb,2026-06-29T23:54:29+00:00,ok
inspect-js/node-supports-preserve-symlinks-flag,gh/443970899,supports-preserve-symlinks-flag,True,https://github.com/sponsors/ljharb,2026-06-29T23:54:29+00:00,ok
inspect-js/object-inspect,gh/11683441,object-inspect,True,https://github.com/sponsors/ljharb,2026-06-29T23:54:29+00:00,ok
inspect-js/typed-array-buffer,gh/649850465,typed-array-buffer,False,,2026-06-29T23:54:29+00:00,ok
inspect-js/which-boxed-primitive,gh/201685155,which-boxed-primitive,True,https://github.com/sponsors/ljharb,2026-06-29T23:54:29+00:00,ok
inspect-js/which-typed-array,gh/43708371,which-typed-array,True,https://github.com/sponsors/ljharb,2026-06-29T23:54:29+00:00,ok
isaacs/chownr,gh/3858354,chownr,False,,2026-06-29T23:54:29+00:00,ok
isaacs/cliui,gh/634056857,@isaacs/cliui,False,,2026-06-29T23:54:29+00:00,ok
isaacs/core-util-is,gh/12391440,core-util-is,False,,2026-06-29T23:54:29+00:00,ok
isaacs/fs-minipass,gh/102982143,fs-minipass,False,,2026-06-29T23:54:29+00:00,ok
isaacs/fs.realpath,gh/61231712,fs.realpath,False,,2026-06-29T23:54:29+00:00,ok
isaacs/inherits,gh/1580001,inherits,False,,2026-06-29T23:54:29+00:00,ok
isaacs/isexe,gh/49804297,isexe,False,,2026-06-29T23:54:29+00:00,ok
isaacs/minimatch,gh/2056549,minimatch,True,https://github.com/sponsors/isaacs,2026-06-29T23:54:29+00:00,ok
isaacs/minipass,gh/84886212,minipass,False,,2026-06-29T23:54:29+00:00,ok
isaacs/minizlib,gh/86429676,minizlib,False,,2026-06-29T23:54:29+00:00,ok
isaacs/node-glob,gh/357681,glob,True,https://github.com/sponsors/isaacs,2026-06-29T23:54:29+00:00,ok
isaacs/node-graceful-fs,gh/2077020,graceful-fs,False,,2026-06-29T23:54:29+00:00,ok
isaacs/node-lru-cache,gh/679662,lru-cache,False,,2026-06-29T23:54:29+00:00,ok
isaacs/node-mkdirp,gh/2718248,mkdirp,True,https://github.com/sponsors/isaacs,2026-06-29T23:54:29+00:00,ok
isaacs/node-tar,gh/1534331,tar,False,,2026-06-29T23:54:29+00:00,ok
isaacs/once,gh/5409660,once,False,,2026-06-29T23:54:29+00:00,ok
isaacs/package-json-from-dist,gh/800543709,package-json-from-dist,False,,2026-06-29T23:54:29+00:00,ok
isaacs/path-scurry,gh/591569499,path-scurry,True,https://github.com/sponsors/isaacs,2026-06-29T23:54:29+00:00,ok
isaacs/rimraf,gh/1341324,rimraf,True,https://github.com/sponsors/isaacs,2026-06-29T23:54:29+00:00,ok
isaacs/sax-js,gh/508894,sax,False,,2026-06-29T23:54:29+00:00,ok
isaacs/wrappy,gh/24208073,wrappy,False,,2026-06-29T23:54:29+00:00,ok
isaacs/yallist,gh/48222381,yallist,False,,2026-06-29T23:54:29+00:00,ok
istanbuljs/istanbuljs,gh/81482340,istanbul-lib-coverage,False,,2026-06-29T23:54:29+00:00,ok
istanbuljs/schema,gh/211950686,@istanbuljs/schema,False,,2026-06-29T23:54:29+00:00,ok
istanbuljs/test-exclude,gh/60489570,test-exclude,False,,2026-06-29T23:54:29+00:00,error
jaredhanson/utils-merge,gh/11349896,utils-merge,False,,2026-06-29T23:54:29+00:00,error
jaredwray/cacheable,gh/9267870,flat-cache,False,,2026-06-29T23:54:29+00:00,ok
jaredwray/keyv,gh/96540810,keyv,False,,2026-06-29T23:54:29+00:00,ok
jbgutierrez/path-parse,gh/34113780,path-parse,False,,2026-06-29T23:54:29+00:00,ok
jensyt/imurmurhash-js,gh/11802843,imurmurhash,False,,2026-06-29T23:54:29+00:00,ok
jestjs/jest,gh/15062869,@jest/types,False,,2026-06-29T23:54:29+00:00,ok
jimp-dev/jimp,gh/24008065,@jimp/types,False,,2026-06-29T23:54:29+00:00,ok
jonathanong/ee-first,gh/20707897,ee-first,False,,2026-06-29T23:54:29+00:00,ok
jonschlinkert/assign-symbols,gh/45661176,assign-symbols,False,,2026-06-29T23:54:29+00:00,ok
jonschlinkert/define-property,gh/40633359,define-property,False,,2026-06-29T23:54:29+00:00,ok
jonschlinkert/extend-shallow,gh/25867410,extend-shallow,False,,2026-06-29T23:54:29+00:00,ok
jonschlinkert/fill-range,gh/27113310,fill-range,False,,2026-06-29T23:54:29+00:00,ok
jonschlinkert/get-value,gh/24911025,get-value,False,,2026-06-29T23:54:29+00:00,ok
jonschlinkert/global-prefix,gh/31455984,global-prefix,False,,2026-06-29T23:54:29+00:00,ok
jonschlinkert/has-value,gh/24310408,has-value,False,,2026-06-29T23:54:29+00:00,ok
jonschlinkert/has-values,gh/33009186,has-values,False,,2026-06-29T23:54:29+00:00,ok
jonschlinkert/is-extendable,gh/38225016,is-extendable,False,,2026-06-29T23:54:29+00:00,ok
jonschlinkert/is-number,gh/24313173,is-number,False,,2026-06-29T23:54:29+00:00,ok
jonschlinkert/is-plain-object,gh/24306940,is-plain-object,False,,2026-06-29T23:54:29+00:00,ok
jonschlinkert/isobject,gh/21342886,isobject,False,,2026-06-29T23:54:29+00:00,ok
jonschlinkert/kind-of,gh/24491562,kind-of,False,,2026-06-29T23:54:29+00:00,ok
jonschlinkert/map-cache,gh/32450614,map-cache,False,,2026-06-29T23:54:29+00:00,ok
jonschlinkert/normalize-path,gh/21224182,normalize-path,False,,2026-06-29T23:54:29+00:00,ok
jonschlinkert/object-visit,gh/38545952,object-visit,False,,2026-06-29T23:54:29+00:00,ok
jonschlinkert/word-wrap,gh/18260583,word-wrap,False,,2026-06-29T23:54:29+00:00,ok
jorgebucaran/colorette,gh/34648097,colorette,False,,2026-06-29T23:54:29+00:00,error
joshuakgoldberg/ts-api-utils,gh/597893818,ts-api-utils,False,,2026-06-29T23:54:29+00:00,ok
jprichardson/node-fs-extra,gh/2791348,fs-extra,False,,2026-06-29T23:54:29+00:00,ok
jprichardson/node-jsonfile,gh/5754307,jsonfile,False,,2026-06-29T23:54:29+00:00,ok
jquery/esprima,gh/2833537,esprima,False,,2026-06-29T23:54:29+00:00,ok
jridgewell/resolve-uri,gh/196878944,@jridgewell/resolve-uri,False,,2026-06-29T23:54:29+00:00,ok
jridgewell/sourcemaps,gh/897142826,@jridgewell/sourcemap-codec,False,,2026-06-29T23:54:29+00:00,ok
jsdom/tr46,gh/36964214,tr46,False,,2026-06-29T23:54:29+00:00,ok
jsdom/webidl-conversions,gh/23000311,webidl-conversions,False,,2026-06-29T23:54:29+00:00,ok
jsdom/whatwg-mimetype,gh/71014420,whatwg-mimetype,False,,2026-06-29T23:54:29+00:00,ok
jsdom/whatwg-url,gh/34761352,whatwg-url,False,,2026-06-29T23:54:29+00:00,ok
jsdom/xml-name-validator,gh/28553202,xml-name-validator,False,,2026-06-29T23:54:29+00:00,ok
jshttp/accepts,gh/15482433,accepts,False,,2026-06-29T23:54:29+00:00,ok
jshttp/content-disposition,gh/24216676,content-disposition,True,https://opencollective.com/express,2026-06-29T23:54:29+00:00,ok
jshttp/content-type,gh/30172150,content-type,True,https://opencollective.com/express,2026-06-29T23:54:29+00:00,ok
jshttp/cookie,gh/4475810,cookie,True,https://opencollective.com/express,2026-06-29T23:54:29+00:00,ok
jshttp/etag,gh/22894570,etag,False,,2026-06-29T23:54:29+00:00,ok
jshttp/forwarded,gh/24300217,forwarded,False,,2026-06-29T23:54:29+00:00,ok
jshttp/fresh,gh/4617552,fresh,False,,2026-06-29T23:54:29+00:00,ok
jshttp/http-errors,gh/23806086,http-errors,True,https://opencollective.com/express,2026-06-29T23:54:29+00:00,ok
jshttp/media-typer,gh/20814275,media-typer,True,https://opencollective.com/express,2026-06-29T23:54:29+00:00,ok
jshttp/methods,gh/8274071,methods,False,,2026-06-29T23:54:29+00:00,error
jshttp/mime-db,gh/22970419,mime-db,False,,2026-06-29T23:54:29+00:00,ok
jshttp/mime-types,gh/19380178,mime-types,True,https://opencollective.com/express,2026-06-29T23:54:29+00:00,ok
jshttp/negotiator,gh/3275614,negotiator,False,,2026-06-29T23:54:29+00:00,ok
jshttp/on-finished,gh/15349765,on-finished,False,,2026-06-29T23:54:29+00:00,ok
jshttp/range-parser,gh/4627131,range-parser,True,https://opencollective.com/express,2026-06-29T23:54:29+00:00,ok
jshttp/statuses,gh/17690272,statuses,False,,2026-06-29T23:54:29+00:00,ok
jshttp/type-is,gh/15484233,type-is,True,https://opencollective.com/express,2026-06-29T23:54:29+00:00,ok
jshttp/vary,gh/20498698,vary,False,,2026-06-29T23:54:29+00:00,ok
jslicense/spdx-correct.js,gh/34817196,spdx-correct,False,,2026-06-29T23:54:29+00:00,ok
jslicense/spdx-exceptions.json,gh/40062896,spdx-exceptions,False,,2026-06-29T23:54:29+00:00,ok
jslicense/spdx-expression-parse.js,gh/40067336,spdx-expression-parse,False,,2026-06-29T23:54:29+00:00,ok
jslicense/spdx-license-ids,gh/26001547,spdx-license-ids,False,,2026-06-29T23:54:29+00:00,ok
json5/json5,gh/4463453,json5,False,,2026-06-29T23:54:29+00:00,ok
juliangruber/balanced-match,gh/13538817,balanced-match,False,,2026-06-29T23:54:29+00:00,ok
juliangruber/brace-expansion,gh/13539234,brace-expansion,False,,2026-06-29T23:54:29+00:00,ok
juliangruber/isarray,gh/10227611,isarray,False,,2026-06-29T23:54:29+00:00,ok
justmoon/node-extend,gh/3967764,extend,False,,2026-06-29T23:54:29+00:00,ok
jviereck/regjsparser,gh/14087781,regjsparser,False,,2026-06-29T23:54:29+00:00,error
ka-weihe/fastest-levenshtein,gh/158960628,fastest-levenshtein,False,,2026-06-29T23:54:29+00:00,ok
kaelzhang/node-ignore,gh/12519245,ignore,False,,2026-06-29T23:54:29+00:00,ok
kemitchell/validate-npm-package-license.js,gh/35000460,validate-npm-package-license,False,,2026-06-29T23:54:29+00:00,ok
kevinbeaty/any-promise,gh/26247715,any-promise,False,,2026-06-29T23:54:29+00:00,ok
kevva/dir-glob,gh/49264969,dir-glob,False,,2026-06-29T23:54:29+00:00,ok
kevva/shebang-command,gh/47402913,shebang-command,False,,2026-06-29T23:54:29+00:00,ok
kilian/electron-to-chromium,gh/78972540,electron-to-chromium,False,,2026-06-29T23:54:29+00:00,ok
kpdecker/jsdiff,gh/1542219,diff,False,,2026-06-29T23:54:29+00:00,ok
kriskowal/asap,gh/11295071,asap,False,,2026-06-29T23:54:29+00:00,ok
kriszyp/json-schema,gh/947175,json-schema,False,,2026-06-29T23:54:29+00:00,ok
linusu/buffer-from,gh/66025821,buffer-from,False,,2026-06-29T23:54:29+00:00,ok
litejs/natural-compare-lite,gh/9146732,natural-compare,False,,2026-06-29T23:54:29+00:00,ok
ljharb/call-bind,gh/308533760,call-bind,True,https://github.com/sponsors/ljharb,2026-06-29T23:54:29+00:00,ok
ljharb/call-bind-apply-helpers,gh/898190951,call-bind-apply-helpers,False,,2026-06-29T23:54:29+00:00,ok
ljharb/call-bound,gh/898125972,call-bound,True,https://github.com/sponsors/ljharb,2026-06-29T23:54:29+00:00,ok
ljharb/concat-map,gh/548993448,concat-map,True,https://github.com/sponsors/ljharb,2026-06-29T23:54:29+00:00,ok
ljharb/define-data-property,gh/689109338,define-data-property,True,https://github.com/sponsors/ljharb,2026-06-29T23:54:29+00:00,ok
ljharb/define-properties,gh/28768789,define-properties,True,https://github.com/sponsors/ljharb,2026-06-29T23:54:29+00:00,ok
ljharb/es-abstract,gh/28995155,es-abstract,True,https://github.com/sponsors/ljharb,2026-06-29T23:54:29+00:00,ok
ljharb/es-define-property,gh/756570458,es-define-property,False,,2026-06-29T23:54:29+00:00,ok
ljharb/es-errors,gh/752160492,es-errors,False,,2026-06-29T23:54:29+00:00,ok
ljharb/es-shim-unscopables,gh/480458584,es-shim-unscopables,False,,2026-06-29T23:54:29+00:00,ok
ljharb/es-to-primitive,gh/32377814,es-to-primitive,False,,2026-06-29T23:54:29+00:00,error
ljharb/get-intrinsic,gh/308516559,get-intrinsic,True,https://github.com/sponsors/ljharb,2026-06-29T23:54:29+00:00,ok
ljharb/get-proto,gh/911035271,get-proto,False,,2026-06-29T23:54:29+00:00,ok
ljharb/gopd,gh/560708130,gopd,True,https://github.com/sponsors/ljharb,2026-06-29T23:54:29+00:00,ok
ljharb/internal-slot,gh/216159146,internal-slot,False,,2026-06-29T23:54:29+00:00,ok
ljharb/object-keys,gh/9103992,object-keys,False,,2026-06-29T23:54:29+00:00,ok
ljharb/object.assign,gh/17755831,object.assign,True,https://github.com/sponsors/ljharb,2026-06-29T23:54:29+00:00,ok
ljharb/possible-typed-array-names,gh/760136716,possible-typed-array-names,False,,2026-06-29T23:54:29+00:00,ok
ljharb/qs,gh/22266795,qs,True,https://github.com/sponsors/ljharb,2026-06-29T23:54:29+00:00,ok
ljharb/safe-regex-test,gh/540138887,safe-regex-test,True,https://github.com/sponsors/ljharb,2026-06-29T23:54:29+00:00,ok
ljharb/set-function-length,gh/704249795,set-function-length,False,,2026-06-29T23:54:29+00:00,ok
ljharb/side-channel,gh/225239081,side-channel,True,https://github.com/sponsors/ljharb,2026-06-29T23:54:29+00:00,ok
ljharb/side-channel-list,gh/901451610,side-channel-list,True,https://github.com/sponsors/ljharb,2026-06-29T23:54:29+00:00,ok
ljharb/side-channel-map,gh/901191461,side-channel-map,True,https://github.com/sponsors/ljharb,2026-06-29T23:54:29+00:00,ok
ljharb/side-channel-weakmap,gh/901188921,side-channel-weakmap,True,https://github.com/sponsors/ljharb,2026-06-29T23:54:29+00:00,ok
lodash/lodash,gh/3955647,lodash,False,,2026-06-29T23:54:29+00:00,ok
loganfsmyth/gensync,gh/132383032,gensync,False,,2026-06-29T23:54:29+00:00,ok
lukeed/dequal,gh/174421655,dequal,False,,2026-06-29T23:54:29+00:00,ok
lukeed/escalade,gh/273568715,escalade,False,,2026-06-29T23:54:29+00:00,ok
lukeed/kleur,gh/140393403,kleur,False,,2026-06-29T23:54:29+00:00,ok
lydell/js-tokens,gh/17552490,js-tokens,False,,2026-06-29T23:54:29+00:00,ok
mafintosh/end-of-stream,gh/14732255,end-of-stream,False,,2026-06-29T23:54:29+00:00,ok
mafintosh/pump,gh/12118126,pump,False,,2026-06-29T23:54:29+00:00,ok
mafintosh/tar-stream,gh/15340089,tar-stream,False,,2026-06-29T23:54:29+00:00,ok
mathiasbynens/cssesc,gh/12001360,cssesc,False,,2026-06-29T23:54:29+00:00,ok
mathiasbynens/emoji-regex,gh/24557614,emoji-regex,False,,2026-06-29T23:54:29+00:00,ok
mathiasbynens/jsesc,gh/10498729,jsesc,False,,2026-06-29T23:54:29+00:00,ok
mathiasbynens/punycode.js,gh/2755924,punycode,False,,2026-06-29T23:54:29+00:00,ok
mathiasbynens/regenerate,gh/10182772,regenerate,False,,2026-06-29T23:54:29+00:00,ok
mathiasbynens/regexpu-core,gh/49437324,regexpu-core,False,,2026-06-29T23:54:29+00:00,ok
mathiasbynens/unicode-canonical-property-names-ecmascript,gh/88346537,unicode-canonical-property-names-ecmascript,False,,2026-06-29T23:54:29+00:00,error
mathiasbynens/unicode-property-aliases-ecmascript,gh/88333533,unicode-property-aliases-ecmascript,False,,2026-06-29T23:54:29+00:00,error
mcollina/fastq,gh/37368217,fastq,False,,2026-06-29T23:54:29+00:00,ok
mcollina/reusify,gh/42106515,reusify,False,,2026-06-29T23:54:29+00:00,ok
mdn/data,gh/70901646,mdn-data,False,,2026-06-29T23:54:29+00:00,ok
medikoo/d,gh/10817569,d,False,,2026-06-29T23:54:29+00:00,ok
medikoo/es5-ext,gh/1792941,es5-ext,False,,2026-06-29T23:54:29+00:00,ok
medikoo/es6-symbol,gh/14423385,es6-symbol,False,,2026-06-29T23:54:29+00:00,ok
medikoo/type,gh/177198492,type,False,,2026-06-29T23:54:29+00:00,ok
micromark/micromark,gh/157420458,micromark-util-symbol,True,https://github.com/sponsors/unifiedjs,2026-06-29T23:54:29+00:00,ok
micromatch/anymatch,gh/11458302,anymatch,False,,2026-06-29T23:54:29+00:00,ok
micromatch/braces,gh/25475303,braces,False,,2026-06-29T23:54:29+00:00,ok
micromatch/is-extglob,gh/31788841,is-extglob,False,,2026-06-29T23:54:29+00:00,ok
micromatch/is-glob,gh/28179425,is-glob,False,,2026-06-29T23:54:29+00:00,ok
micromatch/micromatch,gh/27359938,micromatch,False,,2026-06-29T23:54:29+00:00,ok
micromatch/picomatch,gh/156211895,picomatch,True,https://github.com/sponsors/jonschlinkert,2026-06-29T23:54:29+00:00,ok
micromatch/to-regex-range,gh/40355891,to-regex-range,False,,2026-06-29T23:54:29+00:00,ok
microsoft/tslib,gh/34414315,tslib,False,,2026-06-29T23:54:29+00:00,ok
microsoft/typescript,gh/20929025,typescript,False,,2026-06-29T23:54:29+00:00,ok
minimistjs/minimist,gh/549230701,minimist,True,https://github.com/sponsors/ljharb,2026-06-29T23:54:29+00:00,ok
moment/moment,gh/1424470,moment,False,,2026-06-29T23:54:29+00:00,error
motdotla/dotenv,gh/11205780,dotenv,True,https://dotenvx.com,2026-06-29T23:54:29+00:00,ok
moxystudio/node-cross-spawn,gh/21335844,cross-spawn,False,,2026-06-29T23:54:29+00:00,ok
mozilla/source-map,gh/2014930,source-map,False,,2026-06-29T23:54:29+00:00,ok
mrmlnc/fast-glob,gh/77467076,fast-glob,False,,2026-06-29T23:54:29+00:00,ok
myrne/performance-now,gh/10219264,performance-now,False,,2026-06-29T23:54:29+00:00,error
mysticatea/abort-controller,gh/105228556,abort-controller,False,,2026-06-29T23:54:29+00:00,ok
mysticatea/event-target-shim,gh/31137469,event-target-shim,True,https://github.com/sponsors/mysticatea,2026-06-29T23:54:29+00:00,ok
nicolo-ribaudo/babel-preset-current-node-syntax,gh/253327079,babel-preset-current-node-syntax,False,,2026-06-29T23:54:29+00:00,ok
node-fetch/fetch-blob,gh/186960326,fetch-blob,True,https://github.com/sponsors/jimmywarting,2026-06-29T23:54:29+00:00,ok
node-fetch/node-fetch,gh/29849956,node-fetch,True,https://opencollective.com/node-fetch,2026-06-29T23:54:29+00:00,ok
nodeca/argparse,gh/4325614,argparse,False,,2026-06-29T23:54:29+00:00,ok
nodeca/js-yaml,gh/2504175,js-yaml,True,https://github.com/sponsors/puzrin,2026-06-29T23:54:29+00:00,ok
nodeca/pako,gh/16231859,pako,True,https://github.com/sponsors/puzrin,2026-06-29T23:54:29+00:00,ok
nodejs/readable-stream,gh/5187096,readable-stream,False,,2026-06-29T23:54:29+00:00,ok
nodejs/string_decoder,gh/95052330,string_decoder,False,,2026-06-29T23:54:29+00:00,ok
nodejs/undici,gh/133092972,undici-types,False,,2026-06-29T23:54:29+00:00,ok
nodelib/nodelib,gh/129310478,@nodelib/fs.stat,False,,2026-06-29T23:54:29+00:00,ok
npm/abbrev-js,gh/554893,abbrev,False,,2026-06-29T23:54:29+00:00,ok
npm/cacache,gh/193812470,cacache,False,,2026-06-29T23:54:29+00:00,ok
npm/hosted-git-info,gh/25002984,hosted-git-info,False,,2026-06-29T23:54:29+00:00,ok
npm/ini,gh/2167680,ini,False,,2026-06-29T23:54:29+00:00,ok
npm/json-parse-even-better-errors,gh/211384370,json-parse-even-better-errors,False,,2026-06-29T23:54:29+00:00,ok
npm/mute-stream,gh/5159166,mute-stream,False,,2026-06-29T23:54:29+00:00,ok
npm/node-semver,gh/1357199,semver,False,,2026-06-29T23:54:29+00:00,ok
npm/node-which,gh/2169708,which,False,,2026-06-29T23:54:29+00:00,ok
npm/nopt,gh/1544436,nopt,False,,2026-06-29T23:54:29+00:00,ok
npm/normalize-package-data,gh/9301720,normalize-package-data,False,,2026-06-29T23:54:29+00:00,ok
npm/ssri,gh/193817839,ssri,False,,2026-06-29T23:54:29+00:00,ok
npm/unique-slug,gh/35246620,unique-slug,False,,2026-06-29T23:54:29+00:00,ok
npm/write-file-atomic,gh/23896209,write-file-atomic,False,,2026-06-29T23:54:29+00:00,ok
nv/cssom,gh/1025209,cssom,False,,2026-06-29T23:54:29+00:00,ok
octokit/openapi-types.ts,gh/304109193,@octokit/openapi-types,False,,2026-06-29T23:54:29+00:00,ok
octokit/types.ts,gh/216109757,@octokit/types,False,,2026-06-29T23:54:29+00:00,ok
oozcitak/xmlbuilder-js,gh/1042809,xmlbuilder,False,,2026-06-29T23:54:29+00:00,ok
open-telemetry/opentelemetry-js,gh/185901023,@opentelemetry/semantic-conventions,False,,2026-06-29T23:54:29+00:00,ok
open-telemetry/opentelemetry-js-contrib,gh/255986659,@opentelemetry/instrumentation-undici,False,,2026-06-29T23:54:29+00:00,ok
paulmillr/chokidar,gh/4090287,chokidar,True,https://paulmillr.com/funding/,2026-06-29T23:54:29+00:00,ok
paulmillr/readdirp,gh/4494405,readdirp,True,https://paulmillr.com/funding/,2026-06-29T23:54:29+00:00,ok
petkaantonov/bluebird,gh/12670444,bluebird,False,,2026-06-29T23:54:29+00:00,error
pillarjs/encodeurl,gh/60721766,encodeurl,False,,2026-06-29T23:54:29+00:00,ok
pillarjs/finalhandler,gh/20547377,finalhandler,True,https://opencollective.com/express,2026-06-29T23:54:29+00:00,ok
pillarjs/iconv-lite,gh/2743221,iconv-lite,True,https://opencollective.com/express,2026-06-29T23:54:29+00:00,ok
pillarjs/parseurl,gh/17533192,parseurl,False,,2026-06-29T23:54:29+00:00,ok
pillarjs/path-to-regexp,gh/5265803,path-to-regexp,True,https://opencollective.com/express,2026-06-29T23:54:29+00:00,ok
pillarjs/send,gh/4879977,send,True,https://opencollective.com/express,2026-06-29T23:54:29+00:00,ok
postcss/postcss,gh/13078968,postcss,True,https://opencollective.com/postcss/,2026-06-29T23:54:29+00:00,ok
postcss/postcss-selector-parser,gh/36500102,postcss-selector-parser,False,,2026-06-29T23:54:29+00:00,ok
postcss/postcss-value-parser,gh/40920306,postcss-value-parser,False,,2026-06-29T23:54:29+00:00,ok
prettier/prettier,gh/75104123,prettier,True,https://github.com/prettier/prettier?sponsor=1,2026-06-29T23:54:29+00:00,ok
primus/eventemitter3,gh/13100677,eventemitter3,False,,2026-06-29T23:54:29+00:00,ok
protobufjs/protobuf.js,gh/8507859,protobufjs,False,,2026-06-29T23:54:29+00:00,ok
pvorb/clone,gh/2317381,clone,False,,2026-06-29T23:54:29+00:00,ok
qix-/color-convert,gh/1874305,color-convert,False,,2026-06-29T23:54:29+00:00,ok
qix-/node-error-ex,gh/41388258,error-ex,False,,2026-06-29T23:54:29+00:00,ok
qix-/node-is-arrayish,gh/41376759,is-arrayish,False,,2026-06-29T23:54:29+00:00,ok
radix-ui/primitives,gh/273499522,@radix-ui/react-compose-refs,False,,2026-06-29T23:54:29+00:00,ok
raszi/node-tmp,gh/2313213,tmp,False,,2026-06-29T23:54:29+00:00,ok
raynos/for-each,gh/6006855,for-each,True,https://github.com/sponsors/ljharb,2026-06-29T23:54:29+00:00,ok
raynos/function-bind,gh/10727014,function-bind,True,https://github.com/sponsors/ljharb,2026-06-29T23:54:29+00:00,ok
reactivex/rxjs,gh/32247847,rxjs,False,,2026-06-29T23:54:29+00:00,ok
remix-run/react-router,gh/19872456,react-router,False,,2026-06-29T23:54:29+00:00,ok
remusao/tldts,gh/97631656,tldts,False,,2026-06-29T23:54:29+00:00,ok
rich-harris/estree-walker,gh/33668779,estree-walker,False,,2026-06-29T23:54:29+00:00,ok
rich-harris/magic-string,gh/26143240,magic-string,False,,2026-06-29T23:54:29+00:00,ok
rob--w/proxy-from-env,gh/52038793,proxy-from-env,False,,2026-06-29T23:54:29+00:00,ok
rollup/plugins,gh/203607977,@rollup/pluginutils,False,,2026-06-29T23:54:29+00:00,ok
rvagg/bl,gh/10706095,bl,False,,2026-06-29T23:54:29+00:00,error
rvagg/through2,gh/11808187,through2,False,,2026-06-29T23:54:29+00:00,ok
ryanzim/universalify,gh/87651180,universalify,False,,2026-06-29T23:54:29+00:00,ok
salesforce/tough-cookie,gh/2606873,tough-cookie,False,,2026-06-29T23:54:29+00:00,ok
samn/json-stable-stringify,gh/76598131,json-stable-stringify-without-jsonify,False,,2026-06-29T23:54:29+00:00,ok
samverschueren/decode-uri-component,gh/91837954,decode-uri-component,False,,2026-06-29T23:54:29+00:00,ok
sboudrias/inquirer.js,gh/10114077,inquirer,False,,2026-06-29T23:54:29+00:00,ok
sec-ant/readable-stream,gh/569980966,@sec-ant/readable-stream,False,,2026-06-29T23:54:29+00:00,ok
sinclairzx81/typebox,gh/87454905,@sinclair/typebox,False,,2026-06-29T23:54:29+00:00,ok
sindresorhus/ansi-escapes,gh/40721875,ansi-escapes,True,https://github.com/sponsors/sindresorhus,2026-06-29T23:54:29+00:00,ok
sindresorhus/array-union,gh/21005682,array-union,True,https://github.com/sponsors/sindresorhus,2026-06-29T23:54:29+00:00,ok
sindresorhus/binary-extensions,gh/29771015,binary-extensions,True,https://github.com/sponsors/sindresorhus,2026-06-29T23:54:29+00:00,ok
sindresorhus/callsites,gh/18938743,callsites,True,https://github.com/sponsors/sindresorhus,2026-06-29T23:54:29+00:00,ok
sindresorhus/camelcase,gh/25116836,camelcase,True,https://github.com/sponsors/sindresorhus,2026-06-29T23:54:29+00:00,ok
sindresorhus/clean-stack,gh/62838930,clean-stack,True,https://github.com/sponsors/sindresorhus,2026-06-29T23:54:29+00:00,ok
sindresorhus/cli-cursor,gh/23512396,cli-cursor,True,https://github.com/sponsors/sindresorhus,2026-06-29T23:54:29+00:00,ok
sindresorhus/crypto-random-string,gh/73665728,crypto-random-string,False,,2026-06-29T23:54:29+00:00,error
sindresorhus/decamelize,gh/29773710,decamelize,True,https://github.com/sponsors/sindresorhus,2026-06-29T23:54:29+00:00,ok
sindresorhus/detect-newline,gh/21304485,detect-newline,True,https://github.com/sponsors/sindresorhus,2026-06-29T23:54:29+00:00,ok
sindresorhus/environment,gh/793180075,environment,True,https://github.com/sponsors/sindresorhus,2026-06-29T23:54:29+00:00,ok
sindresorhus/escape-string-regexp,gh/21169121,escape-string-regexp,True,https://github.com/sponsors/sindresorhus,2026-06-29T23:54:29+00:00,ok
sindresorhus/execa,gh/47475908,execa,True,https://github.com/sindresorhus/execa?sponsor=1,2026-06-29T23:54:29+00:00,ok
sindresorhus/figures,gh/21672939,figures,True,https://github.com/sponsors/sindresorhus,2026-06-29T23:54:29+00:00,ok
sindresorhus/file-type,gh/19105307,file-type,False,,2026-06-29T23:54:29+00:00,error
sindresorhus/find-cache-directory,gh/48783244,find-cache-dir,True,https://github.com/sponsors/sindresorhus,2026-06-29T23:54:29+00:00,ok
sindresorhus/find-up,gh/41723004,find-up,True,https://github.com/sponsors/sindresorhus,2026-06-29T23:54:29+00:00,ok
sindresorhus/find-up-simple,gh/714044439,find-up-simple,True,https://github.com/sponsors/sindresorhus,2026-06-29T23:54:29+00:00,ok
sindresorhus/get-east-asian-width,gh/711160838,get-east-asian-width,True,https://github.com/sponsors/sindresorhus,2026-06-29T23:54:29+00:00,ok
sindresorhus/get-stream,gh/44264225,get-stream,True,https://github.com/sponsors/sindresorhus,2026-06-29T23:54:29+00:00,ok
sindresorhus/globals,gh/15186239,globals,True,https://github.com/sponsors/sindresorhus,2026-06-29T23:54:29+00:00,ok
sindresorhus/globby,gh/21069494,globby,True,https://github.com/sponsors/sindresorhus,2026-06-29T23:54:29+00:00,ok
sindresorhus/has-flag,gh/38718671,has-flag,True,https://github.com/sponsors/sindresorhus,2026-06-29T23:54:29+00:00,ok
sindresorhus/import-fresh,gh/22020904,import-fresh,True,https://github.com/sponsors/sindresorhus,2026-06-29T23:54:29+00:00,ok
sindresorhus/import-local,gh/90292430,import-local,True,https://github.com/sponsors/sindresorhus,2026-06-29T23:54:29+00:00,ok
sindresorhus/indent-string,gh/20576837,indent-string,True,https://github.com/sponsors/sindresorhus,2026-06-29T23:54:29+00:00,ok
sindresorhus/is-binary-path,gh/29771247,is-binary-path,True,https://github.com/sponsors/sindresorhus,2026-06-29T23:54:29+00:00,ok
sindresorhus/is-docker,gh/33590534,is-docker,True,https://github.com/sponsors/sindresorhus,2026-06-29T23:54:29+00:00,ok
sindresorhus/is-fullwidth-code-point,gh/39222301,is-fullwidth-code-point,True,https://github.com/sponsors/sindresorhus,2026-06-29T23:54:29+00:00,ok
sindresorhus/is-inside-container,gh/601943060,is-inside-container,True,https://github.com/sponsors/sindresorhus,2026-06-29T23:54:29+00:00,ok
sindresorhus/is-path-inside,gh/21054113,is-path-inside,True,https://github.com/sponsors/sindresorhus,2026-06-29T23:54:29+00:00,ok
sindresorhus/is-plain-obj,gh/38923193,is-plain-obj,True,https://github.com/sponsors/sindresorhus,2026-06-29T23:54:29+00:00,ok
sindresorhus/is-stream,gh/29436825,is-stream,True,https://github.com/sponsors/sindresorhus,2026-06-29T23:54:29+00:00,ok
sindresorhus/is-unicode-supported,gh/348660847,is-unicode-supported,True,https://github.com/sponsors/sindresorhus,2026-06-29T23:54:29+00:00,ok
sindresorhus/is-wsl,gh/88415331,is-wsl,True,https://github.com/sponsors/sindresorhus,2026-06-29T23:54:29+00:00,ok
sindresorhus/leven,gh/22794601,leven,True,https://github.com/sponsors/sindresorhus,2026-06-29T23:54:29+00:00,ok
sindresorhus/locate-path,gh/74266248,locate-path,True,https://github.com/sponsors/sindresorhus,2026-06-29T23:54:29+00:00,ok
sindresorhus/log-symbols,gh/21673868,log-symbols,True,https://github.com/sponsors/sindresorhus,2026-06-29T23:54:29+00:00,ok
sindresorhus/lowercase-keys,gh/29769737,lowercase-keys,True,https://github.com/sponsors/sindresorhus,2026-06-29T23:54:29+00:00,ok
sindresorhus/make-dir,gh/90776169,make-dir,True,https://github.com/sponsors/sindresorhus,2026-06-29T23:54:29+00:00,ok
sindresorhus/meow,gh/25121561,meow,False,,2026-06-29T23:54:29+00:00,error
sindresorhus/mimic-function,gh/71381729,mimic-function,True,https://github.com/sponsors/sindresorhus,2026-06-29T23:54:29+00:00,ok
sindresorhus/mimic-response,gh/93189529,mimic-response,True,https://github.com/sponsors/sindresorhus,2026-06-29T23:54:29+00:00,ok
sindresorhus/node-defaults,gh/7985040,defaults,True,https://github.com/sponsors/sindresorhus,2026-06-29T23:54:29+00:00,ok
sindresorhus/normalize-url,gh/29094022,normalize-url,True,https://github.com/sponsors/sindresorhus,2026-06-29T23:54:29+00:00,ok
sindresorhus/npm-run-path,gh/48707028,npm-run-path,True,https://github.com/sponsors/sindresorhus,2026-06-29T23:54:29+00:00,ok
sindresorhus/object-assign,gh/16457190,object-assign,False,,2026-06-29T23:54:29+00:00,ok
sindresorhus/onetime,gh/14847357,onetime,True,https://github.com/sponsors/sindresorhus,2026-06-29T23:54:29+00:00,ok
sindresorhus/open,gh/18469325,open,True,https://github.com/sponsors/sindresorhus,2026-06-29T23:54:29+00:00,ok
sindresorhus/p-limit,gh/71542716,p-limit,True,https://github.com/sponsors/sindresorhus,2026-06-29T23:54:29+00:00,ok
sindresorhus/p-locate,gh/74265632,p-locate,True,https://github.com/sponsors/sindresorhus,2026-06-29T23:54:29+00:00,ok
sindresorhus/p-map,gh/71526722,p-map,True,https://github.com/sponsors/sindresorhus,2026-06-29T23:54:29+00:00,ok
sindresorhus/p-try,gh/71534796,p-try,True,https://github.com/sponsors/sindresorhus,2026-06-29T23:54:29+00:00,ok
sindresorhus/package-directory,gh/41724281,pkg-dir,True,https://github.com/sponsors/sindresorhus,2026-06-29T23:54:29+00:00,ok
sindresorhus/parent-module,gh/50187748,parent-module,True,https://github.com/sponsors/sindresorhus,2026-06-29T23:54:29+00:00,ok
sindresorhus/parse-json,gh/41367145,parse-json,True,https://github.com/sponsors/sindresorhus,2026-06-29T23:54:29+00:00,ok
sindresorhus/path-exists,gh/34965664,path-exists,False,,2026-06-29T23:54:29+00:00,ok
sindresorhus/path-key,gh/48706449,path-key,True,https://github.com/sponsors/sindresorhus,2026-06-29T23:54:29+00:00,ok
sindresorhus/path-type,gh/41905436,path-type,True,https://github.com/sponsors/sindresorhus,2026-06-29T23:54:29+00:00,ok
sindresorhus/pify,gh/41585934,pify,True,https://github.com/sponsors/sindresorhus,2026-06-29T23:54:29+00:00,ok
sindresorhus/quick-lru,gh/86679721,quick-lru,True,https://github.com/sponsors/sindresorhus,2026-06-29T23:54:29+00:00,ok
sindresorhus/read-package-up,gh/41842429,read-pkg-up,True,https://github.com/sponsors/sindresorhus,2026-06-29T23:54:29+00:00,ok
sindresorhus/read-pkg,gh/41790094,read-pkg,True,https://github.com/sponsors/sindresorhus,2026-06-29T23:54:29+00:00,ok
sindresorhus/resolve-cwd,gh/47504070,resolve-cwd,False,,2026-06-29T23:54:29+00:00,ok
sindresorhus/resolve-from,gh/22022707,resolve-from,False,,2026-06-29T23:54:29+00:00,ok
sindresorhus/restore-cursor,gh/23512229,restore-cursor,True,https://github.com/sponsors/sindresorhus,2026-06-29T23:54:29+00:00,ok
sindresorhus/shebang-regex,gh/30903733,shebang-regex,True,https://github.com/sponsors/sindresorhus,2026-06-29T23:54:29+00:00,ok
sindresorhus/slash,gh/11516031,slash,True,https://github.com/sponsors/sindresorhus,2026-06-29T23:54:29+00:00,ok
sindresorhus/string-width,gh/39222730,string-width,True,https://github.com/sponsors/sindresorhus,2026-06-29T23:54:29+00:00,ok
sindresorhus/strip-bom,gh/18444852,strip-bom,True,https://github.com/sponsors/sindresorhus,2026-06-29T23:54:29+00:00,ok
sindresorhus/strip-final-newline,gh/47453723,strip-final-newline,True,https://github.com/sponsors/sindresorhus,2026-06-29T23:54:29+00:00,ok
sindresorhus/strip-indent,gh/18242629,strip-indent,True,https://github.com/sponsors/sindresorhus,2026-06-29T23:54:29+00:00,ok
sindresorhus/strip-json-comments,gh/14468669,strip-json-comments,True,https://github.com/sponsors/sindresorhus,2026-06-29T23:54:29+00:00,ok
sindresorhus/tagged-tag,gh/795552264,tagged-tag,True,https://github.com/sponsors/sindresorhus,2026-06-29T23:54:29+00:00,ok
sindresorhus/to-fast-properties,gh/31656998,to-fast-properties,True,https://github.com/sponsors/sindresorhus,2026-06-29T23:54:29+00:00,ok
sindresorhus/type-fest,gh/175398594,type-fest,True,https://github.com/sponsors/sindresorhus,2026-06-29T23:54:29+00:00,ok
sindresorhus/unicorn-magic,gh/716660564,unicorn-magic,True,https://github.com/sponsors/sindresorhus,2026-06-29T23:54:29+00:00,ok
sindresorhus/yocto-queue,gh/315531538,yocto-queue,True,https://github.com/sponsors/sindresorhus,2026-06-29T23:54:29+00:00,ok
sinonjs/commons,gh/143001748,@sinonjs/commons,False,,2026-06-29T23:54:29+00:00,ok
sinonjs/fake-timers,gh/16523712,@sinonjs/fake-timers,False,,2026-06-29T23:54:29+00:00,ok
smithy-lang/smithy-typescript,gh/208319207,@smithy/types,False,,2026-06-29T23:54:29+00:00,ok
socketio/socket.io,gh/557980,engine.io-parser,False,,2026-06-29T23:54:29+00:00,ok
stefanpenner/get-caller-file,gh/48818175,get-caller-file,False,,2026-06-29T23:54:29+00:00,ok
storybookjs/storybook,gh/54173593,@storybook/client-logger,True,https://opencollective.com/storybook,2026-06-29T23:54:29+00:00,ok
stream-utils/destroy,gh/15544623,destroy,False,,2026-06-29T23:54:29+00:00,error
stream-utils/raw-body,gh/12823654,raw-body,False,,2026-06-29T23:54:29+00:00,ok
stream-utils/unpipe,gh/37428186,unpipe,False,,2026-06-29T23:54:29+00:00,ok
streamich/memfs,gh/37490572,memfs,True,https://github.com/sponsors/streamich,2026-06-29T23:54:29+00:00,ok
suguru03/neo-async,gh/27030361,neo-async,False,,2026-06-29T23:54:29+00:00,ok
swc-project/swc,gh/115110181,@swc/helpers,False,,2026-06-29T23:54:29+00:00,ok
syntax-tree/unist-util-is,gh/41795086,unist-util-is,False,,2026-06-29T23:54:29+00:00,error
tapjs/signal-exit,gh/35711072,signal-exit,True,https://github.com/sponsors/isaacs,2026-06-29T23:54:29+00:00,ok
tapjs/stack-utils,gh/48974178,stack-utils,False,,2026-06-29T23:54:29+00:00,error
teambition/merge2,gh/25396227,merge2,False,,2026-06-29T23:54:29+00:00,ok
tehshrike/deepmerge,gh/3276413,deepmerge,False,,2026-06-29T23:54:29+00:00,ok
terkelg/sisteransi,gh/122441239,sisteransi,False,,2026-06-29T23:54:29+00:00,ok
terser/terser,gh/29097127,terser,False,,2026-06-29T23:54:29+00:00,ok
thlorenz/convert-source-map,gh/8751561,convert-source-map,False,,2026-06-29T23:54:29+00:00,ok
thlorenz/deep-is,gh/9345558,deep-is,False,,2026-06-29T23:54:29+00:00,ok
tim-kos/node-retry,gh/1738798,retry,False,,2026-06-29T23:54:29+00:00,ok
tj/commander.js,gh/2206953,commander,False,,2026-06-29T23:54:29+00:00,ok
tj/node-cookie-signature,gh/6229722,cookie-signature,False,,2026-06-29T23:54:29+00:00,ok
tootallnate/proxy-agents,gh/11293703,agent-base,False,,2026-06-29T23:54:29+00:00,ok
tootallnate/util-deprecate,gh/19321056,util-deprecate,False,,2026-06-29T23:54:29+00:00,ok
tritondatacenter/node-assert-plus,gh/4767976,assert-plus,False,,2026-06-29T23:54:29+00:00,ok
tritondatacenter/node-extsprintf,gh/4058064,extsprintf,False,,2026-06-29T23:54:29+00:00,ok
troygoode/node-require-directory,gh/3053807,require-directory,False,,2026-06-29T23:54:29+00:00,ok
tsconfig/bases,gh/263697285,@tsconfig/node16,False,,2026-06-29T23:54:29+00:00,ok
typescript-eslint/typescript-eslint,gh/165536154,@typescript-eslint/types,True,https://opencollective.com/typescript-eslint,2026-06-29T23:54:29+00:00,ok
unshiftio/requires-port,gh/26316179,requires-port,False,,2026-06-29T23:54:29+00:00,ok
uuidjs/uuid,gh/1203139,uuid,True,https://github.com/sponsors/broofa,2026-06-29T23:54:29+00:00,ok
vercel/ai,gh/644461337,ai,False,,2026-06-29T23:54:29+00:00,ok
vercel/ms,gh/3655872,ms,False,,2026-06-29T23:54:29+00:00,ok
visionmedia/bytes.js,gh/4626886,bytes,False,,2026-06-29T23:54:29+00:00,ok
vitest-dev/vitest,gh/434708679,@vitest/pretty-format,True,https://opencollective.com/vitest,2026-06-29T23:54:29+00:00,ok
vuejs/core,gh/137078487,@vue/shared,False,,2026-06-29T23:54:29+00:00,ok
watson/ci-info,gh/71475907,ci-info,True,https://github.com/sponsors/sibiraj-s,2026-06-29T23:54:29+00:00,ok
webpack/enhanced-resolve,gh/5400204,enhanced-resolve,False,,2026-06-29T23:54:29+00:00,ok
webpack/minimizer-webpack-plugin,gh/143057914,terser-webpack-plugin,False,,2026-06-29T23:54:29+00:00,error
webpack/schema-utils,gh/80306715,schema-utils,True,https://opencollective.com/webpack,2026-06-29T23:54:29+00:00,ok
webpack/tapable,gh/7730086,tapable,True,https://opencollective.com/webpack,2026-06-29T23:54:29+00:00,ok
webpack/watchpack,gh/24119524,watchpack,False,,2026-06-29T23:54:29+00:00,ok
webpack/webpack-sources,gh/48954523,webpack-sources,False,,2026-06-29T23:54:29+00:00,ok
webreflection/flatted,gh/131121620,flatted,False,,2026-06-29T23:54:29+00:00,ok
webreflection/html-escaper,gh/33597730,html-escaper,False,,2026-06-29T23:54:29+00:00,ok
websockets/ws,gh/2744972,ws,False,,2026-06-29T23:54:29+00:00,ok
wesleytodd/setprototypeof,gh/30301031,setprototypeof,False,,2026-06-29T23:54:29+00:00,ok
whitequark/ipaddr.js,gh/2110585,ipaddr.js,False,,2026-06-29T23:54:29+00:00,ok
xtuc/webassemblyjs,gh/113006071,@webassemblyjs/helper-wasm-bytecode,False,,2026-06-29T23:54:29+00:00,ok
yahoo/serialize-javascript,gh/24106944,serialize-javascript,False,,2026-06-29T23:54:29+00:00,ok
yargs/cliui,gh/34287546,cliui,False,,2026-06-29T23:54:29+00:00,ok
yargs/set-blocking,gh/58830287,set-blocking,False,,2026-06-29T23:54:29+00:00,error
yargs/y18n,gh/39720886,y18n,False,,2026-06-29T23:54:29+00:00,ok
yargs/yargs,gh/14210523,yargs,False,,2026-06-29T23:54:29+00:00,ok
yargs/yargs-parser,gh/50258379,yargs-parser,False,,2026-06-29T23:54:29+00:00,ok
yuzujs/setimmediate,gh/1981208,setimmediate,False,,2026-06-29T23:54:29+00:00,error
zertosh/loose-envify,gh/41947687,loose-envify,False,,2026-06-29T23:54:29+00:00,ok
zloirock/core-js,gh/11481338,core-js,True,https://opencollective.com/core-js,2026-06-29T23:54:29+00:00,ok
