repo,repo_id,oss,intent,nonprofit,active,eligible
7rulnik/source-map-js,330043541,True,True,True,True,True
acornjs/acorn,5932749,True,False,True,True,False
acornjs/acorn-jsx,22187098,True,False,True,True,False
adobe/react-spectrum,208362715,True,True,False,True,False
agronholm/anyio,145337588,True,True,True,True,True
agronholm/exceptiongroup,447694800,True,True,True,True,True
ai/nanoid,99401299,True,True,True,True,True
aio-libs-abandoned/async-timeout,67703198,True,True,True,False,False
aio-libs/aiobotocore,36618494,True,True,True,True,True
aio-libs/aiohttp,13258039,True,True,True,True,True
aio-libs/aiosignal,205007356,True,True,True,True,True
aio-libs/frozenlist,204197530,True,True,True,True,True
aio-libs/multidict,51206425,True,True,True,True,True
aio-libs/propcache,866565706,True,True,True,True,True
aio-libs/yarl,64756820,True,True,True,True,True
ajv-validator/ajv,35914020,True,True,True,True,True
ajv-validator/ajv-formats,281084700,True,True,True,True,True
ajv-validator/ajv-keywords,60477053,True,True,True,True,True
alexei/sprintf.js,9175790,True,False,True,True,False
alexeyraspopov/picocolors,410740124,True,False,True,True,False
alexhuszagh/rust-lexical,155286170,True,False,True,True,False
alexindigo/asynckit,59087459,True,False,True,True,False
amanieu/parking_lot,58731560,True,False,True,True,False
andialbrecht/sqlparse,4067434,True,False,True,True,False
andrewrk/node-pend,11836813,True,True,True,True,True
andyperlitch/jsbn,9710533,True,False,True,True,False
angular/angular-cli,36891867,True,True,False,True,False
annotated-types/annotated-types,487934134,True,False,True,True,False
antonk52/lilconfig,238967485,True,True,True,True,True
apache/airflow,33884891,True,True,True,True,True
apache/arrow,51905353,True,True,True,True,True
apache/arrow-rs,358917250,True,True,True,True,True
ardatan/graphql-tools,54432168,True,True,True,True,True
ardatan/whatwg-node,429511342,True,True,True,True,True
assert-rs/snapbox,424722460,True,False,True,True,False
astanin/python-tabulate,205875548,True,False,True,True,False
astral-sh/ruff,523043277,True,True,False,True,False
auth0/node-jwa,8116861,True,True,False,True,False
autotools-mirror/autoconf,47662429,True,True,True,True,True
autotools-mirror/libtool,47662711,True,True,True,True,True
autotools-mirror/m4,66880383,True,True,True,True,True
aws/aws-cli,6780767,True,True,False,True,False
aws/aws-sdk-js-crypto-helpers,149673986,True,True,False,True,False
aws/aws-sdk-js-v3,87228090,True,True,False,True,False
axios/axios,23088740,True,True,True,True,True
azure/azure-sdk-for-js,108311273,True,True,False,True,False
azure/azure-sdk-for-python,4127088,True,True,False,True,False
azure/msrest-for-python,71186468,True,False,True,False,False
azuread/microsoft-authentication-library-for-python,67243113,True,True,False,True,False
babel/babel,24560307,True,True,True,True,True
babel/babel-polyfills,190579283,True,True,True,True,True
bdwgc/bdwgc,2109456,False,False,True,True,False
beatgammit/base64-js,2853282,True,True,True,True,True
benjaminp/six,77868600,True,False,True,True,False
besser82/libxcrypt,35503965,True,False,True,True,False
bincode-org/bincode,24130045,True,False,True,False,False
bitflags/bitflags,29287955,True,False,True,True,False
blakeembrey/array-flatten,17789771,True,True,True,True,True
blakeembrey/change-case,9440238,True,True,True,True,True
bluss/bencher,65987276,True,True,True,True,True
bminor/glibc,13868694,True,True,True,True,True
boto/boto3,24774658,True,True,False,True,False
boto/botocore,6670942,True,True,False,True,False
boto/s3transfer,49535299,True,True,False,True,False
brianc/node-postgres,991475,True,True,True,True,True
broofa/mime,534940,True,True,True,True,True
broofa/node-int64,1208666,True,False,True,False,False
browserify/events,1649251,True,True,True,True,True
browserify/node-util,14568009,True,True,True,True,True
browserify/randombytes,29300004,True,False,True,True,False
browserify/resolve,1915099,True,True,True,True,True
browserslist/browserslist,27971466,True,True,True,True,True
browserslist/caniuse-lite,80221890,False,True,True,True,False
browserslist/update-db,505548145,True,True,True,True,True
burntsushi/aho-corasick,37290678,True,True,True,True,True
burntsushi/jiff,759017108,True,True,True,True,True
burntsushi/memchr,37290652,True,True,True,True,True
burntsushi/quickcheck,17559913,True,True,True,True,True
burntsushi/same-file,78375612,True,True,True,True,True
burntsushi/termcolor,141345580,True,True,True,True,True
burntsushi/ucd-generate,123997498,True,True,True,True,True
burntsushi/walkdir,42685794,True,True,True,True,True
burntsushi/winapi-util,146040682,True,True,True,True,True
businho/pytest-ruff,599731435,True,False,True,True,False
bytecodealliance/rustix,295544240,True,True,True,True,True
bytecodealliance/wasi-rs,196445196,True,True,True,True,True
c-ares/c-ares,571708,True,False,True,True,False
calvinmetcalf/minimalistic-assert,29144257,True,False,True,True,False
calvinmetcalf/process-nextick-args,36039131,True,False,True,True,False
caolan/async,698041,True,False,True,True,False
certbot/certbot,26516210,True,True,True,True,True
certifi/python-certifi,3060959,True,False,True,True,False
chaijs/type-detect,12107007,True,True,True,True,True
chalk/ansi-regex,20451415,True,True,True,True,True
chalk/ansi-styles,11803168,True,True,True,True,True
chalk/chalk,11855195,True,True,True,True,True
chalk/slice-ansi,43191689,True,True,True,True,True
chalk/strip-ansi,15014856,True,True,True,True,True
chalk/supports-color,11855007,True,True,True,True,True
chalk/wrap-ansi,41053676,True,True,True,True,True
chalker/safer-buffer,125825141,True,False,True,True,False
chardet/chardet,5196969,True,False,True,True,False
cheeriojs/dom-serializer,18991884,True,True,True,True,True
chicoxyzzy/node-releases,73765596,True,False,True,True,False
chronotope/chrono,18210201,True,False,True,True,False
chronotope/humantime,59320323,True,False,True,True,False
clap-rs/clap,31315121,True,True,True,True,True
cloudflare/cloudflare-python,753271547,True,True,False,True,False
colinhacks/zod,245704608,True,True,True,True,True
colorjs/color-name,27038309,True,False,True,True,False
comex/rust-shlex,37886228,True,False,True,True,False
component/escape-html,5444800,True,False,True,True,False
component/toidentifier,114743189,True,False,True,True,False
composefs/tar-rs,21946092,True,False,True,True,False
conventional-changelog/commitlint,51575745,True,False,True,True,False
conventional-changelog/conventional-changelog,15639771,True,False,True,True,False
cosmiconfig/cosmiconfig,45750507,True,True,True,True,True
coveragepy/coveragepy,138421996,True,True,True,True,True
cpburnz/python-pathspec,14648551,True,False,True,True,False
crate-py/rpds,608018848,True,True,True,True,True
criterion-rs/criterion.rs,1081104682,True,False,True,True,False
crossbeam-rs/crossbeam,35566048,True,False,True,True,False
css-modules/icss-utils,42766912,True,False,True,True,False
cssnano/cssnano,33943153,True,True,True,True,True
csstools/postcss-plugins,219192307,True,True,True,True,True
csstree/csstree,67236461,True,True,True,True,True
curl/curl,569041,True,True,True,True,True
cuviper/autocfg,135481335,True,False,True,True,False
cyan4973/xxhash,19330466,True,False,True,True,False
daaku/nodejs-makeerror,2097803,True,False,True,True,False
daaku/nodejs-tmpl,2171213,True,False,True,True,False
dateutil/dateutil,26876372,True,False,True,True,False
davidhalter/parso,90668463,True,True,True,True,True
davisjam/safe-regex,90781457,True,False,True,True,False
dchest/tweetnacl-js,15649752,True,False,True,True,False
dcodeio/long.js,8678904,True,True,True,True,True
debug-js/debug,2871998,True,True,True,True,True
definitelytyped/definitelytyped,6093316,True,True,False,True,False
defunctzombie/node-process,7580644,True,False,True,True,False
django/asgiref,48501860,True,True,True,True,True
djc/rustc-version-rs,41272773,True,True,True,True,True
dmitrysoshnikov/regexp-tree,85459304,True,False,True,True,False
docutils/docutils,44840244,True,False,True,True,False
dominictarr/through,4885140,True,False,True,False,False
doowb/ansi-colors,47135420,True,True,True,True,True
douglasdwyer/wasm_sync,668034655,True,False,True,True,False
dougwilson/nodejs-depd,20848667,True,False,True,True,False
dtolnay/anyhow,212936374,True,True,True,True,True
dtolnay/automod,173074854,True,True,True,True,True
dtolnay/dissimilar,229514821,True,True,True,True,True
dtolnay/indoc,54252316,True,True,True,True,True
dtolnay/itoa,61962375,True,True,True,True,True
dtolnay/no-panic,143469762,True,True,True,True,True
dtolnay/paste,155652490,True,False,True,False,False
dtolnay/proc-macro2,91860126,True,True,True,True,True
dtolnay/quote,67273122,True,True,True,True,True
dtolnay/ref-cast,106295902,True,True,True,True,True
dtolnay/rustversion,183990447,True,True,True,True,True
dtolnay/ryu,142720484,True,True,True,True,True
dtolnay/semver,22432442,True,True,True,True,True
dtolnay/syn,67305738,True,True,True,True,True
dtolnay/target-triple,734167706,True,True,True,True,True
dtolnay/thiserror,213836768,True,True,True,True,True
dtolnay/trybuild,184941159,True,True,True,True,True
dtolnay/unicode-ident,492639579,True,True,True,True,True
eemeli/yaml,119439276,True,True,True,True,True
ehmicky/human-signals,214467546,True,False,True,True,False
eliben/pycparser,10589864,True,False,True,True,False
emotion-js/emotion,92570536,True,True,True,True,True
enarx/ciborium,313759241,True,False,True,True,False
encode/httpcore,237210639,True,True,True,True,True
encode/httpx,179492861,True,True,True,True,True
epoberezkin/fast-deep-equal,94483360,True,True,True,True,True
epoberezkin/fast-json-stable-stringify,108103016,True,True,True,True,True
epoberezkin/json-schema-traverse,93333933,True,True,True,True,True
es-shims/array-includes,28753032,True,True,True,True,True
es-shims/dunder-proto,898274312,True,True,True,True,True
es-shims/es-object-atoms,773229339,True,True,True,True,True
es-shims/es-set-tostringtag,580683868,True,True,True,True,True
es-shims/math-intrinsics,902014040,True,True,True,True,True
es-shims/object.values,41723335,True,True,True,True,True
es-shims/regexp.prototype.flags,26932422,True,True,True,True,True
es-shims/string.prototype.trimend,114682758,True,True,True,True,True
es-shims/string.prototype.trimstart,114682105,True,True,True,True,True
eslint-community/eslint-utils,568240379,True,True,True,True,True
eslint/doctrine,4286644,True,True,True,False,False
eslint/eslint,11061773,True,True,True,True,True
eslint/js,27620277,True,True,True,True,True
eslint/rewrite,791446923,True,True,True,True,True
estools/escodegen,3611422,True,False,True,True,False
estools/esquery,11412938,True,False,True,True,False
estools/esrecurse,27429822,True,False,True,True,False
estools/estraverse,6145439,True,False,True,True,False
estools/esutils,14677293,True,False,True,True,False
ethers-io/ethers.js,63465664,True,True,True,True,True
evanw/esbuild,61137153,True,False,True,True,False
evanw/node-source-map-support,7682781,True,False,True,True,False
eventualbuddha/lines-and-columns,47284288,True,False,True,True,False
executablebooks/markdown-it-py,249956697,True,False,True,True,False
executablebooks/mdurl,387293763,True,False,True,True,False
exodusoss/bytes,885154008,True,False,True,True,False
expressjs/body-parser,15669006,True,True,True,True,True
expressjs/serve-static,17464338,True,True,True,True,True
facebook/prop-types,87597642,True,True,True,False,False
facebook/regenerator,13346571,True,True,True,False,False
facebook/watchman,6930489,True,True,False,True,False
facebook/zstd,29759715,True,True,False,True,False
facelessuser/soupsieve,160789418,True,True,True,True,True
fastify/fast-uri,419317518,True,True,True,True,True
faye/websocket-driver-node,9733816,True,False,True,True,False
fb55/boolbase,16864585,True,True,True,True,True
fb55/css-select,3411063,True,True,True,True,True
fb55/css-what,4460687,True,True,True,True,True
fb55/domelementtype,6627835,True,True,True,True,True
fb55/domhandler,5414232,True,True,True,True,True
fb55/domutils,6627949,True,True,True,True,True
fb55/entities,3172629,True,True,True,True,True
fb55/htmlparser2,2279062,True,True,True,True,True
fb55/nth-check,16864923,True,True,True,True,True
felixge/node-combined-stream,1787452,True,False,True,True,False
felixge/node-delayed-stream,1783893,True,False,True,True,False
feross/buffer,14494363,True,True,True,True,True
feross/ieee754,15489525,True,True,True,True,True
feross/is-buffer,25997846,True,True,True,True,True
feross/queue-microtask,207021895,True,True,True,True,True
feross/run-parallel,18700638,True,True,True,True,True
feross/safe-buffer,49538897,True,True,True,True,True
ffmpeg/ffmpeg,1614410,True,True,True,True,True
firebase/firebase-js-sdk,89290483,True,True,False,True,False
fitzgen/glob-to-regexp,11461122,True,False,True,False,False
floatdrop/require-from-string,39301848,True,False,True,False,False
floating-ui/floating-ui,54994103,True,True,True,True,True
follow-redirects/follow-redirects,6697086,True,True,True,True,True
form-data/form-data,1755793,True,False,True,True,False
formatjs/formatjs,19117456,True,True,True,True,True
freedesktop-unofficial-mirror/cairo,34372735,True,True,True,True,True
freetype/freetype,187000659,True,False,True,True,False
frenic/csstype,104001328,True,False,True,True,False
frommi/miniz_oxide,96124162,True,False,True,True,False
fsevents/fsevents,1402936,True,False,True,True,False
fsspec/filesystem_spec,130727736,True,False,True,True,False
fsspec/s3fs,53987953,True,False,True,True,False
garycourt/uri-js,989080,True,False,True,True,False
gcc-mirror/gcc,22711503,True,True,True,True,True
getsentry/sentry-javascript,3328572,True,True,False,True,False
giampaolo/psutil,20101515,True,True,True,True,True
git/git,36502,True,True,True,True,True
gitlab-freedesktop-mirrors/libxcb,444023705,True,True,True,True,True
gitoxidelabs/gitoxide,136510559,True,True,True,True,True
gitpython-developers/gitdb,1126093,True,False,True,True,False
gitpython-developers/smmap,1865144,True,False,True,True,False
gkz/levn,13287279,True,False,True,True,False
gkz/optionator,13435927,True,False,True,True,False
gkz/prelude-ls,4457759,True,False,True,True,False
gkz/type-check,13182168,True,False,True,True,False
gmp-mirror/gmp,681340775,True,True,True,True,True
gnome/pango,4537144,True,True,True,True,True
google/brotli,24993138,True,True,False,True,False
google/zerocopy,534354967,True,True,False,True,False
googleapis/google-cloud-python,16316451,True,True,False,True,False
googleapis/python-cloud-core,226992462,True,False,True,False,False
googleapis/python-crc32c,159736041,True,False,True,False,False
googlechrome/workbox,55424670,True,True,False,True,False
grahamdumpleton/wrapt,10357291,True,True,True,True,True
grantjenks/python-sortedcontainers,17144859,True,True,True,True,True
graydon/exhaustigen-rs,432630522,True,False,True,True,False
gregberge/svgr,102155012,True,True,True,True,True
grncdr/merge-stream,10579821,True,False,True,True,False
grpc/grpc,27729880,True,True,True,True,True
gsnedders/python-webencodings,7043404,True,False,True,True,False
guillaumegomez/doc-comment,127254922,True,True,True,True,True
gulpjs/glob-parent,29154915,True,True,True,True,True
gweis/isodate,6449370,True,False,True,True,False
gyscos/zstd-rs,52115335,True,False,True,True,False
hapijs/hoek,5831189,True,True,True,True,True
harfbuzz/harfbuzz,5050525,True,True,True,True,True
hiddentao/fast-levenshtein,9490451,True,False,True,True,False
httplib2/httplib2,53002916,True,False,True,True,False
huggingface/huggingface_hub,323591830,True,True,False,True,False
hukkin/tomli,370616797,True,False,True,True,False
hyperium/http,84983058,True,True,True,True,True
hyperium/http-body,183281612,True,True,True,True,True
iarna/aproba,31432421,True,False,True,True,False
import-js/eslint-plugin-import,32238354,True,True,True,True,True
indexmap-rs/indexmap,68294628,True,False,True,True,False
indutny/bn.js,19176350,True,True,True,True,True
indygreg/python-zstandard,67307930,True,True,True,True,True
inikulin/parse5,8862593,True,True,True,True,True
inspect-js/array-buffer-byte-length,607836784,True,True,True,True,True
inspect-js/available-typed-arrays,235965505,True,True,True,True,True
inspect-js/functions-have-names,198357138,True,True,True,True,True
inspect-js/has-bigints,201714166,True,True,True,True,True
inspect-js/has-property-descriptors,481834578,True,True,True,True,True
inspect-js/has-proto,577580747,True,True,True,True,True
inspect-js/has-symbols,68573418,True,True,True,True,True
inspect-js/has-tostringtag,392913710,True,True,True,True,True
inspect-js/hasown,703350811,True,True,True,True,True
inspect-js/is-accessor-descriptor,41658954,True,True,True,True,True
inspect-js/is-arguments,15725461,True,True,True,True,True
inspect-js/is-array-buffer,45977026,True,True,True,True,True
inspect-js/is-bigint,149682261,True,True,True,True,True
inspect-js/is-boolean-object,34700259,True,True,True,True,True
inspect-js/is-callable,30012910,True,True,True,True,True
inspect-js/is-core-module,24578130,True,True,True,True,True
inspect-js/is-data-descriptor,41659073,True,True,True,True,True
inspect-js/is-data-view,751048078,True,True,True,True,True
inspect-js/is-date-object,29991041,True,True,True,True,True
inspect-js/is-descriptor,41658845,True,True,True,True,True
inspect-js/is-number-object,29991666,True,True,True,True,True
inspect-js/is-regex,15930063,True,True,True,True,True
inspect-js/is-string,30010185,True,True,True,True,True
inspect-js/is-symbol,29791606,True,True,True,True,True
inspect-js/is-typed-array,43528820,True,True,True,True,True
inspect-js/node-supports-preserve-symlinks-flag,443970899,True,True,True,True,True
inspect-js/object-inspect,11683441,True,True,True,True,True
inspect-js/typed-array-buffer,649850465,True,True,True,True,True
inspect-js/which-boxed-primitive,201685155,True,True,True,True,True
inspect-js/which-typed-array,43708371,True,True,True,True,True
ipython/traitlets,14993021,True,True,True,True,True
isaacs/chownr,3858354,True,True,True,True,True
isaacs/cliui,634056857,True,True,True,True,True
isaacs/core-util-is,12391440,True,True,True,True,True
isaacs/fs-minipass,102982143,True,True,True,True,True
isaacs/fs.realpath,61231712,True,True,True,True,True
isaacs/inflight-deprecated-do-not-use,19442260,True,False,True,False,False
isaacs/inherits,1580001,True,True,True,True,True
isaacs/isexe,49804297,True,True,True,True,True
isaacs/minimatch,2056549,True,True,True,True,True
isaacs/minipass,84886212,True,True,True,True,True
isaacs/minizlib,86429676,True,True,True,True,True
isaacs/node-glob,357681,True,True,True,True,True
isaacs/node-graceful-fs,2077020,True,True,True,True,True
isaacs/node-lru-cache,679662,True,True,True,True,True
isaacs/node-mkdirp,2718248,True,True,True,True,True
isaacs/node-tar,1534331,True,True,True,True,True
isaacs/once,5409660,True,True,True,True,True
isaacs/package-json-from-dist,800543709,True,True,True,True,True
isaacs/path-scurry,591569499,True,True,True,True,True
isaacs/rimraf,1341324,True,True,True,True,True
isaacs/sax-js,508894,True,True,True,True,True
isaacs/wrappy,24208073,True,True,True,True,True
isaacs/yallist,48222381,True,True,True,True,True
istanbuljs/istanbuljs,81482340,True,True,True,True,True
istanbuljs/schema,211950686,True,True,True,True,True
istanbuljs/test-exclude,60489570,True,True,True,True,True
jamesmunns/postcard,179385478,True,False,True,True,False
jaraco/jaraco.develop,48289082,True,True,True,True,True
jaraco/pytest-perf,372026120,True,True,True,True,True
jaraco/zipp,157774633,True,True,True,True,True
jaredhanson/utils-merge,11349896,True,True,True,True,True
jaredwray/cacheable,9267870,True,False,True,True,False
jaredwray/keyv,96540810,True,False,True,True,False
jawah/charset_normalizer,200259335,True,True,True,True,True
jbgutierrez/path-parse,34113780,True,False,True,True,False
jd/tenacity,65468547,True,True,True,True,True
jensyt/imurmurhash-js,11802843,True,False,True,True,False
jestjs/jest,15062869,True,True,True,True,True
jimmywarting/node-domexception,371470141,True,False,True,False,False
jimp-dev/jimp,24008065,True,True,True,True,True
jmespath/jmespath.py,8300763,True,False,True,True,False
joblib/joblib,654608,True,False,True,True,False
jonathanong/ee-first,20707897,True,False,True,True,False
jonschlinkert/assign-symbols,45661176,True,True,True,True,True
jonschlinkert/define-property,40633359,True,True,True,True,True
jonschlinkert/extend-shallow,25867410,True,True,True,True,True
jonschlinkert/fill-range,27113310,True,True,True,True,True
jonschlinkert/get-value,24911025,True,True,True,True,True
jonschlinkert/global-prefix,31455984,True,True,True,True,True
jonschlinkert/has-value,24310408,True,True,True,True,True
jonschlinkert/has-values,33009186,True,True,True,True,True
jonschlinkert/is-extendable,38225016,True,True,True,True,True
jonschlinkert/is-number,24313173,True,True,True,True,True
jonschlinkert/is-plain-object,24306940,True,True,True,True,True
jonschlinkert/isobject,21342886,True,True,True,True,True
jonschlinkert/kind-of,24491562,True,True,True,True,True
jonschlinkert/map-cache,32450614,True,True,True,True,True
jonschlinkert/normalize-path,21224182,True,True,True,True,True
jonschlinkert/object-visit,38545952,True,True,True,True,True
jonschlinkert/word-wrap,18260583,True,True,True,True,True
jorgebucaran/colorette,34648097,True,True,True,True,True
joshuakgoldberg/ts-api-utils,597893818,True,True,True,True,True
jpadilla/pyjwt,1408162,True,True,True,True,True
jprichardson/node-fs-extra,2791348,True,False,True,True,False
jprichardson/node-jsonfile,5754307,True,False,True,True,False
jquast/wcwidth,18464187,True,True,True,True,True
jquery/esprima,2833537,True,True,True,True,True
jridgewell/resolve-uri,196878944,True,False,True,True,False
jridgewell/sourcemaps,897142826,True,False,True,True,False
jsdom/tr46,36964214,True,True,True,True,True
jsdom/webidl-conversions,23000311,True,True,True,True,True
jsdom/whatwg-mimetype,71014420,True,True,True,True,True
jsdom/whatwg-url,34761352,True,True,True,True,True
jsdom/xml-name-validator,28553202,True,True,True,True,True
jshttp/accepts,15482433,True,True,True,True,True
jshttp/content-disposition,24216676,True,True,True,True,True
jshttp/content-type,30172150,True,True,True,True,True
jshttp/cookie,4475810,True,True,True,True,True
jshttp/etag,22894570,True,True,True,True,True
jshttp/forwarded,24300217,True,True,True,True,True
jshttp/fresh,4617552,True,True,True,True,True
jshttp/http-errors,23806086,True,True,True,True,True
jshttp/media-typer,20814275,True,True,True,True,True
jshttp/methods,8274071,True,True,True,True,True
jshttp/mime-db,22970419,True,True,True,True,True
jshttp/mime-types,19380178,True,True,True,True,True
jshttp/negotiator,3275614,True,True,True,True,True
jshttp/on-finished,15349765,True,True,True,True,True
jshttp/range-parser,4627131,True,True,True,True,True
jshttp/statuses,17690272,True,True,True,True,True
jshttp/type-is,15484233,True,True,True,True,True
jshttp/vary,20498698,True,True,True,True,True
jslicense/spdx-correct.js,34817196,True,False,True,True,False
jslicense/spdx-exceptions.json,40062896,False,False,True,True,False
jslicense/spdx-expression-parse.js,40067336,True,False,True,True,False
jslicense/spdx-license-ids,26001547,False,False,True,True,False
json5/json5,4463453,True,False,True,True,False
juliangruber/balanced-match,13538817,True,True,True,True,True
juliangruber/brace-expansion,13539234,True,True,True,True,True
juliangruber/isarray,10227611,True,True,True,True,True
justmoon/node-extend,3967764,True,False,True,True,False
jviereck/regjsparser,14087781,True,False,True,True,False
ka-weihe/fastest-levenshtein,158960628,True,False,True,True,False
kaelzhang/node-ignore,12519245,True,True,True,True,True
kemitchell/validate-npm-package-license.js,35000460,True,False,True,True,False
kevinbeaty/any-promise,26247715,True,False,True,True,False
kevva/dir-glob,49264969,True,True,True,True,True
kevva/shebang-command,47402913,True,True,True,True,True
kilian/electron-to-chromium,78972540,True,True,True,True,True
kjd/idna,10323585,True,False,True,True,False
knurling-rs/defmt,282262730,True,True,True,True,True
kpdecker/jsdiff,1542219,True,False,True,True,False
krb5/krb5,4307702,True,False,True,True,False
kriskowal/asap,11295071,True,False,True,True,False
kriszyp/json-schema,947175,True,True,True,True,True
langchain-ai/langchain,552661142,True,True,False,True,False
laurent-laporte-pro/deprecated,111412148,True,False,True,True,False
lddubeau/xmlchars,139881982,True,False,True,False,False
legrandin/pycryptodome,19378935,True,False,True,True,False
libexpat/libexpat,80314213,True,False,True,True,False
libffi/libffi,321154,True,True,True,True,True
libjpeg-turbo/libjpeg-turbo,39760454,True,True,True,True,True
libjxl/libjxl,340219494,True,True,False,True,False
libpixman/pixman,81675971,True,True,True,True,True
libuv/libuv,14812739,True,True,True,True,True
linusu/buffer-from,66025821,True,True,True,True,True
linux-audit/audit-userspace,52464964,True,False,True,True,False
linux-pam/linux-pam,76264690,True,False,True,True,False
litejs/natural-compare-lite,9146732,True,True,True,True,True
ljharb/call-bind,308533760,True,True,True,True,True
ljharb/call-bind-apply-helpers,898190951,True,True,True,True,True
ljharb/call-bound,898125972,True,True,True,True,True
ljharb/concat-map,548993448,True,True,True,True,True
ljharb/define-data-property,689109338,True,True,True,True,True
ljharb/define-properties,28768789,True,True,True,True,True
ljharb/es-abstract,28995155,True,True,True,True,True
ljharb/es-define-property,756570458,True,True,True,True,True
ljharb/es-errors,752160492,True,True,True,True,True
ljharb/es-shim-unscopables,480458584,True,True,True,True,True
ljharb/es-to-primitive,32377814,True,True,True,True,True
ljharb/get-intrinsic,308516559,True,True,True,True,True
ljharb/get-proto,911035271,True,True,True,True,True
ljharb/gopd,560708130,True,True,True,True,True
ljharb/internal-slot,216159146,True,True,True,True,True
ljharb/object-keys,9103992,True,True,True,True,True
ljharb/object.assign,17755831,True,True,True,True,True
ljharb/possible-typed-array-names,760136716,True,True,True,True,True
ljharb/qs,22266795,True,True,True,True,True
ljharb/safe-regex-test,540138887,True,True,True,True,True
ljharb/set-function-length,704249795,True,True,True,True,True
ljharb/side-channel,225239081,True,True,True,True,True
ljharb/side-channel-list,901451610,True,True,True,True,True
ljharb/side-channel-map,901191461,True,True,True,True,True
ljharb/side-channel-weakmap,901188921,True,True,True,True,True
lodash/lodash,3955647,True,True,True,True,True
loganfsmyth/gensync,132383032,True,False,True,True,False
lokathor/bytemuck,209673558,True,True,True,True,True
lukeed/dequal,174421655,True,True,True,True,True
lukeed/escalade,273568715,True,True,True,True,True
lukeed/kleur,140393403,True,True,True,True,True
lxml/lxml,1353927,True,True,True,True,True
lydell/js-tokens,17552490,True,False,True,True,False
lz4/lz4,18106269,True,False,True,True,False
madler/zlib,2359378,True,False,True,True,False
mafintosh/end-of-stream,14732255,True,True,True,True,True
mafintosh/pump,12118126,True,True,True,True,True
mafintosh/tar-stream,15340089,True,True,True,True,True
marshallpierce/rust-base64,47371310,True,False,True,True,False
mathiasbynens/cssesc,12001360,True,True,True,True,True
mathiasbynens/emoji-regex,24557614,True,True,True,True,True
mathiasbynens/jsesc,10498729,True,True,True,True,True
mathiasbynens/punycode.js,2755924,True,True,True,True,True
mathiasbynens/regenerate,10182772,True,True,True,True,True
mathiasbynens/regexpu-core,49437324,True,True,True,True,True
mathiasbynens/unicode-canonical-property-names-ecmascript,88346537,True,True,True,True,True
mathiasbynens/unicode-property-aliases-ecmascript,88333533,True,True,True,True,True
matklad/once_cell,143220272,True,False,True,True,False
matplotlib/matplotlib,1385122,True,True,True,True,True
mcollina/fastq,37368217,True,True,True,True,True
mcollina/reusify,42106515,True,True,True,True,True
mdn/data,70901646,False,False,True,True,False
medikoo/d,10817569,True,True,True,True,True
medikoo/es5-ext,1792941,True,True,True,True,True
medikoo/es6-symbol,14423385,True,True,True,True,True
medikoo/type,177198492,True,True,True,True,True
meinersbur/isl,37677854,True,False,True,True,False
mhammond/pywin32,108187130,True,False,True,True,False
micheles/decorator,14656555,True,False,True,True,False
micromark/micromark,157420458,True,True,True,True,True
micromatch/anymatch,11458302,True,True,True,True,True
micromatch/braces,25475303,True,True,True,True,True
micromatch/is-extglob,31788841,True,True,True,True,True
micromatch/is-glob,28179425,True,True,True,True,True
micromatch/micromatch,27359938,True,True,True,True,True
micromatch/picomatch,156211895,True,True,True,True,True
micromatch/to-regex-range,40355891,True,True,True,True,True
microsoft/tslib,34414315,True,True,False,True,False
microsoft/typescript,20929025,True,True,False,True,False
microsoft/windows-rs,208102250,True,True,False,True,False
minimistjs/minimist,549230701,True,True,True,True,True
mirror/ncurses,22324756,True,True,True,True,True
mitsuhiko/insta,165561258,True,True,True,True,True
mm2/little-cms,507969,True,False,True,True,False
moment/moment,1424470,True,True,True,True,True
more-itertools/more-itertools,4144530,True,False,True,True,False
motdotla/dotenv,11205780,True,True,True,True,True
moxystudio/node-cross-spawn,21335844,True,False,True,True,False
mozilla/source-map,2014930,True,True,True,True,True
mrabarnett/mrab-regex,309446978,True,False,True,True,False
mrmlnc/fast-glob,77467076,True,False,True,True,False
msgpack/msgpack-python,2242705,True,False,True,True,False
mui/material-ui,23083156,True,True,False,True,False
myrne/performance-now,10219264,True,False,True,True,False
mysticatea/abort-controller,105228556,True,True,True,True,True
mysticatea/event-target-shim,31137469,True,True,True,True,True
netflix/vmaf,51317975,False,True,False,True,False
nghttp2/nghttp2,11452676,True,False,True,True,False
nicolo-ribaudo/babel-preset-current-node-syntax,253327079,True,True,True,True,True
nlnetlabs/unbound,94195301,True,True,True,True,True
node-fetch/fetch-blob,186960326,True,True,True,True,True
node-fetch/node-fetch,29849956,True,True,True,True,True
nodeca/argparse,4325614,True,True,True,True,True
nodeca/js-yaml,2504175,True,True,True,True,True
nodeca/pako,16231859,True,True,True,True,True
nodejs/node,27193779,True,True,True,True,True
nodejs/readable-stream,5187096,True,True,True,True,True
nodejs/string_decoder,95052330,True,True,True,True,True
nodejs/undici,133092972,True,True,True,True,True
nodelib/nodelib,129310478,True,False,True,True,False
npm/abbrev-js,554893,True,True,False,True,False
npm/cacache,193812470,True,True,False,True,False
npm/hosted-git-info,25002984,True,True,False,True,False
npm/ini,2167680,True,True,False,True,False
npm/json-parse-even-better-errors,211384370,True,True,False,True,False
npm/mute-stream,5159166,True,True,False,True,False
npm/node-semver,1357199,True,True,False,True,False
npm/node-which,2169708,True,True,False,True,False
npm/nopt,1544436,True,True,False,True,False
npm/normalize-package-data,9301720,True,True,False,True,False
npm/ssri,193817839,True,True,False,True,False
npm/unique-slug,35246620,True,True,False,True,False
npm/write-file-atomic,23896209,True,True,False,True,False
numpy/numpy,908607,True,True,True,True,True
nv/cssom,1025209,True,False,True,True,False
nvzqz/static-assertions,100129252,True,True,True,True,True
oauthlib/oauthlib,2811323,True,True,True,True,True
octokit/openapi-types.ts,304109193,True,True,False,True,False
octokit/types.ts,216109757,True,True,False,True,False
oozcitak/xmlbuilder-js,1042809,True,True,True,True,True
open-telemetry/opentelemetry-js,185901023,True,True,True,True,True
open-telemetry/opentelemetry-js-contrib,255986659,True,True,True,True,True
open-telemetry/opentelemetry-python,185478926,True,True,True,True,True
open-telemetry/opentelemetry-python-contrib,220524743,True,True,True,True,True
openssl/openssl,7634677,True,True,True,True,True
p11-glue/p11-kit,12060420,True,False,True,True,False
pallets/click,19103692,True,True,True,True,True
pallets/flask,596892,True,True,True,True,True
pallets/itsdangerous,1945034,True,True,True,True,True
pallets/jinja,994551,True,True,True,True,True
pallets/markupsafe,734244,True,True,True,True,True
pallets/werkzeug,997338,True,True,True,True,True
pandas-dev/pandas,858127,True,True,True,True,True
paramiko/paramiko,119609,True,True,True,True,True
paulmillr/chokidar,4090287,True,True,True,True,True
paulmillr/readdirp,4494405,True,True,True,True,True
pcre2project/pcre2,398251321,True,False,True,True,False
pest-parser/pest,56964647,True,True,True,True,True
peternator7/strum,80964373,True,False,True,True,False
petkaantonov/bluebird,12670444,True,False,True,True,False
pexpect/ptyprocess,24727748,True,False,True,True,False
pillarjs/encodeurl,60721766,True,True,True,True,True
pillarjs/finalhandler,20547377,True,True,True,True,True
pillarjs/iconv-lite,2743221,True,True,True,True,True
pillarjs/parseurl,17533192,True,True,True,True,True
pillarjs/path-to-regexp,5265803,True,True,True,True,True
pillarjs/send,4879977,True,True,True,True,True
pkgconf/pkgconf,4180110,True,True,True,True,True
pnggroup/libpng,3768025,True,False,True,True,False
postcss/postcss,13078968,True,True,True,True,True
postcss/postcss-selector-parser,36500102,True,True,True,True,True
postcss/postcss-value-parser,40920306,True,True,True,True,True
prettier/prettier,75104123,True,True,True,True,True
primus/eventemitter3,13100677,True,False,True,True,False
proptest-rs/proptest,94702898,True,False,True,True,False
protobufjs/protobuf.js,8507859,True,True,True,True,True
protocolbuffers/protobuf,23357588,True,True,False,True,False
psf/requests,1362490,True,True,True,True,True
psycopg/psycopg2,7730829,True,True,True,True,True
pvorb/clone,2317381,True,True,True,True,True
py4j/py4j,1045976,True,False,True,True,False
pyasn1/pyasn1,512723255,True,True,True,True,True
pyasn1/pyasn1-modules,512723354,True,True,True,True,True
pyca/bcrypt,9993757,True,False,True,True,False
pyca/cryptography,11939484,True,False,True,True,False
pyca/pynacl,8350032,True,False,True,True,False
pyca/pyopenssl,15778059,True,False,True,True,False
pydantic/pydantic,90194616,True,True,False,True,False
pydantic/typing-inspection,930576948,True,True,True,True,True
pygments/pygments,205564111,True,False,True,True,False
pypa/distlib,436970140,True,True,True,True,True
pypa/packaging,19837758,True,True,True,True,True
pypa/pip,1446467,True,True,True,True,True
pypa/setuptools,54980593,True,True,True,True,True
pypa/virtualenv,1446474,True,True,True,True,True
pypa/wheel,98346885,True,True,True,True,True
pyparsing/pyparsing,91262163,True,True,True,True,True
pytest-dev/iniconfig,66012563,True,True,True,True,True
pytest-dev/pluggy,34739117,True,True,True,True,True
pytest-dev/pytest,37489525,True,True,True,True,True
python-attrs/attrs,29918975,True,True,True,True,True
python-cffi/cffi,696427398,True,False,True,True,False
python-greenlet/greenlet,3003137,True,False,True,True,False
python-hyper/brotlicffi,43543393,True,False,True,True,False
python-hyper/h11,57372073,True,False,True,True,False
python-jsonschema/jsonschema,3072629,True,True,True,True,True
python-jsonschema/jsonschema-specifications,582755777,True,True,True,True,True
python-jsonschema/referencing,569027868,True,True,True,True,True
python-pillow/pillow,5171600,True,True,True,True,True
python-poetry/tomlkit,140365570,True,True,True,True,True
python-trio/sniffio,142657210,True,True,True,True,True
python/cpython,81598961,True,True,True,True,True
python/importlib_metadata,306448340,True,True,True,True,True
python/importlib_resources,306147182,True,True,True,True,True
python/mypy,7053637,True,True,True,True,True
python/mypy_extensions,165752308,True,True,True,True,True
python/typing,24604008,True,True,True,True,True
python/typing_extensions,494077289,True,True,True,True,True
python/tzdata,242158882,True,True,True,True,True
qix-/color-convert,1874305,True,True,True,True,True
qix-/node-error-ex,41388258,True,True,True,True,True
qix-/node-is-arrayish,41376759,True,True,True,True,True
radix-ui/primitives,273499522,True,True,False,True,False
raszi/node-tmp,2313213,True,False,True,True,False
raynos/for-each,6006855,True,True,True,True,True
raynos/function-bind,10727014,True,True,True,True,True
raynos/xtend,4419184,True,False,True,False,False
rayon-rs/either,42479602,True,False,True,True,False
rayon-rs/rayon,24725038,True,False,True,True,False
react/create-react-app,63537249,True,True,False,True,False
react/metro,76504246,True,True,False,True,False
react/react,10270250,True,True,True,True,True
reactivex/rxjs,32247847,True,True,True,True,True
realpython/pytest-mypy,69576530,True,False,True,True,False
remix-run/react-router,19872456,True,True,False,True,False
remusao/tldts,97631656,True,False,True,True,False
requests/requests-oauthlib,6825724,True,True,True,True,True
requests/toolbelt,15515181,True,False,True,True,False
retep998/winapi-rs,23853482,True,True,True,True,True
rich-harris/estree-walker,33668779,True,False,True,True,False
rich-harris/magic-string,26143240,True,False,True,True,False
rob--w/proxy-from-env,52038793,True,False,True,True,False
rogdham/backports.zstd,977687927,True,False,True,True,False
rollup/plugins,203607977,True,True,True,True,True
ronaldoussoren/pyobjc,243933900,True,False,True,True,False
rust-cli/anstyle,493821282,True,True,True,True,True
rust-cli/env_logger,96382888,True,True,True,True,True
rust-embedded/critical-section,365854323,True,False,True,True,False
rust-fuzz/arbitrary,90591032,True,False,True,True,False
rust-itertools/itertools,22360263,True,False,True,True,False
rust-lang-deprecated/tempdir,31728565,True,False,True,False,False
rust-lang-nursery/lazy-static.rs,21157492,True,False,True,True,False
rust-lang/cc-rs,26039547,True,True,True,True,True
rust-lang/cfg-if,38723660,True,True,True,True,True
rust-lang/compiler-builtins,65153793,True,True,True,True,True
rust-lang/flate2-rs,21954009,True,True,True,True,True
rust-lang/futures-rs,55077261,True,True,True,True,True
rust-lang/glob,23241722,True,True,True,True,True
rust-lang/hashbrown,155119796,True,True,True,True,True
rust-lang/libc,29197565,True,True,True,True,True
rust-lang/libz-sys,26042019,True,True,True,True,True
rust-lang/log,27974762,True,True,True,True,True
rust-lang/pkg-config-rs,26042035,True,True,True,True,True
rust-lang/regex,27890669,True,True,True,True,True
rust-lang/rust,724712,True,True,True,True,True
rust-num/num-traits,114705611,True,False,True,True,False
rust-phf/rust-phf,15992970,True,True,True,True,True
rust-random/getrandom,166545969,True,False,True,True,False
rust-random/rand,30227790,True,True,True,True,True
rust-random/rand_core,1086593277,True,True,True,True,True
rust-random/rngs,209510094,True,True,True,True,True
rustcrypto/formats,406051759,True,True,True,True,True
rustcrypto/hashes,74106774,True,True,True,True,True
rustcrypto/stream-ciphers,83051505,True,True,True,True,True
rustcrypto/traits,85605821,True,True,True,True,True
rustcrypto/utils,77307442,True,True,True,True,True
rvagg/archived-prr,9151864,True,False,True,False,False
rvagg/bl,10706095,True,False,True,True,False
rvagg/through2,11808187,True,False,True,True,False
ryanzim/universalify,87651180,True,False,True,True,False
salesforce/tough-cookie,2606873,True,True,False,True,False
samn/json-stable-stringify,76598131,True,False,True,True,False
samverschueren/decode-uri-component,91837954,True,True,True,True,True
sboudrias/inquirer.js,10114077,True,True,True,True,True
scikit-build/ninja-python-distributions,75102202,True,False,True,True,False
scikit-learn/scikit-learn,843222,True,True,True,True,True
scipy/scipy,1460385,True,True,True,True,True
seanmonstar/reqwest,62350380,True,True,True,True,True
sec-ant/readable-stream,569980966,True,False,True,True,False
selinuxproject/selinux,20648799,True,False,True,True,False
serde-rs/bytes,87358441,True,False,True,True,False
serde-rs/json,35894511,True,False,True,True,False
serde-rs/serde,14367737,True,True,True,True,True
servo/core-foundation-rs,5621513,True,False,True,True,False
servo/rust-fnv,33499190,True,True,True,True,True
servo/rust-smallvec,33456236,True,True,True,True,True
servo/rust-url,14934771,True,True,True,True,True
sinclairzx81/typebox,87454905,True,False,True,True,False
sindresorhus/ansi-escapes,40721875,True,True,True,True,True
sindresorhus/array-union,21005682,True,True,True,True,True
sindresorhus/binary-extensions,29771015,True,True,True,True,True
sindresorhus/callsites,18938743,True,True,True,True,True
sindresorhus/camelcase,25116836,True,True,True,True,True
sindresorhus/clean-stack,62838930,True,True,True,True,True
sindresorhus/cli-cursor,23512396,True,True,True,True,True
sindresorhus/crypto-random-string,73665728,True,True,True,True,True
sindresorhus/decamelize,29773710,True,True,True,True,True
sindresorhus/detect-newline,21304485,True,True,True,True,True
sindresorhus/environment,793180075,True,True,True,True,True
sindresorhus/escape-string-regexp,21169121,True,True,True,True,True
sindresorhus/execa,47475908,True,True,True,True,True
sindresorhus/figures,21672939,True,True,True,True,True
sindresorhus/file-type,19105307,True,True,True,True,True
sindresorhus/find-cache-directory,48783244,True,True,True,True,True
sindresorhus/find-up,41723004,True,True,True,True,True
sindresorhus/find-up-simple,714044439,True,True,True,True,True
sindresorhus/get-east-asian-width,711160838,True,True,True,True,True
sindresorhus/get-stream,44264225,True,True,True,True,True
sindresorhus/globals,15186239,True,True,True,True,True
sindresorhus/globby,21069494,True,True,True,True,True
sindresorhus/has-flag,38718671,True,True,True,True,True
sindresorhus/import-fresh,22020904,True,True,True,True,True
sindresorhus/import-local,90292430,True,True,True,True,True
sindresorhus/indent-string,20576837,True,True,True,True,True
sindresorhus/is-binary-path,29771247,True,True,True,True,True
sindresorhus/is-docker,33590534,True,True,True,True,True
sindresorhus/is-fullwidth-code-point,39222301,True,True,True,True,True
sindresorhus/is-inside-container,601943060,True,True,True,True,True
sindresorhus/is-path-inside,21054113,True,True,True,True,True
sindresorhus/is-plain-obj,38923193,True,True,True,True,True
sindresorhus/is-stream,29436825,True,True,True,True,True
sindresorhus/is-unicode-supported,348660847,True,True,True,True,True
sindresorhus/is-wsl,88415331,True,True,True,True,True
sindresorhus/leven,22794601,True,True,True,True,True
sindresorhus/locate-path,74266248,True,True,True,True,True
sindresorhus/log-symbols,21673868,True,True,True,True,True
sindresorhus/lowercase-keys,29769737,True,True,True,True,True
sindresorhus/make-dir,90776169,True,True,True,True,True
sindresorhus/meow,25121561,True,True,True,True,True
sindresorhus/mimic-function,71381729,True,True,True,True,True
sindresorhus/mimic-response,93189529,True,True,True,True,True
sindresorhus/node-defaults,7985040,True,True,True,True,True
sindresorhus/normalize-url,29094022,True,True,True,True,True
sindresorhus/npm-run-path,48707028,True,True,True,True,True
sindresorhus/object-assign,16457190,True,True,True,True,True
sindresorhus/onetime,14847357,True,True,True,True,True
sindresorhus/open,18469325,True,True,True,True,True
sindresorhus/p-limit,71542716,True,True,True,True,True
sindresorhus/p-locate,74265632,True,True,True,True,True
sindresorhus/p-map,71526722,True,True,True,True,True
sindresorhus/p-try,71534796,True,True,True,True,True
sindresorhus/package-directory,41724281,True,True,True,True,True
sindresorhus/parent-module,50187748,True,True,True,True,True
sindresorhus/parse-json,41367145,True,True,True,True,True
sindresorhus/path-exists,34965664,True,True,True,True,True
sindresorhus/path-is-absolute,30900285,True,True,True,False,False
sindresorhus/path-key,48706449,True,True,True,True,True
sindresorhus/path-type,41905436,True,True,True,True,True
sindresorhus/pify,41585934,True,True,True,True,True
sindresorhus/quick-lru,86679721,True,True,True,True,True
sindresorhus/read-package-up,41842429,True,True,True,True,True
sindresorhus/read-pkg,41790094,True,True,True,True,True
sindresorhus/resolve-cwd,47504070,True,True,True,True,True
sindresorhus/resolve-from,22022707,True,True,True,True,True
sindresorhus/restore-cursor,23512229,True,True,True,True,True
sindresorhus/shebang-regex,30903733,True,True,True,True,True
sindresorhus/slash,11516031,True,True,True,True,True
sindresorhus/string-width,39222730,True,True,True,True,True
sindresorhus/strip-bom,18444852,True,True,True,True,True
sindresorhus/strip-final-newline,47453723,True,True,True,True,True
sindresorhus/strip-indent,18242629,True,True,True,True,True
sindresorhus/strip-json-comments,14468669,True,True,True,True,True
sindresorhus/tagged-tag,795552264,True,True,True,True,True
sindresorhus/to-fast-properties,31656998,True,True,True,True,True
sindresorhus/type-fest,175398594,True,True,True,True,True
sindresorhus/unicorn-magic,716660564,True,True,True,True,True
sindresorhus/yocto-queue,315531538,True,True,True,True,True
sinonjs/commons,143001748,True,True,True,True,True
sinonjs/fake-timers,16523712,True,True,True,True,True
smithy-lang/smithy-rs,308027791,True,True,False,True,False
smithy-lang/smithy-typescript,208319207,True,True,False,True,False
smol-rs/fastrand,267368764,True,False,True,True,False
snowflakedb/snowflake-connector-python,62262074,True,True,True,True,True
socketio/socket.io,557980,True,True,True,True,True
sqlalchemy/sqlalchemy,159271175,True,True,True,True,True
sqlite/sqlite,176278485,True,True,False,True,False
srijs/rust-crc32fast,157348282,True,False,True,True,False
stebalien/tempfile,33832372,True,False,True,True,False
stefanpenner/get-caller-file,48818175,True,False,True,True,False
storybookjs/storybook,54173593,True,True,False,True,False
stream-utils/destroy,15544623,True,False,True,True,False
stream-utils/raw-body,12823654,True,False,True,True,False
stream-utils/unpipe,37428186,True,False,True,True,False
streamich/memfs,37490572,True,True,True,True,True
stub42/pytz,63155638,True,True,True,True,True
suguru03/neo-async,27030361,True,False,True,True,False
sval-rs/sval,157205610,True,False,True,True,False
swc-project/swc,115110181,True,True,True,True,True
sybrenstuvel/python-rsa,50107469,True,False,True,False,False
syntax-tree/unist-util-is,41795086,True,True,True,True,True
systemd/systemd,32873313,True,True,True,True,True
taiki-e/pin-project,164668916,True,True,True,True,True
taiki-e/pin-project-lite,216847853,True,True,True,True,True
taiki-e/portable-atomic,448365131,True,True,True,True,True
tapjs/signal-exit,35711072,True,True,True,True,True
tapjs/stack-utils,48974178,True,True,True,True,True
tartley/colorama,18892209,True,True,True,True,True
teambition/merge2,25396227,True,False,True,True,False
teddriggs/darling,89984100,True,True,True,True,True
tehshrike/deepmerge,3276413,True,False,True,True,False
terkelg/sisteransi,122441239,True,True,True,True,True
terser/terser,29097127,True,True,True,True,True
textualize/rich,220809393,True,True,True,True,True
theskumar/python-dotenv,23727790,True,False,True,True,False
thkukuk/rpcsvc-proto,55140533,True,False,True,True,False
thlorenz/convert-source-map,8751561,True,True,True,True,True
thlorenz/deep-is,9345558,True,True,True,True,True
tim-kos/node-retry,1738798,True,False,True,True,False
time-rs/time,26459635,True,True,True,True,True
tj/commander.js,2206953,True,True,True,True,True
tj/node-cookie-signature,6229722,True,True,True,True,True
tjguk/wmi,23124645,True,False,True,True,False
tkem/cachetools,18006791,True,True,True,True,True
tokio-rs/bytes,30062547,True,True,True,True,True
tokio-rs/loom,161875917,True,True,True,True,True
tokio-rs/prost,94262864,True,True,True,True,True
tokio-rs/slab,37093133,True,True,True,True,True
tokio-rs/tokio,67836789,True,True,True,True,True
tokio-rs/tracing,165289175,True,True,True,True,True
toml-rs/toml,95902102,True,True,True,True,True
tootallnate/proxy-agents,11293703,True,False,True,True,False
tootallnate/util-deprecate,19321056,True,False,True,True,False
torvalds/linux,2325298,True,True,True,True,True
tower-rs/tower,98244646,True,True,True,True,True
tox-dev/filelock,17098256,True,True,True,True,True
tox-dev/platformdirs,367032142,True,True,True,True,True
tqdm/tqdm,36804486,True,True,True,True,True
tritondatacenter/node-assert-plus,4767976,True,False,True,True,False
tritondatacenter/node-extsprintf,4058064,True,False,True,True,False
troygoode/node-require-directory,3053807,True,False,True,True,False
tsconfig/bases,263697285,True,False,True,True,False
tukaani-project/xz,553665726,True,True,True,True,True
typescript-eslint/typescript-eslint,165536154,True,True,True,True,True
typeshed-internal/stub_uploader,331669593,True,False,True,True,False
unicode-org/icu,49244766,True,True,True,True,True
unicode-org/icu4x,243395141,True,True,True,True,True
unicode-rs/unicode-xid,34637906,True,False,True,True,False
unshiftio/requires-port,26316179,True,False,True,True,False
uqfoundation/dill,11031844,True,True,True,True,True
urllib3/urllib3,2410676,True,True,True,True,True
util-linux/util-linux,2339555,True,False,True,True,False
uuidjs/uuid,1203139,True,True,True,True,True
vercel/ai,644461337,True,True,False,True,False
vercel/ms,3655872,True,True,False,True,False
visionmedia/bytes.js,4626886,True,False,True,True,False
vitest-dev/vitest,434708679,True,True,True,True,True
vorner/signal-hook,137260008,True,False,True,True,False
vuejs/core,137078487,True,True,True,True,True
wasm-bindgen/wasm-bindgen,114685405,True,True,True,True,True
watson/ci-info,71475907,True,True,True,True,True
wbond/asn1crypto,36823669,True,True,True,True,True
webmproject/libwebp,23368445,True,True,False,True,False
webpack/enhanced-resolve,5400204,True,True,True,True,True
webpack/loader-utils,6503675,True,True,True,False,False
webpack/minimizer-webpack-plugin,143057914,True,True,True,True,True
webpack/schema-utils,80306715,True,True,True,True,True
webpack/tapable,7730086,True,True,True,True,True
webpack/watchpack,24119524,True,True,True,True,True
webpack/webpack-sources,48954523,True,True,True,True,True
webreflection/flatted,131121620,True,True,True,True,True
webreflection/html-escaper,33597730,True,False,True,True,False
websocket-client/websocket-client,1202362,True,False,True,True,False
websockets/ws,2744972,True,True,True,True,True
wesleytodd/setprototypeof,30301031,True,True,True,True,True
whitequark/ipaddr.js,2110585,True,True,True,True,True
withoutboats/heck,86326466,True,False,True,True,False
xiph/ogg,33956205,True,False,True,True,False
xtuc/webassemblyjs,113006071,True,False,True,True,False
yahoo/serialize-javascript,24106944,True,True,False,True,False
yaml/libyaml,2699072,True,False,True,True,False
yaml/pyyaml,2700147,True,False,True,True,False
yargs/cliui,34287546,True,False,True,True,False
yargs/set-blocking,58830287,True,False,True,True,False
yargs/y18n,39720886,True,False,True,True,False
yargs/yargs,14210523,True,False,True,True,False
yargs/yargs-parser,50258379,True,False,True,True,False
yuzujs/setimmediate,1981208,True,False,True,True,False
zertosh/loose-envify,41947687,True,False,True,True,False
zesterer/spin-rs,21686666,True,True,True,True,True
zloirock/core-js,11481338,True,True,True,True,True
