repo,repo_id,license,license_source,oss
7rulnik/source-map-js,330043541,bsd-3-clause,registry,True
acornjs/acorn,5932749,mit,registry,True
acornjs/acorn-jsx,22187098,mit,registry,True
adobe/react-spectrum,208362715,apache-2.0,registry,True
agronholm/anyio,145337588,mit,registry,True
agronholm/exceptiongroup,447694800,mit,registry,True
ai/nanoid,99401299,mit,registry,True
aio-libs-abandoned/async-timeout,67703198,apache-2.0,registry,True
aio-libs/aiobotocore,36618494,apache-2.0,registry,True
aio-libs/aiohttp,13258039,noassertion,github,
aio-libs/aiosignal,205007356,apache-2.0,registry,True
aio-libs/frozenlist,204197530,apache-2.0,registry,True
aio-libs/multidict,51206425,noassertion,github,
aio-libs/propcache,866565706,apache-2.0,registry,True
aio-libs/yarl,64756820,apache-2.0,registry,True
ajv-validator/ajv,35914020,mit,registry,True
ajv-validator/ajv-formats,281084700,mit,registry,True
ajv-validator/ajv-keywords,60477053,mit,registry,True
alexei/sprintf.js,9175790,bsd-3-clause,registry,True
alexeyraspopov/picocolors,410740124,isc,registry,True
alexhuszagh/rust-lexical,155286170,mit/apache-2.0,registry,True
alexindigo/asynckit,59087459,mit,registry,True
amanieu/parking_lot,58731560,mit or apache-2.0,registry,True
andialbrecht/sqlparse,4067434,bsd-3-clause,registry,True
andrewrk/node-pend,11836813,mit,registry,True
andyperlitch/jsbn,9710533,mit,registry,True
angular/angular-cli,36891867,mit,registry,True
annotated-types/annotated-types,487934134,mit,registry,True
antonk52/lilconfig,238967485,mit,registry,True
apache/airflow,33884891,apache-2.0,registry,True
apache/arrow,51905353,apache-2.0,registry,True
apache/arrow-rs,358917250,apache-2.0,registry,True
ardatan/graphql-tools,54432168,mit,registry,True
ardatan/whatwg-node,429511342,mit,registry,True
assert-rs/snapbox,424722460,mit or apache-2.0,registry,True
astanin/python-tabulate,205875548,mit,registry,True
astral-sh/ruff,523043277,mit,registry,True
auth0/node-jwa,8116861,mit,registry,True
autotools-mirror/autoconf,47662429,gpl-3.0-or-later and (gpl-3.0-or-later with autoconf-exception-3.0),registry,True
autotools-mirror/libtool,47662711,gpl-2.0-or-later,registry,True
autotools-mirror/m4,66880383,gpl-3.0-or-later,registry,True
aws/aws-cli,6780767,apache-2.0,registry,True
aws/aws-sdk-js-crypto-helpers,149673986,apache-2.0,registry,True
aws/aws-sdk-js-v3,87228090,apache-2.0,registry,True
axios/axios,23088740,mit,registry,True
azure/azure-sdk-for-js,108311273,mit,registry,True
azure/azure-sdk-for-python,4127088,mit,registry,True
azure/msrest-for-python,71186468,mit,registry,True
azuread/microsoft-authentication-library-for-python,67243113,mit,registry,True
babel/babel,24560307,mit,registry,True
babel/babel-polyfills,190579283,mit,registry,True
babel/minify,55723051,mit,registry,True
bdwgc/bdwgc,2109456,noassertion,github,
beatgammit/base64-js,2853282,mit,registry,True
benjaminp/six,77868600,mit,registry,True
besser82/libxcrypt,35503965,lgpl-2.1-or-later,registry,True
bincode-org/bincode,24130045,mit,registry,True
bitflags/bitflags,29287955,mit or apache-2.0,registry,True
blakeembrey/array-flatten,17789771,mit,registry,True
blakeembrey/change-case,9440238,mit,registry,True
bluss/bencher,65987276,mit/apache-2.0,registry,True
bminor/glibc,13868694,gpl-2.0-or-later and lgpl-2.1-or-later,registry,True
boto/boto3,24774658,apache-2.0,registry,True
boto/botocore,6670942,apache-2.0,registry,True
boto/s3transfer,49535299,apache-2.0,registry,True
brianc/node-postgres,991475,mit,registry,True
broofa/mime,534940,mit,registry,True
broofa/node-int64,1208666,mit,registry,True
browserify/events,1649251,mit,registry,True
browserify/node-util,14568009,mit,registry,True
browserify/randombytes,29300004,mit,registry,True
browserify/resolve,1915099,mit,registry,True
browserslist/browserslist,27971466,mit,registry,True
browserslist/caniuse-lite,80221890,cc-by-4.0,registry,False
browserslist/update-db,505548145,mit,registry,True
burntsushi/aho-corasick,37290678,unlicense or mit,registry,True
burntsushi/jiff,759017108,unlicense or mit,registry,True
burntsushi/memchr,37290652,unlicense or mit,registry,True
burntsushi/quickcheck,17559913,unlicense or mit,registry,True
burntsushi/same-file,78375612,unlicense/mit,registry,True
burntsushi/termcolor,141345580,unlicense or mit,registry,True
burntsushi/ucd-generate,123997498,mit or apache-2.0,registry,True
burntsushi/walkdir,42685794,unlicense/mit,registry,True
burntsushi/winapi-util,146040682,unlicense or mit,registry,True
businho/pytest-ruff,599731435,mit,github,True
bytecodealliance/rustix,295544240,apache-2.0 with llvm-exception or apache-2.0 or mit,registry,True
bytecodealliance/wasi-rs,196445196,apache-2.0 with llvm-exception or apache-2.0 or mit,registry,True
c-ares/c-ares,571708,mit,registry,True
calvinmetcalf/minimalistic-assert,29144257,isc,registry,True
calvinmetcalf/process-nextick-args,36039131,mit,registry,True
caolan/async,698041,mit,registry,True
certbot/certbot,26516210,apache-2.0,registry,True
certifi/python-certifi,3060959,mpl-2.0,registry,True
chaijs/type-detect,12107007,mit,registry,True
chalk/ansi-regex,20451415,mit,registry,True
chalk/ansi-styles,11803168,mit,registry,True
chalk/chalk,11855195,mit,registry,True
chalk/slice-ansi,43191689,mit,registry,True
chalk/strip-ansi,15014856,mit,registry,True
chalk/supports-color,11855007,mit,registry,True
chalk/wrap-ansi,41053676,mit,registry,True
chalker/safer-buffer,125825141,mit,registry,True
chardet/chardet,5196969,0bsd,registry,True
cheeriojs/dom-serializer,18991884,mit,registry,True
chicoxyzzy/node-releases,73765596,mit,registry,True
chronotope/chrono,18210201,mit or apache-2.0,registry,True
chronotope/humantime,59320323,mit or apache-2.0,registry,True
clap-rs/clap,31315121,mit or apache-2.0,registry,True
cloudflare/cloudflare-python,753271547,apache-2.0,registry,True
colinhacks/zod,245704608,mit,registry,True
colorjs/color-name,27038309,mit,registry,True
comex/rust-shlex,37886228,mit or apache-2.0,registry,True
component/escape-html,5444800,mit,registry,True
component/toidentifier,114743189,mit,registry,True
composefs/tar-rs,21946092,mit or apache-2.0,registry,True
conventional-changelog/commitlint,51575745,mit,registry,True
conventional-changelog/conventional-changelog,15639771,mit,registry,True
cosmiconfig/cosmiconfig,45750507,mit,registry,True
coveragepy/coveragepy,138421996,apache-2.0,registry,True
cpburnz/python-pathspec,14648551,mpl-2.0,registry,True
crate-py/rpds,608018848,mit,registry,True
criterion-rs/criterion.rs,1081104682,apache-2.0 or mit,registry,True
crossbeam-rs/crossbeam,35566048,mit or apache-2.0,registry,True
css-modules/icss-utils,42766912,isc,registry,True
cssnano/cssnano,33943153,mit,registry,True
csstools/postcss-plugins,219192307,mit-0,registry,True
csstree/csstree,67236461,mit,registry,True
curl/curl,569041,curl,registry,True
cuviper/autocfg,135481335,apache-2.0 or mit,registry,True
cyan4973/xxhash,19330466,bsd-2-clause and gpl-2.0-or-later,registry,True
daaku/nodejs-makeerror,2097803,bsd-3-clause,registry,True
daaku/nodejs-tmpl,2171213,bsd-3-clause,registry,True
dateutil/dateutil,26876372,apache-2.0,registry,True
davidhalter/parso,90668463,mit,registry,True
davisjam/safe-regex,90781457,mit,registry,True
dchest/tweetnacl-js,15649752,unlicense,registry,True
dcodeio/long.js,8678904,apache-2.0,registry,True
debug-js/debug,2871998,mit,registry,True
definitelytyped/definitelytyped,6093316,mit,registry,True
defunctzombie/node-process,7580644,mit,registry,True
django/asgiref,48501860,bsd-3-clause,registry,True
djc/rustc-version-rs,41272773,mit or apache-2.0,registry,True
dmitrysoshnikov/regexp-tree,85459304,mit,registry,True
docutils/docutils,44840244,bsd-3-clause,registry,True
dominictarr/through,4885140,mit,registry,True
doowb/ansi-colors,47135420,mit,registry,True
douglasdwyer/wasm_sync,668034655,mit or apache-2.0,registry,True
dougwilson/nodejs-depd,20848667,mit,registry,True
dtolnay/anyhow,212936374,mit or apache-2.0,registry,True
dtolnay/automod,173074854,mit or apache-2.0,registry,True
dtolnay/dissimilar,229514821,apache-2.0,registry,True
dtolnay/indoc,54252316,mit or apache-2.0,registry,True
dtolnay/itoa,61962375,mit or apache-2.0,registry,True
dtolnay/no-panic,143469762,mit or apache-2.0,registry,True
dtolnay/paste,155652490,mit or apache-2.0,registry,True
dtolnay/proc-macro2,91860126,mit or apache-2.0,registry,True
dtolnay/quote,67273122,mit or apache-2.0,registry,True
dtolnay/ref-cast,106295902,mit or apache-2.0,registry,True
dtolnay/rustversion,183990447,mit or apache-2.0,registry,True
dtolnay/ryu,142720484,apache-2.0 or bsl-1.0,registry,True
dtolnay/semver,22432442,mit or apache-2.0,registry,True
dtolnay/syn,67305738,mit or apache-2.0,registry,True
dtolnay/target-triple,734167706,mit or apache-2.0,registry,True
dtolnay/thiserror,213836768,mit or apache-2.0,registry,True
dtolnay/trybuild,184941159,mit or apache-2.0,registry,True
dtolnay/unicode-ident,492639579,(mit or apache-2.0) and unicode-3.0,registry,True
eemeli/yaml,119439276,isc,registry,True
ehmicky/human-signals,214467546,apache-2.0,registry,True
eliben/pycparser,10589864,bsd-3-clause,registry,True
emotion-js/emotion,92570536,mit,registry,True
encode/httpcore,237210639,bsd-3-clause,registry,True
encode/httpx,179492861,bsd-3-clause,registry,True
epoberezkin/fast-deep-equal,94483360,mit,registry,True
epoberezkin/fast-json-stable-stringify,108103016,mit,registry,True
epoberezkin/json-schema-traverse,93333933,mit,registry,True
es-shims/array-includes,28753032,mit,registry,True
es-shims/dunder-proto,898274312,mit,registry,True
es-shims/es-object-atoms,773229339,mit,registry,True
es-shims/es-set-tostringtag,580683868,mit,registry,True
es-shims/math-intrinsics,902014040,mit,registry,True
es-shims/object.values,41723335,mit,registry,True
es-shims/regexp.prototype.flags,26932422,mit,registry,True
es-shims/string.prototype.trimend,114682758,mit,registry,True
es-shims/string.prototype.trimstart,114682105,mit,registry,True
eslint-community/eslint-utils,568240379,mit,registry,True
eslint/doctrine,4286644,apache-2.0,registry,True
eslint/eslint,11061773,mit,registry,True
eslint/js,27620277,bsd-2-clause,registry,True
eslint/rewrite,791446923,apache-2.0,registry,True
estools/escodegen,3611422,bsd-2-clause,registry,True
estools/esquery,11412938,bsd-3-clause,registry,True
estools/esrecurse,27429822,bsd-2-clause,registry,True
estools/estraverse,6145439,bsd-2-clause,registry,True
estools/esutils,14677293,bsd-2-clause,registry,True
ethers-io/ethers.js,63465664,mit,registry,True
evanw/esbuild,61137153,mit,registry,True
evanw/node-source-map-support,7682781,mit,registry,True
eventualbuddha/lines-and-columns,47284288,mit,registry,True
executablebooks/markdown-it-py,249956697,mit,registry,True
executablebooks/mdurl,387293763,mit,registry,True
exodusoss/bytes,885154008,mit,registry,True
expressjs/body-parser,15669006,mit,registry,True
expressjs/serve-static,17464338,mit,registry,True
facebook/prop-types,87597642,mit,registry,True
facebook/regenerator,13346571,mit,registry,True
facebook/watchman,6930489,apache-2.0,registry,True
facebook/zstd,29759715,(bsd-3-clause or gpl-2.0-only) and bsd-2-clause and mit,registry,True
facelessuser/soupsieve,160789418,mit,registry,True
fastify/fast-uri,419317518,bsd-3-clause,registry,True
faye/websocket-driver-node,9733816,apache-2.0,registry,True
fb55/boolbase,16864585,isc,registry,True
fb55/css-select,3411063,bsd-2-clause,registry,True
fb55/css-what,4460687,bsd-2-clause,registry,True
fb55/domelementtype,6627835,bsd-2-clause,registry,True
fb55/domhandler,5414232,bsd-2-clause,registry,True
fb55/domutils,6627949,bsd-2-clause,registry,True
fb55/entities,3172629,bsd-2-clause,registry,True
fb55/htmlparser2,2279062,mit,registry,True
fb55/nth-check,16864923,bsd-2-clause,registry,True
felixge/node-combined-stream,1787452,mit,registry,True
felixge/node-delayed-stream,1783893,mit,registry,True
feross/buffer,14494363,mit,registry,True
feross/ieee754,15489525,bsd-3-clause,registry,True
feross/is-buffer,25997846,mit,registry,True
feross/queue-microtask,207021895,mit,registry,True
feross/run-parallel,18700638,mit,registry,True
feross/safe-buffer,49538897,mit,registry,True
ffmpeg/ffmpeg,1614410,gpl-3.0-or-later,registry,True
firebase/firebase-js-sdk,89290483,apache-2.0,registry,True
fitzgen/glob-to-regexp,11461122,bsd-2-clause,registry,True
floatdrop/require-from-string,39301848,mit,registry,True
floating-ui/floating-ui,54994103,mit,registry,True
follow-redirects/follow-redirects,6697086,mit,registry,True
form-data/form-data,1755793,mit,registry,True
formatjs/formatjs,19117456,mit,registry,True
freedesktop-unofficial-mirror/cairo,34372735,noassertion,github,
freetype/freetype,187000659,ftl,registry,True
frenic/csstype,104001328,mit,registry,True
frommi/miniz_oxide,96124162,mit or zlib or apache-2.0,registry,True
fsevents/fsevents,1402936,mit,registry,True
fsspec/filesystem_spec,130727736,bsd-3-clause,registry,True
fsspec/s3fs,53987953,bsd-3-clause,registry,True
garycourt/uri-js,989080,bsd-2-clause,registry,True
gcc-mirror/gcc,22711503,gpl-3.0-or-later with gcc-exception-3.1,registry,True
getsentry/sentry-javascript,3328572,mit,registry,True
giampaolo/psutil,20101515,bsd-3-clause,registry,True
git/git,36502,gpl-2.0-only and gpl-2.0-or-later and lgpl-2.1-or-later and bsd-3-clause and mit,registry,True
gitlab-freedesktop-mirrors/libxcb,444023705,mit,registry,True
gitoxidelabs/gitoxide,136510559,mit or apache-2.0,registry,True
gitpython-developers/gitdb,1126093,bsd-3-clause,registry,True
gitpython-developers/smmap,1865144,bsd-3-clause,registry,True
gkz/levn,13287279,mit,registry,True
gkz/optionator,13435927,mit,registry,True
gkz/prelude-ls,4457759,mit,registry,True
gkz/type-check,13182168,mit,registry,True
gmp-mirror/gmp,681340775,lgpl-3.0-or-later or gpl-2.0-or-later,registry,True
gnome/pango,4537144,lgpl-2.0-or-later,registry,True
google/brotli,24993138,mit,registry,True
google/zerocopy,534354967,bsd-2-clause or apache-2.0 or mit,registry,True
googleapis/google-cloud-python,16316451,apache-2.0,registry,True
googleapis/python-cloud-core,226992462,apache-2.0,registry,True
googleapis/python-crc32c,159736041,apache-2.0,github,True
googlechrome/workbox,55424670,mit,registry,True
grahamdumpleton/wrapt,10357291,bsd-2-clause,registry,True
grantjenks/python-sortedcontainers,17144859,apache-2.0,registry,True
graydon/exhaustigen-rs,432630522,mit or apache-2.0,registry,True
gregberge/svgr,102155012,mit,registry,True
grncdr/merge-stream,10579821,mit,registry,True
grpc/grpc,27729880,apache-2.0,registry,True
gsnedders/python-webencodings,7043404,bsd-3-clause,registry,True
guillaumegomez/doc-comment,127254922,mit,registry,True
gulpjs/glob-parent,29154915,isc,registry,True
gweis/isodate,6449370,bsd-3-clause,registry,True
gyscos/zstd-rs,52115335,mit,registry,True
hapijs/hoek,5831189,bsd-3-clause,registry,True
harfbuzz/harfbuzz,5050525,mit,registry,True
hiddentao/fast-levenshtein,9490451,mit,registry,True
httplib2/httplib2,53002916,mit,registry,True
huggingface/huggingface_hub,323591830,apache-2.0,registry,True
hukkin/tomli,370616797,mit,registry,True
hyperium/http,84983058,mit or apache-2.0,registry,True
hyperium/http-body,183281612,mit,registry,True
iarna/aproba,31432421,isc,registry,True
import-js/eslint-plugin-import,32238354,mit,registry,True
indexmap-rs/indexmap,68294628,apache-2.0 or mit,registry,True
indutny/bn.js,19176350,mit,registry,True
indygreg/python-zstandard,67307930,bsd-3-clause,registry,True
inikulin/parse5,8862593,mit,registry,True
inspect-js/array-buffer-byte-length,607836784,mit,registry,True
inspect-js/available-typed-arrays,235965505,mit,registry,True
inspect-js/functions-have-names,198357138,mit,registry,True
inspect-js/has-bigints,201714166,mit,registry,True
inspect-js/has-property-descriptors,481834578,mit,registry,True
inspect-js/has-proto,577580747,mit,registry,True
inspect-js/has-symbols,68573418,mit,registry,True
inspect-js/has-tostringtag,392913710,mit,registry,True
inspect-js/hasown,703350811,mit,registry,True
inspect-js/is-accessor-descriptor,41658954,mit,registry,True
inspect-js/is-arguments,15725461,mit,registry,True
inspect-js/is-array-buffer,45977026,mit,registry,True
inspect-js/is-bigint,149682261,mit,registry,True
inspect-js/is-boolean-object,34700259,mit,registry,True
inspect-js/is-callable,30012910,mit,registry,True
inspect-js/is-core-module,24578130,mit,registry,True
inspect-js/is-data-descriptor,41659073,mit,registry,True
inspect-js/is-data-view,751048078,mit,registry,True
inspect-js/is-date-object,29991041,mit,registry,True
inspect-js/is-descriptor,41658845,mit,registry,True
inspect-js/is-number-object,29991666,mit,registry,True
inspect-js/is-regex,15930063,mit,registry,True
inspect-js/is-string,30010185,mit,registry,True
inspect-js/is-symbol,29791606,mit,registry,True
inspect-js/is-typed-array,43528820,mit,registry,True
inspect-js/node-supports-preserve-symlinks-flag,443970899,mit,registry,True
inspect-js/object-inspect,11683441,mit,registry,True
inspect-js/typed-array-buffer,649850465,mit,registry,True
inspect-js/which-boxed-primitive,201685155,mit,registry,True
inspect-js/which-typed-array,43708371,mit,registry,True
ipython/traitlets,14993021,bsd-3-clause,registry,True
isaacs/chownr,3858354,blueoak-1.0.0,registry,True
isaacs/cliui,634056857,blueoak-1.0.0,registry,True
isaacs/core-util-is,12391440,mit,registry,True
isaacs/fs-minipass,102982143,isc,registry,True
isaacs/fs.realpath,61231712,isc,registry,True
isaacs/inflight-deprecated-do-not-use,19442260,isc,registry,True
isaacs/inherits,1580001,isc,registry,True
isaacs/isexe,49804297,blueoak-1.0.0,registry,True
isaacs/minimatch,2056549,blueoak-1.0.0,registry,True
isaacs/minipass,84886212,blueoak-1.0.0,registry,True
isaacs/minizlib,86429676,mit,registry,True
isaacs/node-glob,357681,blueoak-1.0.0,registry,True
isaacs/node-graceful-fs,2077020,isc,registry,True
isaacs/node-lru-cache,679662,blueoak-1.0.0,registry,True
isaacs/node-mkdirp,2718248,mit,registry,True
isaacs/node-tar,1534331,blueoak-1.0.0,registry,True
isaacs/once,5409660,isc,registry,True
isaacs/package-json-from-dist,800543709,blueoak-1.0.0,registry,True
isaacs/path-scurry,591569499,blueoak-1.0.0,registry,True
isaacs/rimraf,1341324,blueoak-1.0.0,registry,True
isaacs/sax-js,508894,blueoak-1.0.0,registry,True
isaacs/wrappy,24208073,isc,registry,True
isaacs/yallist,48222381,blueoak-1.0.0,registry,True
istanbuljs/istanbuljs,81482340,bsd-3-clause,registry,True
istanbuljs/schema,211950686,mit,registry,True
istanbuljs/test-exclude,60489570,isc,registry,True
jamesmunns/postcard,179385478,mit or apache-2.0,registry,True
jaraco/jaraco.develop,48289082,mit,registry,True
jaraco/pytest-perf,372026120,mit,registry,True
jaraco/zipp,157774633,mit,registry,True
jaredhanson/utils-merge,11349896,mit,registry,True
jaredwray/cacheable,9267870,mit,registry,True
jaredwray/keyv,96540810,mit,registry,True
jawah/charset_normalizer,200259335,mit,registry,True
jbgutierrez/path-parse,34113780,mit,registry,True
jd/tenacity,65468547,apache-2.0,registry,True
jensyt/imurmurhash-js,11802843,mit,registry,True
jestjs/jest,15062869,mit,registry,True
jimmywarting/node-domexception,371470141,mit,registry,True
jimp-dev/jimp,24008065,mit,registry,True
jmespath/jmespath.py,8300763,mit,registry,True
joblib/joblib,654608,bsd-3-clause,registry,True
jonathanong/ee-first,20707897,mit,registry,True
jonschlinkert/assign-symbols,45661176,mit,registry,True
jonschlinkert/define-property,40633359,mit,registry,True
jonschlinkert/extend-shallow,25867410,mit,registry,True
jonschlinkert/fill-range,27113310,mit,registry,True
jonschlinkert/get-value,24911025,mit,registry,True
jonschlinkert/global-prefix,31455984,mit,registry,True
jonschlinkert/has-value,24310408,mit,registry,True
jonschlinkert/has-values,33009186,mit,registry,True
jonschlinkert/is-extendable,38225016,mit,registry,True
jonschlinkert/is-number,24313173,mit,registry,True
jonschlinkert/is-plain-object,24306940,mit,registry,True
jonschlinkert/isobject,21342886,mit,registry,True
jonschlinkert/kind-of,24491562,mit,registry,True
jonschlinkert/map-cache,32450614,mit,registry,True
jonschlinkert/normalize-path,21224182,mit,registry,True
jonschlinkert/object-visit,38545952,mit,registry,True
jonschlinkert/word-wrap,18260583,mit,registry,True
jorgebucaran/colorette,34648097,mit,registry,True
joshuakgoldberg/ts-api-utils,597893818,mit,registry,True
jpadilla/pyjwt,1408162,mit,registry,True
jprichardson/node-fs-extra,2791348,mit,registry,True
jprichardson/node-jsonfile,5754307,mit,registry,True
jquast/wcwidth,18464187,mit,registry,True
jquery/esprima,2833537,bsd-2-clause,registry,True
jridgewell/resolve-uri,196878944,mit,registry,True
jridgewell/sourcemaps,897142826,mit,registry,True
jsdom/tr46,36964214,mit,registry,True
jsdom/webidl-conversions,23000311,bsd-2-clause,registry,True
jsdom/whatwg-mimetype,71014420,mit,registry,True
jsdom/whatwg-url,34761352,mit,registry,True
jsdom/xml-name-validator,28553202,apache-2.0,registry,True
jshttp/accepts,15482433,mit,registry,True
jshttp/content-disposition,24216676,mit,registry,True
jshttp/content-type,30172150,mit,registry,True
jshttp/cookie,4475810,mit,registry,True
jshttp/etag,22894570,mit,registry,True
jshttp/forwarded,24300217,mit,registry,True
jshttp/fresh,4617552,mit,registry,True
jshttp/http-errors,23806086,mit,registry,True
jshttp/media-typer,20814275,mit,registry,True
jshttp/methods,8274071,mit,registry,True
jshttp/mime-db,22970419,mit,registry,True
jshttp/mime-types,19380178,mit,registry,True
jshttp/negotiator,3275614,mit,registry,True
jshttp/on-finished,15349765,mit,registry,True
jshttp/range-parser,4627131,mit,registry,True
jshttp/statuses,17690272,mit,registry,True
jshttp/type-is,15484233,mit,registry,True
jshttp/vary,20498698,mit,registry,True
jslicense/spdx-correct.js,34817196,apache-2.0,registry,True
jslicense/spdx-exceptions.json,40062896,cc-by-3.0,registry,False
jslicense/spdx-expression-parse.js,40067336,mit,registry,True
jslicense/spdx-license-ids,26001547,cc0-1.0,registry,False
json5/json5,4463453,mit,registry,True
juliangruber/balanced-match,13538817,mit,registry,True
juliangruber/brace-expansion,13539234,mit,registry,True
juliangruber/isarray,10227611,mit,registry,True
justmoon/node-extend,3967764,mit,registry,True
jviereck/regjsparser,14087781,bsd-2-clause,registry,True
ka-weihe/fastest-levenshtein,158960628,mit,registry,True
kaelzhang/node-ignore,12519245,mit,registry,True
kemitchell/validate-npm-package-license.js,35000460,apache-2.0,registry,True
kevinbeaty/any-promise,26247715,mit,registry,True
kevva/dir-glob,49264969,mit,registry,True
kevva/shebang-command,47402913,mit,registry,True
kilian/electron-to-chromium,78972540,isc,registry,True
kjd/idna,10323585,bsd-3-clause,registry,True
knurling-rs/defmt,282262730,mit or apache-2.0,registry,True
kpdecker/jsdiff,1542219,bsd-3-clause,registry,True
krb5/krb5,4307702,bsd-2-clause and bsd-2-clause-first-lines and bsd-3-clause and bsd-4-clause and brian-gladman-2-clause and cmu-mach-nodoc and fsfullrwd and hpnd and hpnd-export2-us and hpnd-export-us and hpnd-export-us-acknowledgement and hpnd-export-us-modify and isc and mit and mit-cmu and oldap-2.8 and openvision and (bsd-2-clause or gpl-2.0-or-later),registry,True
kriskowal/asap,11295071,mit,registry,True
kriszyp/json-schema,947175,(afl-2.1 or bsd-3-clause),registry,True
langchain-ai/langchain,552661142,mit,registry,True
laurent-laporte-pro/deprecated,111412148,mit,registry,True
lddubeau/xmlchars,139881982,mit,registry,True
legrandin/pycryptodome,19378935,bsd-3-clause,registry,True
libexpat/libexpat,80314213,mit,registry,True
libffi/libffi,321154,mit,registry,True
libjpeg-turbo/libjpeg-turbo,39760454,noassertion,github,
libjxl/libjxl,340219494,bsd-3-clause,github,True
libpixman/pixman,81675971,mit,registry,True
libuv/libuv,14812739,mit,registry,True
linusu/buffer-from,66025821,mit,registry,True
linux-audit/audit-userspace,52464964,gpl-2.0,github,True
linux-pam/linux-pam,76264690,noassertion,github,
litejs/natural-compare-lite,9146732,mit,registry,True
ljharb/call-bind,308533760,mit,registry,True
ljharb/call-bind-apply-helpers,898190951,mit,registry,True
ljharb/call-bound,898125972,mit,registry,True
ljharb/concat-map,548993448,mit,registry,True
ljharb/define-data-property,689109338,mit,registry,True
ljharb/define-properties,28768789,mit,registry,True
ljharb/es-abstract,28995155,mit,registry,True
ljharb/es-define-property,756570458,mit,registry,True
ljharb/es-errors,752160492,mit,registry,True
ljharb/es-shim-unscopables,480458584,mit,registry,True
ljharb/es-to-primitive,32377814,mit,registry,True
ljharb/get-intrinsic,308516559,mit,registry,True
ljharb/get-proto,911035271,mit,registry,True
ljharb/gopd,560708130,mit,registry,True
ljharb/internal-slot,216159146,mit,registry,True
ljharb/object-keys,9103992,mit,registry,True
ljharb/object.assign,17755831,mit,registry,True
ljharb/possible-typed-array-names,760136716,mit,registry,True
ljharb/qs,22266795,bsd-3-clause,registry,True
ljharb/safe-regex-test,540138887,mit,registry,True
ljharb/set-function-length,704249795,mit,registry,True
ljharb/side-channel,225239081,mit,registry,True
ljharb/side-channel-list,901451610,mit,registry,True
ljharb/side-channel-map,901191461,mit,registry,True
ljharb/side-channel-weakmap,901188921,mit,registry,True
lodash/lodash,3955647,mit,registry,True
loganfsmyth/gensync,132383032,mit,registry,True
lokathor/bytemuck,209673558,zlib or apache-2.0 or mit,registry,True
lukeed/dequal,174421655,mit,registry,True
lukeed/escalade,273568715,mit,registry,True
lukeed/kleur,140393403,mit,registry,True
lxml/lxml,1353927,bsd-3-clause,registry,True
lydell/js-tokens,17552490,mit,registry,True
lz4/lz4,18106269,bsd-2-clause,registry,True
madler/zlib,2359378,zlib,registry,True
mafintosh/end-of-stream,14732255,mit,registry,True
mafintosh/pump,12118126,mit,registry,True
mafintosh/tar-stream,15340089,mit,registry,True
marshallpierce/rust-base64,47371310,mit or apache-2.0,registry,True
mathiasbynens/cssesc,12001360,mit,registry,True
mathiasbynens/emoji-regex,24557614,mit,registry,True
mathiasbynens/jsesc,10498729,mit,registry,True
mathiasbynens/punycode.js,2755924,mit,registry,True
mathiasbynens/regenerate,10182772,mit,registry,True
mathiasbynens/regexpu-core,49437324,mit,registry,True
mathiasbynens/unicode-canonical-property-names-ecmascript,88346537,mit,registry,True
mathiasbynens/unicode-property-aliases-ecmascript,88333533,mit,registry,True
matklad/once_cell,143220272,mit or apache-2.0,registry,True
matplotlib/matplotlib,1385122,python-2.0,registry,True
mcollina/fastq,37368217,isc,registry,True
mcollina/reusify,42106515,mit,registry,True
mdn/data,70901646,cc0-1.0,registry,False
medikoo/d,10817569,isc,registry,True
medikoo/es5-ext,1792941,isc,registry,True
medikoo/es6-symbol,14423385,isc,registry,True
medikoo/type,177198492,isc,registry,True
meinersbur/isl,37677854,mit,registry,True
mhammond/pywin32,108187130,python-2.0,registry,True
micheles/decorator,14656555,bsd-3-clause,registry,True
micromark/micromark,157420458,mit,registry,True
micromatch/anymatch,11458302,isc,registry,True
micromatch/braces,25475303,mit,registry,True
micromatch/is-extglob,31788841,mit,registry,True
micromatch/is-glob,28179425,mit,registry,True
micromatch/micromatch,27359938,mit,registry,True
micromatch/picomatch,156211895,mit,registry,True
micromatch/to-regex-range,40355891,mit,registry,True
microsoft/tslib,34414315,0bsd,registry,True
microsoft/typescript,20929025,apache-2.0,registry,True
microsoft/windows-rs,208102250,mit or apache-2.0,registry,True
minimistjs/minimist,549230701,mit,registry,True
mirror/ncurses,22324756,x11-distribute-modifications-variant,registry,False
mitsuhiko/insta,165561258,apache-2.0,registry,True
mm2/little-cms,507969,mit,github,True
moment/moment,1424470,mit,registry,True
more-itertools/more-itertools,4144530,mit,registry,True
motdotla/dotenv,11205780,bsd-2-clause,registry,True
moxystudio/node-cross-spawn,21335844,mit,registry,True
mozilla/source-map,2014930,bsd-3-clause,registry,True
mrabarnett/mrab-regex,309446978,apache-2.0 and cnri-python,registry,True
mrmlnc/fast-glob,77467076,mit,registry,True
msgpack/msgpack-python,2242705,apache-2.0,registry,True
myrne/performance-now,10219264,mit,registry,True
mysticatea/abort-controller,105228556,mit,registry,True
mysticatea/event-target-shim,31137469,mit,registry,True
netflix/vmaf,51317975,noassertion,github,
nghttp2/nghttp2,11452676,mit,registry,True
nicolo-ribaudo/babel-preset-current-node-syntax,253327079,mit,registry,True
nlnetlabs/unbound,94195301,bsd-3-clause,registry,True
node-fetch/fetch-blob,186960326,mit,registry,True
node-fetch/node-fetch,29849956,mit,registry,True
nodeca/argparse,4325614,python-2.0,registry,True
nodeca/js-yaml,2504175,mit,registry,True
nodeca/pako,16231859,(mit and zlib),registry,True
nodejs/node,27193779,noassertion,github,
nodejs/readable-stream,5187096,mit,registry,True
nodejs/string_decoder,95052330,mit,registry,True
nodejs/undici,133092972,mit,registry,True
nodelib/nodelib,129310478,mit,registry,True
npm/abbrev-js,554893,isc,registry,True
npm/cacache,193812470,isc,registry,True
npm/hosted-git-info,25002984,isc,registry,True
npm/ini,2167680,isc,registry,True
npm/json-parse-even-better-errors,211384370,mit,registry,True
npm/mute-stream,5159166,isc,registry,True
npm/node-semver,1357199,isc,registry,True
npm/node-which,2169708,isc,registry,True
npm/nopt,1544436,isc,registry,True
npm/normalize-package-data,9301720,bsd-2-clause,registry,True
npm/ssri,193817839,isc,registry,True
npm/unique-slug,35246620,isc,registry,True
npm/write-file-atomic,23896209,isc,registry,True
numpy/numpy,908607,bsd-3-clause and 0bsd and mit and zlib and cc0-1.0,registry,True
nv/cssom,1025209,mit,registry,True
nvzqz/static-assertions,100129252,mit or apache-2.0,registry,True
oauthlib/oauthlib,2811323,bsd-3-clause,registry,True
octokit/openapi-types.ts,304109193,mit,registry,True
octokit/types.ts,216109757,mit,registry,True
oozcitak/xmlbuilder-js,1042809,mit,registry,True
open-telemetry/opentelemetry-js,185901023,apache-2.0,registry,True
open-telemetry/opentelemetry-js-contrib,255986659,apache-2.0,registry,True
open-telemetry/opentelemetry-python,185478926,apache-2.0,registry,True
open-telemetry/opentelemetry-python-contrib,220524743,apache-2.0,registry,True
openssl/openssl,7634677,apache-2.0,github,True
p11-glue/p11-kit,12060420,bsd-3-clause,registry,True
pallets/click,19103692,bsd-3-clause,registry,True
pallets/flask,596892,bsd-3-clause,registry,True
pallets/itsdangerous,1945034,bsd-3-clause,registry,True
pallets/jinja,994551,bsd-3-clause,registry,True
pallets/markupsafe,734244,bsd-3-clause,registry,True
pallets/werkzeug,997338,bsd-3-clause,registry,True
pandas-dev/pandas,858127,bsd-3-clause,registry,True
paramiko/paramiko,119609,lgpl-2.1,registry,True
paulmillr/chokidar,4090287,mit,registry,True
paulmillr/readdirp,4494405,mit,registry,True
pcre2project/pcre2,398251321,bsd-3-clause,registry,True
pest-parser/pest,56964647,mit or apache-2.0,registry,True
peternator7/strum,80964373,mit,registry,True
petkaantonov/bluebird,12670444,mit,registry,True
pexpect/ptyprocess,24727748,isc,registry,True
pillarjs/encodeurl,60721766,mit,registry,True
pillarjs/finalhandler,20547377,mit,registry,True
pillarjs/iconv-lite,2743221,mit,registry,True
pillarjs/parseurl,17533192,mit,registry,True
pillarjs/path-to-regexp,5265803,mit,registry,True
pillarjs/send,4879977,mit,registry,True
pkgconf/pkgconf,4180110,isc,registry,True
pnggroup/libpng,3768025,libpng-2.0,registry,True
postcss/postcss,13078968,mit,registry,True
postcss/postcss-selector-parser,36500102,mit,registry,True
postcss/postcss-value-parser,40920306,mit,registry,True
prettier/prettier,75104123,mit,registry,True
primus/eventemitter3,13100677,mit,registry,True
proptest-rs/proptest,94702898,mit or apache-2.0,registry,True
protobufjs/protobuf.js,8507859,bsd-3-clause,registry,True
protocolbuffers/protobuf,23357588,bsd-3-clause,registry,True
psf/requests,1362490,apache-2.0,registry,True
psycopg/psycopg2,7730829,lgpl-2.1,registry,True
pvorb/clone,2317381,mit,registry,True
py4j/py4j,1045976,bsd-3-clause,registry,True
pyasn1/pyasn1,512723255,bsd-2-clause,registry,True
pyasn1/pyasn1-modules,512723354,bsd-3-clause,registry,True
pyca/bcrypt,9993757,apache-2.0,registry,True
pyca/cryptography,11939484,apache-2.0 or bsd-3-clause,registry,True
pyca/pynacl,8350032,apache-2.0,registry,True
pyca/pyopenssl,15778059,apache-2.0,registry,True
pydantic/pydantic,90194616,mit,registry,True
pydantic/typing-inspection,930576948,mit,registry,True
pygments/pygments,205564111,bsd-2-clause,registry,True
pypa/distlib,436970140,python-2.0,registry,True
pypa/packaging,19837758,apache-2.0,registry,True
pypa/pip,1446467,mit,registry,True
pypa/setuptools,54980593,mit,registry,True
pypa/virtualenv,1446474,mit,registry,True
pypa/wheel,98346885,mit,registry,True
pyparsing/pyparsing,91262163,mit,registry,True
pytest-dev/iniconfig,66012563,mit,registry,True
pytest-dev/pluggy,34739117,mit,registry,True
pytest-dev/pytest,37489525,mit,registry,True
python-attrs/attrs,29918975,mit,registry,True
python-cffi/cffi,696427398,mit,registry,True
python-greenlet/greenlet,3003137,mit and psf-2.0,registry,True
python-hyper/brotlicffi,43543393,mit,registry,True
python-hyper/h11,57372073,mit,registry,True
python-jsonschema/jsonschema,3072629,mit,registry,True
python-jsonschema/jsonschema-specifications,582755777,mit,registry,True
python-jsonschema/referencing,569027868,mit,registry,True
python-pillow/pillow,5171600,mit-cmu,registry,True
python-poetry/tomlkit,140365570,mit,registry,True
python-trio/sniffio,142657210,apache-2.0,registry,True
python/cpython,81598961,noassertion,github,
python/importlib_metadata,306448340,apache-2.0,registry,True
python/importlib_resources,306147182,apache-2.0,registry,True
python/mypy,7053637,mit,registry,True
python/mypy_extensions,165752308,noassertion,github,
python/typing,24604008,python-2.0,registry,True
python/typing_extensions,494077289,psf-2.0,registry,True
python/tzdata,242158882,apache-2.0,registry,True
qix-/color-convert,1874305,mit,registry,True
qix-/node-error-ex,41388258,mit,registry,True
qix-/node-is-arrayish,41376759,mit,registry,True
radix-ui/primitives,273499522,mit,registry,True
raszi/node-tmp,2313213,mit,registry,True
raynos/for-each,6006855,mit,registry,True
raynos/function-bind,10727014,mit,registry,True
raynos/xtend,4419184,mit,registry,True
rayon-rs/either,42479602,mit or apache-2.0,registry,True
rayon-rs/rayon,24725038,mit or apache-2.0,registry,True
react/create-react-app,63537249,mit,registry,True
react/metro,76504246,mit,registry,True
react/react,10270250,mit,registry,True
reactivex/rxjs,32247847,apache-2.0,registry,True
realpython/pytest-mypy,69576530,mit,registry,True
remix-run/react-router,19872456,mit,registry,True
remusao/tldts,97631656,mit,registry,True
requests/requests-oauthlib,6825724,bsd-3-clause,registry,True
requests/toolbelt,15515181,apache-2.0,registry,True
retep998/winapi-rs,23853482,mit,registry,True
rich-harris/estree-walker,33668779,mit,registry,True
rich-harris/magic-string,26143240,mit,registry,True
rob--w/proxy-from-env,52038793,mit,registry,True
rogdham/backports.zstd,977687927,psf-2.0,registry,True
rollup/plugins,203607977,mit,registry,True
ronaldoussoren/pyobjc,243933900,mit,registry,True
rust-cli/anstyle,493821282,mit or apache-2.0,registry,True
rust-cli/env_logger,96382888,mit or apache-2.0,registry,True
rust-embedded/critical-section,365854323,mit or apache-2.0,registry,True
rust-fuzz/arbitrary,90591032,mit or apache-2.0,registry,True
rust-itertools/itertools,22360263,mit or apache-2.0,registry,True
rust-lang-deprecated/tempdir,31728565,mit/apache-2.0,registry,True
rust-lang-nursery/lazy-static.rs,21157492,mit or apache-2.0,registry,True
rust-lang/cc-rs,26039547,mit or apache-2.0,registry,True
rust-lang/cfg-if,38723660,mit or apache-2.0,registry,True
rust-lang/compiler-builtins,65153793,mit,registry,True
rust-lang/flate2-rs,21954009,mit or apache-2.0,registry,True
rust-lang/futures-rs,55077261,mit or apache-2.0,registry,True
rust-lang/glob,23241722,mit or apache-2.0,registry,True
rust-lang/hashbrown,155119796,mit or apache-2.0,registry,True
rust-lang/libc,29197565,mit or apache-2.0,registry,True
rust-lang/libz-sys,26042019,mit or apache-2.0,registry,True
rust-lang/log,27974762,mit or apache-2.0,registry,True
rust-lang/pkg-config-rs,26042035,mit or apache-2.0,registry,True
rust-lang/regex,27890669,mit or apache-2.0,registry,True
rust-lang/rust,724712,mit/apache-2.0,registry,True
rust-num/num-traits,114705611,mit or apache-2.0,registry,True
rust-phf/rust-phf,15992970,mit,registry,True
rust-random/getrandom,166545969,mit or apache-2.0,registry,True
rust-random/rand,30227790,mit or apache-2.0,registry,True
rust-random/rand_core,1086593277,mit or apache-2.0,registry,True
rust-random/rngs,209510094,mit or apache-2.0,registry,True
rustcrypto/formats,406051759,apache-2.0 or mit,registry,True
rustcrypto/hashes,74106774,mit or apache-2.0,registry,True
rustcrypto/stream-ciphers,83051505,mit or apache-2.0,registry,True
rustcrypto/traits,85605821,mit or apache-2.0,registry,True
rustcrypto/utils,77307442,mit or apache-2.0,registry,True
rvagg/archived-prr,9151864,mit,registry,True
rvagg/bl,10706095,mit,registry,True
rvagg/through2,11808187,mit,registry,True
ryanzim/universalify,87651180,mit,registry,True
salesforce/tough-cookie,2606873,bsd-3-clause,registry,True
samn/json-stable-stringify,76598131,mit,registry,True
samverschueren/decode-uri-component,91837954,mit,registry,True
sboudrias/inquirer.js,10114077,mit,registry,True
scikit-build/ninja-python-distributions,75102202,apache-2.0,registry,True
scikit-learn/scikit-learn,843222,bsd-3-clause,registry,True
scipy/scipy,1460385,bsd-3-clause,registry,True
seanmonstar/reqwest,62350380,mit or apache-2.0,registry,True
sec-ant/readable-stream,569980966,mit,registry,True
selinuxproject/selinux,20648799,noassertion,github,
serde-rs/bytes,87358441,mit or apache-2.0,registry,True
serde-rs/json,35894511,mit or apache-2.0,registry,True
serde-rs/serde,14367737,mit or apache-2.0,registry,True
servo/rust-fnv,33499190,apache-2.0 / mit,registry,True
servo/rust-smallvec,33456236,mit or apache-2.0,registry,True
servo/rust-url,14934771,mit or apache-2.0,registry,True
sinclairzx81/typebox,87454905,mit,registry,True
sindresorhus/ansi-escapes,40721875,mit,registry,True
sindresorhus/array-union,21005682,mit,registry,True
sindresorhus/binary-extensions,29771015,mit,registry,True
sindresorhus/callsites,18938743,mit,registry,True
sindresorhus/camelcase,25116836,mit,registry,True
sindresorhus/clean-stack,62838930,mit,registry,True
sindresorhus/cli-cursor,23512396,mit,registry,True
sindresorhus/crypto-random-string,73665728,mit,registry,True
sindresorhus/decamelize,29773710,mit,registry,True
sindresorhus/detect-newline,21304485,mit,registry,True
sindresorhus/environment,793180075,mit,registry,True
sindresorhus/escape-string-regexp,21169121,mit,registry,True
sindresorhus/execa,47475908,mit,registry,True
sindresorhus/figures,21672939,mit,registry,True
sindresorhus/file-type,19105307,mit,registry,True
sindresorhus/find-cache-directory,48783244,mit,registry,True
sindresorhus/find-up,41723004,mit,registry,True
sindresorhus/find-up-simple,714044439,mit,registry,True
sindresorhus/get-east-asian-width,711160838,mit,registry,True
sindresorhus/get-stream,44264225,mit,registry,True
sindresorhus/globals,15186239,mit,registry,True
sindresorhus/globby,21069494,mit,registry,True
sindresorhus/has-flag,38718671,mit,registry,True
sindresorhus/import-fresh,22020904,mit,registry,True
sindresorhus/import-local,90292430,mit,registry,True
sindresorhus/indent-string,20576837,mit,registry,True
sindresorhus/is-binary-path,29771247,mit,registry,True
sindresorhus/is-docker,33590534,mit,registry,True
sindresorhus/is-fullwidth-code-point,39222301,mit,registry,True
sindresorhus/is-inside-container,601943060,mit,registry,True
sindresorhus/is-path-inside,21054113,mit,registry,True
sindresorhus/is-plain-obj,38923193,mit,registry,True
sindresorhus/is-stream,29436825,mit,registry,True
sindresorhus/is-unicode-supported,348660847,mit,registry,True
sindresorhus/is-wsl,88415331,mit,registry,True
sindresorhus/leven,22794601,mit,registry,True
sindresorhus/locate-path,74266248,mit,registry,True
sindresorhus/log-symbols,21673868,mit,registry,True
sindresorhus/lowercase-keys,29769737,mit,registry,True
sindresorhus/make-dir,90776169,mit,registry,True
sindresorhus/meow,25121561,mit,registry,True
sindresorhus/mimic-function,71381729,mit,registry,True
sindresorhus/mimic-response,93189529,mit,registry,True
sindresorhus/node-defaults,7985040,mit,registry,True
sindresorhus/normalize-url,29094022,mit,registry,True
sindresorhus/npm-run-path,48707028,mit,registry,True
sindresorhus/object-assign,16457190,mit,registry,True
sindresorhus/onetime,14847357,mit,registry,True
sindresorhus/open,18469325,mit,registry,True
sindresorhus/p-limit,71542716,mit,registry,True
sindresorhus/p-locate,74265632,mit,registry,True
sindresorhus/p-map,71526722,mit,registry,True
sindresorhus/p-try,71534796,mit,registry,True
sindresorhus/package-directory,41724281,mit,registry,True
sindresorhus/parent-module,50187748,mit,registry,True
sindresorhus/parse-json,41367145,mit,registry,True
sindresorhus/path-exists,34965664,mit,registry,True
sindresorhus/path-is-absolute,30900285,mit,registry,True
sindresorhus/path-key,48706449,mit,registry,True
sindresorhus/path-type,41905436,mit,registry,True
sindresorhus/pify,41585934,mit,registry,True
sindresorhus/quick-lru,86679721,mit,registry,True
sindresorhus/read-package-up,41842429,mit,registry,True
sindresorhus/read-pkg,41790094,mit,registry,True
sindresorhus/resolve-cwd,47504070,mit,registry,True
sindresorhus/resolve-from,22022707,mit,registry,True
sindresorhus/restore-cursor,23512229,mit,registry,True
sindresorhus/shebang-regex,30903733,mit,registry,True
sindresorhus/slash,11516031,mit,registry,True
sindresorhus/string-width,39222730,mit,registry,True
sindresorhus/strip-bom,18444852,mit,registry,True
sindresorhus/strip-final-newline,47453723,mit,registry,True
sindresorhus/strip-indent,18242629,mit,registry,True
sindresorhus/strip-json-comments,14468669,mit,registry,True
sindresorhus/tagged-tag,795552264,mit,registry,True
sindresorhus/to-fast-properties,31656998,mit,registry,True
sindresorhus/type-fest,175398594,(mit or cc0-1.0),registry,True
sindresorhus/unicorn-magic,716660564,mit,registry,True
sindresorhus/yocto-queue,315531538,mit,registry,True
sinonjs/commons,143001748,bsd-3-clause,registry,True
sinonjs/fake-timers,16523712,bsd-3-clause,registry,True
smithy-lang/smithy-rs,308027791,apache-2.0,registry,True
smithy-lang/smithy-typescript,208319207,apache-2.0,registry,True
smol-rs/fastrand,267368764,apache-2.0 or mit,registry,True
snowflakedb/snowflake-connector-python,62262074,apache-2.0,registry,True
socketio/socket.io,557980,mit,registry,True
sqlalchemy/sqlalchemy,159271175,mit,registry,True
sqlite/sqlite,176278485,blessing,registry,True
srijs/rust-crc32fast,157348282,mit or apache-2.0,registry,True
stebalien/tempfile,33832372,mit or apache-2.0,registry,True
stefanpenner/get-caller-file,48818175,isc,registry,True
storybookjs/storybook,54173593,mit,registry,True
stream-utils/destroy,15544623,mit,registry,True
stream-utils/raw-body,12823654,mit,registry,True
stream-utils/unpipe,37428186,mit,registry,True
streamich/memfs,37490572,apache-2.0,registry,True
stub42/pytz,63155638,mit,registry,True
suguru03/neo-async,27030361,mit,registry,True
sval-rs/sval,157205610,apache-2.0 or mit,registry,True
swc-project/swc,115110181,apache-2.0,registry,True
sybrenstuvel/python-rsa,50107469,apache-2.0,registry,True
syntax-tree/unist-util-is,41795086,mit,registry,True
systemd/systemd,32873313,lgpl-2.1-or-later and gpl-2.0-or-later and cc0-1.0 and lgpl-2.0-or-later and mit and mit-0 and licenseref-homebrew-public-domain and (lgpl-2.0-or-later with linux-syscall-note) and (gpl-1.0-or-later with linux-syscall-note) and (gpl-2.0-or-later with linux-syscall-note) and (gpl-2.0-only with linux-syscall-note) and (bsd-3-clause or (gpl-2.0-only with linux-syscall-note)) and (mit or (gpl-2.0-only with linux-syscall-note)) and (mit or (gpl-2.0-or-later with linux-syscall-note)) and (gpl-2.0-only or bsd-2-clause),registry,True
taiki-e/pin-project,164668916,apache-2.0 or mit,registry,True
taiki-e/pin-project-lite,216847853,apache-2.0 or mit,registry,True
taiki-e/portable-atomic,448365131,apache-2.0 or mit,registry,True
tapjs/signal-exit,35711072,isc,registry,True
tapjs/stack-utils,48974178,mit,registry,True
tartley/colorama,18892209,bsd-3-clause,registry,True
teambition/merge2,25396227,mit,registry,True
teddriggs/darling,89984100,mit,registry,True
tehshrike/deepmerge,3276413,mit,registry,True
terkelg/sisteransi,122441239,mit,registry,True
terser/terser,29097127,bsd-2-clause,registry,True
textualize/rich,220809393,mit,registry,True
theskumar/python-dotenv,23727790,bsd-3-clause,registry,True
thkukuk/rpcsvc-proto,55140533,noassertion,github,
thlorenz/convert-source-map,8751561,mit,registry,True
thlorenz/deep-is,9345558,mit,registry,True
tim-kos/node-retry,1738798,mit,registry,True
time-rs/time,26459635,mit or apache-2.0,registry,True
tj/commander.js,2206953,mit,registry,True
tj/node-cookie-signature,6229722,mit,registry,True
tjguk/wmi,23124645,,,
tkem/cachetools,18006791,mit,registry,True
tokio-rs/bytes,30062547,mit,registry,True
tokio-rs/loom,161875917,mit,registry,True
tokio-rs/prost,94262864,apache-2.0,registry,True
tokio-rs/slab,37093133,mit,registry,True
tokio-rs/tokio,67836789,mit,registry,True
tokio-rs/tracing,165289175,mit,registry,True
toml-rs/toml,95902102,mit or apache-2.0,registry,True
tootallnate/proxy-agents,11293703,mit,registry,True
tootallnate/util-deprecate,19321056,mit,registry,True
torvalds/linux,2325298,noassertion,github,
tower-rs/tower,98244646,mit,registry,True
tox-dev/filelock,17098256,mit,registry,True
tox-dev/platformdirs,367032142,mit,registry,True
tqdm/tqdm,36804486,noassertion,github,
tritondatacenter/node-assert-plus,4767976,mit,registry,True
tritondatacenter/node-extsprintf,4058064,mit,registry,True
troygoode/node-require-directory,3053807,mit,registry,True
tsconfig/bases,263697285,mit,registry,True
tukaani-project/xz,553665726,0bsd and gpl-2.0-or-later,registry,True
typescript-eslint/typescript-eslint,165536154,mit,registry,True
typeshed-internal/stub_uploader,331669593,apache-2.0,registry,True
unicode-org/icu,49244766,noassertion,github,
unicode-org/icu4x,243395141,unicode-3.0,registry,True
unicode-rs/unicode-xid,34637906,mit or apache-2.0,registry,True
unshiftio/requires-port,26316179,mit,registry,True
uqfoundation/dill,11031844,bsd-3-clause,registry,True
urllib3/urllib3,2410676,mit,registry,True
util-linux/util-linux,2339555,bsd-3-clause and bsd-4-clause-uc and gpl-2.0-only and gpl-2.0-or-later and gpl-3.0-or-later and lgpl-2.1-or-later and licenseref-homebrew-public-domain,registry,True
uuidjs/uuid,1203139,mit,registry,True
vercel/ai,644461337,apache-2.0,registry,True
vercel/ms,3655872,mit,registry,True
visionmedia/bytes.js,4626886,mit,registry,True
vitest-dev/vitest,434708679,mit,registry,True
vorner/signal-hook,137260008,mit or apache-2.0,registry,True
vuejs/core,137078487,mit,registry,True
wasm-bindgen/wasm-bindgen,114685405,mit or apache-2.0,registry,True
watson/ci-info,71475907,mit,registry,True
wbond/asn1crypto,36823669,mit,registry,True
webmproject/libwebp,23368445,bsd-3-clause,github,True
webpack/enhanced-resolve,5400204,mit,registry,True
webpack/loader-utils,6503675,mit,registry,True
webpack/minimizer-webpack-plugin,143057914,mit,registry,True
webpack/schema-utils,80306715,mit,registry,True
webpack/tapable,7730086,mit,registry,True
webpack/watchpack,24119524,mit,registry,True
webpack/webpack-sources,48954523,mit,registry,True
webreflection/flatted,131121620,isc,registry,True
webreflection/html-escaper,33597730,mit,registry,True
websocket-client/websocket-client,1202362,apache-2.0,registry,True
websockets/ws,2744972,mit,registry,True
wesleytodd/setprototypeof,30301031,isc,registry,True
whitequark/ipaddr.js,2110585,mit,registry,True
withoutboats/heck,86326466,mit or apache-2.0,registry,True
xiph/ogg,33956205,bsd-3-clause,registry,True
xtuc/webassemblyjs,113006071,mit,registry,True
yahoo/serialize-javascript,24106944,bsd-3-clause,registry,True
yaml/libyaml,2699072,mit,registry,True
yaml/pyyaml,2700147,mit,registry,True
yargs/cliui,34287546,isc,registry,True
yargs/set-blocking,58830287,isc,registry,True
yargs/y18n,39720886,isc,registry,True
yargs/yargs,14210523,mit,registry,True
yargs/yargs-parser,50258379,isc,registry,True
yuzujs/setimmediate,1981208,mit,registry,True
zertosh/loose-envify,41947687,mit,registry,True
zesterer/spin-rs,21686666,mit,registry,True
zloirock/core-js,11481338,mit,registry,True
