user_id,login,has_sponsors_listing,status,fetched_at
80,ry,False,ok,2026-07-05T18:36:53+00:00
593,daaku,False,ok,2026-07-05T18:36:54+00:00
772,alex,False,ok,2026-07-05T18:36:54+00:00
797,tarcieri,True,ok,2026-07-05T18:37:01+00:00
1270,haberman,False,ok,2026-07-05T18:37:00+00:00
1377,stefanpenner,False,ok,2026-07-05T18:36:59+00:00
1839,chriseppstein,False,ok,2026-07-05T18:36:53+00:00
1938,eventualbuddha,False,ok,2026-07-05T18:36:55+00:00
2644,jd,True,ok,2026-07-05T18:37:00+00:00
3848,motdotla,True,ok,2026-07-05T18:36:52+00:00
4303,jdalton,False,ok,2026-07-05T18:37:00+00:00
5920,mbrubeck,False,ok,2026-07-05T18:36:51+00:00
6088,bitprophet,True,ok,2026-07-05T18:37:01+00:00
6180,carllerche,False,ok,2026-07-05T18:36:52+00:00
6292,shazow,True,ok,2026-07-05T18:36:56+00:00
6820,sophiebits,False,ok,2026-07-05T18:36:58+00:00
7288,ariya,True,ok,2026-07-05T18:36:57+00:00
7396,mitsuhiko,True,ok,2026-07-05T18:36:52+00:00
8445,zpao,False,ok,2026-07-05T18:36:57+00:00
9023,constellation,False,ok,2026-07-05T18:36:53+00:00
9265,jcoglan,False,ok,2026-07-05T18:37:00+00:00
9287,isaacs,True,ok,2026-07-05T18:36:57+00:00
10247,juliangruber,True,ok,2026-07-05T18:36:58+00:00
10355,jaredhanson,True,ok,2026-07-05T18:36:59+00:00
12932,xrmx,False,ok,2026-07-05T18:36:55+00:00
13041,rauchg,False,ok,2026-07-05T18:36:51+00:00
13352,cpojer,True,ok,2026-07-05T18:36:53+00:00
14097,graydon,False,ok,2026-07-05T18:36:59+00:00
14539,peterblazejewicz,False,ok,2026-07-05T18:36:59+00:00
15000,felixge,False,ok,2026-07-05T18:36:56+00:00
17535,zkat,True,ok,2026-07-05T18:36:57+00:00
19131,colincasey,False,ok,2026-07-05T18:36:53+00:00
19343,ai,True,ok,2026-07-05T18:36:54+00:00
19409,devongovett,True,ok,2026-07-05T18:36:56+00:00
20321,mroderick,True,ok,2026-07-05T18:36:53+00:00
23264,geelen,False,ok,2026-07-05T18:36:58+00:00
23789,nedbat,True,ok,2026-07-05T18:36:54+00:00
24221,jbgutierrez,False,ok,2026-07-05T18:36:59+00:00
25111,cournape,False,ok,2026-07-05T18:36:53+00:00
25254,tj,True,ok,2026-07-05T18:36:51+00:00
25632,andialbrecht,False,ok,2026-07-05T18:36:55+00:00
27350,kou,True,ok,2026-07-05T18:37:01+00:00
27786,steveklabnik,False,ok,2026-07-05T18:37:00+00:00
29096,ericf,False,ok,2026-07-05T18:37:01+00:00
32570,horiuchi,True,ok,2026-07-05T18:37:02+00:00
33460,vks,False,ok,2026-07-05T18:36:53+00:00
34054,kriszyp,False,ok,2026-07-05T18:37:02+00:00
34150,ashb,True,ok,2026-07-05T18:36:57+00:00
34588,okuryu,True,ok,2026-07-05T18:36:57+00:00
34589,kjd,False,ok,2026-07-05T18:37:01+00:00
35046,pv,False,ok,2026-07-05T18:37:02+00:00
36182,andrewgodwin,True,ok,2026-07-05T18:36:56+00:00
36186,cuviper,False,ok,2026-07-05T18:36:54+00:00
37922,stash,False,ok,2026-07-05T18:36:59+00:00
38294,mdboom,False,ok,2026-07-05T18:36:51+00:00
38546,nzakas,True,ok,2026-07-05T18:36:56+00:00
39992,gr2m,True,ok,2026-07-05T18:36:59+00:00
41240,hynek,True,ok,2026-07-05T18:36:55+00:00
41734,wbond,True,ok,2026-07-05T18:36:54+00:00
41970,kilian,True,ok,2026-07-05T18:37:01+00:00
42327,pquentin,True,ok,2026-07-05T18:37:01+00:00
45469,ljharb,True,ok,2026-07-05T18:36:57+00:00
45925,peff,False,ok,2026-07-05T18:36:58+00:00
46186,owais,False,ok,2026-07-05T18:36:57+00:00
46775,mjpieters,False,ok,2026-07-05T18:36:52+00:00
46866,trentm,False,ok,2026-07-05T18:36:52+00:00
47549,ueno,False,ok,2026-07-05T18:36:53+00:00
47647,chrisdavidmills,False,ok,2026-07-05T18:36:53+00:00
49038,orta,True,ok,2026-07-05T18:36:57+00:00
49834,thatch,False,ok,2026-07-05T18:36:51+00:00
50081,brianc,True,ok,2026-07-05T18:36:51+00:00
50665,gvvaughan,False,ok,2026-07-05T18:37:00+00:00
51416,tytso,False,ok,2026-07-05T18:36:52+00:00
51479,seanmonstar,True,ok,2026-07-05T18:36:54+00:00
52195,mcollina,True,ok,2026-07-05T18:36:51+00:00
52677,dchest,False,ok,2026-07-05T18:36:55+00:00
52799,srittau,False,ok,2026-07-05T18:36:59+00:00
54418,brettcannon,True,ok,2026-07-05T18:36:51+00:00
54771,whitequark,True,ok,2026-07-05T18:36:54+00:00
54884,gitster,False,ok,2026-07-05T18:36:58+00:00
55838,nv,False,ok,2026-07-05T18:36:55+00:00
56631,hueniverse,True,ok,2026-07-05T18:37:02+00:00
56914,myrne,False,ok,2026-07-05T18:36:53+00:00
56996,jorgebucaran,True,ok,2026-07-05T18:36:55+00:00
59987,chadaustin,False,ok,2026-07-05T18:36:52+00:00
60294,kriskowal,False,ok,2026-07-05T18:37:01+00:00
60961,epage,True,ok,2026-07-05T18:37:01+00:00
61977,seberg,False,ok,2026-07-05T18:36:54+00:00
63622,byron,True,ok,2026-07-05T18:36:51+00:00
63648,sebmarkbage,False,ok,2026-07-05T18:36:54+00:00
64996,alexcrichton,False,ok,2026-07-05T18:36:54+00:00
66740,zsol,False,ok,2026-07-05T18:36:57+00:00
67512,dougwilson,False,ok,2026-07-05T18:36:58+00:00
68855,viirya,False,ok,2026-07-05T18:36:53+00:00
70274,xhochy,False,ok,2026-07-05T18:36:55+00:00
71256,tootallnate,False,ok,2026-07-05T18:36:52+00:00
72844,troygoode,False,ok,2026-07-05T18:36:52+00:00
73579,hpk42,False,ok,2026-07-05T18:37:02+00:00
73973,mariusvniekerk,False,ok,2026-07-05T18:37:00+00:00
74571,fitzgen,False,ok,2026-07-05T18:36:57+00:00
76371,shellscape,True,ok,2026-07-05T18:36:56+00:00
76983,raszi,False,ok,2026-07-05T18:36:51+00:00
77272,charris,False,ok,2026-07-05T18:36:52+00:00
78493,jablko,False,ok,2026-07-05T18:36:58+00:00
78827,jnothman,False,ok,2026-07-05T18:37:02+00:00
81942,mathiasbynens,True,ok,2026-07-05T18:37:01+00:00
82634,grncdr,False,ok,2026-07-05T18:37:00+00:00
83319,jpadilla,True,ok,2026-07-05T18:36:56+00:00
83924,mhammond,False,ok,2026-07-05T18:36:51+00:00
84792,defunctzombie,False,ok,2026-07-05T18:36:56+00:00
85749,webreflection,False,ok,2026-07-05T18:36:54+00:00
89061,ogrisel,False,ok,2026-07-05T18:36:56+00:00
89993,atgreen,False,ok,2026-07-05T18:36:58+00:00
92839,mjackson,True,ok,2026-07-05T18:36:52+00:00
94782,ixti,False,ok,2026-07-05T18:36:57+00:00
96283,alexei,False,ok,2026-07-05T18:36:53+00:00
98330,rgommers,False,ok,2026-07-05T18:36:52+00:00
100200,ryanflorence,False,ok,2026-07-05T18:36:53+00:00
105852,iurisilvio,False,ok,2026-07-05T18:36:57+00:00
106176,kuba,False,ok,2026-07-05T18:36:55+00:00
106511,andrewrk,True,ok,2026-07-05T18:36:56+00:00
111730,pprett,False,ok,2026-07-05T18:37:01+00:00
112982,jridgewell,False,ok,2026-07-05T18:36:57+00:00
117777,wez,True,ok,2026-07-05T18:36:54+00:00
118266,keithamus,True,ok,2026-07-05T18:37:00+00:00
119893,kennethreitz,True,ok,2026-07-05T18:37:00+00:00
121766,feross,True,ok,2026-07-05T18:36:56+00:00
122434,medikoo,True,ok,2026-07-05T18:36:51+00:00
122851,shkuropat,False,ok,2026-07-05T18:36:56+00:00
125332,vvakame,True,ok,2026-07-05T18:36:54+00:00
127063,alexindigo,False,ok,2026-07-05T18:36:53+00:00
127790,dscho,False,ok,2026-07-05T18:36:58+00:00
128223,zzzeek,False,ok,2026-07-05T18:36:57+00:00
130003,agronholm,False,ok,2026-07-05T18:36:54+00:00
130553,vsajip,False,ok,2026-07-05T18:36:53+00:00
132260,loganfsmyth,False,ok,2026-07-05T18:36:58+00:00
134893,dhardy,True,ok,2026-07-05T18:36:56+00:00
137979,tartley,True,ok,2026-07-05T18:37:01+00:00
138943,gweis,False,ok,2026-07-05T18:37:00+00:00
142360,lauriro,True,ok,2026-07-05T18:36:56+00:00
142891,behdad,False,ok,2026-07-05T18:37:00+00:00
144359,birkenfeld,False,ok,2026-07-05T18:37:01+00:00
144427,marijnh,True,ok,2026-07-05T18:37:00+00:00
145979,dstufft,False,ok,2026-07-05T18:36:58+00:00
147214,brson,False,ok,2026-07-05T18:36:51+00:00
150063,jprichardson,False,ok,2026-07-05T18:36:57+00:00
151929,minrk,False,ok,2026-07-05T18:36:52+00:00
155238,nikomatsakis,False,ok,2026-07-05T18:36:54+00:00
156838,ronnypfannschmidt,False,ok,2026-07-05T18:36:53+00:00
157505,liris,False,ok,2026-07-05T18:36:57+00:00
158471,djc,True,ok,2026-07-05T18:36:57+00:00
158859,davidaurelio,False,ok,2026-07-05T18:36:54+00:00
158942,garycourt,False,ok,2026-07-05T18:36:57+00:00
160242,danburkert,False,ok,2026-07-05T18:36:54+00:00
161052,agramfort,False,ok,2026-07-05T18:36:54+00:00
161495,reaperhulk,False,ok,2026-07-05T18:36:51+00:00
162737,joshtriplett,True,ok,2026-07-05T18:36:56+00:00
164050,broofa,True,ok,2026-07-05T18:36:51+00:00
166258,brianloveswords,False,ok,2026-07-05T18:36:51+00:00
169573,smtakeda,False,ok,2026-07-05T18:36:58+00:00
170270,sindresorhus,True,ok,2026-07-05T18:36:57+00:00
172584,fisker,True,ok,2026-07-05T18:36:56+00:00
174850,samn,False,ok,2026-07-05T18:36:53+00:00
176295,jonhoo,True,ok,2026-07-05T18:37:02+00:00
177011,bagder,True,ok,2026-07-05T18:36:58+00:00
183534,pvorb,True,ok,2026-07-05T18:37:02+00:00
188041,oozcitak,True,ok,2026-07-05T18:36:57+00:00
188768,fb55,True,ok,2026-07-05T18:36:55+00:00
189580,linusu,True,ok,2026-07-05T18:36:57+00:00
191719,jviereck,False,ok,2026-07-05T18:36:58+00:00
192891,thlorenz,True,ok,2026-07-05T18:36:51+00:00
194609,bcoe,True,ok,2026-07-05T18:36:59+00:00
196390,kpdecker,False,ok,2026-07-05T18:37:01+00:00
197597,vjeux,False,ok,2026-07-05T18:36:53+00:00
198255,longlho,False,ok,2026-07-05T18:36:58+00:00
199035,mzabriskie,False,ok,2026-07-05T18:36:53+00:00
199429,dvarrazzo,True,ok,2026-07-05T18:36:58+00:00
199592,methane,True,ok,2026-07-05T18:36:51+00:00
199618,mm2,False,ok,2026-07-05T18:36:52+00:00
199813,tacaswell,False,ok,2026-07-05T18:37:01+00:00
203457,eustas,False,ok,2026-07-05T18:37:02+00:00
205036,lgrammel,False,ok,2026-07-05T18:36:57+00:00
205760,kemitchell,False,ok,2026-07-05T18:37:00+00:00
208018,dholth,False,ok,2026-07-05T18:36:56+00:00
208217,gaelvaroquaux,False,ok,2026-07-05T18:36:57+00:00
218257,piscisaureus,False,ok,2026-07-05T18:37:00+00:00
218840,michaelficarra,False,ok,2026-07-05T18:36:51+00:00
219043,jcfr,False,ok,2026-07-05T18:37:00+00:00
219470,benjaminp,False,ok,2026-07-05T18:37:00+00:00
225102,rillian,False,ok,2026-07-05T18:36:52+00:00
232441,akimd,False,ok,2026-07-05T18:36:54+00:00
233706,mblondel,False,ok,2026-07-05T18:36:51+00:00
236356,theskumar,False,ok,2026-07-05T18:36:51+00:00
237182,frenic,False,ok,2026-07-05T18:36:57+00:00
238531,indutny,True,ok,2026-07-05T18:36:56+00:00
240717,madler,False,ok,2026-07-05T18:36:59+00:00
240830,sigmavirus24,False,ok,2026-07-05T18:36:57+00:00
241745,vene,False,ok,2026-07-05T18:36:53+00:00
242750,tseaver,False,ok,2026-07-05T18:36:52+00:00
242954,yangtse,False,ok,2026-07-05T18:36:55+00:00
244010,dmitrysoshnikov,False,ok,2026-07-05T18:36:57+00:00
254565,exarkun,False,ok,2026-07-05T18:36:55+00:00
254880,teoliphant,True,ok,2026-07-05T18:37:02+00:00
264461,tob2,False,ok,2026-07-05T18:36:52+00:00
265902,natevw,False,ok,2026-07-05T18:36:54+00:00
266146,jicama,False,ok,2026-07-05T18:37:01+00:00
266302,gregberge,True,ok,2026-07-05T18:36:59+00:00
266594,hiddentao,False,ok,2026-07-05T18:37:01+00:00
270491,lahmatiy,False,ok,2026-07-05T18:36:55+00:00
275871,bnoordhuis,False,ok,2026-07-05T18:37:02+00:00
277161,quodlibetor,False,ok,2026-07-05T18:36:51+00:00
278509,amanieu,False,ok,2026-07-05T18:36:55+00:00
291301,chalker,False,ok,2026-07-05T18:36:52+00:00
291359,simonsapin,False,ok,2026-07-05T18:36:57+00:00
293473,sandersn,False,ok,2026-07-05T18:36:54+00:00
300067,dy,True,ok,2026-07-05T18:36:58+00:00
300465,seebees,False,ok,2026-07-05T18:36:55+00:00
301846,sdroege,False,ok,2026-07-05T18:36:54+00:00
302469,qulogic,False,ok,2026-07-05T18:36:51+00:00
302715,rumyra,False,ok,2026-07-05T18:36:53+00:00
308610,jaraco,True,ok,2026-07-05T18:36:59+00:00
310393,stebalien,False,ok,2026-07-05T18:36:59+00:00
317464,saghul,False,ok,2026-07-05T18:36:53+00:00
320755,abravalheri,False,ok,2026-07-05T18:32:32+00:00
321463,warrenweckesser,False,ok,2026-07-05T18:36:54+00:00
321534,mmckerns,False,ok,2026-07-05T18:36:52+00:00
321799,tailhook,False,ok,2026-07-05T18:37:01+00:00
323836,lifthrasiir,False,ok,2026-07-05T18:36:57+00:00
326742,philipwalton,False,ok,2026-07-05T18:37:00+00:00
327919,lidavidm,False,ok,2026-07-05T18:36:57+00:00
327925,takluyver,False,ok,2026-07-05T18:37:01+00:00
329591,wesm,True,ok,2026-07-05T18:36:54+00:00
329626,newpavlov,False,ok,2026-07-05T18:36:54+00:00
329822,julian,True,ok,2026-07-05T18:36:58+00:00
330628,ralfjung,False,ok,2026-07-05T18:36:51+00:00
332036,oli-obk,False,ok,2026-07-05T18:36:57+00:00
332363,owlstronaut,False,ok,2026-07-05T18:36:58+00:00
335383,larsmans,False,ok,2026-07-05T18:36:55+00:00
335567,carreau,True,ok,2026-07-05T18:36:52+00:00
340349,msullivan,False,ok,2026-07-05T18:36:53+00:00
342993,indygreg,True,ok,2026-07-05T18:36:56+00:00
347870,sebmaster,False,ok,2026-07-05T18:36:54+00:00
349618,keszybz,False,ok,2026-07-05T18:37:00+00:00
352304,kaelzhang,False,ok,2026-07-05T18:36:59+00:00
356399,asvetlov,True,ok,2026-07-05T18:36:58+00:00
363802,hazat,True,ok,2026-07-05T18:37:01+00:00
365262,mcavage,False,ok,2026-07-05T18:36:51+00:00
368057,jamesls,False,ok,2026-07-05T18:36:58+00:00
373936,diullei,False,ok,2026-07-05T18:36:57+00:00
375744,mattrobenolt,False,ok,2026-07-05T18:37:01+00:00
376661,mafintosh,True,ok,2026-07-05T18:36:59+00:00
383875,ptmcg,False,ok,2026-07-05T18:37:02+00:00
383994,jonschlinkert,True,ok,2026-07-05T18:36:55+00:00
394360,einaros,False,ok,2026-07-05T18:37:00+00:00
403461,jrfeenst,False,ok,2026-07-05T18:36:57+00:00
404610,tatsuhiro-t,True,ok,2026-07-05T18:37:02+00:00
406394,evanw,False,ok,2026-07-05T18:37:02+00:00
408035,rafeca,False,ok,2026-07-05T18:36:51+00:00
413772,graingert,True,ok,2026-07-05T18:36:59+00:00
416575,frewsxcv,False,ok,2026-07-05T18:36:57+00:00
417016,sadasant,False,ok,2026-07-05T18:36:53+00:00
418097,othiym23,False,ok,2026-07-05T18:36:57+00:00
424045,nlf,False,ok,2026-07-05T18:36:55+00:00
425260,eric-wieser,False,ok,2026-07-05T18:37:01+00:00
431873,tlyu,True,ok,2026-07-05T18:36:53+00:00
433028,jdisanti,False,ok,2026-07-05T18:37:00+00:00
433725,iansu,True,ok,2026-07-05T18:36:55+00:00
439929,jasnell,False,ok,2026-07-05T18:36:59+00:00
449558,amueller,False,ok,2026-07-05T18:36:55+00:00
453071,inikulin,False,ok,2026-07-05T18:36:57+00:00
456674,burntsushi,True,ok,2026-07-05T18:36:51+00:00
460469,ivmai,False,ok,2026-07-05T18:36:57+00:00
464322,bartdag,False,ok,2026-07-05T18:36:59+00:00
468153,jordanbtucker,False,ok,2026-07-05T18:36:55+00:00
469155,richardpl,False,ok,2026-07-05T18:36:52+00:00
472350,mark-adams,False,ok,2026-07-05T18:37:00+00:00
476013,matthiaskrgr,False,ok,2026-07-05T18:37:01+00:00
477771,glouppe,False,ok,2026-07-05T18:36:58+00:00
479213,pde,False,ok,2026-07-05T18:36:58+00:00
487433,mistercrunch,False,ok,2026-07-05T18:36:52+00:00
488689,shilman,False,ok,2026-07-05T18:36:56+00:00
490673,alamb,False,ok,2026-07-05T18:36:54+00:00
491659,scoder,True,ok,2026-07-05T18:36:54+00:00
492903,rcoh,False,ok,2026-07-05T18:36:51+00:00
495647,rvagg,False,ok,2026-07-05T18:36:53+00:00
499550,yyx990803,True,ok,2026-07-05T18:36:56+00:00
507637,grahamdumpleton,True,ok,2026-07-05T18:36:59+00:00
508118,ctavan,True,ok,2026-07-05T18:36:53+00:00
512616,jbowler,False,ok,2026-07-05T18:37:00+00:00
520669,dhermes,False,ok,2026-07-05T18:36:56+00:00
522231,kevinbeaty,False,ok,2026-07-05T18:37:00+00:00
542108,lukekarrys,True,ok,2026-07-05T18:36:59+00:00
554369,willmcgugan,True,ok,2026-07-05T18:36:54+00:00
554612,legrandin,False,ok,2026-07-05T18:36:56+00:00
555648,sdispater,True,ok,2026-07-05T18:36:54+00:00
557590,rreverser,True,ok,2026-07-05T18:36:53+00:00
558190,aearly,False,ok,2026-07-05T18:36:54+00:00
564903,gyscos,False,ok,2026-07-05T18:37:00+00:00
571330,xitology,False,ok,2026-07-05T18:36:55+00:00
572024,eggert,False,ok,2026-07-05T18:36:59+00:00
574696,paulmillr,True,ok,2026-07-05T18:36:58+00:00
575695,marshallpierce,False,ok,2026-07-05T18:37:00+00:00
578543,webknjaz,True,ok,2026-07-05T18:36:54+00:00
580948,tjguk,False,ok,2026-07-05T18:36:52+00:00
588473,hzoo,True,ok,2026-07-05T18:36:55+00:00
595491,potiuk,True,ok,2026-07-05T18:37:01+00:00
605277,uranusjr,False,ok,2026-07-05T18:36:53+00:00
609896,njsmith,False,ok,2026-07-05T18:36:55+00:00
616428,timer,False,ok,2026-07-05T18:36:51+00:00
617000,eemeli,True,ok,2026-07-05T18:36:59+00:00
617481,domenic,False,ok,2026-07-05T18:36:57+00:00
618076,fatso83,False,ok,2026-07-05T18:36:55+00:00
625469,armano2,False,ok,2026-07-05T18:36:57+00:00
627997,ashtuchkin,False,ok,2026-07-05T18:36:58+00:00
628431,davidtheclark,False,ok,2026-07-05T18:36:55+00:00
639755,raulcd,True,ok,2026-07-05T18:36:51+00:00
641386,fenhl,False,ok,2026-07-05T18:36:56+00:00
643885,timrwood,False,ok,2026-07-05T18:36:51+00:00
647359,lovelydinosaur,False,ok,2026-07-05T18:36:58+00:00
651941,dcommander,False,ok,2026-07-05T18:36:55+00:00
663432,bdraco,False,ok,2026-07-05T18:36:59+00:00
666308,retep998,False,ok,2026-07-05T18:36:52+00:00
675313,rubenverborgh,True,ok,2026-07-05T18:36:53+00:00
681260,giampaolo,True,ok,2026-07-05T18:36:58+00:00
688850,perlpunk,True,ok,2026-07-05T18:36:59+00:00
690238,gaborbernat,True,ok,2026-07-05T18:36:57+00:00
692075,sbidoul,False,ok,2026-07-05T18:36:54+00:00
698229,snowystinger,False,ok,2026-07-05T18:36:58+00:00
698918,levitte,False,ok,2026-07-05T18:36:56+00:00
702934,andyfaff,False,ok,2026-07-05T18:36:56+00:00
709159,kevva,False,ok,2026-07-05T18:37:00+00:00
709807,aturon,False,ok,2026-07-05T18:36:58+00:00
713966,ronaldoussoren,False,ok,2026-07-05T18:36:53+00:00
718899,trott,False,ok,2026-07-05T18:36:52+00:00
718941,davidpdrsn,False,ok,2026-07-05T18:36:55+00:00
729390,michaelni,False,ok,2026-07-05T18:36:51+00:00
748594,davidhalter,True,ok,2026-07-05T18:36:54+00:00
750081,cyan4973,False,ok,2026-07-05T18:36:54+00:00
753512,kanongil,False,ok,2026-07-05T18:36:59+00:00
755743,kuhe,False,ok,2026-07-05T18:36:55+00:00
757060,ichernev,False,ok,2026-07-05T18:36:56+00:00
789564,kapetan,False,ok,2026-07-05T18:36:59+00:00
795070,stefwalter,False,ok,2026-07-05T18:36:59+00:00
810438,gaearon,False,ok,2026-07-05T18:36:57+00:00
820496,jonathanhuot,True,ok,2026-07-05T18:37:02+00:00
821550,rayluo,False,ok,2026-07-05T18:36:51+00:00
823911,mattip,True,ok,2026-07-05T18:37:01+00:00
829734,petkaantonov,False,ok,2026-07-05T18:36:59+00:00
830952,zertosh,False,ok,2026-07-05T18:36:57+00:00
853712,sebmck,False,ok,2026-07-05T18:36:55+00:00
855219,srl295,True,ok,2026-07-05T18:36:59+00:00
855702,centril,False,ok,2026-07-05T18:36:52+00:00
858295,alexeyraspopov,False,ok,2026-07-05T18:36:53+00:00
863754,zensh,True,ok,2026-07-05T18:36:56+00:00
865272,jameysharp,False,ok,2026-07-05T18:36:59+00:00
867242,borisyankov,False,ok,2026-07-05T18:37:02+00:00
874898,basarat,True,ok,2026-07-05T18:36:59+00:00
885648,qix-,True,ok,2026-07-05T18:36:51+00:00
899444,addaleax,False,ok,2026-07-05T18:36:54+00:00
900523,jameshenry,False,ok,2026-07-05T18:36:58+00:00
903597,coreyfarrell,False,ok,2026-07-05T18:36:53+00:00
906600,jellezijlstra,True,ok,2026-07-05T18:37:01+00:00
923865,sboudrias,True,ok,2026-07-05T18:36:54+00:00
928074,darksonn,False,ok,2026-07-05T18:36:54+00:00
934084,andygrove,False,ok,2026-07-05T18:36:55+00:00
940133,boujeepossum,False,ok,2026-07-05T18:36:51+00:00
944406,wooorm,True,ok,2026-07-05T18:36:54+00:00
951129,jplatte,True,ok,2026-07-05T18:36:56+00:00
953992,jreback,False,ok,2026-07-05T18:36:57+00:00
958432,ickle,False,ok,2026-07-05T18:36:56+00:00
961599,murgatroid99,False,ok,2026-07-05T18:36:53+00:00
961747,kszucs,True,ok,2026-07-05T18:37:02+00:00
972584,jquast,True,ok,2026-07-05T18:36:57+00:00
972891,danielrosenwasser,False,ok,2026-07-05T18:36:54+00:00
975687,ricmoo,False,ok,2026-07-05T18:36:52+00:00
976345,dan-blanchard,False,ok,2026-07-05T18:36:54+00:00
983798,iarna,False,ok,2026-07-05T18:36:55+00:00
992373,phated,True,ok,2026-07-05T18:36:59+00:00
999029,david-luna,False,ok,2026-07-05T18:36:54+00:00
999113,rlidwka,False,ok,2026-07-05T18:36:52+00:00
1006268,goto-bus-stop,False,ok,2026-07-05T18:36:58+00:00
1009841,mvdnes,False,ok,2026-07-05T18:36:53+00:00
1016218,escapedcat,False,ok,2026-07-05T18:37:01+00:00
1017236,satazor,False,ok,2026-07-05T18:36:54+00:00
1020496,jorisvandenbossche,False,ok,2026-07-05T18:36:55+00:00
1027776,wesleytodd,True,ok,2026-07-05T18:36:54+00:00
1031987,karelzak,False,ok,2026-07-05T18:36:59+00:00
1040594,fishilico,False,ok,2026-07-05T18:36:56+00:00
1046063,joshlf,False,ok,2026-07-05T18:36:56+00:00
1046529,poulsbo,False,ok,2026-07-05T18:37:01+00:00
1050156,lmazuel,False,ok,2026-07-05T18:36:58+00:00
1055125,facelessuser,True,ok,2026-07-05T18:36:55+00:00
1056819,gotwarlost,False,ok,2026-07-05T18:36:59+00:00
1072356,hjl-tools,False,ok,2026-07-05T18:37:01+00:00
1085180,nicoddemus,True,ok,2026-07-05T18:36:54+00:00
1088987,blakeembrey,True,ok,2026-07-05T18:37:01+00:00
1107911,jukkal,False,ok,2026-07-05T18:36:58+00:00
1110419,pfmoore,False,ok,2026-07-05T18:36:59+00:00
1127384,omsmith,False,ok,2026-07-05T18:36:57+00:00
1128607,calvinmetcalf,False,ok,2026-07-05T18:36:52+00:00
1130906,eliben,False,ok,2026-07-05T18:37:00+00:00
1131421,greghudson,False,ok,2026-07-05T18:36:59+00:00
1131567,shinnn,False,ok,2026-07-05T18:36:56+00:00
1136893,dcodeio,True,ok,2026-07-05T18:36:55+00:00
1141869,tehshrike,False,ok,2026-07-05T18:37:02+00:00
1145762,sffc,False,ok,2026-07-05T18:36:55+00:00
1148376,jimmywarting,True,ok,2026-07-05T18:37:01+00:00
1162160,rich-harris,False,ok,2026-07-05T18:36:52+00:00
1165819,ib-lundgren,False,ok,2026-07-05T18:36:56+00:00
1192452,hipstersmoothie,True,ok,2026-07-05T18:37:01+00:00
1203881,michareiser,False,ok,2026-07-05T18:36:51+00:00
1205481,jaredwray,False,ok,2026-07-05T18:36:59+00:00
1210596,kwonoj,False,ok,2026-07-05T18:36:55+00:00
1222691,gkz,False,ok,2026-07-05T18:36:58+00:00
1223550,bluetech,False,ok,2026-07-05T18:37:01+00:00
1242887,davidism,False,ok,2026-07-05T18:36:54+00:00
1247578,dirbaio,False,ok,2026-07-05T18:36:57+00:00
1250998,obecny,False,ok,2026-07-05T18:36:56+00:00
1254480,jwakely,False,ok,2026-07-05T18:36:58+00:00
1256082,jamadden,False,ok,2026-07-05T18:36:58+00:00
1271348,besser82,False,ok,2026-07-05T18:37:00+00:00
1282980,ben-eb,False,ok,2026-07-05T18:37:00+00:00
1286074,caspermeijn,False,ok,2026-07-05T18:36:52+00:00
1286980,kryde,False,ok,2026-07-05T18:37:02+00:00
1299873,remusao,False,ok,2026-07-05T18:36:51+00:00
1300387,nipunn1313,False,ok,2026-07-05T18:36:55+00:00
1309177,charliermarsh,False,ok,2026-07-05T18:36:52+00:00
1312546,tomaugspurger,False,ok,2026-07-05T18:36:52+00:00
1322974,anntzer,False,ok,2026-07-05T18:36:56+00:00
1324225,hugovk,True,ok,2026-07-05T18:36:55+00:00
1334536,rauno56,False,ok,2026-07-05T18:36:51+00:00
1365071,rob--w,False,ok,2026-07-05T18:36:52+00:00
1365881,sokra,True,ok,2026-07-05T18:36:58+00:00
1377457,pganssle,False,ok,2026-07-05T18:36:59+00:00
1380062,ilyavolodin,False,ok,2026-07-05T18:36:56+00:00
1382556,lukasa,False,ok,2026-07-05T18:36:58+00:00
1390651,andyperlitch,False,ok,2026-07-05T18:36:56+00:00
1392512,altsysrq,False,ok,2026-07-05T18:36:51+00:00
1404810,simenb,False,ok,2026-07-05T18:36:57+00:00
1443911,lpinca,True,ok,2026-07-05T18:36:58+00:00
1454649,valenting,True,ok,2026-07-05T18:36:53+00:00
1455697,sfackler,True,ok,2026-07-05T18:36:55+00:00
1484279,bitinn,False,ok,2026-07-05T18:37:01+00:00
1493671,xtuc,False,ok,2026-07-05T18:36:55+00:00
1507086,chicoxyzzy,False,ok,2026-07-05T18:36:52+00:00
1509422,cworth-gh,False,ok,2026-07-05T18:36:54+00:00
1510004,aabmass,False,ok,2026-07-05T18:32:32+00:00
1522444,kaniini,True,ok,2026-07-05T18:36:59+00:00
1523305,kamilogorek,True,ok,2026-07-05T18:36:59+00:00
1538624,timothygu,False,ok,2026-07-05T18:36:51+00:00
1539897,benoitgrelard,False,ok,2026-07-05T18:37:00+00:00
1540597,benlesh,False,ok,2026-07-05T18:37:00+00:00
1553248,davidmalcolm,False,ok,2026-07-05T18:36:55+00:00
1555070,pfmooney,False,ok,2026-07-05T18:36:59+00:00
1577132,hartwork,False,ok,2026-07-05T18:37:00+00:00
1609022,brophdawg11,False,ok,2026-07-05T18:36:51+00:00
1611595,fabiosantoscode,True,ok,2026-07-05T18:36:55+00:00
1612643,dyladan,False,ok,2026-07-05T18:36:59+00:00
1616938,bheisler,False,ok,2026-07-05T18:37:00+00:00
1617736,manishearth,True,ok,2026-07-05T18:37:00+00:00
1630245,lemzwerg,False,ok,2026-07-05T18:36:56+00:00
1633576,anteru,False,ok,2026-07-05T18:36:56+00:00
1638690,ipetkov,False,ok,2026-07-05T18:36:57+00:00
1645124,daxpedda,True,ok,2026-07-05T18:36:55+00:00
1645335,bbc2,False,ok,2026-07-05T18:36:59+00:00
1671563,yannbf,False,ok,2026-07-05T18:36:56+00:00
1686212,wiggin15,False,ok,2026-07-05T18:36:54+00:00
1711539,matklad,False,ok,2026-07-05T18:37:01+00:00
1721820,pitrou,False,ok,2026-07-05T18:37:00+00:00
1726460,jcgregorio,False,ok,2026-07-05T18:37:00+00:00
1740641,es128,False,ok,2026-07-05T18:37:01+00:00
1742914,arigo,False,ok,2026-07-05T18:36:57+00:00
1749548,jeffposnick,False,ok,2026-07-05T18:37:01+00:00
1755071,adriangb,True,ok,2026-07-05T18:36:54+00:00
1765950,elenril,False,ok,2026-07-05T18:37:00+00:00
1781103,tustvold,False,ok,2026-07-05T18:36:52+00:00
1817814,dmtucker,False,ok,2026-07-05T18:36:57+00:00
1868861,pvaneck,False,ok,2026-07-05T18:37:02+00:00
1898413,alexlamsl,False,ok,2026-07-05T18:36:53+00:00
1913805,samverschueren,False,ok,2026-07-05T18:36:54+00:00
1922815,bbayles,False,ok,2026-07-05T18:36:59+00:00
1929625,nexdrew,True,ok,2026-07-05T18:36:54+00:00
1937871,mysticatea,True,ok,2026-07-05T18:36:53+00:00
1940286,nnethercote,False,ok,2026-07-05T18:36:55+00:00
1940490,dtolnay,True,ok,2026-07-05T18:36:58+00:00
2046526,rguenth,False,ok,2026-07-05T18:36:52+00:00
2096628,blink1073,False,ok,2026-07-05T18:37:01+00:00
2097964,jamesmunns,False,ok,2026-07-05T18:36:58+00:00
2123375,lukechilds,True,ok,2026-07-05T18:36:59+00:00
2126043,cpburnz,False,ok,2026-07-05T18:36:53+00:00
2128532,nickelc,False,ok,2026-07-05T18:36:54+00:00
2130732,poettering,False,ok,2026-07-05T18:37:01+00:00
2133832,ev-br,False,ok,2026-07-05T18:37:02+00:00
2142817,lydell,False,ok,2026-07-05T18:36:59+00:00
2153532,jensyt,False,ok,2026-07-05T18:37:01+00:00
2213682,zloirock,True,ok,2026-07-05T18:36:57+00:00
2246565,motiz88,False,ok,2026-07-05T18:36:52+00:00
2302254,terkelg,True,ok,2026-07-05T18:36:51+00:00
2312275,chrahunt,False,ok,2026-07-05T18:36:52+00:00
2352663,targos,True,ok,2026-07-05T18:37:01+00:00
2411343,mydea,False,ok,2026-07-05T18:36:53+00:00
2442845,jamrial,False,ok,2026-07-05T18:36:59+00:00
2463856,micheles,False,ok,2026-07-05T18:36:52+00:00
2512748,cjihrig,True,ok,2026-07-05T18:36:53+00:00
2590098,robhogan,False,ok,2026-07-05T18:36:52+00:00
2609110,ctruta,False,ok,2026-07-05T18:36:54+00:00
2642545,jakxz,False,ok,2026-07-05T18:36:58+00:00
2658545,marxin,False,ok,2026-07-05T18:37:01+00:00
2677165,srijs,False,ok,2026-07-05T18:36:58+00:00
2764898,rachelandrew,False,ok,2026-07-05T18:36:51+00:00
2769109,epoberezkin,True,ok,2026-07-05T18:37:01+00:00
2772607,jorgecarleitao,False,ok,2026-07-05T18:36:55+00:00
2796466,hawkw,True,ok,2026-07-05T18:37:01+00:00
2833077,tkem,True,ok,2026-07-05T18:36:52+00:00
2836374,timhoffm,False,ok,2026-07-05T18:36:51+00:00
2903206,kimundi,False,ok,2026-07-05T18:37:01+00:00
2928805,stub42,False,ok,2026-07-05T18:37:00+00:00
2975928,nealrichardson,False,ok,2026-07-05T18:36:54+00:00
2997570,chrisjsewell,False,ok,2026-07-05T18:36:53+00:00
3048342,sinclairzx81,False,ok,2026-07-05T18:36:57+00:00
3050060,guillaumegomez,True,ok,2026-07-05T18:37:00+00:00
3065230,ronag,True,ok,2026-07-05T18:36:52+00:00
3070389,ndelangen,False,ok,2026-07-05T18:36:54+00:00
3082153,chaance,True,ok,2026-07-05T18:36:52+00:00
3084745,colinhacks,True,ok,2026-07-05T18:36:53+00:00
3112309,radarhere,True,ok,2026-07-05T18:36:51+00:00
3161395,jhpratt,True,ok,2026-07-05T18:37:01+00:00
3205522,eyurtsev,False,ok,2026-07-05T18:36:55+00:00
3209739,bluss,True,ok,2026-07-05T18:37:01+00:00
3226984,aozgaa,False,ok,2026-07-05T18:36:57+00:00
3268430,zesterer,True,ok,2026-07-05T18:36:57+00:00
3275109,hukkin,False,ok,2026-07-05T18:36:55+00:00
3275593,pradyunsg,False,ok,2026-07-05T18:37:01+00:00
3277153,andrewbranch,False,ok,2026-07-05T18:36:56+00:00
3335181,joshuakgoldberg,True,ok,2026-07-05T18:36:56+00:00
3372342,bors,False,ok,2026-07-05T18:36:51+00:00
3475472,megawac,False,ok,2026-07-05T18:36:51+00:00
3491627,mo271,False,ok,2026-07-05T18:36:52+00:00
3607926,jlhwung,True,ok,2026-07-05T18:37:01+00:00
3624098,acdlite,False,ok,2026-07-05T18:32:32+00:00
3674314,compiler-errors,False,ok,2026-07-05T18:36:53+00:00
3709196,benmosher,False,ok,2026-07-05T18:37:00+00:00
3757771,veykril,True,ok,2026-07-05T18:36:53+00:00
3902892,rbuckton,True,ok,2026-07-05T18:36:51+00:00
3994389,rogdham,False,ok,2026-07-05T18:36:52+00:00
4001789,thehesiod,True,ok,2026-07-05T18:36:51+00:00
4039449,samuelcolvin,True,ok,2026-07-05T18:36:53+00:00
4056630,pks-t,False,ok,2026-07-05T18:37:00+00:00
4082216,jamestalmage,True,ok,2026-07-05T18:36:58+00:00
4108384,yaacovcr,True,ok,2026-07-05T18:36:55+00:00
4122866,ephraimbuddy,False,ok,2026-07-05T18:37:01+00:00
4136413,dragostis,False,ok,2026-07-05T18:36:58+00:00
4181124,yashykt,False,ok,2026-07-05T18:36:56+00:00
4226954,ahejlsberg,False,ok,2026-07-05T18:36:54+00:00
4248851,marionebl,False,ok,2026-07-05T18:37:00+00:00
4287128,davelosert,False,ok,2026-07-05T18:36:54+00:00
4290500,samchou19815,False,ok,2026-07-05T18:36:53+00:00
4299420,joyeecheung,False,ok,2026-07-05T18:36:56+00:00
4368172,bors-servo,False,ok,2026-07-05T18:36:51+00:00
4391036,feiyang1,False,ok,2026-07-05T18:36:56+00:00
4503403,sunfishcode,False,ok,2026-07-05T18:37:00+00:00
4521223,amarzavery,False,ok,2026-07-05T18:36:55+00:00
4567934,alexander-akait,True,ok,2026-07-05T18:36:54+00:00
4600967,bbovenzi,False,ok,2026-07-05T18:36:59+00:00
4605355,kyleknap,False,ok,2026-07-05T18:36:55+00:00
4616906,henryiii,False,ok,2026-07-05T18:37:01+00:00
4706271,robertbastian,False,ok,2026-07-05T18:36:52+00:00
4805575,teddriggs,True,ok,2026-07-05T18:37:02+00:00
4807083,bendingbender,False,ok,2026-07-05T18:37:00+00:00
4814473,jasonsaayman,False,ok,2026-07-05T18:36:59+00:00
4834845,matthiasclasen,False,ok,2026-07-05T18:37:01+00:00
5018213,japaric,False,ok,2026-07-05T18:36:59+00:00
5069942,ocelotl,False,ok,2026-07-05T18:36:56+00:00
5184014,parthea,False,ok,2026-07-05T18:36:58+00:00
5220559,wcawijngaards,False,ok,2026-07-05T18:36:54+00:00
5271761,nateprewitt,False,ok,2026-07-05T18:36:54+00:00
5273975,paulvanbrenk,False,ok,2026-07-05T18:36:58+00:00
5281408,ldv-alt,False,ok,2026-07-05T18:36:56+00:00
5402633,thomasjpfan,True,ok,2026-07-05T18:36:51+00:00
5456384,lokathor,True,ok,2026-07-05T18:36:58+00:00
5506060,josephlr,False,ok,2026-07-05T18:36:55+00:00
5635476,trysound,False,ok,2026-07-05T18:36:52+00:00
5758045,luciofranco,False,ok,2026-07-05T18:36:58+00:00
5817809,antonk52,True,ok,2026-07-05T18:36:57+00:00
5854687,d-fischer,True,ok,2026-07-05T18:36:54+00:00
5855893,lukeed,True,ok,2026-07-05T18:36:59+00:00
5889929,valentinpalkovic,False,ok,2026-07-05T18:36:53+00:00
5908016,thkukuk,False,ok,2026-07-05T18:36:51+00:00
5963049,cramertj,False,ok,2026-07-05T18:36:53+00:00
6042212,martindurant,False,ok,2026-07-05T18:37:01+00:00
6074665,deyaaeldeen,False,ok,2026-07-05T18:36:56+00:00
6131885,cgzones,False,ok,2026-07-05T18:36:52+00:00
6143762,andr83,False,ok,2026-07-05T18:36:55+00:00
6170607,leo,False,ok,2026-07-05T18:36:56+00:00
6215781,paolobarbolini,False,ok,2026-07-05T18:36:58+00:00
6255050,pitdicker,False,ok,2026-07-05T18:37:00+00:00
6261182,engn33r,False,ok,2026-07-05T18:37:00+00:00
6316432,nickuraltsev,False,ok,2026-07-05T18:36:54+00:00
6316590,stevemao,False,ok,2026-07-05T18:37:00+00:00
6326167,skal65535,False,ok,2026-07-05T18:36:57+00:00
6355370,ianschmitz,False,ok,2026-07-05T18:36:55+00:00
6425824,josephsavona,False,ok,2026-07-05T18:36:56+00:00
6475294,tantale,False,ok,2026-07-05T18:37:01+00:00
6504915,bmw,False,ok,2026-07-05T18:37:01+00:00
6525361,mayurkale22,False,ok,2026-07-05T18:37:02+00:00
6569980,helfer,False,ok,2026-07-05T18:37:01+00:00
6570539,mdhaber,True,ok,2026-07-05T18:36:51+00:00
6590984,snhenson,False,ok,2026-07-05T18:36:58+00:00
6643991,michaeldeboey,True,ok,2026-07-05T18:36:51+00:00
6685088,ryancavanaugh,False,ok,2026-07-05T18:36:53+00:00
6721458,kodraus,False,ok,2026-07-05T18:37:01+00:00
6942134,kbknapp,True,ok,2026-07-05T18:37:00+00:00
6959636,zekth,False,ok,2026-07-05T18:36:56+00:00
7000710,nicolo-ribaudo,True,ok,2026-07-05T18:36:54+00:00
7034281,mrmlnc,False,ok,2026-07-05T18:36:53+00:00
7040122,erictraut,True,ok,2026-07-05T18:37:01+00:00
7125407,t8m,False,ok,2026-07-05T18:37:01+00:00
7281574,nicolasnoble,False,ok,2026-07-05T18:36:54+00:00
7421183,maxrimue,False,ok,2026-07-05T18:37:02+00:00
7422273,mattcaswell,False,ok,2026-07-05T18:37:01+00:00
7431116,frommi,False,ok,2026-07-05T18:36:57+00:00
7454015,glemaitre,False,ok,2026-07-05T18:36:58+00:00
7462525,bradzacher,True,ok,2026-07-05T18:36:51+00:00
7537033,elas7,False,ok,2026-07-05T18:37:00+00:00
7546183,peternator7,False,ok,2026-07-05T18:36:59+00:00
7583839,jeremymeng,False,ok,2026-07-05T18:37:01+00:00
7840580,stephensmalley,False,ok,2026-07-05T18:36:59+00:00
7903078,tylerjereddy,False,ok,2026-07-05T18:36:52+00:00
8000722,mhegazy,False,ok,2026-07-05T18:36:51+00:00
8013633,suguru03,False,ok,2026-07-05T18:37:00+00:00
8052792,sheetalkamat,False,ok,2026-07-05T18:36:56+00:00
8078968,jbrockmendel,False,ok,2026-07-05T18:37:00+00:00
8136211,ehmicky,False,ok,2026-07-05T18:36:59+00:00
8319210,oyvindln,False,ok,2026-07-05T18:36:58+00:00
8420481,lms24,False,ok,2026-07-05T18:36:58+00:00
8500303,legendecas,True,ok,2026-07-05T18:36:56+00:00
8551050,xfxyjwf,False,ok,2026-07-05T18:36:54+00:00
8811558,kaxil,True,ok,2026-07-05T18:36:59+00:00
8822365,busunkim96,False,ok,2026-07-05T18:36:51+00:00
8822573,bridgear,False,ok,2026-07-05T18:36:51+00:00
8864912,vjpai,False,ok,2026-07-05T18:36:53+00:00
9074039,szabadka,False,ok,2026-07-05T18:37:00+00:00
9092011,uniqueiniquity,False,ok,2026-07-05T18:36:53+00:00
9326700,ousret,True,ok,2026-07-05T18:36:57+00:00
9370665,jakubjelinek,False,ok,2026-07-05T18:36:58+00:00
9440903,alexhuszagh,False,ok,2026-07-05T18:36:53+00:00
9661127,lfdanlu,False,ok,2026-07-05T18:36:57+00:00
9677399,ofek,True,ok,2026-07-05T18:36:56+00:00
9735060,emdneto,False,ok,2026-07-05T18:37:00+00:00
9768336,mayeut,False,ok,2026-07-05T18:37:02+00:00
9773803,streamich,True,ok,2026-07-05T18:37:00+00:00
9800850,andarist,True,ok,2026-07-05T18:36:55+00:00
9845234,kennykerr,False,ok,2026-07-05T18:37:00+00:00
9939684,jtattermusch,False,ok,2026-07-05T18:36:57+00:00
10120821,ctiller,False,ok,2026-07-05T18:36:53+00:00
10212162,homu,False,ok,2026-07-05T18:37:01+00:00
10367662,nvzqz,True,ok,2026-07-05T18:36:56+00:00
10386119,sec-ant,False,ok,2026-07-05T18:36:55+00:00
10452642,harshanalluru,False,ok,2026-07-05T18:37:00+00:00
10496300,mpolacek,False,ok,2026-07-05T18:36:53+00:00
10537793,jsm28,False,ok,2026-07-05T18:36:57+00:00
10647082,mroeschke,False,ok,2026-07-05T18:36:53+00:00
10716545,hsubox76,False,ok,2026-07-05T18:37:02+00:00
10780059,casperdcl,True,ok,2026-07-05T18:36:52+00:00
11247099,antfu,True,ok,2026-07-05T18:36:57+00:00
11481355,emmatown,False,ok,2026-07-05T18:37:00+00:00
11521496,romainmenke,True,ok,2026-07-05T18:36:52+00:00
11578097,mpodwysocki,False,ok,2026-07-05T18:36:53+00:00
11580155,lzchen,False,ok,2026-07-05T18:36:59+00:00
11633333,cbornet,False,ok,2026-07-05T18:36:52+00:00
11638619,not-an-aardvark,False,ok,2026-07-05T18:36:55+00:00
11771386,jwcart2,False,ok,2026-07-05T18:36:58+00:00
11783500,vorner,False,ok,2026-07-05T18:36:53+00:00
11986836,hwchase17,False,ok,2026-07-05T18:36:55+00:00
12005495,ilevkivskyi,False,ok,2026-07-05T18:36:56+00:00
12058428,mik-laj,False,ok,2026-07-05T18:36:52+00:00
12292047,eps1lon,True,ok,2026-07-05T18:37:01+00:00
12586868,digitalbrainjs,False,ok,2026-07-05T18:36:56+00:00
12720407,markusicu,False,ok,2026-07-05T18:37:00+00:00
12821284,jzern,False,ok,2026-07-05T18:36:58+00:00
12949268,lukastaegert,False,ok,2026-07-05T18:36:59+00:00
13031921,mauriciovasquezbernal,False,ok,2026-07-05T18:37:02+00:00
13715823,thisisnic,True,ok,2026-07-05T18:36:51+00:00
13724985,tgross35,False,ok,2026-07-05T18:36:51+00:00
14157143,yuwata,False,ok,2026-07-05T18:36:56+00:00
14309773,aduh95,True,ok,2026-07-05T18:36:54+00:00
14350651,xiangyan99,False,ok,2026-07-05T18:36:55+00:00
14790466,greenkeeperio-bot,False,ok,2026-07-05T18:36:59+00:00
14838850,sosukesuzuki,False,ok,2026-07-05T18:36:58+00:00
14851107,grhoten,False,ok,2026-07-05T18:37:00+00:00
15010068,jonsneyers,False,ok,2026-07-05T18:36:55+00:00
15232461,dimitropoulos,False,ok,2026-07-05T18:36:57+00:00
15719847,shadowspawn,True,ok,2026-07-05T18:36:56+00:00
15932138,dstandish,False,ok,2026-07-05T18:36:58+00:00
16024985,trivikr,False,ok,2026-07-05T18:36:52+00:00
16173870,sheremet-va,False,ok,2026-07-05T18:36:56+00:00
16336606,frostming,True,ok,2026-07-05T18:36:57+00:00
16418547,alenkaf,False,ok,2026-07-05T18:36:54+00:00
16480148,zoofood,False,ok,2026-07-05T18:36:57+00:00
16865900,ka-weihe,False,ok,2026-07-05T18:36:59+00:00
16890566,ramya-rao-a,False,ok,2026-07-05T18:36:51+00:00
16907501,tottoto,False,ok,2026-07-05T18:36:52+00:00
16928427,minestarks,False,ok,2026-07-05T18:36:52+00:00
17128080,li-zhi,False,ok,2026-07-05T18:36:57+00:00
17342435,ryanzim,False,ok,2026-07-05T18:36:53+00:00
17426603,bjorn3,True,ok,2026-07-05T18:37:01+00:00
17447359,etingof,False,ok,2026-07-05T18:37:02+00:00
17624421,mleguen,False,ok,2026-07-05T18:36:52+00:00
17916609,paulidale,False,ok,2026-07-05T18:36:58+00:00
18269663,nodejs-github-bot,False,ok,2026-07-05T18:36:55+00:00
18448094,mkver,False,ok,2026-07-05T18:36:52+00:00
18519037,sethmlarson,True,ok,2026-07-05T18:36:55+00:00
18664614,markdroth,False,ok,2026-07-05T18:37:00+00:00
18689448,abhiprasad,False,ok,2026-07-05T18:32:32+00:00
19397744,schmidt-sebastian,False,ok,2026-07-05T18:36:54+00:00
19732188,bradh352,False,ok,2026-07-05T18:36:51+00:00
20282546,sibiraj-s,True,ok,2026-07-05T18:36:57+00:00
20847995,ardatan,True,ok,2026-07-05T18:36:57+00:00
20942173,sfc-gh-stakeda,False,ok,2026-07-05T18:36:55+00:00
22008038,baskaryan,False,ok,2026-07-05T18:36:59+00:00
22105064,pichlermarc,False,ok,2026-07-05T18:37:00+00:00
22450188,atomiks,False,ok,2026-07-05T18:36:58+00:00
22645979,xxczaki,True,ok,2026-07-05T18:36:55+00:00
22822319,davisjam,False,ok,2026-07-05T18:36:55+00:00
22846633,srikanthccv,False,ok,2026-07-05T18:36:59+00:00
23042052,typescript-bot,False,ok,2026-07-05T18:36:52+00:00
23139455,nathanielrn,False,ok,2026-07-05T18:36:54+00:00
23255260,borewit,True,ok,2026-07-05T18:37:02+00:00
23334705,evilebottnawi,False,ok,2026-07-05T18:36:55+00:00
24500011,mrabarnett,False,ok,2026-07-05T18:36:53+00:00
25030997,johntitor,True,ok,2026-07-05T18:37:02+00:00
26440463,google-oss-bot,False,ok,2026-07-05T18:36:58+00:00
26529506,ccurme,False,ok,2026-07-05T18:36:52+00:00
28043039,rsandifo-arm,False,ok,2026-07-05T18:36:53+00:00
28541963,elizabethsamuel-msft,False,ok,2026-07-05T18:37:00+00:00
28903936,philiphazel,False,ok,2026-07-05T18:37:00+00:00
29931815,kdy1,True,ok,2026-07-05T18:37:00+00:00
30130371,cdce8p,False,ok,2026-07-05T18:36:52+00:00
30436523,nobodyxu,True,ok,2026-07-05T18:36:55+00:00
31998003,kristapratico,False,ok,2026-07-05T18:37:02+00:00
32933908,ebblake,False,ok,2026-07-05T18:36:59+00:00
33075676,octokitbot,False,ok,2026-07-05T18:36:56+00:00
33426811,jly36963,False,ok,2026-07-05T18:37:02+00:00
35119617,dmontagu,False,ok,2026-07-05T18:36:57+00:00
35274124,douglasdwyer,False,ok,2026-07-05T18:36:58+00:00
35884252,amoghrajesh,False,ok,2026-07-05T18:36:55+00:00
37087391,urhengulas,False,ok,2026-07-05T18:36:53+00:00
39066999,josecorella,False,ok,2026-07-05T18:36:55+00:00
39780829,laiapat,False,ok,2026-07-05T18:36:55+00:00
42794878,khafradev,False,ok,2026-07-05T18:37:01+00:00
43144185,aws-sdk-python-automation,False,ok,2026-07-05T18:36:58+00:00
43154838,iscai-msft,False,ok,2026-07-05T18:36:57+00:00
43258070,hkleungai,False,ok,2026-07-05T18:37:01+00:00
43724913,taiki-e,True,ok,2026-07-05T18:37:01+00:00
43799105,c24t,False,ok,2026-07-05T18:36:51+00:00
43814140,fdawgs,True,ok,2026-07-05T18:36:56+00:00
44349756,mdjermanovic,False,ok,2026-07-05T18:36:51+00:00
44573692,juergba,False,ok,2026-07-05T18:36:58+00:00
44676486,philippe-cholet,False,ok,2026-07-05T18:37:00+00:00
44816363,yoshi-automation,False,ok,2026-07-05T18:36:56+00:00
45376673,scbedd,False,ok,2026-07-05T18:36:54+00:00
45845474,eladkal,True,ok,2026-07-05T18:37:00+00:00
46560192,marcondiro,False,ok,2026-07-05T18:37:00+00:00
46647141,snitin315,True,ok,2026-07-05T18:36:58+00:00
47358913,isidentical,True,ok,2026-07-05T18:36:57+00:00
48091907,ebotcazou,False,ok,2026-07-05T18:36:59+00:00
49264891,som-sm,True,ok,2026-07-05T18:36:58+00:00
49612682,nicoalbanese,False,ok,2026-07-05T18:36:54+00:00
51810656,0x676e67,False,ok,2026-07-05T18:32:32+00:00
53019676,kirkwaiblinger,False,ok,2026-07-05T18:37:01+00:00
53356347,azure-sdk,False,ok,2026-07-05T18:36:58+00:00
54324534,sydney-runkle,False,ok,2026-07-05T18:37:00+00:00
55479990,ubizjak,False,ok,2026-07-05T18:36:53+00:00
57402305,jakob-keller,False,ok,2026-07-05T18:36:58+00:00
59414373,theguild-bot,False,ok,2026-07-05T18:36:51+00:00
61371264,mdrxy,True,ok,2026-07-05T18:36:51+00:00
62662355,mkruskal-google,False,ok,2026-07-05T18:36:52+00:00
63477823,sfc-gh-mkeller,False,ok,2026-07-05T18:36:55+00:00
65093167,pokejofejr4th,False,ok,2026-07-05T18:37:01+00:00
65306057,viicos,False,ok,2026-07-05T18:36:53+00:00
65916846,actions-user,False,ok,2026-07-05T18:36:54+00:00
66076021,alexwaygood,False,ok,2026-07-05T18:36:53+00:00
66968678,jedcunningham,False,ok,2026-07-05T18:37:00+00:00
67177269,dhruvmanila,False,ok,2026-07-05T18:36:56+00:00
70930885,msyyc,False,ok,2026-07-05T18:36:53+00:00
72159681,mrazauskas,True,ok,2026-07-05T18:36:53+00:00
81446251,peter-glotfelty,False,ok,2026-07-05T18:36:59+00:00
95105677,jscheffl,True,ok,2026-07-05T18:36:57+00:00
95597335,skyclouds2001,False,ok,2026-07-05T18:36:57+00:00
97246200,aws-sdk-rust-ci,False,ok,2026-07-05T18:36:58+00:00
98569699,kazrael2119,False,ok,2026-07-05T18:36:59+00:00
98585737,bobozaur,False,ok,2026-07-05T18:37:02+00:00
99782286,swc-bot,False,ok,2026-07-05T18:37:00+00:00
99973273,dylan-dpc,False,ok,2026-07-05T18:36:59+00:00
100504524,justforfun88,False,ok,2026-07-05T18:36:58+00:00
105450428,protobuf-team-bot,False,ok,2026-07-05T18:37:01+00:00
106703886,protobuf-github-bot,False,ok,2026-07-05T18:37:01+00:00
107565488,stainless-bot,False,ok,2026-07-05T18:36:59+00:00
119669540,lumirlumir,True,ok,2026-07-05T18:36:59+00:00
120408189,larhzu,False,ok,2026-07-05T18:36:55+00:00
123121746,aws-smithy-automation,False,ok,2026-07-05T18:36:58+00:00
141773976,rh-steve-grubb,False,ok,2026-07-05T18:36:52+00:00
145818923,google-pr-creation-bot,False,ok,2026-07-05T18:36:58+00:00
177763422,edoerpani,False,ok,2026-07-05T18:36:59+00:00
195726568,pixel998,False,ok,2026-07-05T18:37:00+00:00
