repo,repo_id,gh_sponsorships_in,gh_sponsors_enabled,sponsors_status,fetched_at
10der/homeassistant-custom_components-awtrix,gh/748539167,,,ok,2026-05-19T11:10:37+00:00
7rulnik/source-map-js,gh/330043541,2,True,ok,2026-06-30T10:25:20+00:00
acornjs/acorn,gh/5932749,0,False,ok,2026-06-30T10:25:27+00:00
acornjs/acorn-jsx,gh/22187098,0,False,ok,2026-06-30T10:25:26+00:00
adobe/react-spectrum,gh/208362715,0,False,ok,2026-06-30T10:25:27+00:00
agronholm/anyio,gh/145337588,0,False,ok,2026-06-30T10:25:27+00:00
agronholm/exceptiongroup,gh/447694800,0,False,ok,2026-06-30T10:25:28+00:00
ai/nanoid,gh/99401299,23,True,ok,2026-06-30T10:25:28+00:00
aio-libs-abandoned/async-timeout,gh/67703198,0,False,ok,2026-07-06T11:10:40+00:00
aio-libs/aiobotocore,gh/36618494,7,True,ok,2026-06-30T10:25:28+00:00
aio-libs/aiohttp,gh/13258039,7,True,ok,2026-06-30T10:25:29+00:00
aio-libs/aiosignal,gh/205007356,7,True,ok,2026-06-30T10:25:29+00:00
aio-libs/async-timeout,gh/67703198,7,True,ok,2026-06-30T10:25:29+00:00
aio-libs/frozenlist,gh/204197530,7,True,ok,2026-06-30T10:25:29+00:00
aio-libs/multidict,gh/51206425,7,True,ok,2026-06-30T10:25:30+00:00
aio-libs/propcache,gh/866565706,7,True,ok,2026-06-30T10:25:30+00:00
aio-libs/yarl,gh/64756820,7,True,ok,2026-06-30T10:25:30+00:00
ajv-validator/ajv,gh/35914020,0,False,ok,2026-06-30T10:25:30+00:00
ajv-validator/ajv-formats,gh/281084700,0,False,ok,2026-06-30T10:25:31+00:00
ajv-validator/ajv-keywords,gh/60477053,0,False,ok,2026-06-30T10:25:31+00:00
alexcrichton/tar-rs,gh/21946092,0,False,ok,2026-06-30T10:25:31+00:00
alexei/sprintf.js,gh/9175790,0,False,ok,2026-06-30T10:25:31+00:00
alexeyraspopov/picocolors,gh/410740124,0,False,ok,2026-06-30T10:25:32+00:00
alexhuszagh/rust-lexical,gh/155286170,0,False,ok,2026-06-30T10:25:32+00:00
alexindigo/asynckit,gh/59087459,0,False,ok,2026-06-30T10:25:32+00:00
amanieu/parking_lot,gh/58731560,0,False,ok,2026-06-30T10:25:33+00:00
andialbrecht/sqlparse,gh/4067434,0,False,ok,2026-06-30T10:25:33+00:00
andrewrk/node-pend,gh/11836813,27,True,ok,2026-06-30T10:25:33+00:00
andyperlitch/jsbn,gh/9710533,0,False,ok,2026-06-30T10:25:34+00:00
angular/angular-cli,gh/36891867,0,False,ok,2026-06-30T10:25:34+00:00
annotated-types/annotated-types,gh/487934134,0,False,ok,2026-06-30T10:25:34+00:00
antonk52/lilconfig,gh/238967485,2,True,ok,2026-06-30T10:25:34+00:00
apache/airflow,gh/33884891,0,False,ok,2026-06-30T10:25:35+00:00
apache/arrow,gh/51905353,0,False,ok,2026-06-30T10:25:35+00:00
apache/arrow-rs,gh/358917250,0,False,ok,2026-06-30T10:25:35+00:00
archlinux/linux,gh/142707813,,,ok,2026-05-19T11:10:24+00:00
ardatan/graphql-tools,gh/54432168,3,True,ok,2026-06-30T10:25:33+00:00
ardatan/whatwg-node,gh/429511342,3,True,ok,2026-06-30T10:25:35+00:00
assert-rs/snapbox,gh/424722460,0,False,ok,2026-06-30T10:25:36+00:00
astanin/python-tabulate,gh/205875548,0,False,ok,2026-06-30T10:25:20+00:00
astral-sh/ruff,gh/523043277,0,False,ok,2026-06-30T10:25:20+00:00
auth0/node-jwa,gh/8116861,0,False,ok,2026-06-30T10:25:20+00:00
autotools-mirror/autoconf,gh/47662429,0,False,ok,2026-06-30T10:25:20+00:00
autotools-mirror/libtool,gh/47662711,0,False,ok,2026-06-30T10:25:21+00:00
autotools-mirror/m4,gh/66880383,0,False,ok,2026-06-30T10:25:21+00:00
aws/aws-cli,gh/6780767,0,False,ok,2026-06-30T10:25:21+00:00
aws/aws-sdk-js-crypto-helpers,gh/149673986,0,False,ok,2026-06-30T10:25:21+00:00
aws/aws-sdk-js-v3,gh/87228090,0,False,ok,2026-06-30T10:25:22+00:00
axios/axios,gh/23088740,20,True,ok,2026-06-30T10:25:22+00:00
azure/azure-sdk-for-js,gh/108311273,0,False,ok,2026-06-30T10:25:22+00:00
azure/azure-sdk-for-python,gh/4127088,0,False,ok,2026-06-30T10:25:22+00:00
azure/msrest-for-python,gh/71186468,0,False,ok,2026-07-06T11:10:41+00:00
azuread/microsoft-authentication-library-for-python,gh/67243113,0,False,ok,2026-06-30T10:25:23+00:00
babel/babel,gh/24560307,42,True,ok,2026-06-30T10:25:23+00:00
babel/babel-polyfills,gh/190579283,42,True,ok,2026-06-30T10:25:23+00:00
babel/minify,gh/55723051,42,True,ok,2026-06-30T10:25:23+00:00
bdwgc/bdwgc,gh/2109456,0,False,ok,2026-06-30T10:25:24+00:00
beatgammit/base64-js,gh/2853282,0,False,ok,2026-06-30T10:25:24+00:00
benjaminp/six,gh/77868600,0,False,ok,2026-06-30T10:25:24+00:00
besser82/libxcrypt,gh/35503965,0,False,ok,2026-06-30T10:25:24+00:00
bincode-org/bincode,gh/24130045,0,False,ok,2026-07-06T11:10:41+00:00
bitflags/bitflags,gh/29287955,0,False,ok,2026-06-30T10:25:25+00:00
blakeembrey/array-flatten,gh/17789771,10,True,ok,2026-06-30T10:25:25+00:00
blakeembrey/change-case,gh/9440238,10,True,ok,2026-06-30T10:25:25+00:00
bluss/bencher,gh/65987276,0,True,ok,2026-06-30T10:25:25+00:00
bminor/binutils-gdb,,,,ok,2026-05-31T18:21:23+00:00
bminor/glibc,gh/13868694,0,False,ok,2026-06-30T10:25:26+00:00
boto/boto3,gh/24774658,0,False,ok,2026-06-30T10:25:26+00:00
boto/botocore,gh/6670942,0,False,ok,2026-06-30T10:25:26+00:00
boto/s3transfer,gh/49535299,0,False,ok,2026-06-30T10:25:26+00:00
braveg1rl/performance-now,gh/336187529,,,ok,2026-05-19T11:10:36+00:00
brianc/node-postgres,gh/991475,16,True,ok,2026-06-30T10:25:27+00:00
broofa/mime,gh/534940,5,True,ok,2026-06-30T10:25:27+00:00
broofa/node-int64,gh/1208666,5,True,ok,2026-07-06T11:10:40+00:00
browserify/events,gh/1649251,0,False,ok,2026-06-30T10:25:27+00:00
browserify/node-util,gh/14568009,0,False,ok,2026-06-30T10:25:27+00:00
browserify/randombytes,gh/29300004,0,False,ok,2026-06-30T10:25:28+00:00
browserify/resolve,gh/1915099,0,False,ok,2026-06-30T10:25:28+00:00
browserslist/browserslist,gh/27971466,0,False,ok,2026-06-30T10:25:28+00:00
browserslist/caniuse-lite,gh/80221890,0,False,ok,2026-06-30T10:25:29+00:00
browserslist/update-db,gh/505548145,0,False,ok,2026-06-30T10:25:29+00:00
burntsushi/aho-corasick,gh/37290678,110,True,ok,2026-06-30T10:25:29+00:00
burntsushi/jiff,gh/759017108,110,True,ok,2026-06-30T10:25:29+00:00
burntsushi/memchr,gh/37290652,110,True,ok,2026-06-30T10:25:30+00:00
burntsushi/quickcheck,gh/17559913,110,True,ok,2026-06-30T10:25:30+00:00
burntsushi/same-file,gh/78375612,110,True,ok,2026-06-30T10:25:30+00:00
burntsushi/termcolor,gh/141345580,110,True,ok,2026-06-30T10:25:30+00:00
burntsushi/ucd-generate,gh/123997498,110,True,ok,2026-06-30T10:25:31+00:00
burntsushi/walkdir,gh/42685794,110,True,ok,2026-06-30T10:25:31+00:00
burntsushi/winapi-util,gh/146040682,110,True,ok,2026-06-30T10:25:31+00:00
businho/pytest-ruff,gh/599731435,0,False,ok,2026-06-30T10:25:31+00:00
bytecodealliance/rustix,gh/295544240,0,False,ok,2026-06-30T10:25:32+00:00
bytecodealliance/wasi-rs,gh/196445196,0,False,ok,2026-06-30T10:25:32+00:00
bzip2/bzip2,,0,False,ok,2026-07-12T21:33:38+00:00
c-ares/c-ares,gh/571708,0,False,ok,2026-06-30T10:25:32+00:00
calvinmetcalf/minimalistic-assert,gh/29144257,0,False,ok,2026-06-30T10:25:33+00:00
calvinmetcalf/process-nextick-args,gh/36039131,0,False,ok,2026-06-30T10:25:33+00:00
caolan/async,gh/698041,0,False,ok,2026-06-30T10:25:33+00:00
certbot/certbot,gh/26516210,0,False,ok,2026-06-30T10:25:33+00:00
certifi/python-certifi,gh/3060959,0,False,ok,2026-06-30T10:25:34+00:00
chaijs/type-detect,gh/12107007,0,False,ok,2026-06-30T10:25:34+00:00
chalk/ansi-regex,gh/20451415,0,False,ok,2026-06-30T10:25:34+00:00
chalk/ansi-styles,gh/11803168,0,False,ok,2026-06-30T10:25:34+00:00
chalk/chalk,gh/11855195,0,False,ok,2026-06-30T10:25:35+00:00
chalk/slice-ansi,gh/43191689,0,False,ok,2026-06-30T10:25:35+00:00
chalk/strip-ansi,gh/15014856,0,False,ok,2026-06-30T10:25:35+00:00
chalk/supports-color,gh/11855007,0,False,ok,2026-06-30T10:25:36+00:00
chalk/wrap-ansi,gh/41053676,0,False,ok,2026-06-30T10:25:36+00:00
chalker/safer-buffer,gh/125825141,0,False,ok,2026-06-30T10:25:20+00:00
chardet/chardet,gh/5196969,0,False,ok,2026-06-30T10:25:20+00:00
cheeriojs/dom-serializer,gh/18991884,5,True,ok,2026-06-30T10:25:20+00:00
chicoxyzzy/node-releases,gh/73765596,0,False,ok,2026-06-30T10:25:20+00:00
chronotope/chrono,gh/18210201,0,False,ok,2026-06-30T10:25:21+00:00
chronotope/humantime,gh/59320323,0,False,ok,2026-06-30T10:25:21+00:00
clap-rs/clap,gh/31315121,12,True,ok,2026-06-30T10:25:21+00:00
cloudflare/cloudflare-python,gh/753271547,0,False,ok,2026-06-30T10:25:21+00:00
colinhacks/zod,gh/245704608,56,True,ok,2026-06-30T10:25:22+00:00
colorjs/color-name,gh/27038309,0,False,ok,2026-06-30T10:25:22+00:00
comex/rust-shlex,gh/37886228,0,False,ok,2026-06-30T10:25:22+00:00
component/escape-html,gh/5444800,0,False,ok,2026-06-30T10:25:22+00:00
component/toidentifier,gh/114743189,0,False,ok,2026-06-30T10:25:23+00:00
composefs/tar-rs,gh/21946092,0,False,ok,2026-07-06T11:10:41+00:00
conventional-changelog/commitlint,gh/51575745,0,False,ok,2026-06-30T10:25:23+00:00
conventional-changelog/conventional-changelog,gh/15639771,0,False,ok,2026-06-30T10:25:23+00:00
cosmiconfig/cosmiconfig,gh/45750507,0,False,ok,2026-06-30T10:25:23+00:00
coveragepy/coveragepy,gh/138421996,0,False,ok,2026-06-30T10:25:24+00:00
cpburnz/python-pathspec,gh/14648551,0,False,ok,2026-06-30T10:25:24+00:00
cpython-team/python3-defaults,,0,False,ok,2026-07-06T11:10:40+00:00
crate-py/rpds,gh/608018848,0,False,ok,2026-06-30T10:25:24+00:00
criterion-rs/criterion.rs,gh/1081104682,0,False,ok,2026-06-30T10:25:24+00:00
crossbeam-rs/crossbeam,gh/35566048,0,False,ok,2026-06-30T10:25:25+00:00
css-modules/icss-utils,gh/42766912,0,False,ok,2026-06-30T10:25:25+00:00
cssnano/cssnano,gh/33943153,0,False,ok,2026-06-30T10:25:25+00:00
csstools/postcss-plugins,gh/219192307,6,True,ok,2026-06-30T10:25:25+00:00
csstree/csstree,gh/67236461,0,False,ok,2026-06-30T10:25:26+00:00
curl/curl,gh/569041,67,True,ok,2026-06-30T10:25:26+00:00
cuviper/autocfg,gh/135481335,0,False,ok,2026-06-30T10:25:26+00:00
cyan4973/xxhash,gh/19330466,0,False,ok,2026-06-30T10:25:26+00:00
daaku/nodejs-makeerror,gh/2097803,0,False,ok,2026-06-30T10:25:27+00:00
daaku/nodejs-tmpl,gh/2171213,0,False,ok,2026-06-30T10:25:27+00:00
dateutil/dateutil,gh/26876372,0,False,ok,2026-06-30T10:25:27+00:00
davidhalter/parso,gh/90668463,4,True,ok,2026-06-30T10:25:28+00:00
davisjam/safe-regex,gh/90781457,0,False,ok,2026-06-30T10:25:28+00:00
dchest/tweetnacl-js,gh/15649752,0,False,ok,2026-06-30T10:25:28+00:00
dcodeio/long.js,gh/8678904,1,True,ok,2026-06-30T10:25:28+00:00
debian/bzip2,,0,False,ok,2026-07-06T11:10:40+00:00
debian/ca-certificates,,0,False,ok,2026-07-06T11:10:41+00:00
debian/gdbm,,0,False,ok,2026-07-06T11:10:41+00:00
debian/giflib,,0,False,ok,2026-07-06T11:10:41+00:00
debug-js/debug,gh/2871998,0,False,ok,2026-06-30T10:25:29+00:00
definitelytyped/definitelytyped,gh/6093316,0,False,ok,2026-06-30T10:25:29+00:00
defunctzombie/node-process,gh/7580644,0,False,ok,2026-06-30T10:25:29+00:00
django/asgiref,gh/48501860,145,True,ok,2026-06-30T10:25:29+00:00
djc/rustc-version-rs,gh/41272773,27,True,ok,2026-06-30T10:25:30+00:00
dmitrysoshnikov/regexp-tree,gh/85459304,0,False,ok,2026-06-30T10:25:30+00:00
docutils/docutils,gh/44840244,0,False,ok,2026-06-30T10:25:30+00:00
dominictarr/through,gh/4885140,0,False,ok,2026-07-06T11:10:41+00:00
doowb/ansi-colors,gh/47135420,5,True,ok,2026-06-30T10:25:30+00:00
douglasdwyer/wasm_sync,gh/668034655,0,False,ok,2026-06-30T10:25:31+00:00
dougwilson/nodejs-depd,gh/20848667,0,False,ok,2026-06-30T10:25:31+00:00
dtolnay/anyhow,gh/212936374,126,True,ok,2026-06-30T10:25:31+00:00
dtolnay/automod,gh/173074854,126,True,ok,2026-06-30T10:25:31+00:00
dtolnay/dissimilar,gh/229514821,126,True,ok,2026-06-30T10:25:32+00:00
dtolnay/indoc,gh/54252316,126,True,ok,2026-06-30T10:25:32+00:00
dtolnay/itoa,gh/61962375,126,True,ok,2026-06-30T10:25:32+00:00
dtolnay/no-panic,gh/143469762,126,True,ok,2026-06-30T10:25:33+00:00
dtolnay/paste,gh/155652490,125,True,ok,2026-07-06T11:10:41+00:00
dtolnay/proc-macro2,gh/91860126,126,True,ok,2026-06-30T10:25:33+00:00
dtolnay/quote,gh/67273122,126,True,ok,2026-06-30T10:25:33+00:00
dtolnay/ref-cast,gh/106295902,126,True,ok,2026-06-30T10:25:34+00:00
dtolnay/rustversion,gh/183990447,126,True,ok,2026-06-30T10:25:34+00:00
dtolnay/ryu,gh/142720484,126,True,ok,2026-06-30T10:25:34+00:00
dtolnay/semver,gh/22432442,126,True,ok,2026-06-30T10:25:34+00:00
dtolnay/syn,gh/67305738,126,True,ok,2026-06-30T10:25:35+00:00
dtolnay/target-triple,gh/734167706,126,True,ok,2026-06-30T10:25:35+00:00
dtolnay/thiserror,gh/213836768,126,True,ok,2026-06-30T10:25:35+00:00
dtolnay/trybuild,gh/184941159,126,True,ok,2026-06-30T10:25:35+00:00
dtolnay/unicode-ident,gh/492639579,126,True,ok,2026-06-30T10:25:36+00:00
eemeli/yaml,gh/119439276,4,True,ok,2026-06-30T10:25:36+00:00
ehmicky/human-signals,gh/214467546,0,False,ok,2026-06-30T10:25:20+00:00
eliben/pycparser,gh/10589864,0,False,ok,2026-06-30T10:25:20+00:00
emotion-js/emotion,gh/92570536,0,False,ok,2026-06-30T10:25:20+00:00
enarx/ciborium,gh/313759241,0,False,ok,2026-07-06T11:10:40+00:00
encode/httpcore,gh/237210639,32,True,ok,2026-06-30T10:25:20+00:00
encode/httpx,gh/179492861,32,True,ok,2026-06-30T10:25:21+00:00
epoberezkin/fast-deep-equal,gh/94483360,14,True,ok,2026-06-30T10:25:21+00:00
epoberezkin/fast-json-stable-stringify,gh/108103016,14,True,ok,2026-06-30T10:25:21+00:00
epoberezkin/json-schema-traverse,gh/93333933,14,True,ok,2026-06-30T10:25:21+00:00
es-shims/array-includes,gh/28753032,0,False,ok,2026-06-30T10:25:22+00:00
es-shims/dunder-proto,gh/898274312,0,False,ok,2026-06-30T10:25:22+00:00
es-shims/es-object-atoms,gh/773229339,0,False,ok,2026-06-30T10:25:22+00:00
es-shims/es-set-tostringtag,gh/580683868,0,False,ok,2026-06-30T10:25:22+00:00
es-shims/math-intrinsics,gh/902014040,0,False,ok,2026-06-30T10:25:23+00:00
es-shims/object.values,gh/41723335,0,False,ok,2026-06-30T10:25:23+00:00
es-shims/regexp.prototype.flags,gh/26932422,0,False,ok,2026-06-30T10:25:23+00:00
es-shims/string.prototype.trimend,gh/114682758,0,False,ok,2026-06-30T10:25:23+00:00
es-shims/string.prototype.trimstart,gh/114682105,0,False,ok,2026-06-30T10:25:24+00:00
eslint-community/eslint-utils,gh/568240379,0,False,ok,2026-06-30T10:25:24+00:00
eslint/doctrine,gh/4286644,67,True,ok,2026-07-06T11:10:40+00:00
eslint/eslint,gh/11061773,68,True,ok,2026-06-30T10:25:24+00:00
eslint/js,gh/27620277,68,True,ok,2026-06-30T10:25:24+00:00
eslint/rewrite,gh/791446923,68,True,ok,2026-06-30T10:25:25+00:00
estools/escodegen,gh/3611422,0,False,ok,2026-06-30T10:25:25+00:00
estools/esquery,gh/11412938,0,False,ok,2026-06-30T10:25:25+00:00
estools/esrecurse,gh/27429822,0,False,ok,2026-06-30T10:25:25+00:00
estools/estraverse,gh/6145439,0,False,ok,2026-06-30T10:25:26+00:00
estools/esutils,gh/14677293,0,False,ok,2026-06-30T10:25:26+00:00
ethers-io/ethers.js,gh/63465664,6,True,ok,2026-06-30T10:25:26+00:00
evanw/esbuild,gh/61137153,0,False,ok,2026-06-30T10:25:27+00:00
evanw/node-source-map-support,gh/7682781,0,False,ok,2026-06-30T10:25:27+00:00
eventualbuddha/lines-and-columns,gh/47284288,0,False,ok,2026-06-30T10:25:27+00:00
executablebooks/markdown-it-py,gh/249956697,0,False,ok,2026-06-30T10:25:27+00:00
executablebooks/mdurl,gh/387293763,0,False,ok,2026-06-30T10:25:28+00:00
exodusoss/bytes,gh/885154008,0,False,ok,2026-06-30T10:25:28+00:00
expressjs/body-parser,gh/15669006,0,False,ok,2026-06-30T10:25:28+00:00
expressjs/serve-static,gh/17464338,0,False,ok,2026-06-30T10:25:28+00:00
facebook/create-react-app,gh/63537249,0,False,ok,2026-06-30T10:25:29+00:00
facebook/metro,gh/76504246,0,False,ok,2026-06-30T10:25:29+00:00
facebook/prop-types,gh/87597642,0,False,ok,2026-07-06T11:10:40+00:00
facebook/react,gh/10270250,0,False,ok,2026-06-30T10:25:29+00:00
facebook/regenerator,gh/13346571,0,False,ok,2026-07-06T11:10:41+00:00
facebook/watchman,gh/6930489,0,False,ok,2026-06-30T10:25:29+00:00
facebook/zstd,gh/29759715,0,False,ok,2026-06-30T10:25:30+00:00
facelessuser/soupsieve,gh/160789418,12,True,ok,2026-06-30T10:25:30+00:00
fastify/fast-uri,gh/419317518,13,True,ok,2026-06-30T10:25:30+00:00
faye/websocket-driver-node,gh/9733816,0,False,ok,2026-06-30T10:25:30+00:00
fb55/boolbase,gh/16864585,6,True,ok,2026-06-30T10:25:31+00:00
fb55/css-select,gh/3411063,6,True,ok,2026-06-30T10:25:31+00:00
fb55/css-what,gh/4460687,6,True,ok,2026-06-30T10:25:31+00:00
fb55/domelementtype,gh/6627835,6,True,ok,2026-06-30T10:25:31+00:00
fb55/domhandler,gh/5414232,6,True,ok,2026-06-30T10:25:32+00:00
fb55/domutils,gh/6627949,6,True,ok,2026-06-30T10:25:32+00:00
fb55/entities,gh/3172629,6,True,ok,2026-06-30T10:25:32+00:00
fb55/htmlparser2,gh/2279062,6,True,ok,2026-06-30T10:25:33+00:00
fb55/nth-check,gh/16864923,6,True,ok,2026-06-30T10:25:33+00:00
felixge/node-combined-stream,gh/1787452,0,False,ok,2026-06-30T10:25:33+00:00
felixge/node-delayed-stream,gh/1783893,0,False,ok,2026-06-30T10:25:33+00:00
feross/buffer,gh/14494363,8,True,ok,2026-06-30T10:25:34+00:00
feross/ieee754,gh/15489525,8,True,ok,2026-06-30T10:25:34+00:00
feross/is-buffer,gh/25997846,8,True,ok,2026-06-30T10:25:34+00:00
feross/queue-microtask,gh/207021895,8,True,ok,2026-06-30T10:25:34+00:00
feross/run-parallel,gh/18700638,8,True,ok,2026-06-30T10:25:35+00:00
feross/safe-buffer,gh/49538897,8,True,ok,2026-06-30T10:25:35+00:00
ffmpeg/ffmpeg,gh/1614410,40,True,ok,2026-06-30T10:25:35+00:00
firebase/firebase-js-sdk,gh/89290483,0,False,ok,2026-06-30T10:25:36+00:00
fitzgen/glob-to-regexp,gh/11461122,0,False,ok,2026-07-06T11:10:41+00:00
floatdrop/require-from-string,gh/39301848,0,False,ok,2026-07-06T11:10:41+00:00
floating-ui/floating-ui,gh/54994103,1,True,ok,2026-06-30T10:25:36+00:00
follow-redirects/follow-redirects,gh/6697086,0,False,ok,2026-06-30T10:25:20+00:00
fontconfig/fontconfig,gh/926884194,0,False,ok,2026-07-06T11:10:41+00:00
form-data/form-data,gh/1755793,0,False,ok,2026-06-30T10:25:20+00:00
formatjs/formatjs,gh/19117456,0,False,ok,2026-06-30T10:25:20+00:00
freedesktop-unofficial-mirror/cairo,gh/34372735,0,False,ok,2026-06-30T10:25:20+00:00
freedesktop/xorg-xorgproto,,,,ok,2026-05-31T18:21:23+00:00
freetype/freetype,gh/187000659,0,False,ok,2026-06-30T10:25:21+00:00
frenic/csstype,gh/104001328,0,False,ok,2026-06-30T10:25:21+00:00
frommi/miniz_oxide,gh/96124162,0,False,ok,2026-06-30T10:25:21+00:00
fsevents/fsevents,gh/1402936,0,False,ok,2026-06-30T10:25:21+00:00
fsspec/filesystem_spec,gh/130727736,0,False,ok,2026-06-30T10:25:22+00:00
fsspec/s3fs,gh/53987953,0,False,ok,2026-06-30T10:25:22+00:00
garycourt/uri-js,gh/989080,0,False,ok,2026-06-30T10:25:22+00:00
gcc-mirror/gcc,gh/22711503,0,False,ok,2026-06-30T10:25:22+00:00
getsentry/sentry-javascript,gh/3328572,0,False,ok,2026-06-30T10:25:23+00:00
giampaolo/psutil,gh/20101515,6,True,ok,2026-06-30T10:25:23+00:00
git/git,gh/36502,0,False,ok,2026-06-30T10:25:23+00:00
gitlab-freedesktop-mirrors/libxcb,gh/444023705,0,False,ok,2026-06-30T10:25:23+00:00
gitoxidelabs/gitoxide,gh/136510559,0,False,ok,2026-06-30T10:25:24+00:00
gitpython-developers/gitdb,gh/1126093,0,False,ok,2026-06-30T10:25:24+00:00
gitpython-developers/smmap,gh/1865144,0,False,ok,2026-06-30T10:25:24+00:00
gkz/levn,gh/13287279,0,False,ok,2026-06-30T10:25:24+00:00
gkz/optionator,gh/13435927,0,False,ok,2026-06-30T10:25:25+00:00
gkz/prelude-ls,gh/4457759,0,False,ok,2026-06-30T10:25:25+00:00
gkz/type-check,gh/13182168,0,False,ok,2026-06-30T10:25:25+00:00
gmp-mirror/gmp,gh/681340775,0,False,ok,2026-06-30T10:25:25+00:00
gnome/gdk-pixbuf,gh/4533539,0,False,ok,2026-07-06T11:10:41+00:00
gnome/glib,gh/4537082,0,False,ok,2026-07-06T11:10:40+00:00
gnome/libxml2,gh/4537118,0,False,ok,2026-07-06T11:10:40+00:00
gnome/pango,gh/4537144,0,False,ok,2026-06-30T10:25:26+00:00
gnutls/gnutls,gh/58873704,0,False,ok,2026-07-06T11:10:40+00:00
gnutls/libtasn1,gh/59017205,0,False,ok,2026-07-06T11:10:41+00:00
gnutls/nettle,gh/59017402,,,ok,2026-05-19T11:11:11+00:00
google/brotli,gh/24993138,0,False,ok,2026-06-30T10:25:26+00:00
google/highway,gh/206791328,0,False,ok,2026-07-06T11:10:41+00:00
google/zerocopy,gh/534354967,0,False,ok,2026-06-30T10:25:26+00:00
googleapis/google-auth-library-python,gh/69199387,,,ok,2026-04-28T00:16:11+00:00
googleapis/google-cloud-node-core,gh/1052931509,,,ok,2026-04-28T00:16:11+00:00
googleapis/google-cloud-python,gh/16316451,0,False,ok,2026-06-30T10:25:26+00:00
googleapis/google-resumable-media-python,gh/88091939,,,ok,2026-04-28T00:16:12+00:00
googleapis/python-api-core,gh/226992456,,,ok,2026-04-28T00:16:12+00:00
googleapis/python-cloud-core,gh/226992462,0,False,ok,2026-07-06T11:10:41+00:00
googleapis/python-crc32c,gh/159736041,0,False,ok,2026-07-06T11:10:41+00:00
googleapis/python-storage,gh/226992639,,,ok,2026-04-28T00:16:13+00:00
googlechrome/workbox,gh/55424670,0,False,ok,2026-06-30T10:25:27+00:00
gpg/libgpg-error,gh/42075984,,,ok,2026-05-19T11:11:15+00:00
grahamdumpleton/wrapt,gh/10357291,0,True,ok,2026-06-30T10:25:27+00:00
grantjenks/python-sortedcontainers,gh/17144859,0,False,ok,2026-06-30T10:25:27+00:00
graydon/exhaustigen-rs,gh/432630522,0,False,ok,2026-06-30T10:25:28+00:00
gregberge/svgr,gh/102155012,2,True,ok,2026-06-30T10:25:28+00:00
grncdr/merge-stream,gh/10579821,0,False,ok,2026-06-30T10:25:28+00:00
grpc/grpc,gh/27729880,0,False,ok,2026-06-30T10:25:28+00:00
gsnedders/python-webencodings,gh/7043404,0,False,ok,2026-06-30T10:25:29+00:00
guillaumegomez/doc-comment,gh/127254922,11,True,ok,2026-06-30T10:25:29+00:00
gulpjs/glob-parent,gh/29154915,8,True,ok,2026-06-30T10:25:29+00:00
gweis/isodate,gh/6449370,0,False,ok,2026-06-30T10:25:29+00:00
gyscos/zstd-rs,gh/52115335,0,False,ok,2026-06-30T10:25:30+00:00
hapijs/hoek,gh/5831189,0,False,ok,2026-06-30T10:25:30+00:00
harfbuzz/harfbuzz,gh/5050525,0,False,ok,2026-06-30T10:25:30+00:00
hiddentao/fast-levenshtein,gh/9490451,0,False,ok,2026-06-30T10:25:30+00:00
holmgren/nettle,,0,False,ok,2026-07-06T11:10:40+00:00
httplib2/httplib2,gh/53002916,0,False,ok,2026-06-30T10:25:31+00:00
huggingface/huggingface_hub,gh/323591830,0,False,ok,2026-06-30T10:25:31+00:00
hukkin/tomli,gh/370616797,0,False,ok,2026-06-30T10:25:31+00:00
hyperium/http,gh/84983058,0,False,ok,2026-06-30T10:25:32+00:00
hyperium/http-body,gh/183281612,0,False,ok,2026-06-30T10:25:32+00:00
iarna/aproba,gh/31432421,0,False,ok,2026-06-30T10:25:32+00:00
import-js/eslint-plugin-import,gh/32238354,0,False,ok,2026-06-30T10:25:32+00:00
indexmap-rs/indexmap,gh/68294628,0,False,ok,2026-06-30T10:25:33+00:00
indutny/bn.js,gh/19176350,6,True,ok,2026-06-30T10:25:33+00:00
indygreg/python-zstandard,gh/67307930,8,True,ok,2026-06-30T10:25:33+00:00
inikulin/parse5,gh/8862593,0,False,ok,2026-06-30T10:25:33+00:00
inspect-js/array-buffer-byte-length,gh/607836784,0,False,ok,2026-06-30T10:25:34+00:00
inspect-js/available-typed-arrays,gh/235965505,0,False,ok,2026-06-30T10:25:34+00:00
inspect-js/functions-have-names,gh/198357138,0,False,ok,2026-06-30T10:25:34+00:00
inspect-js/has-bigints,gh/201714166,0,False,ok,2026-06-30T10:25:35+00:00
inspect-js/has-property-descriptors,gh/481834578,0,False,ok,2026-06-30T10:25:35+00:00
inspect-js/has-proto,gh/577580747,0,False,ok,2026-06-30T10:25:35+00:00
inspect-js/has-symbols,gh/68573418,0,False,ok,2026-06-30T10:25:35+00:00
inspect-js/has-tostringtag,gh/392913710,0,False,ok,2026-06-30T10:25:36+00:00
inspect-js/hasown,gh/703350811,0,False,ok,2026-06-30T10:25:36+00:00
inspect-js/is-accessor-descriptor,gh/41658954,0,False,ok,2026-06-30T10:25:13+00:00
inspect-js/is-arguments,gh/15725461,0,False,ok,2026-06-30T10:25:13+00:00
inspect-js/is-array-buffer,gh/45977026,0,False,ok,2026-06-30T10:25:13+00:00
inspect-js/is-bigint,gh/149682261,0,False,ok,2026-06-30T10:25:13+00:00
inspect-js/is-boolean-object,gh/34700259,0,False,ok,2026-06-30T10:25:13+00:00
inspect-js/is-callable,gh/30012910,0,False,ok,2026-06-30T10:25:13+00:00
inspect-js/is-core-module,gh/24578130,0,False,ok,2026-06-30T10:25:14+00:00
inspect-js/is-data-descriptor,gh/41659073,0,False,ok,2026-06-30T10:25:14+00:00
inspect-js/is-data-view,gh/751048078,0,False,ok,2026-06-30T10:25:14+00:00
inspect-js/is-date-object,gh/29991041,0,False,ok,2026-06-30T10:25:14+00:00
inspect-js/is-descriptor,gh/41658845,0,False,ok,2026-06-30T10:25:14+00:00
inspect-js/is-number-object,gh/29991666,0,False,ok,2026-06-30T10:25:14+00:00
inspect-js/is-regex,gh/15930063,0,False,ok,2026-06-30T10:25:14+00:00
inspect-js/is-string,gh/30010185,0,False,ok,2026-06-30T10:25:14+00:00
inspect-js/is-symbol,gh/29791606,0,False,ok,2026-06-30T10:25:14+00:00
inspect-js/is-typed-array,gh/43528820,0,False,ok,2026-06-30T10:25:14+00:00
inspect-js/node-supports-preserve-symlinks-flag,gh/443970899,0,False,ok,2026-06-30T10:25:15+00:00
inspect-js/object-inspect,gh/11683441,0,False,ok,2026-06-30T10:25:15+00:00
inspect-js/typed-array-buffer,gh/649850465,0,False,ok,2026-06-30T10:25:15+00:00
inspect-js/which-boxed-primitive,gh/201685155,0,False,ok,2026-06-30T10:25:15+00:00
inspect-js/which-typed-array,gh/43708371,0,False,ok,2026-06-30T10:25:15+00:00
ipython/traitlets,gh/14993021,4,True,ok,2026-06-30T10:25:15+00:00
isaacs/chownr,gh/3858354,22,True,ok,2026-06-30T10:25:15+00:00
isaacs/cliui,gh/634056857,22,True,ok,2026-06-30T10:25:15+00:00
isaacs/core-util-is,gh/12391440,22,True,ok,2026-06-30T10:25:16+00:00
isaacs/fs-minipass,gh/102982143,22,True,ok,2026-06-30T10:25:16+00:00
isaacs/fs.realpath,gh/61231712,22,True,ok,2026-06-30T10:25:16+00:00
isaacs/inflight-deprecated-do-not-use,gh/19442260,23,True,ok,2026-07-06T11:10:40+00:00
isaacs/inherits,gh/1580001,22,True,ok,2026-06-30T10:25:16+00:00
isaacs/isexe,gh/49804297,22,True,ok,2026-06-30T10:25:16+00:00
isaacs/minimatch,gh/2056549,22,True,ok,2026-06-30T10:25:16+00:00
isaacs/minipass,gh/84886212,22,True,ok,2026-06-30T10:25:16+00:00
isaacs/minizlib,gh/86429676,22,True,ok,2026-06-30T10:25:16+00:00
isaacs/node-glob,gh/357681,22,True,ok,2026-06-30T10:25:16+00:00
isaacs/node-graceful-fs,gh/2077020,22,True,ok,2026-06-30T10:25:16+00:00
isaacs/node-lru-cache,gh/679662,22,True,ok,2026-06-30T10:25:17+00:00
isaacs/node-mkdirp,gh/2718248,22,True,ok,2026-06-30T10:25:17+00:00
isaacs/node-tar,gh/1534331,22,True,ok,2026-06-30T10:25:17+00:00
isaacs/once,gh/5409660,22,True,ok,2026-06-30T10:25:17+00:00
isaacs/package-json-from-dist,gh/800543709,22,True,ok,2026-06-30T10:25:17+00:00
isaacs/path-scurry,gh/591569499,22,True,ok,2026-06-30T10:25:17+00:00
isaacs/rimraf,gh/1341324,22,True,ok,2026-06-30T10:25:17+00:00
isaacs/sax-js,gh/508894,22,True,ok,2026-06-30T10:25:17+00:00
isaacs/wrappy,gh/24208073,22,True,ok,2026-06-30T10:25:17+00:00
isaacs/yallist,gh/48222381,22,True,ok,2026-06-30T10:25:18+00:00
istanbuljs/istanbuljs,gh/81482340,0,False,ok,2026-06-30T10:25:18+00:00
istanbuljs/schema,gh/211950686,0,False,ok,2026-06-30T10:25:18+00:00
istanbuljs/test-exclude,gh/60489570,0,False,ok,2026-06-30T10:25:18+00:00
jamesmunns/postcard,gh/179385478,0,False,ok,2026-06-30T10:25:18+00:00
jaraco/jaraco.develop,gh/48289082,2,True,ok,2026-06-30T10:25:18+00:00
jaraco/pytest-perf,gh/372026120,2,True,ok,2026-06-30T10:25:18+00:00
jaraco/zipp,gh/157774633,2,True,ok,2026-06-30T10:25:18+00:00
jaredhanson/utils-merge,gh/11349896,9,True,ok,2026-06-30T10:25:18+00:00
jaredwray/cacheable,gh/9267870,0,False,ok,2026-06-30T10:25:18+00:00
jaredwray/keyv,gh/96540810,0,False,ok,2026-06-30T10:25:19+00:00
jawah/charset_normalizer,gh/200259335,0,False,ok,2026-06-30T10:25:19+00:00
jbgutierrez/path-parse,gh/34113780,0,False,ok,2026-06-30T10:25:19+00:00
jd/tenacity,gh/65468547,2,True,ok,2026-06-30T10:25:19+00:00
jensyt/imurmurhash-js,gh/11802843,0,False,ok,2026-06-30T10:25:19+00:00
jestjs/jest,gh/15062869,0,False,ok,2026-06-30T10:25:19+00:00
jimmywarting/node-domexception,gh/371470141,3,True,ok,2026-07-06T11:10:41+00:00
jimp-dev/jimp,gh/24008065,0,False,ok,2026-06-30T10:25:19+00:00
jmespath/jmespath.py,gh/8300763,0,False,ok,2026-06-30T10:25:19+00:00
joblib/joblib,gh/654608,0,False,ok,2026-06-30T10:25:19+00:00
jonathanong/ee-first,gh/20707897,0,False,ok,2026-06-30T10:25:19+00:00
jonschlinkert/assign-symbols,gh/45661176,19,True,ok,2026-06-30T10:25:20+00:00
jonschlinkert/define-property,gh/40633359,19,True,ok,2026-06-30T10:25:20+00:00
jonschlinkert/extend-shallow,gh/25867410,19,True,ok,2026-06-30T10:25:20+00:00
jonschlinkert/fill-range,gh/27113310,19,True,ok,2026-06-30T10:25:20+00:00
jonschlinkert/get-value,gh/24911025,19,True,ok,2026-06-30T10:25:21+00:00
jonschlinkert/global-prefix,gh/31455984,19,True,ok,2026-06-30T10:25:21+00:00
jonschlinkert/has-value,gh/24310408,19,True,ok,2026-06-30T10:25:21+00:00
jonschlinkert/has-values,gh/33009186,19,True,ok,2026-06-30T10:25:21+00:00
jonschlinkert/is-extendable,gh/38225016,19,True,ok,2026-06-30T10:25:22+00:00
jonschlinkert/is-number,gh/24313173,19,True,ok,2026-06-30T10:25:22+00:00
jonschlinkert/is-plain-object,gh/24306940,19,True,ok,2026-06-30T10:25:22+00:00
jonschlinkert/isobject,gh/21342886,19,True,ok,2026-06-30T10:25:22+00:00
jonschlinkert/kind-of,gh/24491562,19,True,ok,2026-06-30T10:25:23+00:00
jonschlinkert/map-cache,gh/32450614,19,True,ok,2026-06-30T10:25:23+00:00
jonschlinkert/normalize-path,gh/21224182,19,True,ok,2026-06-30T10:25:23+00:00
jonschlinkert/object-visit,gh/38545952,19,True,ok,2026-06-30T10:25:23+00:00
jonschlinkert/word-wrap,gh/18260583,19,True,ok,2026-06-30T10:25:24+00:00
jorgebucaran/colorette,gh/34648097,9,True,ok,2026-06-30T10:25:24+00:00
joshuakgoldberg/ts-api-utils,gh/597893818,21,True,ok,2026-06-30T10:25:24+00:00
jpadilla/pyjwt,gh/1408162,3,True,ok,2026-06-30T10:25:24+00:00
jprichardson/node-fs-extra,gh/2791348,0,False,ok,2026-06-30T10:25:25+00:00
jprichardson/node-jsonfile,gh/5754307,0,False,ok,2026-06-30T10:25:25+00:00
jquast/wcwidth,gh/18464187,1,True,ok,2026-06-30T10:25:25+00:00
jquery/esprima,gh/2833537,0,False,ok,2026-06-30T10:25:25+00:00
jridgewell/resolve-uri,gh/196878944,0,False,ok,2026-06-30T10:25:26+00:00
jridgewell/sourcemaps,gh/897142826,0,False,ok,2026-06-30T10:25:26+00:00
jsdom/tr46,gh/36964214,0,False,ok,2026-06-30T10:25:26+00:00
jsdom/webidl-conversions,gh/23000311,0,False,ok,2026-06-30T10:25:26+00:00
jsdom/whatwg-mimetype,gh/71014420,0,False,ok,2026-06-30T10:25:27+00:00
jsdom/whatwg-url,gh/34761352,0,False,ok,2026-06-30T10:25:27+00:00
jsdom/xml-name-validator,gh/28553202,0,False,ok,2026-06-30T10:25:27+00:00
jshttp/accepts,gh/15482433,0,False,ok,2026-06-30T10:25:28+00:00
jshttp/content-disposition,gh/24216676,0,False,ok,2026-06-30T10:25:28+00:00
jshttp/content-type,gh/30172150,0,False,ok,2026-06-30T10:25:28+00:00
jshttp/cookie,gh/4475810,0,False,ok,2026-06-30T10:25:28+00:00
jshttp/etag,gh/22894570,0,False,ok,2026-06-30T10:25:29+00:00
jshttp/forwarded,gh/24300217,0,False,ok,2026-06-30T10:25:29+00:00
jshttp/fresh,gh/4617552,0,False,ok,2026-06-30T10:25:29+00:00
jshttp/http-errors,gh/23806086,0,False,ok,2026-06-30T10:25:29+00:00
jshttp/media-typer,gh/20814275,0,False,ok,2026-06-30T10:25:30+00:00
jshttp/methods,gh/8274071,0,False,ok,2026-06-30T10:25:30+00:00
jshttp/mime-db,gh/22970419,0,False,ok,2026-06-30T10:25:30+00:00
jshttp/mime-types,gh/19380178,0,False,ok,2026-06-30T10:25:30+00:00
jshttp/negotiator,gh/3275614,0,False,ok,2026-06-30T10:25:31+00:00
jshttp/on-finished,gh/15349765,0,False,ok,2026-06-30T10:25:31+00:00
jshttp/range-parser,gh/4627131,0,False,ok,2026-06-30T10:25:31+00:00
jshttp/statuses,gh/17690272,0,False,ok,2026-06-30T10:25:32+00:00
jshttp/type-is,gh/15484233,0,False,ok,2026-06-30T10:25:32+00:00
jshttp/vary,gh/20498698,0,False,ok,2026-06-30T10:25:32+00:00
jslicense/spdx-correct.js,gh/34817196,0,False,ok,2026-06-30T10:25:32+00:00
jslicense/spdx-exceptions.json,gh/40062896,0,False,ok,2026-06-30T10:25:33+00:00
jslicense/spdx-expression-parse.js,gh/40067336,0,False,ok,2026-06-30T10:25:33+00:00
jslicense/spdx-license-ids,gh/26001547,0,False,ok,2026-06-30T10:25:33+00:00
json-c/json-c,gh/1139119,0,False,ok,2026-07-06T11:10:41+00:00
json5/json5,gh/4463453,0,False,ok,2026-06-30T10:25:33+00:00
juliangruber/balanced-match,gh/13538817,6,True,ok,2026-06-30T10:25:34+00:00
juliangruber/brace-expansion,gh/13539234,6,True,ok,2026-06-30T10:25:34+00:00
juliangruber/isarray,gh/10227611,6,True,ok,2026-06-30T10:25:34+00:00
justmoon/node-extend,gh/3967764,0,False,ok,2026-06-30T10:25:35+00:00
jviereck/regjsparser,gh/14087781,0,False,ok,2026-06-30T10:25:35+00:00
ka-weihe/fastest-levenshtein,gh/158960628,0,False,ok,2026-06-30T10:25:35+00:00
kaelzhang/node-ignore,gh/12519245,0,False,ok,2026-06-30T10:25:35+00:00
kemitchell/validate-npm-package-license.js,gh/35000460,0,False,ok,2026-06-30T10:25:36+00:00
kevinbeaty/any-promise,gh/26247715,0,False,ok,2026-06-30T10:25:36+00:00
kevva/dir-glob,gh/49264969,0,False,ok,2026-06-30T10:25:20+00:00
kevva/shebang-command,gh/47402913,0,False,ok,2026-06-30T10:25:20+00:00
kilian/electron-to-chromium,gh/78972540,3,True,ok,2026-06-30T10:25:20+00:00
kjd/idna,gh/10323585,0,False,ok,2026-06-30T10:25:20+00:00
knurling-rs/defmt,gh/282262730,20,True,ok,2026-06-30T10:25:21+00:00
kpdecker/jsdiff,gh/1542219,0,False,ok,2026-06-30T10:25:21+00:00
krb5/krb5,gh/4307702,0,False,ok,2026-06-30T10:25:21+00:00
kriskowal/asap,gh/11295071,0,False,ok,2026-06-30T10:25:21+00:00
kriszyp/json-schema,gh/947175,0,False,ok,2026-06-30T10:25:22+00:00
la10736/rstest,gh/124802455,0,False,ok,2026-07-06T11:10:41+00:00
langchain-ai/langchain,gh/552661142,0,False,ok,2026-06-30T10:25:22+00:00
laurent-laporte-pro/deprecated,gh/111412148,0,False,ok,2026-06-30T10:25:22+00:00
lddubeau/xmlchars,gh/139881982,0,False,ok,2026-07-06T11:10:41+00:00
legrandin/pycryptodome,gh/19378935,0,False,ok,2026-06-30T10:25:22+00:00
libevent/libevent,gh/1856976,,,ok,2026-05-19T11:11:04+00:00
libexpat/libexpat,gh/80314213,0,False,ok,2026-06-30T10:25:23+00:00
libffi/libffi,gh/321154,0,False,ok,2026-06-30T10:25:23+00:00
libidn/libidn2,gh/87378214,0,False,ok,2026-07-06T11:10:41+00:00
libjpeg-turbo/libjpeg-turbo,gh/39760454,9,True,ok,2026-06-30T10:25:23+00:00
libjxl/libjxl,gh/340219494,0,False,ok,2026-06-30T10:25:24+00:00
libpixman/pixman,gh/81675971,0,False,ok,2026-06-30T10:25:24+00:00
libtiff/libtiff,,0,False,ok,2026-07-06T11:10:41+00:00
libuv/libuv,gh/14812739,0,False,ok,2026-06-30T10:25:24+00:00
linusu/buffer-from,gh/66025821,3,True,ok,2026-06-30T10:25:24+00:00
linux-audit/audit-userspace,gh/52464964,0,False,ok,2026-06-30T10:25:25+00:00
linux-pam/linux-pam,gh/76264690,0,False,ok,2026-06-30T10:25:25+00:00
litejs/natural-compare-lite,gh/9146732,1,True,ok,2026-06-30T10:25:25+00:00
ljharb/call-bind,gh/308533760,67,True,ok,2026-06-30T10:25:25+00:00
ljharb/call-bind-apply-helpers,gh/898190951,67,True,ok,2026-06-30T10:25:26+00:00
ljharb/call-bound,gh/898125972,67,True,ok,2026-06-30T10:25:26+00:00
ljharb/concat-map,gh/548993448,67,True,ok,2026-06-30T10:25:26+00:00
ljharb/define-data-property,gh/689109338,67,True,ok,2026-06-30T10:25:26+00:00
ljharb/define-properties,gh/28768789,67,True,ok,2026-06-30T10:25:26+00:00
ljharb/es-abstract,gh/28995155,67,True,ok,2026-06-30T10:25:27+00:00
ljharb/es-define-property,gh/756570458,67,True,ok,2026-06-30T10:25:27+00:00
ljharb/es-errors,gh/752160492,67,True,ok,2026-06-30T10:25:27+00:00
ljharb/es-shim-unscopables,gh/480458584,67,True,ok,2026-06-30T10:25:28+00:00
ljharb/es-to-primitive,gh/32377814,67,True,ok,2026-06-30T10:25:28+00:00
ljharb/get-intrinsic,gh/308516559,67,True,ok,2026-06-30T10:25:28+00:00
ljharb/get-proto,gh/911035271,67,True,ok,2026-06-30T10:25:28+00:00
ljharb/gopd,gh/560708130,67,True,ok,2026-06-30T10:25:29+00:00
ljharb/internal-slot,gh/216159146,67,True,ok,2026-06-30T10:25:29+00:00
ljharb/object-keys,gh/9103992,67,True,ok,2026-06-30T10:25:29+00:00
ljharb/object.assign,gh/17755831,67,True,ok,2026-06-30T10:25:29+00:00
ljharb/possible-typed-array-names,gh/760136716,67,True,ok,2026-06-30T10:25:30+00:00
ljharb/qs,gh/22266795,67,True,ok,2026-06-30T10:25:30+00:00
ljharb/safe-regex-test,gh/540138887,67,True,ok,2026-06-30T10:25:30+00:00
ljharb/set-function-length,gh/704249795,67,True,ok,2026-06-30T10:25:30+00:00
ljharb/side-channel,gh/225239081,67,True,ok,2026-06-30T10:25:31+00:00
ljharb/side-channel-list,gh/901451610,67,True,ok,2026-06-30T10:25:31+00:00
ljharb/side-channel-map,gh/901191461,67,True,ok,2026-06-30T10:25:31+00:00
ljharb/side-channel-weakmap,gh/901188921,67,True,ok,2026-06-30T10:25:32+00:00
lodash/lodash,gh/3955647,0,False,ok,2026-06-30T10:25:32+00:00
loganfsmyth/gensync,gh/132383032,0,False,ok,2026-06-30T10:25:32+00:00
lokathor/bytemuck,gh/209673558,10,True,ok,2026-06-30T10:25:32+00:00
lovell/detect-libc,gh/96149091,0,False,ok,2026-07-06T15:53:42+00:00
lukeed/dequal,gh/174421655,8,True,ok,2026-06-30T10:25:33+00:00
lukeed/escalade,gh/273568715,8,True,ok,2026-06-30T10:25:33+00:00
lukeed/kleur,gh/140393403,8,True,ok,2026-06-30T10:25:33+00:00
lxml/lxml,gh/1353927,0,False,ok,2026-06-30T10:25:34+00:00
lydell/js-tokens,gh/17552490,0,False,ok,2026-06-30T10:25:34+00:00
lz4/lz4,gh/18106269,0,False,ok,2026-06-30T10:25:34+00:00
madler/zlib,gh/2359378,0,False,ok,2026-06-30T10:25:34+00:00
mafintosh/end-of-stream,gh/14732255,3,True,ok,2026-06-30T10:25:35+00:00
mafintosh/pump,gh/12118126,3,True,ok,2026-06-30T10:25:35+00:00
mafintosh/tar-stream,gh/15340089,3,True,ok,2026-06-30T10:25:35+00:00
marshallpierce/rust-base64,gh/47371310,0,False,ok,2026-06-30T10:25:35+00:00
mathiasbynens/cssesc,gh/12001360,4,True,ok,2026-06-30T10:25:36+00:00
mathiasbynens/emoji-regex,gh/24557614,4,True,ok,2026-06-30T10:25:36+00:00
mathiasbynens/jsesc,gh/10498729,4,True,ok,2026-06-30T10:25:13+00:00
mathiasbynens/punycode.js,gh/2755924,4,True,ok,2026-06-30T10:25:13+00:00
mathiasbynens/regenerate,gh/10182772,4,True,ok,2026-06-30T10:25:13+00:00
mathiasbynens/regexpu-core,gh/49437324,4,True,ok,2026-06-30T10:25:13+00:00
mathiasbynens/unicode-canonical-property-names-ecmascript,gh/88346537,4,True,ok,2026-06-30T10:25:13+00:00
mathiasbynens/unicode-property-aliases-ecmascript,gh/88333533,4,True,ok,2026-06-30T10:25:13+00:00
matklad/once_cell,gh/143220272,0,False,ok,2026-06-30T10:25:14+00:00
matplotlib/matplotlib,gh/1385122,13,True,ok,2026-06-30T10:25:14+00:00
mcollina/fastq,gh/37368217,13,True,ok,2026-06-30T10:25:14+00:00
mcollina/reusify,gh/42106515,13,True,ok,2026-06-30T10:25:14+00:00
md/tcp-wrappers,,0,False,ok,2026-07-06T11:10:40+00:00
mdn/data,gh/70901646,0,False,ok,2026-06-30T10:25:14+00:00
medikoo/d,gh/10817569,3,True,ok,2026-06-30T10:25:14+00:00
medikoo/es5-ext,gh/1792941,3,True,ok,2026-06-30T10:25:14+00:00
medikoo/es6-symbol,gh/14423385,3,True,ok,2026-06-30T10:25:14+00:00
medikoo/type,gh/177198492,3,True,ok,2026-06-30T10:25:14+00:00
meinersbur/isl,gh/37677854,0,False,ok,2026-06-30T10:25:15+00:00
mhammond/pywin32,gh/108187130,0,False,ok,2026-06-30T10:25:15+00:00
micheles/decorator,gh/14656555,0,False,ok,2026-06-30T10:25:15+00:00
micromark/micromark,gh/157420458,0,False,ok,2026-06-30T10:25:15+00:00
micromatch/anymatch,gh/11458302,0,False,ok,2026-06-30T10:25:15+00:00
micromatch/braces,gh/25475303,0,False,ok,2026-06-30T10:25:15+00:00
micromatch/is-extglob,gh/31788841,0,False,ok,2026-06-30T10:25:15+00:00
micromatch/is-glob,gh/28179425,0,False,ok,2026-06-30T10:25:15+00:00
micromatch/micromatch,gh/27359938,0,False,ok,2026-06-30T10:25:15+00:00
micromatch/picomatch,gh/156211895,0,False,ok,2026-06-30T10:25:15+00:00
micromatch/to-regex-range,gh/40355891,0,False,ok,2026-06-30T10:25:16+00:00
microsoft/tslib,gh/34414315,0,False,ok,2026-06-30T10:25:16+00:00
microsoft/typescript,gh/20929025,0,False,ok,2026-06-30T10:25:16+00:00
microsoft/windows-rs,gh/208102250,0,False,ok,2026-06-30T10:25:16+00:00
minimistjs/minimist,gh/549230701,0,False,ok,2026-06-30T10:25:16+00:00
mirror/ncurses,gh/22324756,0,False,ok,2026-06-30T10:25:16+00:00
mitsuhiko/insta,gh/165561258,25,True,ok,2026-06-30T10:25:16+00:00
mlocati/gettext-iconv-windows,gh/12751919,,,ok,2026-05-19T11:11:15+00:00
mm2/little-cms,gh/507969,0,False,ok,2026-06-30T10:25:16+00:00
moment/moment,gh/1424470,0,False,ok,2026-06-30T10:25:16+00:00
more-itertools/more-itertools,gh/4144530,0,False,ok,2026-06-30T10:25:17+00:00
motdotla/dotenv,gh/11205780,5,True,ok,2026-06-30T10:25:17+00:00
moxystudio/node-cross-spawn,gh/21335844,0,False,ok,2026-06-30T10:25:17+00:00
mozilla/source-map,gh/2014930,0,False,ok,2026-06-30T10:25:17+00:00
mpc/mpc,,0,False,ok,2026-07-06T11:10:40+00:00
mpfr/mpfr,,0,False,ok,2026-07-06T11:10:40+00:00
mrabarnett/mrab-regex,gh/309446978,0,False,ok,2026-06-30T10:25:17+00:00
mrmlnc/fast-glob,gh/77467076,0,False,ok,2026-06-30T10:25:17+00:00
msgpack/msgpack-python,gh/2242705,0,False,ok,2026-06-30T10:25:17+00:00
mui/material-ui,gh/23083156,0,False,ok,2026-07-06T15:53:42+00:00
multimedia-team/aom,,0,False,ok,2026-07-06T11:10:41+00:00
myrne/performance-now,gh/10219264,0,False,ok,2026-06-30T10:25:17+00:00
mysticatea/abort-controller,gh/105228556,6,True,ok,2026-06-30T10:25:17+00:00
mysticatea/event-target-shim,gh/31137469,6,True,ok,2026-06-30T10:25:18+00:00
netflix/vmaf,gh/51317975,0,False,ok,2026-06-30T10:25:18+00:00
nghttp2/nghttp2,gh/11452676,0,False,ok,2026-06-30T10:25:18+00:00
nicolo-ribaudo/babel-preset-current-node-syntax,gh/253327079,9,True,ok,2026-06-30T10:25:18+00:00
nlnetlabs/unbound,gh/94195301,16,True,ok,2026-06-30T10:25:18+00:00
node-fetch/fetch-blob,gh/186960326,4,True,ok,2026-06-30T10:25:18+00:00
node-fetch/node-fetch,gh/29849956,4,True,ok,2026-06-30T10:25:18+00:00
nodeca/argparse,gh/4325614,4,True,ok,2026-06-30T10:25:18+00:00
nodeca/js-yaml,gh/2504175,4,True,ok,2026-06-30T10:25:18+00:00
nodeca/pako,gh/16231859,4,True,ok,2026-06-30T10:25:18+00:00
nodejs/node,gh/27193779,55,True,ok,2026-06-30T10:25:19+00:00
nodejs/readable-stream,gh/5187096,55,True,ok,2026-06-30T10:25:19+00:00
nodejs/string_decoder,gh/95052330,55,True,ok,2026-06-30T10:25:19+00:00
nodejs/undici,gh/133092972,55,True,ok,2026-06-30T10:25:19+00:00
nodelib/nodelib,gh/129310478,0,False,ok,2026-06-30T10:25:19+00:00
npm/abbrev-js,gh/554893,0,False,ok,2026-06-30T10:25:19+00:00
npm/cacache,gh/193812470,0,False,ok,2026-06-30T10:25:19+00:00
npm/hosted-git-info,gh/25002984,0,False,ok,2026-06-30T10:25:19+00:00
npm/inflight,gh/19442260,,,ok,2026-04-28T00:16:26+00:00
npm/ini,gh/2167680,0,False,ok,2026-06-30T10:25:19+00:00
npm/json-parse-even-better-errors,gh/211384370,0,False,ok,2026-06-30T10:25:19+00:00
npm/mute-stream,gh/5159166,0,False,ok,2026-06-30T10:25:13+00:00
npm/node-semver,gh/1357199,0,False,ok,2026-06-30T10:25:13+00:00
npm/node-which,gh/2169708,0,False,ok,2026-06-30T10:25:13+00:00
npm/nopt,gh/1544436,0,False,ok,2026-06-30T10:25:13+00:00
npm/normalize-package-data,gh/9301720,0,False,ok,2026-06-30T10:25:13+00:00
npm/ssri,gh/193817839,0,False,ok,2026-06-30T10:25:13+00:00
npm/unique-slug,gh/35246620,0,False,ok,2026-06-30T10:25:14+00:00
npm/write-file-atomic,gh/23896209,0,False,ok,2026-06-30T10:25:14+00:00
numpy/numpy,gh/908607,0,False,ok,2026-06-30T10:25:14+00:00
nv/cssom,gh/1025209,0,False,ok,2026-06-30T10:25:14+00:00
nvzqz/static-assertions,gh/100129252,5,True,ok,2026-06-30T10:25:14+00:00
oauthlib/oauthlib,gh/2811323,0,False,ok,2026-06-30T10:25:14+00:00
octokit/openapi-types.ts,gh/304109193,0,False,ok,2026-06-30T10:25:14+00:00
octokit/types.ts,gh/216109757,0,False,ok,2026-06-30T10:25:14+00:00
oozcitak/xmlbuilder-js,gh/1042809,1,True,ok,2026-06-30T10:25:14+00:00
open-telemetry/opentelemetry-js,gh/185901023,0,False,ok,2026-06-30T10:25:15+00:00
open-telemetry/opentelemetry-js-contrib,gh/255986659,0,False,ok,2026-06-30T10:25:15+00:00
open-telemetry/opentelemetry-python,gh/185478926,0,False,ok,2026-06-30T10:25:15+00:00
open-telemetry/opentelemetry-python-contrib,gh/220524743,0,False,ok,2026-06-30T10:25:15+00:00
openssl/openssl,gh/7634677,31,True,ok,2026-06-30T10:25:15+00:00
opensuse/ca-certificates,gh/10785433,,,ok,2026-05-19T11:11:08+00:00
p11-glue/p11-kit,gh/12060420,0,False,ok,2026-06-30T10:25:15+00:00
pallets/click,gh/19103692,35,True,ok,2026-06-30T10:25:15+00:00
pallets/flask,gh/596892,35,True,ok,2026-06-30T10:25:15+00:00
pallets/itsdangerous,gh/1945034,35,True,ok,2026-06-30T10:25:15+00:00
pallets/jinja,gh/994551,35,True,ok,2026-06-30T10:25:16+00:00
pallets/markupsafe,gh/734244,35,True,ok,2026-06-30T10:25:16+00:00
pallets/werkzeug,gh/997338,35,True,ok,2026-06-30T10:25:16+00:00
pandas-dev/pandas,gh/858127,0,False,ok,2026-06-30T10:25:16+00:00
paramiko/paramiko,gh/119609,0,False,ok,2026-06-30T10:25:16+00:00
paulmillr/chokidar,gh/4090287,23,True,ok,2026-06-30T10:25:16+00:00
paulmillr/readdirp,gh/4494405,23,True,ok,2026-06-30T10:25:16+00:00
pcre2project/pcre2,gh/398251321,0,False,ok,2026-06-30T10:25:16+00:00
pest-parser/pest,gh/56964647,5,True,ok,2026-06-30T10:25:16+00:00
peternator7/strum,gh/80964373,0,False,ok,2026-06-30T10:25:16+00:00
petkaantonov/bluebird,gh/12670444,0,False,ok,2026-06-30T10:25:17+00:00
pexpect/ptyprocess,gh/24727748,0,False,ok,2026-06-30T10:25:17+00:00
pillarjs/encodeurl,gh/60721766,0,False,ok,2026-06-30T10:25:17+00:00
pillarjs/finalhandler,gh/20547377,0,False,ok,2026-06-30T10:25:17+00:00
pillarjs/iconv-lite,gh/2743221,0,False,ok,2026-06-30T10:25:17+00:00
pillarjs/parseurl,gh/17533192,0,False,ok,2026-06-30T10:25:17+00:00
pillarjs/path-to-regexp,gh/5265803,0,False,ok,2026-06-30T10:25:17+00:00
pillarjs/send,gh/4879977,0,False,ok,2026-06-30T10:25:17+00:00
pixman/pixman,,0,False,ok,2026-07-12T19:59:10+00:00
pkgconf/pkgconf,gh/4180110,0,False,ok,2026-06-30T10:25:17+00:00
pnggroup/libpng,gh/3768025,0,False,ok,2026-06-30T10:25:18+00:00
postcss/postcss,gh/13078968,0,False,ok,2026-06-30T10:25:18+00:00
postcss/postcss-selector-parser,gh/36500102,0,False,ok,2026-06-30T10:25:18+00:00
postcss/postcss-value-parser,gh/40920306,0,False,ok,2026-06-30T10:25:18+00:00
prettier/prettier,gh/75104123,46,True,ok,2026-06-30T10:25:18+00:00
primus/eventemitter3,gh/13100677,0,False,ok,2026-06-30T10:25:18+00:00
proptest-rs/proptest,gh/94702898,0,False,ok,2026-06-30T10:25:18+00:00
protobufjs/protobuf.js,gh/8507859,0,False,ok,2026-06-30T10:25:18+00:00
protocolbuffers/protobuf,gh/23357588,0,False,ok,2026-06-30T10:25:18+00:00
psf/requests,gh/1362490,19,True,ok,2026-06-30T10:25:18+00:00
psycopg/psycopg2,gh/7730829,0,True,ok,2026-06-30T10:25:19+00:00
pvorb/clone,gh/2317381,4,True,ok,2026-06-30T10:25:19+00:00
py4j/py4j,gh/1045976,0,False,ok,2026-06-30T10:25:19+00:00
pyasn1/pyasn1,gh/512723255,0,False,ok,2026-06-30T10:25:19+00:00
pyasn1/pyasn1-modules,gh/512723354,0,False,ok,2026-06-30T10:25:19+00:00
pyca/bcrypt,gh/9993757,0,False,ok,2026-06-30T10:25:19+00:00
pyca/cryptography,gh/11939484,0,False,ok,2026-06-30T10:25:19+00:00
pyca/pynacl,gh/8350032,0,False,ok,2026-06-30T10:25:19+00:00
pyca/pyopenssl,gh/15778059,0,False,ok,2026-06-30T10:25:19+00:00
pydantic/pydantic,gh/90194616,14,True,ok,2026-06-30T10:25:19+00:00
pydantic/typing-inspection,gh/930576948,14,True,ok,2026-06-30T10:25:20+00:00
pygments/pygments,gh/205564111,0,False,ok,2026-06-30T10:25:20+00:00
pypa/distlib,gh/436970140,22,True,ok,2026-06-30T10:25:20+00:00
pypa/packaging,gh/19837758,22,True,ok,2026-06-30T10:25:21+00:00
pypa/pip,gh/1446467,22,True,ok,2026-06-30T10:25:21+00:00
pypa/setuptools,gh/54980593,22,True,ok,2026-06-30T10:25:21+00:00
pypa/virtualenv,gh/1446474,22,True,ok,2026-06-30T10:25:21+00:00
pypa/wheel,gh/98346885,22,True,ok,2026-06-30T10:25:22+00:00
pyparsing/pyparsing,gh/91262163,0,False,ok,2026-06-30T10:25:22+00:00
pytest-dev/iniconfig,gh/66012563,12,True,ok,2026-06-30T10:25:22+00:00
pytest-dev/pluggy,gh/34739117,12,True,ok,2026-06-30T10:25:22+00:00
pytest-dev/pytest,gh/37489525,12,True,ok,2026-06-30T10:25:23+00:00
python-attrs/attrs,gh/29918975,0,False,ok,2026-06-30T10:25:23+00:00
python-cffi/cffi,gh/696427398,0,False,ok,2026-06-30T10:25:23+00:00
python-greenlet/greenlet,gh/3003137,0,False,ok,2026-06-30T10:25:23+00:00
python-hyper/brotlicffi,gh/43543393,0,False,ok,2026-06-30T10:25:24+00:00
python-hyper/h11,gh/57372073,0,False,ok,2026-06-30T10:25:24+00:00
python-jsonschema/jsonschema,gh/3072629,0,False,ok,2026-06-30T10:25:24+00:00
python-jsonschema/jsonschema-specifications,gh/582755777,0,False,ok,2026-06-30T10:25:24+00:00
python-jsonschema/referencing,gh/569027868,0,False,ok,2026-06-30T10:25:25+00:00
python-pillow/pillow,gh/5171600,3,True,ok,2026-06-30T10:25:25+00:00
python-poetry/poetry,gh/123303402,,,ok,2026-05-19T11:11:08+00:00
python-poetry/poetry-core,gh/238972646,,,ok,2026-04-28T00:16:07+00:00
python-poetry/tomlkit,gh/140365570,0,False,ok,2026-06-30T10:25:25+00:00
python-trio/sniffio,gh/142657210,3,True,ok,2026-06-30T10:25:25+00:00
python/cpython,gh/81598961,173,True,ok,2026-06-30T10:25:26+00:00
python/importlib_metadata,gh/306448340,173,True,ok,2026-06-30T10:25:26+00:00
python/importlib_resources,gh/306147182,173,True,ok,2026-06-30T10:25:26+00:00
python/mypy,gh/7053637,173,True,ok,2026-06-30T10:25:26+00:00
python/mypy_extensions,gh/165752308,173,True,ok,2026-06-30T10:25:27+00:00
python/typeshed,gh/31696383,,,ok,2026-05-19T11:11:12+00:00
python/typing,gh/24604008,173,True,ok,2026-06-30T10:25:27+00:00
python/typing_extensions,gh/494077289,173,True,ok,2026-06-30T10:25:27+00:00
python/tzdata,gh/242158882,173,True,ok,2026-06-30T10:25:28+00:00
qix-/color-convert,gh/1874305,16,True,ok,2026-06-30T10:25:28+00:00
qix-/node-error-ex,gh/41388258,16,True,ok,2026-06-30T10:25:28+00:00
qix-/node-is-arrayish,gh/41376759,16,True,ok,2026-06-30T10:25:28+00:00
qt/qt5,gh/9880318,,,ok,2026-05-19T11:11:16+00:00
radix-ui/primitives,gh/273499522,0,False,ok,2026-06-30T10:25:28+00:00
raszi/node-tmp,gh/2313213,0,False,ok,2026-06-30T10:25:29+00:00
raynos/for-each,gh/6006855,0,False,ok,2026-06-30T10:25:29+00:00
raynos/function-bind,gh/10727014,0,False,ok,2026-06-30T10:25:29+00:00
raynos/xtend,gh/4419184,0,False,ok,2026-07-06T11:10:41+00:00
rayon-rs/either,gh/42479602,0,False,ok,2026-06-30T10:25:29+00:00
rayon-rs/rayon,gh/24725038,0,False,ok,2026-06-30T10:25:30+00:00
react/create-react-app,gh/63537249,0,False,ok,2026-07-06T11:10:41+00:00
react/metro,gh/76504246,0,False,ok,2026-07-06T11:10:41+00:00
react/react,gh/10270250,0,False,ok,2026-07-06T11:10:41+00:00
reactivex/rxjs,gh/32247847,0,False,ok,2026-06-30T10:25:30+00:00
realpython/pytest-mypy,gh/69576530,0,False,ok,2026-06-30T10:25:30+00:00
remix-run/react-router,gh/19872456,0,False,ok,2026-06-30T10:25:30+00:00
remusao/tldts,gh/97631656,0,False,ok,2026-06-30T10:25:31+00:00
requests/requests-oauthlib,gh/6825724,0,False,ok,2026-06-30T10:25:31+00:00
requests/toolbelt,gh/15515181,0,False,ok,2026-06-30T10:25:31+00:00
retep998/winapi-rs,gh/23853482,0,False,ok,2026-06-30T10:25:32+00:00
rich-harris/estree-walker,gh/33668779,0,False,ok,2026-06-30T10:25:32+00:00
rich-harris/magic-string,gh/26143240,0,False,ok,2026-06-30T10:25:32+00:00
rob--w/proxy-from-env,gh/52038793,0,False,ok,2026-06-30T10:25:32+00:00
rogdham/backports.zstd,gh/977687927,0,False,ok,2026-06-30T10:25:33+00:00
rollup/plugins,gh/203607977,0,False,ok,2026-06-30T10:25:33+00:00
ronaldoussoren/pyobjc,gh/243933900,0,False,ok,2026-06-30T10:25:33+00:00
rust-cli/anstyle,gh/493821282,0,False,ok,2026-06-30T10:25:33+00:00
rust-cli/env_logger,gh/96382888,0,False,ok,2026-06-30T10:25:34+00:00
rust-embedded/critical-section,gh/365854323,0,False,ok,2026-06-30T10:25:34+00:00
rust-fuzz/arbitrary,gh/90591032,0,False,ok,2026-06-30T10:25:34+00:00
rust-itertools/itertools,gh/22360263,0,False,ok,2026-06-30T10:25:35+00:00
rust-lang-deprecated/tempdir,gh/31728565,0,False,ok,2026-07-06T11:10:40+00:00
rust-lang-nursery/lazy-static.rs,gh/21157492,0,False,ok,2026-06-30T10:25:35+00:00
rust-lang/cc-rs,gh/26039547,0,False,ok,2026-06-30T10:25:35+00:00
rust-lang/cfg-if,gh/38723660,0,False,ok,2026-06-30T10:25:35+00:00
rust-lang/compiler-builtins,gh/65153793,0,False,ok,2026-06-30T10:25:36+00:00
rust-lang/flate2-rs,gh/21954009,0,False,ok,2026-06-30T10:25:36+00:00
rust-lang/futures-rs,gh/55077261,0,False,ok,2026-06-30T10:25:20+00:00
rust-lang/glob,gh/23241722,0,False,ok,2026-06-30T10:25:20+00:00
rust-lang/hashbrown,gh/155119796,0,False,ok,2026-06-30T10:25:20+00:00
rust-lang/libc,gh/29197565,0,False,ok,2026-06-30T10:25:20+00:00
rust-lang/libz-sys,gh/26042019,0,False,ok,2026-06-30T10:25:21+00:00
rust-lang/log,gh/27974762,0,False,ok,2026-06-30T10:25:21+00:00
rust-lang/pkg-config-rs,gh/26042035,0,False,ok,2026-06-30T10:25:21+00:00
rust-lang/regex,gh/27890669,0,False,ok,2026-06-30T10:25:22+00:00
rust-lang/rust,gh/724712,0,False,ok,2026-06-30T10:25:22+00:00
rust-lang/tempdir,gh/31728565,,,ok,2026-04-28T00:16:28+00:00
rust-num/num-traits,gh/114705611,0,False,ok,2026-06-30T10:25:22+00:00
rust-phf/rust-phf,gh/15992970,0,False,ok,2026-06-30T10:25:22+00:00
rust-random/getrandom,gh/166545969,0,False,ok,2026-06-30T10:25:23+00:00
rust-random/rand,gh/30227790,0,False,ok,2026-06-30T10:25:23+00:00
rust-random/rand_core,gh/1086593277,0,False,ok,2026-06-30T10:25:23+00:00
rust-random/rngs,gh/209510094,0,False,ok,2026-06-30T10:25:23+00:00
rustcrypto/formats,gh/406051759,0,False,ok,2026-06-30T10:25:24+00:00
rustcrypto/hashes,gh/74106774,0,False,ok,2026-06-30T10:25:24+00:00
rustcrypto/stream-ciphers,gh/83051505,0,False,ok,2026-06-30T10:25:24+00:00
rustcrypto/traits,gh/85605821,0,False,ok,2026-06-30T10:25:24+00:00
rustcrypto/utils,gh/77307442,0,False,ok,2026-06-30T10:25:25+00:00
rvagg/archived-prr,gh/9151864,0,False,ok,2026-07-06T11:10:40+00:00
rvagg/bl,gh/10706095,0,False,ok,2026-06-30T10:25:25+00:00
rvagg/prr,gh/9151864,,,ok,2026-04-28T00:15:42+00:00
rvagg/through2,gh/11808187,0,False,ok,2026-06-30T10:25:25+00:00
ryanzim/universalify,gh/87651180,0,False,ok,2026-06-30T10:25:25+00:00
salesforce/tough-cookie,gh/2606873,0,False,ok,2026-06-30T10:25:25+00:00
samn/json-stable-stringify,gh/76598131,0,False,ok,2026-06-30T10:25:26+00:00
samverschueren/decode-uri-component,gh/91837954,0,False,ok,2026-06-30T10:25:26+00:00
sboudrias/inquirer.js,gh/10114077,3,True,ok,2026-06-30T10:25:26+00:00
scikit-build/ninja-python-distributions,gh/75102202,0,False,ok,2026-06-30T10:25:27+00:00
scikit-learn/scikit-learn,gh/843222,11,True,ok,2026-06-30T10:25:27+00:00
scipy/scipy,gh/1460385,0,False,ok,2026-06-30T10:25:27+00:00
seanmonstar/reqwest,gh/62350380,61,True,ok,2026-06-30T10:25:27+00:00
sec-ant/readable-stream,gh/569980966,0,False,ok,2026-06-30T10:25:28+00:00
selinuxproject/selinux,gh/20648799,0,False,ok,2026-06-30T10:25:28+00:00
serde-rs/bytes,gh/87358441,0,False,ok,2026-06-30T10:25:28+00:00
serde-rs/json,gh/35894511,0,False,ok,2026-06-30T10:25:28+00:00
serde-rs/serde,gh/14367737,0,False,ok,2026-06-30T10:25:29+00:00
serde-rs/test,gh/670894947,,,ok,2026-04-28T00:15:48+00:00
servo/rust-fnv,gh/33499190,261,True,ok,2026-06-30T10:25:29+00:00
servo/rust-smallvec,gh/33456236,261,True,ok,2026-06-30T10:25:29+00:00
servo/rust-url,gh/14934771,261,True,ok,2026-06-30T10:25:30+00:00
sinclairzx81/sinclair-typebox,gh/1122129819,,,ok,2026-04-28T00:15:21+00:00
sinclairzx81/typebox,gh/87454905,0,False,ok,2026-06-30T10:25:30+00:00
sindresorhus/ansi-escapes,gh/40721875,186,True,ok,2026-06-30T10:25:30+00:00
sindresorhus/array-union,gh/21005682,186,True,ok,2026-06-30T10:25:30+00:00
sindresorhus/binary-extensions,gh/29771015,186,True,ok,2026-06-30T10:25:31+00:00
sindresorhus/callsites,gh/18938743,186,True,ok,2026-06-30T10:25:31+00:00
sindresorhus/camelcase,gh/25116836,186,True,ok,2026-06-30T10:25:31+00:00
sindresorhus/clean-stack,gh/62838930,186,True,ok,2026-06-30T10:25:31+00:00
sindresorhus/cli-cursor,gh/23512396,186,True,ok,2026-06-30T10:25:32+00:00
sindresorhus/crypto-random-string,gh/73665728,186,True,ok,2026-06-30T10:25:32+00:00
sindresorhus/decamelize,gh/29773710,186,True,ok,2026-06-30T10:25:32+00:00
sindresorhus/detect-newline,gh/21304485,186,True,ok,2026-06-30T10:25:33+00:00
sindresorhus/environment,gh/793180075,186,True,ok,2026-06-30T10:25:33+00:00
sindresorhus/escape-string-regexp,gh/21169121,186,True,ok,2026-06-30T10:25:33+00:00
sindresorhus/execa,gh/47475908,186,True,ok,2026-06-30T10:25:33+00:00
sindresorhus/figures,gh/21672939,186,True,ok,2026-06-30T10:25:34+00:00
sindresorhus/file-type,gh/19105307,186,True,ok,2026-06-30T10:25:34+00:00
sindresorhus/find-cache-directory,gh/48783244,186,True,ok,2026-06-30T10:25:34+00:00
sindresorhus/find-up,gh/41723004,186,True,ok,2026-06-30T10:25:34+00:00
sindresorhus/find-up-simple,gh/714044439,186,True,ok,2026-06-30T10:25:35+00:00
sindresorhus/get-east-asian-width,gh/711160838,186,True,ok,2026-06-30T10:25:35+00:00
sindresorhus/get-stream,gh/44264225,186,True,ok,2026-06-30T10:25:35+00:00
sindresorhus/globals,gh/15186239,186,True,ok,2026-06-30T10:25:35+00:00
sindresorhus/globby,gh/21069494,186,True,ok,2026-06-30T10:25:36+00:00
sindresorhus/has-flag,gh/38718671,186,True,ok,2026-06-30T10:25:36+00:00
sindresorhus/import-fresh,gh/22020904,186,True,ok,2026-06-30T10:25:13+00:00
sindresorhus/import-local,gh/90292430,186,True,ok,2026-06-30T10:25:13+00:00
sindresorhus/indent-string,gh/20576837,186,True,ok,2026-06-30T10:25:13+00:00
sindresorhus/is-binary-path,gh/29771247,186,True,ok,2026-06-30T10:25:13+00:00
sindresorhus/is-docker,gh/33590534,186,True,ok,2026-06-30T10:25:13+00:00
sindresorhus/is-fullwidth-code-point,gh/39222301,186,True,ok,2026-06-30T10:25:13+00:00
sindresorhus/is-inside-container,gh/601943060,186,True,ok,2026-06-30T10:25:14+00:00
sindresorhus/is-path-inside,gh/21054113,186,True,ok,2026-06-30T10:25:14+00:00
sindresorhus/is-plain-obj,gh/38923193,186,True,ok,2026-06-30T10:25:14+00:00
sindresorhus/is-stream,gh/29436825,186,True,ok,2026-06-30T10:25:14+00:00
sindresorhus/is-unicode-supported,gh/348660847,186,True,ok,2026-06-30T10:25:14+00:00
sindresorhus/is-wsl,gh/88415331,186,True,ok,2026-06-30T10:25:14+00:00
sindresorhus/leven,gh/22794601,186,True,ok,2026-06-30T10:25:14+00:00
sindresorhus/locate-path,gh/74266248,186,True,ok,2026-06-30T10:25:14+00:00
sindresorhus/log-symbols,gh/21673868,186,True,ok,2026-06-30T10:25:14+00:00
sindresorhus/lowercase-keys,gh/29769737,186,True,ok,2026-06-30T10:25:15+00:00
sindresorhus/make-dir,gh/90776169,186,True,ok,2026-06-30T10:25:15+00:00
sindresorhus/meow,gh/25121561,186,True,ok,2026-06-30T10:25:15+00:00
sindresorhus/mimic-function,gh/71381729,186,True,ok,2026-06-30T10:25:15+00:00
sindresorhus/mimic-response,gh/93189529,186,True,ok,2026-06-30T10:25:15+00:00
sindresorhus/node-defaults,gh/7985040,186,True,ok,2026-06-30T10:25:15+00:00
sindresorhus/normalize-url,gh/29094022,186,True,ok,2026-06-30T10:25:15+00:00
sindresorhus/npm-run-path,gh/48707028,186,True,ok,2026-06-30T10:25:15+00:00
sindresorhus/object-assign,gh/16457190,186,True,ok,2026-06-30T10:25:15+00:00
sindresorhus/onetime,gh/14847357,186,True,ok,2026-06-30T10:25:16+00:00
sindresorhus/open,gh/18469325,186,True,ok,2026-06-30T10:25:16+00:00
sindresorhus/p-limit,gh/71542716,186,True,ok,2026-06-30T10:25:16+00:00
sindresorhus/p-locate,gh/74265632,186,True,ok,2026-06-30T10:25:16+00:00
sindresorhus/p-map,gh/71526722,186,True,ok,2026-06-30T10:25:16+00:00
sindresorhus/p-try,gh/71534796,186,True,ok,2026-06-30T10:25:16+00:00
sindresorhus/package-directory,gh/41724281,186,True,ok,2026-06-30T10:25:16+00:00
sindresorhus/parent-module,gh/50187748,186,True,ok,2026-06-30T10:25:16+00:00
sindresorhus/parse-json,gh/41367145,186,True,ok,2026-06-30T10:25:16+00:00
sindresorhus/path-exists,gh/34965664,186,True,ok,2026-06-30T10:25:17+00:00
sindresorhus/path-is-absolute,gh/30900285,184,True,ok,2026-07-06T11:10:41+00:00
sindresorhus/path-key,gh/48706449,186,True,ok,2026-06-30T10:25:17+00:00
sindresorhus/path-type,gh/41905436,186,True,ok,2026-06-30T10:25:17+00:00
sindresorhus/pify,gh/41585934,186,True,ok,2026-06-30T10:25:17+00:00
sindresorhus/quick-lru,gh/86679721,186,True,ok,2026-06-30T10:25:17+00:00
sindresorhus/read-package-up,gh/41842429,186,True,ok,2026-06-30T10:25:17+00:00
sindresorhus/read-pkg,gh/41790094,186,True,ok,2026-06-30T10:25:17+00:00
sindresorhus/resolve-cwd,gh/47504070,186,True,ok,2026-06-30T10:25:17+00:00
sindresorhus/resolve-from,gh/22022707,186,True,ok,2026-06-30T10:25:17+00:00
sindresorhus/restore-cursor,gh/23512229,186,True,ok,2026-06-30T10:25:18+00:00
sindresorhus/shebang-regex,gh/30903733,186,True,ok,2026-06-30T10:25:18+00:00
sindresorhus/slash,gh/11516031,186,True,ok,2026-06-30T10:25:18+00:00
sindresorhus/string-width,gh/39222730,186,True,ok,2026-06-30T10:25:18+00:00
sindresorhus/strip-bom,gh/18444852,186,True,ok,2026-06-30T10:25:18+00:00
sindresorhus/strip-final-newline,gh/47453723,186,True,ok,2026-06-30T10:25:18+00:00
sindresorhus/strip-indent,gh/18242629,186,True,ok,2026-06-30T10:25:18+00:00
sindresorhus/strip-json-comments,gh/14468669,186,True,ok,2026-06-30T10:25:18+00:00
sindresorhus/tagged-tag,gh/795552264,186,True,ok,2026-06-30T10:25:18+00:00
sindresorhus/to-fast-properties,gh/31656998,186,True,ok,2026-06-30T10:25:18+00:00
sindresorhus/type-fest,gh/175398594,186,True,ok,2026-06-30T10:25:19+00:00
sindresorhus/unicorn-magic,gh/716660564,186,True,ok,2026-06-30T10:25:19+00:00
sindresorhus/yocto-queue,gh/315531538,186,True,ok,2026-06-30T10:25:19+00:00
sinonjs/commons,gh/143001748,1,True,ok,2026-06-30T10:25:19+00:00
sinonjs/fake-timers,gh/16523712,1,True,ok,2026-06-30T10:25:19+00:00
smithy-lang/smithy-rs,gh/308027791,0,False,ok,2026-06-30T10:25:19+00:00
smithy-lang/smithy-typescript,gh/208319207,0,False,ok,2026-06-30T10:25:19+00:00
smol-rs/fastrand,gh/267368764,0,False,ok,2026-06-30T10:25:19+00:00
snowflakedb/snowflake-connector-python,gh/62262074,0,False,ok,2026-06-30T10:25:19+00:00
socketio/socket.io,gh/557980,0,False,ok,2026-06-30T10:25:19+00:00
sqlalchemy/sqlalchemy,gh/159271175,24,True,ok,2026-06-30T10:25:20+00:00
sqlite/sqlite,gh/176278485,0,False,ok,2026-06-30T10:25:20+00:00
srijs/rust-crc32fast,gh/157348282,0,False,ok,2026-06-30T10:25:20+00:00
stebalien/tempfile,gh/33832372,0,False,ok,2026-06-30T10:25:20+00:00
stefanpenner/get-caller-file,gh/48818175,0,False,ok,2026-06-30T10:25:20+00:00
storybookjs/storybook,gh/54173593,0,False,ok,2026-06-30T10:25:21+00:00
stream-utils/destroy,gh/15544623,0,False,ok,2026-06-30T10:25:21+00:00
stream-utils/raw-body,gh/12823654,0,False,ok,2026-06-30T10:25:21+00:00
stream-utils/unpipe,gh/37428186,0,False,ok,2026-06-30T10:25:22+00:00
streamich/memfs,gh/37490572,4,True,ok,2026-06-30T10:25:22+00:00
stub42/pytz,gh/63155638,0,False,ok,2026-06-30T10:25:22+00:00
suguru03/neo-async,gh/27030361,0,False,ok,2026-06-30T10:25:22+00:00
sval-rs/sval,gh/157205610,0,False,ok,2026-06-30T10:25:23+00:00
swc-project/swc,gh/115110181,6,True,ok,2026-06-30T10:25:23+00:00
sybrenstuvel/python-rsa,gh/50107469,0,False,ok,2026-07-06T11:10:41+00:00
syntax-tree/unist-util-is,gh/41795086,0,False,ok,2026-06-30T10:25:23+00:00
systemd/systemd,gh/32873313,0,False,ok,2026-06-30T10:25:23+00:00
taiki-e/pin-project,gh/164668916,15,True,ok,2026-06-30T10:25:24+00:00
taiki-e/pin-project-lite,gh/216847853,15,True,ok,2026-06-30T10:25:24+00:00
taiki-e/portable-atomic,gh/448365131,15,True,ok,2026-06-30T10:25:24+00:00
takluyver/jeepney,,0,False,ok,2026-07-06T11:10:41+00:00
tapjs/signal-exit,gh/35711072,3,True,ok,2026-06-30T10:25:24+00:00
tapjs/stack-utils,gh/48974178,3,True,ok,2026-06-30T10:25:25+00:00
tartley/colorama,gh/18892209,0,True,ok,2026-06-30T10:25:25+00:00
teambition/merge2,gh/25396227,0,False,ok,2026-06-30T10:25:25+00:00
teddriggs/darling,gh/89984100,0,True,ok,2026-06-30T10:25:25+00:00
tehshrike/deepmerge,gh/3276413,0,False,ok,2026-06-30T10:25:26+00:00
terkelg/sisteransi,gh/122441239,2,True,ok,2026-06-30T10:25:26+00:00
terser/terser,gh/29097127,0,False,ok,2026-06-30T10:25:26+00:00
textualize/rich,gh/220809393,0,False,ok,2026-06-30T10:25:26+00:00
theskumar/python-dotenv,gh/23727790,0,False,ok,2026-06-30T10:25:27+00:00
thkukuk/rpcsvc-proto,gh/55140533,0,False,ok,2026-06-30T10:25:27+00:00
thlorenz/convert-source-map,gh/8751561,2,True,ok,2026-06-30T10:25:27+00:00
thlorenz/deep-is,gh/9345558,2,True,ok,2026-06-30T10:25:27+00:00
thomasdickey/ncurses-snapshots,gh/65149533,,,ok,2026-05-19T11:11:15+00:00
tim-kos/node-retry,gh/1738798,0,False,ok,2026-06-30T10:25:28+00:00
time-rs/time,gh/26459635,0,False,ok,2026-06-30T10:25:28+00:00
tj/commander.js,gh/2206953,5,True,ok,2026-06-30T10:25:28+00:00
tj/node-cookie-signature,gh/6229722,5,True,ok,2026-06-30T10:25:28+00:00
tjguk/wmi,gh/23124645,0,False,ok,2026-06-30T10:25:29+00:00
tkem/cachetools,gh/18006791,2,True,ok,2026-06-30T10:25:29+00:00
tokio-rs/bytes,gh/30062547,114,True,ok,2026-06-30T10:25:29+00:00
tokio-rs/loom,gh/161875917,114,True,ok,2026-06-30T10:25:30+00:00
tokio-rs/prost,gh/94262864,114,True,ok,2026-06-30T10:25:30+00:00
tokio-rs/slab,gh/37093133,114,True,ok,2026-06-30T10:25:30+00:00
tokio-rs/tokio,gh/67836789,114,True,ok,2026-06-30T10:25:30+00:00
tokio-rs/tracing,gh/165289175,114,True,ok,2026-06-30T10:25:31+00:00
toml-rs/toml,gh/95902102,0,False,ok,2026-06-30T10:25:31+00:00
tootallnate/proxy-agents,gh/11293703,0,False,ok,2026-06-30T10:25:31+00:00
tootallnate/util-deprecate,gh/19321056,0,False,ok,2026-06-30T10:25:31+00:00
torvalds/linux,gh/2325298,0,False,ok,2026-06-30T10:25:32+00:00
tower-rs/tower,gh/98244646,0,False,ok,2026-06-30T10:25:32+00:00
tox-dev/filelock,gh/17098256,3,True,ok,2026-06-30T10:25:32+00:00
tox-dev/platformdirs,gh/367032142,3,True,ok,2026-06-30T10:25:33+00:00
tqdm/tqdm,gh/36804486,12,True,ok,2026-06-30T10:25:33+00:00
tritondatacenter/node-assert-plus,gh/4767976,0,False,ok,2026-06-30T10:25:33+00:00
tritondatacenter/node-extsprintf,gh/4058064,0,False,ok,2026-06-30T10:25:33+00:00
troygoode/node-require-directory,gh/3053807,0,False,ok,2026-06-30T10:25:34+00:00
tsconfig/bases,gh/263697285,0,False,ok,2026-06-30T10:25:34+00:00
tukaani-project/xz,gh/553665726,0,False,ok,2026-06-30T10:25:34+00:00
typescript-eslint/typescript-eslint,gh/165536154,0,False,ok,2026-06-30T10:25:34+00:00
typeshed-internal/stub_uploader,gh/331669593,0,False,ok,2026-06-30T10:25:35+00:00
unicode-org/icu,gh/49244766,0,False,ok,2026-06-30T10:25:35+00:00
unicode-org/icu4x,gh/243395141,0,False,ok,2026-06-30T10:25:35+00:00
unicode-rs/unicode-xid,gh/34637906,0,False,ok,2026-06-30T10:25:35+00:00
unshiftio/requires-port,gh/26316179,0,False,ok,2026-06-30T10:25:36+00:00
uqfoundation/dill,gh/11031844,1,True,ok,2026-06-30T10:25:36+00:00
urllib3/urllib3,gh/2410676,19,True,ok,2026-06-30T10:25:27+00:00
util-linux/util-linux,gh/2339555,0,False,ok,2026-06-30T10:25:20+00:00
uuidjs/uuid,gh/1203139,0,False,ok,2026-06-30T10:25:20+00:00
vercel/ai,gh/644461337,0,False,ok,2026-06-30T10:25:21+00:00
vercel/ms,gh/3655872,0,False,ok,2026-06-30T10:25:21+00:00
vercel/next.js,gh/70107786,,,ok,2026-05-19T11:10:30+00:00
visionmedia/bytes.js,gh/4626886,0,False,ok,2026-06-30T10:25:21+00:00
vitest-dev/vitest,gh/434708679,17,True,ok,2026-06-30T10:25:21+00:00
vorner/signal-hook,gh/137260008,0,False,ok,2026-06-30T10:25:22+00:00
vuejs/core,gh/137078487,0,False,ok,2026-06-30T10:25:22+00:00
wasm-bindgen/wasm-bindgen,gh/114685405,0,False,ok,2026-06-30T10:25:22+00:00
watson/ci-info,gh/71475907,0,False,ok,2026-06-30T10:25:22+00:00
wbond/asn1crypto,gh/36823669,4,True,ok,2026-06-30T10:25:23+00:00
webmproject/libwebp,gh/23368445,0,False,ok,2026-06-30T10:25:23+00:00
webpack/enhanced-resolve,gh/5400204,0,False,ok,2026-06-30T10:25:23+00:00
webpack/loader-utils,gh/6503675,0,False,ok,2026-07-06T11:10:41+00:00
webpack/minimizer-webpack-plugin,gh/143057914,0,False,ok,2026-06-30T10:25:23+00:00
webpack/schema-utils,gh/80306715,0,False,ok,2026-06-30T10:25:24+00:00
webpack/tapable,gh/7730086,0,False,ok,2026-06-30T10:25:24+00:00
webpack/watchpack,gh/24119524,0,False,ok,2026-06-30T10:25:24+00:00
webpack/webpack-sources,gh/48954523,0,False,ok,2026-06-30T10:25:24+00:00
webreflection/flatted,gh/131121620,0,False,ok,2026-06-30T10:25:25+00:00
webreflection/html-escaper,gh/33597730,0,False,ok,2026-06-30T10:25:25+00:00
websocket-client/websocket-client,gh/1202362,0,False,ok,2026-06-30T10:25:25+00:00
websockets/ws,gh/2744972,0,False,ok,2026-06-30T10:25:25+00:00
wesleytodd/setprototypeof,gh/30301031,1,True,ok,2026-06-30T10:25:26+00:00
whitequark/ipaddr.js,gh/2110585,3,True,ok,2026-06-30T10:25:26+00:00
withoutboats/heck,gh/86326466,0,False,ok,2026-06-30T10:25:26+00:00
xiph/ogg,gh/33956205,0,False,ok,2026-06-30T10:25:27+00:00
xorg-team/lib/libx11,,0,False,ok,2026-07-06T11:10:41+00:00
xorg-team/lib/libxau,,0,False,ok,2026-07-06T11:10:42+00:00
xorg-team/lib/libxdmcp,,0,False,ok,2026-07-06T11:10:40+00:00
xorg-team/lib/libxext,,0,False,ok,2026-07-06T11:10:40+00:00
xorg-team/lib/libxrender,,0,False,ok,2026-07-06T11:10:40+00:00
xorg/lib/libx11,,0,False,ok,2026-07-12T21:33:38+00:00
xorg/lib/libxau,,0,False,ok,2026-07-12T21:33:38+00:00
xorg/lib/libxdmcp,,0,False,ok,2026-07-12T21:33:38+00:00
xorg/lib/libxext,,0,False,ok,2026-07-12T21:33:38+00:00
xorg/lib/libxrender,,0,False,ok,2026-07-12T21:33:38+00:00
xorg/proto/xorgproto,,0,False,ok,2026-07-06T11:10:41+00:00
xtuc/webassemblyjs,gh/113006071,0,False,ok,2026-06-30T10:25:29+00:00
yahoo/serialize-javascript,gh/24106944,0,False,ok,2026-06-30T10:25:27+00:00
yaml/libyaml,gh/2699072,0,False,ok,2026-06-30T10:25:31+00:00
yaml/pyyaml,gh/2700147,0,False,ok,2026-06-30T10:25:18+00:00
yargs/cliui,gh/34287546,0,False,ok,2026-06-30T10:25:23+00:00
yargs/set-blocking,gh/58830287,0,False,ok,2026-06-30T10:25:35+00:00
yargs/y18n,gh/39720886,0,False,ok,2026-06-30T10:25:13+00:00
yargs/yargs,gh/14210523,0,False,ok,2026-06-30T10:25:14+00:00
yargs/yargs-parser,gh/50258379,0,False,ok,2026-06-30T10:25:14+00:00
yuzujs/setimmediate,gh/1981208,0,False,ok,2026-06-30T10:25:15+00:00
zertosh/loose-envify,gh/41947687,0,False,ok,2026-06-30T10:25:15+00:00
zesterer/spin-rs,gh/21686666,5,True,ok,2026-06-30T10:25:16+00:00
zloirock/core-js,gh/11481338,0,True,ok,2026-06-30T10:25:16+00:00
