login,sponsoring_count,sponsoring_status,fetched_at
1g4-mirror,0,ok,2026-07-13T20:12:58+00:00
7rulnik,0,ok,2026-06-29T23:54:23+00:00
acornjs,0,ok,2026-06-29T23:54:25+00:00
adobe,0,ok,2026-06-29T23:54:26+00:00
agronholm,0,ok,2026-06-29T23:54:26+00:00
ai,2,ok,2026-06-29T23:54:26+00:00
aio-libs,0,ok,2026-06-29T23:54:26+00:00
aio-libs-abandoned,0,ok,2026-07-13T16:42:35+00:00
ajv-validator,0,ok,2026-06-29T23:54:26+00:00
alexcrichton,0,ok,2026-06-29T23:54:26+00:00
alexei,0,ok,2026-06-29T23:54:26+00:00
alexeyraspopov,0,ok,2026-06-29T23:54:26+00:00
alexhuszagh,1,ok,2026-06-29T23:54:26+00:00
alexindigo,0,ok,2026-06-29T23:54:27+00:00
amanieu,0,ok,2026-06-29T23:54:27+00:00
andialbrecht,0,ok,2026-06-29T23:54:27+00:00
andrewrk,0,ok,2026-06-29T23:54:27+00:00
andyperlitch,0,ok,2026-06-29T23:54:27+00:00
angular,0,ok,2026-06-29T23:54:27+00:00
annotated-types,0,ok,2026-06-29T23:54:27+00:00
antonk52,1,ok,2026-06-29T23:54:27+00:00
apache,0,ok,2026-06-29T23:54:27+00:00
ardatan,0,ok,2026-06-29T23:54:27+00:00
assert-rs,0,ok,2026-06-29T23:54:27+00:00
astanin,0,ok,2026-06-29T23:54:27+00:00
astral-sh,38,ok,2026-06-29T23:54:28+00:00
auth0,0,ok,2026-06-29T23:54:28+00:00
autotools-mirror,0,ok,2026-06-29T23:54:28+00:00
aws,1,ok,2026-06-29T23:54:28+00:00
axios,0,ok,2026-06-29T23:54:28+00:00
azure,0,ok,2026-06-29T23:54:28+00:00
azuread,0,ok,2026-06-29T23:54:28+00:00
babel,0,ok,2026-06-29T23:54:28+00:00
bdwgc,0,ok,2026-06-29T23:54:29+00:00
beatgammit,0,ok,2026-06-29T23:54:29+00:00
benjaminp,0,ok,2026-06-29T23:54:28+00:00
besser82,0,ok,2026-06-29T23:54:29+00:00
bincode-org,0,ok,2026-07-13T16:42:35+00:00
bitflags,0,ok,2026-06-29T23:54:23+00:00
blakeembrey,3,ok,2026-06-29T23:54:23+00:00
bluss,0,ok,2026-06-29T23:54:23+00:00
bminor,0,ok,2026-06-29T23:54:23+00:00
boto,0,ok,2026-06-29T23:54:23+00:00
braveg1rl,0,ok,2026-05-31T16:56:24+00:00
brianc,0,ok,2026-06-29T23:54:23+00:00
broofa,0,ok,2026-06-29T23:54:23+00:00
browserify,0,ok,2026-06-29T23:54:23+00:00
browserslist,0,ok,2026-06-29T23:54:24+00:00
burntsushi,2,ok,2026-06-29T23:54:24+00:00
businho,0,ok,2026-06-29T23:54:24+00:00
bytecodealliance,0,ok,2026-06-29T23:54:24+00:00
bzip2,0,ok,2026-07-13T16:59:59+00:00
c-ares,0,ok,2026-06-29T23:54:24+00:00
calvinmetcalf,0,ok,2026-06-29T23:54:24+00:00
caolan,0,ok,2026-06-29T23:54:24+00:00
certbot,0,ok,2026-06-29T23:54:24+00:00
certifi,0,ok,2026-06-29T23:54:24+00:00
chaijs,0,ok,2026-06-29T23:54:24+00:00
chalk,0,ok,2026-06-29T23:54:25+00:00
chalker,0,ok,2026-06-29T23:54:25+00:00
chardet,0,ok,2026-06-29T23:54:25+00:00
cheeriojs,0,ok,2026-06-29T23:54:25+00:00
chicoxyzzy,0,ok,2026-06-29T23:54:25+00:00
chronotope,0,ok,2026-06-29T23:54:25+00:00
clap-rs,0,ok,2026-06-29T23:54:25+00:00
cloudflare,0,ok,2026-06-29T23:54:25+00:00
colinhacks,0,ok,2026-06-29T23:54:25+00:00
colorjs,0,ok,2026-06-29T23:54:25+00:00
comex,1,ok,2026-06-29T23:54:25+00:00
component,0,ok,2026-06-29T23:54:26+00:00
composefs,0,ok,2026-07-13T16:59:59+00:00
conventional-changelog,0,ok,2026-06-29T23:54:26+00:00
cosmiconfig,0,ok,2026-06-29T23:54:26+00:00
coveragepy,0,ok,2026-06-29T23:54:26+00:00
cpburnz,1,ok,2026-06-29T23:54:26+00:00
cpython-team,0,ok,2026-07-13T16:59:59+00:00
crate-py,0,ok,2026-06-29T23:54:26+00:00
criterion-rs,0,ok,2026-06-29T23:54:26+00:00
crossbeam-rs,0,ok,2026-06-29T23:54:26+00:00
css-modules,0,ok,2026-06-29T23:54:26+00:00
cssnano,0,ok,2026-06-29T23:54:26+00:00
csstools,0,ok,2026-06-29T23:54:27+00:00
csstree,0,ok,2026-06-29T23:54:27+00:00
curl,0,ok,2026-06-29T23:54:27+00:00
cuviper,0,ok,2026-06-29T23:54:27+00:00
cyan4973,0,ok,2026-06-29T23:54:27+00:00
daaku,0,ok,2026-06-29T23:54:27+00:00
dateutil,0,ok,2026-06-29T23:54:27+00:00
davidhalter,0,ok,2026-06-29T23:54:27+00:00
davisjam,0,ok,2026-06-29T23:54:27+00:00
dchest,0,ok,2026-06-29T23:54:27+00:00
dcodeio,0,ok,2026-06-29T23:54:27+00:00
debian,0,ok,2026-07-13T16:59:59+00:00
debug-js,0,ok,2026-06-29T23:54:28+00:00
definitelytyped,0,ok,2026-06-29T23:54:28+00:00
defunctzombie,0,ok,2026-06-29T23:54:28+00:00
django,0,ok,2026-06-29T23:54:28+00:00
djc,0,ok,2026-06-29T23:54:28+00:00
dmitrysoshnikov,0,ok,2026-06-29T23:54:28+00:00
docutils,0,ok,2026-06-29T23:54:28+00:00
dominictarr,0,ok,2026-07-13T16:59:59+00:00
doowb,0,ok,2026-06-29T23:54:28+00:00
douglasdwyer,0,ok,2026-06-29T23:54:28+00:00
dougwilson,0,ok,2026-06-29T23:54:28+00:00
dtolnay,0,ok,2026-06-29T23:54:29+00:00
eemeli,0,ok,2026-06-29T23:54:29+00:00
ehmicky,0,ok,2026-06-29T23:54:29+00:00
eliben,0,ok,2026-06-29T23:54:18+00:00
emotion-js,1,ok,2026-06-29T23:54:18+00:00
enarx,0,ok,2026-07-13T16:59:59+00:00
encode,0,ok,2026-06-29T23:54:18+00:00
epoberezkin,0,ok,2026-06-29T23:54:19+00:00
es-shims,0,ok,2026-06-29T23:54:19+00:00
eslint,0,ok,2026-06-29T23:54:19+00:00
eslint-community,0,ok,2026-06-29T23:54:19+00:00
estools,0,ok,2026-06-29T23:54:19+00:00
ethers-io,0,ok,2026-06-29T23:54:19+00:00
evanw,0,ok,2026-06-29T23:54:19+00:00
eventualbuddha,1,ok,2026-06-29T23:54:19+00:00
executablebooks,0,ok,2026-06-29T23:54:19+00:00
exodusoss,0,ok,2026-06-29T23:54:19+00:00
expressjs,0,ok,2026-06-29T23:54:19+00:00
facebook,0,ok,2026-06-29T23:54:19+00:00
facelessuser,0,ok,2026-06-29T23:54:19+00:00
fastify,0,ok,2026-06-29T23:54:20+00:00
faye,0,ok,2026-06-29T23:54:20+00:00
fb55,0,ok,2026-06-29T23:54:20+00:00
felixge,0,ok,2026-06-29T23:54:20+00:00
feross,0,ok,2026-06-29T23:54:20+00:00
ffmpeg,0,ok,2026-06-29T23:54:20+00:00
firebase,0,ok,2026-06-29T23:54:20+00:00
fitzgen,0,ok,2026-07-13T16:59:59+00:00
floatdrop,0,ok,2026-07-13T16:59:59+00:00
floating-ui,0,ok,2026-06-29T23:54:20+00:00
follow-redirects,0,ok,2026-06-29T23:54:20+00:00
fontconfig,0,ok,2026-05-31T18:21:23+00:00
form-data,0,ok,2026-06-29T23:54:20+00:00
formatjs,0,ok,2026-06-29T23:54:20+00:00
freedesktop,0,ok,2026-05-31T18:21:23+00:00
freedesktop-unofficial-mirror,0,ok,2026-06-29T23:54:20+00:00
freetype,0,ok,2026-06-29T23:54:20+00:00
frenic,0,ok,2026-06-29T23:54:20+00:00
frommi,0,ok,2026-06-29T23:54:21+00:00
fsevents,0,ok,2026-06-29T23:54:21+00:00
fsspec,0,ok,2026-06-29T23:54:21+00:00
garycourt,0,ok,2026-06-29T23:54:21+00:00
gcc-mirror,0,ok,2026-06-29T23:54:21+00:00
getsentry,0,ok,2026-06-29T23:54:21+00:00
giampaolo,0,ok,2026-06-29T23:54:21+00:00
git,0,ok,2026-06-29T23:54:21+00:00
gitlab-freedesktop-mirrors,0,ok,2026-06-29T23:54:21+00:00
gitoxidelabs,0,ok,2026-06-29T23:54:21+00:00
gitpython-developers,0,ok,2026-06-29T23:54:21+00:00
gkz,0,ok,2026-06-29T23:54:21+00:00
gmp-mirror,0,ok,2026-06-29T23:54:22+00:00
gnome,0,ok,2026-06-29T23:54:21+00:00
gnutls,0,ok,2026-05-31T18:21:23+00:00
gnutools,0,ok,2026-07-13T20:12:58+00:00
google,0,ok,2026-06-29T23:54:22+00:00
googleapis,0,ok,2026-06-29T23:54:22+00:00
googlechrome,0,ok,2026-06-29T23:54:22+00:00
gpg,0,ok,2026-07-13T20:12:58+00:00
grahamdumpleton,0,ok,2026-06-29T23:54:22+00:00
grantjenks,0,ok,2026-06-29T23:54:22+00:00
graydon,0,ok,2026-06-29T23:54:22+00:00
gregberge,0,ok,2026-06-29T23:54:22+00:00
grncdr,0,ok,2026-06-29T23:54:22+00:00
grpc,0,ok,2026-06-29T23:54:22+00:00
gsnedders,0,ok,2026-06-29T23:54:22+00:00
guillaumegomez,0,ok,2026-06-29T23:54:22+00:00
gulpjs,0,ok,2026-06-29T23:54:22+00:00
gweis,0,ok,2026-06-29T23:54:22+00:00
gyscos,0,ok,2026-06-29T23:54:22+00:00
hapijs,0,ok,2026-06-29T23:54:23+00:00
harfbuzz,0,ok,2026-06-29T23:54:23+00:00
hiddentao,0,ok,2026-06-29T23:54:23+00:00
holmgren,0,ok,2026-07-13T16:59:59+00:00
httplib2,0,ok,2026-06-29T23:54:23+00:00
huggingface,5,ok,2026-06-29T23:54:23+00:00
hukkin,0,ok,2026-06-29T23:54:18+00:00
hyperium,0,ok,2026-06-29T23:54:18+00:00
iarna,0,ok,2026-06-29T23:54:18+00:00
import-js,0,ok,2026-06-29T23:54:19+00:00
indexmap-rs,0,ok,2026-06-29T23:54:19+00:00
indutny,2,ok,2026-06-29T23:54:19+00:00
indygreg,0,ok,2026-06-29T23:54:19+00:00
inikulin,0,ok,2026-06-29T23:54:19+00:00
inspect-js,0,ok,2026-06-29T23:54:19+00:00
ipython,0,ok,2026-06-29T23:54:19+00:00
isaacs,0,ok,2026-06-29T23:54:19+00:00
istanbuljs,0,ok,2026-06-29T23:54:19+00:00
jamesmunns,0,ok,2026-06-29T23:54:19+00:00
jaraco,0,ok,2026-06-29T23:54:19+00:00
jaredhanson,0,ok,2026-06-29T23:54:19+00:00
jaredwray,3,ok,2026-06-29T23:54:19+00:00
jawah,0,ok,2026-06-29T23:54:20+00:00
jbgutierrez,0,ok,2026-06-29T23:54:20+00:00
jd,0,ok,2026-06-29T23:54:20+00:00
jensyt,0,ok,2026-06-29T23:54:20+00:00
jestjs,0,ok,2026-06-29T23:54:20+00:00
jimmywarting,0,ok,2026-07-13T16:59:59+00:00
jimp-dev,0,ok,2026-06-29T23:54:20+00:00
jmespath,0,ok,2026-06-29T23:54:20+00:00
joblib,0,ok,2026-06-29T23:54:20+00:00
jonathanong,0,ok,2026-06-29T23:54:20+00:00
jonschlinkert,0,ok,2026-06-29T23:54:20+00:00
jorgebucaran,0,ok,2026-06-29T23:54:20+00:00
joshuakgoldberg,0,ok,2026-06-29T23:54:20+00:00
jpadilla,0,ok,2026-06-29T23:54:20+00:00
jprichardson,0,ok,2026-06-29T23:54:21+00:00
jquast,8,ok,2026-06-29T23:54:21+00:00
jquery,0,ok,2026-06-29T23:54:21+00:00
jridgewell,0,ok,2026-06-29T23:54:21+00:00
jsdom,0,ok,2026-06-29T23:54:21+00:00
jshttp,0,ok,2026-06-29T23:54:21+00:00
jslicense,0,ok,2026-06-29T23:54:21+00:00
json-c,0,ok,2026-07-13T16:59:59+00:00
json5,0,ok,2026-06-29T23:54:21+00:00
juliangruber,0,ok,2026-06-29T23:54:21+00:00
justmoon,1,ok,2026-06-29T23:54:21+00:00
jviereck,0,ok,2026-06-29T23:54:21+00:00
ka-weihe,0,ok,2026-06-29T23:54:21+00:00
kaelzhang,0,ok,2026-06-29T23:54:21+00:00
kemitchell,0,ok,2026-06-29T23:54:21+00:00
kevinbeaty,0,ok,2026-06-29T23:54:21+00:00
kevva,0,ok,2026-06-29T23:54:22+00:00
kilian,0,ok,2026-06-29T23:54:22+00:00
kjd,0,ok,2026-06-29T23:54:22+00:00
knurling-rs,1,ok,2026-06-29T23:54:22+00:00
kpdecker,0,ok,2026-06-29T23:54:22+00:00
krb5,0,ok,2026-06-29T23:54:22+00:00
kriskowal,0,ok,2026-06-29T23:54:22+00:00
kriszyp,0,ok,2026-06-29T23:54:22+00:00
la10736,0,ok,2026-07-13T16:59:59+00:00
langchain-ai,0,ok,2026-06-29T23:54:22+00:00
laurent-laporte-pro,0,ok,2026-06-29T23:54:22+00:00
lddubeau,0,ok,2026-07-13T16:59:59+00:00
legrandin,0,ok,2026-06-29T23:54:22+00:00
libexpat,0,ok,2026-06-29T23:54:22+00:00
libffi,0,ok,2026-06-29T23:54:22+00:00
libidn,0,ok,2026-05-31T18:21:24+00:00
libjpeg-turbo,0,ok,2026-06-29T23:54:23+00:00
libjxl,0,ok,2026-06-29T23:54:23+00:00
libpixman,0,ok,2026-06-29T23:54:23+00:00
libtiff,0,ok,2026-07-13T16:59:59+00:00
libuv,0,ok,2026-06-29T23:54:23+00:00
linusu,0,ok,2026-06-29T23:54:23+00:00
linux-audit,0,ok,2026-06-29T23:54:23+00:00
linux-pam,0,ok,2026-06-29T23:54:23+00:00
litejs,0,ok,2026-06-29T23:54:23+00:00
ljharb,23,ok,2026-06-29T23:54:23+00:00
lodash,0,ok,2026-06-29T23:54:23+00:00
loganfsmyth,0,ok,2026-06-29T23:54:23+00:00
lokathor,0,ok,2026-06-29T23:54:23+00:00
lovell,0,ok,2026-07-13T16:59:59+00:00
lukeed,1,ok,2026-06-29T23:54:23+00:00
lxml,0,ok,2026-06-29T23:54:24+00:00
lydell,0,ok,2026-06-29T23:54:24+00:00
lz4,0,ok,2026-06-29T23:54:24+00:00
madler,0,ok,2026-06-29T23:54:24+00:00
mafintosh,0,ok,2026-06-29T23:54:24+00:00
marshallpierce,0,ok,2026-06-29T23:54:24+00:00
mathiasbynens,0,ok,2026-06-29T23:54:24+00:00
matklad,1,ok,2026-06-29T23:54:24+00:00
matplotlib,0,ok,2026-06-29T23:54:24+00:00
mcollina,1,ok,2026-06-29T23:54:24+00:00
md,0,ok,2026-07-13T16:59:59+00:00
mdn,0,ok,2026-06-29T23:54:24+00:00
medikoo,6,ok,2026-06-29T23:54:25+00:00
meinersbur,0,ok,2026-06-29T23:54:25+00:00
mhammond,0,ok,2026-06-29T23:54:25+00:00
micheles,0,ok,2026-06-29T23:54:25+00:00
micromark,0,ok,2026-06-29T23:54:25+00:00
micromatch,0,ok,2026-06-29T23:54:25+00:00
microsoft,1,ok,2026-06-29T23:54:25+00:00
minimistjs,0,ok,2026-06-29T23:54:25+00:00
mirror,0,ok,2026-06-29T23:54:25+00:00
mitsuhiko,0,ok,2026-06-29T23:54:25+00:00
mm2,0,ok,2026-06-29T23:54:26+00:00
moment,0,ok,2026-06-29T23:54:26+00:00
more-itertools,0,ok,2026-06-29T23:54:26+00:00
motdotla,0,ok,2026-06-29T23:54:26+00:00
moxystudio,0,ok,2026-06-29T23:54:26+00:00
mozilla,0,ok,2026-06-29T23:54:26+00:00
mpc,0,ok,2026-07-13T16:59:59+00:00
mpfr,0,ok,2026-07-13T16:59:59+00:00
mrabarnett,0,ok,2026-06-29T23:54:26+00:00
mrmlnc,0,ok,2026-06-29T23:54:26+00:00
msgpack,0,ok,2026-06-29T23:54:26+00:00
mui,1,ok,2026-07-13T16:59:59+00:00
multimedia-team,0,ok,2026-07-13T16:59:59+00:00
myrne,0,ok,2026-06-29T23:54:26+00:00
mysticatea,2,ok,2026-06-29T23:54:26+00:00
netflix,0,ok,2026-06-29T23:54:27+00:00
nghttp2,0,ok,2026-06-29T23:54:27+00:00
nicolo-ribaudo,4,ok,2026-06-29T23:54:27+00:00
nlnetlabs,0,ok,2026-06-29T23:54:27+00:00
node-fetch,0,ok,2026-06-29T23:54:27+00:00
nodeca,0,ok,2026-06-29T23:54:27+00:00
nodejs,0,ok,2026-06-29T23:54:27+00:00
nodelib,0,ok,2026-06-29T23:54:27+00:00
npm,0,ok,2026-06-29T23:54:27+00:00
numpy,0,ok,2026-06-29T23:54:27+00:00
nv,1,ok,2026-06-29T23:54:27+00:00
nvzqz,0,ok,2026-06-29T23:54:28+00:00
oauthlib,0,ok,2026-06-29T23:54:28+00:00
octokit,0,ok,2026-06-29T23:54:28+00:00
oozcitak,0,ok,2026-06-29T23:54:28+00:00
open-telemetry,0,ok,2026-06-29T23:54:28+00:00
openssl,0,ok,2026-06-29T23:54:28+00:00
p11-glue,0,ok,2026-06-29T23:54:28+00:00
pallets,0,ok,2026-06-29T23:54:28+00:00
pandas-dev,0,ok,2026-06-29T23:54:28+00:00
paramiko,0,ok,2026-06-29T23:54:28+00:00
paulmillr,0,ok,2026-06-29T23:54:29+00:00
pcre2project,0,ok,2026-06-29T23:54:29+00:00
pest-parser,0,ok,2026-06-29T23:54:29+00:00
peternator7,0,ok,2026-06-29T23:54:19+00:00
petkaantonov,0,ok,2026-06-29T23:54:18+00:00
pexpect,0,ok,2026-06-29T23:54:19+00:00
pillarjs,0,ok,2026-06-29T23:54:19+00:00
pixman,0,ok,2026-07-13T16:59:59+00:00
pkgconf,0,ok,2026-06-29T23:54:19+00:00
pnggroup,0,ok,2026-06-29T23:54:19+00:00
postcss,0,ok,2026-06-29T23:54:19+00:00
prettier,0,ok,2026-06-29T23:54:19+00:00
primus,0,ok,2026-06-29T23:54:19+00:00
proptest-rs,0,ok,2026-06-29T23:54:19+00:00
protobufjs,0,ok,2026-06-29T23:54:19+00:00
protocolbuffers,0,ok,2026-06-29T23:54:19+00:00
psf,0,ok,2026-06-29T23:54:19+00:00
psycopg,0,ok,2026-06-29T23:54:19+00:00
pvorb,0,ok,2026-06-29T23:54:19+00:00
py4j,0,ok,2026-06-29T23:54:20+00:00
pyasn1,0,ok,2026-06-29T23:54:20+00:00
pyca,0,ok,2026-06-29T23:54:20+00:00
pydantic,0,ok,2026-06-29T23:54:20+00:00
pygments,0,ok,2026-06-29T23:54:20+00:00
pypa,0,ok,2026-06-29T23:54:20+00:00
pyparsing,0,ok,2026-06-29T23:54:20+00:00
pytest-dev,0,ok,2026-06-29T23:54:20+00:00
python,0,ok,2026-06-29T23:54:20+00:00
python-attrs,0,ok,2026-06-29T23:54:20+00:00
python-cffi,0,ok,2026-06-29T23:54:20+00:00
python-greenlet,0,ok,2026-06-29T23:54:20+00:00
python-hyper,0,ok,2026-06-29T23:54:20+00:00
python-jsonschema,0,ok,2026-06-29T23:54:20+00:00
python-pillow,0,ok,2026-06-29T23:54:21+00:00
python-poetry,0,ok,2026-06-29T23:54:21+00:00
python-trio,0,ok,2026-06-29T23:54:21+00:00
qix-,0,ok,2026-06-29T23:54:21+00:00
qt,0,ok,2026-05-31T18:21:24+00:00
radix-ui,0,ok,2026-06-29T23:54:21+00:00
raszi,4,ok,2026-06-29T23:54:21+00:00
raynos,0,ok,2026-06-29T23:54:21+00:00
rayon-rs,0,ok,2026-06-29T23:54:21+00:00
react,0,ok,2026-07-13T16:59:59+00:00
reactivex,0,ok,2026-06-29T23:54:21+00:00
realpython,0,ok,2026-06-29T23:54:21+00:00
remix-run,2,ok,2026-06-29T23:54:21+00:00
remusao,0,ok,2026-06-29T23:54:21+00:00
requests,0,ok,2026-06-29T23:54:21+00:00
retep998,0,ok,2026-06-29T23:54:21+00:00
rich-harris,0,ok,2026-06-29T23:54:21+00:00
rob--w,0,ok,2026-06-29T23:54:22+00:00
rogdham,0,ok,2026-06-29T23:54:22+00:00
rollup,0,ok,2026-06-29T23:54:22+00:00
ronaldoussoren,0,ok,2026-06-29T23:54:22+00:00
rust-cli,0,ok,2026-06-29T23:54:22+00:00
rust-embedded,0,ok,2026-06-29T23:54:22+00:00
rust-fuzz,0,ok,2026-06-29T23:54:22+00:00
rust-itertools,0,ok,2026-06-29T23:54:22+00:00
rust-lang,0,ok,2026-06-29T23:54:22+00:00
rust-lang-deprecated,0,ok,2026-07-13T16:59:59+00:00
rust-lang-nursery,0,ok,2026-06-29T23:54:22+00:00
rust-num,0,ok,2026-06-29T23:54:22+00:00
rust-phf,0,ok,2026-06-29T23:54:22+00:00
rust-random,0,ok,2026-06-29T23:54:22+00:00
rustcrypto,0,ok,2026-06-29T23:54:23+00:00
rvagg,0,ok,2026-06-29T23:54:23+00:00
ryanzim,0,ok,2026-06-29T23:54:23+00:00
sailfishos-mirror,0,ok,2026-07-13T20:12:58+00:00
salesforce,0,ok,2026-06-29T23:54:23+00:00
samn,0,ok,2026-06-29T23:54:23+00:00
samverschueren,0,ok,2026-06-29T23:54:23+00:00
sboudrias,0,ok,2026-06-29T23:54:23+00:00
scikit-build,0,ok,2026-06-29T23:54:23+00:00
scikit-learn,0,ok,2026-06-29T23:54:23+00:00
scipy,0,ok,2026-06-29T23:54:23+00:00
seanmonstar,0,ok,2026-06-29T23:54:23+00:00
sec-ant,0,ok,2026-06-29T23:54:23+00:00
selinuxproject,0,ok,2026-06-29T23:54:23+00:00
serde-rs,0,ok,2026-06-29T23:54:24+00:00
servo,0,ok,2026-06-29T23:54:24+00:00
sinclairzx81,0,ok,2026-06-29T23:54:24+00:00
sindresorhus,12,ok,2026-06-29T23:54:24+00:00
sinonjs,0,ok,2026-06-29T23:54:24+00:00
smithy-lang,0,ok,2026-06-29T23:54:24+00:00
smol-rs,0,ok,2026-06-29T23:54:24+00:00
snowflakedb,0,ok,2026-06-29T23:54:24+00:00
socketio,0,ok,2026-06-29T23:54:24+00:00
sqlalchemy,0,ok,2026-06-29T23:54:24+00:00
sqlite,0,ok,2026-06-29T23:54:25+00:00
srijs,2,ok,2026-06-29T23:54:25+00:00
stebalien,11,ok,2026-06-29T23:54:25+00:00
stefanpenner,0,ok,2026-06-29T23:54:25+00:00
storybookjs,0,ok,2026-06-29T23:54:25+00:00
stream-utils,0,ok,2026-06-29T23:54:25+00:00
streamich,0,ok,2026-06-29T23:54:25+00:00
stub42,0,ok,2026-06-29T23:54:25+00:00
suguru03,0,ok,2026-06-29T23:54:25+00:00
sval-rs,0,ok,2026-06-29T23:54:25+00:00
swc-project,0,ok,2026-06-29T23:54:25+00:00
sybrenstuvel,0,ok,2026-07-13T16:59:59+00:00
syntax-tree,0,ok,2026-06-29T23:54:26+00:00
systemd,0,ok,2026-06-29T23:54:26+00:00
taiki-e,0,ok,2026-06-29T23:54:26+00:00
takluyver,0,ok,2026-07-13T16:59:59+00:00
tapjs,0,ok,2026-06-29T23:54:26+00:00
tartley,0,ok,2026-06-29T23:54:26+00:00
teambition,0,ok,2026-06-29T23:54:26+00:00
teddriggs,0,ok,2026-06-29T23:54:26+00:00
tehshrike,0,ok,2026-06-29T23:54:26+00:00
terkelg,0,ok,2026-06-29T23:54:26+00:00
terser,0,ok,2026-06-29T23:54:26+00:00
textualize,0,ok,2026-06-29T23:54:26+00:00
theskumar,0,ok,2026-06-29T23:54:27+00:00
thkukuk,0,ok,2026-06-29T23:54:27+00:00
thlorenz,0,ok,2026-06-29T23:54:27+00:00
tim-kos,0,ok,2026-06-29T23:54:27+00:00
time-rs,0,ok,2026-06-29T23:54:27+00:00
tj,0,ok,2026-06-29T23:54:27+00:00
tjguk,0,ok,2026-06-29T23:54:27+00:00
tkem,0,ok,2026-06-29T23:54:27+00:00
tokio-rs,0,ok,2026-06-29T23:54:27+00:00
toml-rs,0,ok,2026-06-29T23:54:27+00:00
tootallnate,0,ok,2026-06-29T23:54:27+00:00
torvalds,0,ok,2026-06-29T23:54:28+00:00
tower-rs,0,ok,2026-06-29T23:54:28+00:00
tox-dev,0,ok,2026-06-29T23:54:28+00:00
tqdm,0,ok,2026-06-29T23:54:28+00:00
tritondatacenter,0,ok,2026-06-29T23:54:28+00:00
troygoode,0,ok,2026-06-29T23:54:28+00:00
trysound,0,ok,2026-05-31T16:56:30+00:00
tsconfig,0,ok,2026-06-29T23:54:28+00:00
tukaani-project,0,ok,2026-06-29T23:54:28+00:00
typescript-eslint,0,ok,2026-06-29T23:54:28+00:00
typeshed-internal,0,ok,2026-06-29T23:54:29+00:00
unicode-org,0,ok,2026-06-29T23:54:29+00:00
unicode-rs,0,ok,2026-06-29T23:54:29+00:00
unshiftio,0,ok,2026-06-29T23:54:29+00:00
uqfoundation,0,ok,2026-06-29T23:54:23+00:00
urllib3,0,ok,2026-06-29T23:54:23+00:00
util-linux,0,ok,2026-06-29T23:54:23+00:00
uuidjs,0,ok,2026-06-29T23:54:23+00:00
vercel,4,ok,2026-06-29T23:54:23+00:00
visionmedia,0,ok,2026-06-29T23:54:23+00:00
vitest-dev,0,ok,2026-06-29T23:54:23+00:00
vorner,0,ok,2026-06-29T23:54:24+00:00
vuejs,0,ok,2026-06-29T23:54:24+00:00
wasm-bindgen,0,ok,2026-06-29T23:54:24+00:00
watson,0,ok,2026-06-29T23:54:24+00:00
wbond,0,ok,2026-06-29T23:54:24+00:00
webmproject,0,ok,2026-06-29T23:54:24+00:00
webpack,0,ok,2026-06-29T23:54:24+00:00
webreflection,0,ok,2026-06-29T23:54:24+00:00
websocket-client,0,ok,2026-06-29T23:54:24+00:00
websockets,0,ok,2026-06-29T23:54:24+00:00
wesleytodd,3,ok,2026-06-29T23:54:25+00:00
whitequark,4,ok,2026-06-29T23:54:25+00:00
withoutboats,0,ok,2026-06-29T23:54:25+00:00
xiph,0,ok,2026-06-29T23:54:25+00:00
xorg,0,ok,2026-07-13T16:59:59+00:00
xtuc,0,ok,2026-06-29T23:54:25+00:00
yahoo,0,ok,2026-06-29T23:54:25+00:00
yaml,0,ok,2026-06-29T23:54:25+00:00
yargs,0,ok,2026-06-29T23:54:25+00:00
yuzujs,0,ok,2026-06-29T23:54:25+00:00
zertosh,0,ok,2026-06-29T23:54:25+00:00
zesterer,1,ok,2026-06-29T23:54:25+00:00
zloirock,0,ok,2026-06-29T23:54:26+00:00
