"current","old"
"coinor-libbonmin4t64","coinor-libbonmin4"
"lib3mf1t64","lib3mf1"
"lib4ti2-0t64","lib4ti2-0"
"libadns1t64","libadns1"
"libadolc2t64","libadolc2"
"libafflib0t64","libafflib0"
"libafsauthent2t64","libafsauthent2"
"libafsrpc2t64","libafsrpc2"
"libafterimage0t64","libafterimage0"
"libafterstep1t64","libafterstep1"
"libagg2t64","libagg2"
"libakai0t64","libakai0"
"libaldmb1t64","libaldmb1"
"libalgorithms1t64","libalgorithms1"
"liballeggl4.4t64","liballeggl4.4"
"liballegro-acodec5.2t64","liballegro-acodec5.2"
"liballegro-audio5.2t64","liballegro-audio5.2"
"liballegro-dialog5.2t64","liballegro-dialog5.2"
"liballegro-image5.2t64","liballegro-image5.2"
"liballegro-physfs5.2t64","liballegro-physfs5.2"
"liballegro-ttf5.2t64","liballegro-ttf5.2"
"liballegro-video5.2t64","liballegro-video5.2"
"liballegro4.4t64","liballegro4.4"
"liballegro5.2t64","liballegro5.2"
"libaml0t64","libaml0"
"libangelscript-addon2.35.1t64","libangelscript-addon2.35.1"
"libangelscript2.35.1t64","libangelscript2.35.1"
"libanthy1t64","libanthy1"
"libanthyinput0t64","libanthyinput0"
"libapbs3t64","libapbs3"
"libapogee3t64","libapogee3"
"libapophenia2t64","libapophenia2"
"libappimage1.0abi1t64","libappimage1.0abi1"
"libapr1t64","libapr1"
"libapreq2-3t64","libapreq2-3"
"libapriltag3t64","libapriltag3"
"libaprutil1t64","libaprutil1"
"libarchive13t64","libarchive13"
"libaribb24-0t64","libaribb24-0"
"libarmnn33t64","libarmnn33"
"libarmnntfliteparser24t64","libarmnntfliteparser24"
"libarpack2t64","libarpack2"
"libasl0t64","libasl0"
"libasm1t64","libasm1"
"libasound2t64","libasound2"
"libast2t64","libast2"
"libastrometry0t64","libastrometry0"
"libasyncaudio1.6t64","libasyncaudio1.6"
"libasynccore1.6t64","libasynccore1.6"
"libasynccpp1.6t64","libasynccpp1.6"
"libasyncqt1.6t64","libasyncqt1.6"
"libatk-bridge2.0-0t64","libatk-bridge2.0-0"
"libatk1.0-0t64","libatk1.0-0"
"libatm1t64","libatm1"
"libatopology2t64","libatopology2"
"libatrildocument3t64","libatrildocument3"
"libatrilview3t64","libatrilview3"
"libatspi2.0-0t64","libatspi2.0-0"
"libaudcore5t64","libaudcore5"
"libaudtag3t64","libaudtag3"
"libauparse0t64","libauparse0"
"libavl1t64","libavl1"
"libavogadro2-1t64","libavogadro2-1"
"libbamf3-2t64","libbamf3-2"
"libbase1t64","libbase1"
"libbasicobjects0t64","libbasicobjects0"
"libbde1t64","libbde1"
"libbfb0t64","libbfb0"
"libbigwig0t64","libbigwig0"
"libblitz0t64","libblitz0"
"libboinc-app7t64","libboinc-app7"
"libboinc7t64","libboinc7"
"libboost-chrono1.83.0t64","libboost-chrono1.83.0"
"libboost-chrono1.88.0t64","libboost-chrono1.88.0"
"libbpp-core4t64","libbpp-core4"
"libbpp-phyl-omics3t64","libbpp-phyl-omics3"
"libbpp-phyl12t64","libbpp-phyl12"
"libbpp-popgen8t64","libbpp-popgen8"
"libbpp-qt2t64","libbpp-qt2"
"libbpp-raa4t64","libbpp-raa4"
"libbpp-seq-omics3t64","libbpp-seq-omics3"
"libbpp-seq12t64","libbpp-seq12"
"libbraiding0t64","libbraiding0"
"libbson-1.0-0t64","libbson-1.0-0"
"libbtrfs0t64","libbtrfs0"
"libbtrfsutil1t64","libbtrfsutil1"
"libbullet-extras3.24t64","libbullet-extras3.24"
"libbullet3.24t64","libbullet3.24"
"libburn4t64","libburn4"
"libc++1-17t64","libc++1-17"
"libc++abi1-17t64","libc++abi1-17"
"libcaf-core0.17t64","libcaf-core0.17"
"libcaf-io0.17t64","libcaf-io0.17"
"libcaf-mpich-3t64","libcaf-mpich-3"
"libcaf-openmpi-3t64","libcaf-openmpi-3"
"libcaf-openssl0.17t64","libcaf-openssl0.17"
"libcal3d12t64","libcal3d12"
"libcamel-1.2-64t64","libcamel-1.2-64"
"libcamp0.8t64","libcamp0.8"
"libcanl-c4t64","libcanl-c4"
"libcapi20-3t64","libcapi20-3"
"libcbf1t64","libcbf1"
"libccp4c0t64","libccp4c0"
"libccp4f0t64","libccp4f0"
"libccrtp2t64","libccrtp2"
"libcdio++1t64","libcdio++1"
"libcdio-cdda2t64","libcdio-cdda2"
"libcdio-paranoia2t64","libcdio-paranoia2"
"libcdio19t64","libcdio19"
"libcdk5t64","libcdk5"
"libcds2.3.3t64","libcds2.3.3"
"libcegui-mk2-0.8.7t64","libcegui-mk2-0.8.7"
"libceres4t64","libceres4"
"libcfitsio10t64","libcfitsio10"
"libcgsi-gsoap1t64","libcgsi-gsoap1"
"libchafa0t64","libchafa0"
"libchardet1t64","libchardet1"
"libchicken11t64","libchicken11"
"libchipcard6t64","libchipcard6"
"libchise1t64","libchise1"
"libcifti0t64","libcifti0"
"libcinnamon-desktop4t64","libcinnamon-desktop4"
"libck0t64","libck0"
"libckyapplet1t64","libckyapplet1"
"libclalsadrv2t64","libclalsadrv2"
"libclanapp-1.0t64","libclanapp-1.0"
"libclang-cpp17t64","libclang-cpp17"
"libclang1-17t64","libclang1-17"
"libclaw-application1t64","libclaw-application1"
"libclaw-configuration-file1t64","libclaw-configuration-file1"
"libclaw-dynamic-library1t64","libclaw-dynamic-library1"
"libclaw-graphic1t64","libclaw-graphic1"
"libclaw-logger1t64","libclaw-logger1"
"libclaw-net1t64","libclaw-net1"
"libclaw-tween1t64","libclaw-tween1"
"libclhep2.1t64","libclhep2.1"
"libcli1.10t64","libcli1.10"
"libclsync0t64","libclsync0"
"libclthreads2t64","libclthreads2"
"libclucene-contribs1t64","libclucene-contribs1"
"libclucene-core1t64","libclucene-core1"
"libclxclient3t64","libclxclient3"
"libcm256cc1t64","libcm256cc1"
"libcmis-0.6-6t64","libcmis-0.6-6"
"libcmor2t64","libcmor2"
"libcmph0t64","libcmph0"
"libcmtspeechdata0t64","libcmtspeechdata0"
"libcneartree7t64","libcneartree7"
"libcoap3t64","libcoap3"
"libcob4t64","libcob4"
"libcob5t64","libcob5"
"libcodeblocks0t64","libcodeblocks0"
"libcollectdclient1t64","libcollectdclient1"
"libcollection4t64","libcollection4"
"libcolord-gtk1t64","libcolord-gtk1"
"libcolord-gtk4-1t64","libcolord-gtk4-1"
"libcolpack0t64","libcolpack0"
"libcombblas2.0.0t64","libcombblas2.0.0"
"libcomedi0t64","libcomedi0"
"libcpdb-frontend2t64","libcpdb-frontend2"
"libcpdb2t64","libcpdb2"
"libcpp-hocon0.3.0t64","libcpp-hocon0.3.0"
"libcppdb-mysql0t64","libcppdb-mysql0"
"libcppdb-odbc0t64","libcppdb-odbc0"
"libcppdb-postgresql0t64","libcppdb-postgresql0"
"libcppdb-sqlite3-0t64","libcppdb-sqlite3-0"
"libcppdb0t64","libcppdb0"
"libcpprspserver3t64","libcpprspserver3"
"libcpuset1t64","libcpuset1"
"libcrcutil0t64","libcrcutil0"
"libcreg1t64","libcreg1"
"libcrypto++8t64","libcrypto++8"
"libcryptominisat5-5.11t64","libcryptominisat5-5.11"
"libcsmith0t64","libcsmith0"
"libctemplate3t64","libctemplate3"
"libctl7t64","libctl7"
"libctpl2t64","libctpl2"
"libcups2t64","libcups2"
"libcupsfilters1t64","libcupsfilters1"
"libcupsimage2t64","libcupsimage2"
"libcupt4-2t64","libcupt4-2"
"libcurl4t64","libcurl4"
"libcurlpp0t64","libcurlpp0"
"libcvc0t64","libcvc0"
"libcvtapi1t64","libcvtapi1"
"libcwiid1t64","libcwiid1"
"libcycloneddsidl0t64","libcycloneddsidl0"
"libdap27t64","libdap27"
"libdar64-6000t64","libdar64-6000"
"libdb5.3++t64","libdb5.3++"
"libdb5.3t64","libdb5.3"
"libdbi1t64","libdbi1"
"libdcap1t64","libdcap1"
"libddsc0t64","libddsc0"
"libdebuginfod1t64","libdebuginfod1"
"libdecoration0t64","libdecoration0"
"libdhash1t64","libdhash1"
"libdiagnostics0t64","libdiagnostics0"
"libdico2t64","libdico2"
"libdieharder3t64","libdieharder3"
"libdigidoc2t64","libdigidoc2"
"libdislocker0.7t64","libdislocker0.7"
"libdmapsharing-4.0-3t64","libdmapsharing-4.0-3"
"libdmlc0t64","libdmlc0"
"libdmtx0t64","libdmtx0"
"libdnf2t64","libdnf2"
"libdnssec9t64","libdnssec9"
"libdnswire1t64","libdnswire1"
"libdolfin2019.2t64","libdolfin2019.2"
"libdolfin64-2019.2t64","libdolfin64-2019.2"
"libdrogon1t64","libdrogon1"
"libdrumstick-alsa2t64","libdrumstick-alsa2"
"libdrumstick-file2t64","libdrumstick-file2"
"libdrumstick-rt2t64","libdrumstick-rt2"
"libdrumstick-widgets2t64","libdrumstick-widgets2"
"libdsdcc1t64","libdsdcc1"
"libdssialsacompat0t64","libdssialsacompat0"
"libdt-utils5t64","libdt-utils5"
"libdumb1t64","libdumb1"
"libduo3t64","libduo3"
"libdv4t64","libdv4"
"libdvbv5-0t64","libdvbv5-0"
"libdvdread8t64","libdvdread8"
"libdw1t64","libdw1"
"libdx4t64","libdx4"
"libdynamicedt3d1.9t64","libdynamicedt3d1.9"
"libdyssol1.0t64","libdyssol1.0"
"libeb16t64","libeb16"
"libebackend-1.2-11t64","libebackend-1.2-11"
"libebook-1.2-21t64","libebook-1.2-21"
"libebook-contacts-1.2-4t64","libebook-contacts-1.2-4"
"libecholib1.3t64","libecholib1.3"
"libecl24.5t64","libecl24.5"
"libecore-con1t64","libecore-con1"
"libedata-book-1.2-27t64","libedata-book-1.2-27"
"libedata-cal-2.0-2t64","libedata-cal-2.0-2"
"libedataserver-1.2-27t64","libedataserver-1.2-27"
"libedataserverui-1.2-4t64","libedataserverui-1.2-4"
"libedataserverui4-1.0-0t64","libedataserverui4-1.0-0"
"libee0t64","libee0"
"libeegdev0t64","libeegdev0"
"libefiboot1t64","libefiboot1"
"libefisec1t64","libefisec1"
"libefivar1t64","libefivar1"
"libeiskaltdcpp2.4t64","libeiskaltdcpp2.4"
"libelemental0t64","libelemental0"
"libelf1t64","libelf1"
"libelk0t64","libelk0"
"libemeraldengine0t64","libemeraldengine0"
"libendless-0-0t64","libendless-0-0"
"libesedb1t64","libesedb1"
"libetpan20t64","libetpan20"
"libev4t64","libev4"
"libevd-0.2-0t64","libevd-0.2-0"
"libevdocument3-4t64","libevdocument3-4"
"libevemu3t64","libevemu3"
"libevent-2.1-7t64","libevent-2.1-7"
"libevent-core-2.1-7t64","libevent-core-2.1-7"
"libevent-extra-2.1-7t64","libevent-extra-2.1-7"
"libevent-openssl-2.1-7t64","libevent-openssl-2.1-7"
"libevent-pthreads-2.1-7t64","libevent-pthreads-2.1-7"
"libevhtp0t64","libevhtp0"
"libevt1t64","libevt1"
"libevtx1t64","libevtx1"
"libevview3-3t64","libevview3-3"
"libexadrums2t64","libexadrums2"
"libexplain51t64","libexplain51"
"libext2fs2t64","libext2fs2"
"libfaifa0t64","libfaifa0"
"libfalcosecurity0t64","libfalcosecurity0"
"libfaust2t64","libfaust2"
"libfcft4t64","libfcft4"
"libfcgi0t64","libfcgi0"
"libfcml0t64","libfcml0"
"libfetk1.9t64","libfetk1.9"
"libffindex0t64","libffindex0"
"libfield3d1.7t64","libfield3d1.7"
"libfifechan0.1.5t64","libfifechan0.1.5"
"libfileclasses1t64","libfileclasses1"
"libfixbuf9t64","libfixbuf9"
"libfixposix4t64","libfixposix4"
"libfko3t64","libfko3"
"libflame1t64","libflame1"
"libflickcurl0t64","libflickcurl0"
"libflightcrew0t64","libflightcrew0"
"libfltk-cairo1.3t64","libfltk-cairo1.3"
"libfltk-forms1.3t64","libfltk-forms1.3"
"libfltk-gl1.3t64","libfltk-gl1.3"
"libfltk-images1.3t64","libfltk-images1.3"
"libfltk1.3t64","libfltk1.3"
"libfm-extra4t64","libfm-extra4"
"libfm-gtk3-4t64","libfm-gtk3-4"
"libfm4t64","libfm4"
"libfoma0t64","libfoma0"
"libfontembed1t64","libfontembed1"
"libfoonathan-memory0.7.3t64","libfoonathan-memory0.7.3"
"libforms2t64","libforms2"
"libformsgl2t64","libformsgl2"
"libfpga0t64","libfpga0"
"libfreecontact0t64","libfreecontact0"
"libfreefare0t64","libfreefare0"
"libfreenect0.5t64","libfreenect0.5"
"libfsapfs1t64","libfsapfs1"
"libfsext1t64","libfsext1"
"libfshfs1t64","libfshfs1"
"libfsntfs1t64","libfsntfs1"
"libfsplib0t64","libfsplib0"
"libfsxfs1t64","libfsxfs1"
"libfuntools1t64","libfuntools1"
"libfuse2t64","libfuse2"
"libfvde1t64","libfvde1"
"libfwnt1t64","libfwnt1"
"libfwsi1t64","libfwsi1"
"libfxt2t64","libfxt2"
"libfyba0t64","libfyba0"
"libg15daemon-client1t64","libg15daemon-client1"
"libg2o0t64","libg2o0"
"libgadu3t64","libgadu3"
"libgail-3-0t64","libgail-3-0"
"libgail18t64","libgail18"
"libgambit4t64","libgambit4"
"libgammu8t64","libgammu8"
"libgbtools0t64","libgbtools0"
"libgda-5.0-4t64","libgda-5.0-4"
"libgdbm-compat4t64","libgdbm-compat4"
"libgdbm6t64","libgdbm6"
"libgdcm3.0t64","libgdcm3.0"
"libgdf0t64","libgdf0"
"libgearman8t64","libgearman8"
"libgecode49t64","libgecode49"
"libgecodeflatzinc49t64","libgecodeflatzinc49"
"libgecodegist49t64","libgecodegist49"
"libgegl-0.4-0t64","libgegl-0.4-0"
"libgenometools0t64","libgenometools0"
"libgensio6t64","libgensio6"
"libgeoip1t64","libgeoip1"
"libgeomview-1.9.5t64","libgeomview-1.9.5"
"libgetdns10t64","libgetdns10"
"libgetfem5t64","libgetfem5"
"libgf-complete1t64","libgf-complete1"
"libgfal-srm-ifce1t64","libgfal-srm-ifce1"
"libgfal-transfer2t64","libgfal-transfer2"
"libgfal2-2t64","libgfal2-2"
"libgfarm1t64","libgfarm1"
"libgfs-1.3-2t64","libgfs-1.3-2"
"libgfsgl0t64","libgfsgl0"
"libghmm1t64","libghmm1"
"libgiac0t64","libgiac0"
"libgig10t64","libgig10"
"libgkarrays1t64","libgkarrays1"
"libgladeui-2-13t64","libgladeui-2-13"
"libglib2.0-0t64","libglib2.0-0"
"libglibmm-2.68-1t64","libglibmm-2.68-1"
"libglobus-authz-callout-error0t64","libglobus-authz-callout-error0"
"libglobus-authz0t64","libglobus-authz0"
"libglobus-callout0t64","libglobus-callout0"
"libglobus-common0t64","libglobus-common0"
"libglobus-ftp-client2t64","libglobus-ftp-client2"
"libglobus-ftp-control1t64","libglobus-ftp-control1"
"libglobus-gass-cache5t64","libglobus-gass-cache5"
"libglobus-gass-copy2t64","libglobus-gass-copy2"
"libglobus-gass-server-ez2t64","libglobus-gass-server-ez2"
"libglobus-gass-transfer2t64","libglobus-gass-transfer2"
"libglobus-gfork0t64","libglobus-gfork0"
"libglobus-gram-client3t64","libglobus-gram-client3"
"libglobus-gram-job-manager-callout-error0t64","libglobus-gram-job-manager-callout-error0"
"libglobus-gram-protocol3t64","libglobus-gram-protocol3"
"libglobus-gridftp-server-control0t64","libglobus-gridftp-server-control0"
"libglobus-gridftp-server6t64","libglobus-gridftp-server6"
"libglobus-gridmap-callout-error0t64","libglobus-gridmap-callout-error0"
"libglobus-gsi-callback0t64","libglobus-gsi-callback0"
"libglobus-gsi-cert-utils0t64","libglobus-gsi-cert-utils0"
"libglobus-gsi-credential1t64","libglobus-gsi-credential1"
"libglobus-gsi-openssl-error0t64","libglobus-gsi-openssl-error0"
"libglobus-gsi-proxy-core0t64","libglobus-gsi-proxy-core0"
"libglobus-gsi-sysconfig1t64","libglobus-gsi-sysconfig1"
"libglobus-gss-assist3t64","libglobus-gss-assist3"
"libglobus-gssapi-error2t64","libglobus-gssapi-error2"
"libglobus-gssapi-gsi4t64","libglobus-gssapi-gsi4"
"libglobus-io3t64","libglobus-io3"
"libglobus-net-manager0t64","libglobus-net-manager0"
"libglobus-openssl-module0t64","libglobus-openssl-module0"
"libglobus-rsl2t64","libglobus-rsl2"
"libglobus-scheduler-event-generator0t64","libglobus-scheduler-event-generator0"
"libglobus-xio0t64","libglobus-xio0"
"libgmerlin2t64","libgmerlin2"
"libgmime-3.0-0t64","libgmime-3.0-0"
"libgmt6t64","libgmt6"
"libgnokii7t64","libgnokii7"
"libgnome-bg-4-2t64","libgnome-bg-4-2"
"libgnome-desktop-3-20t64","libgnome-desktop-3-20"
"libgnome-desktop-4-2t64","libgnome-desktop-4-2"
"libgnome-rr-4-2t64","libgnome-rr-4-2"
"libgnt0t64","libgnt0"
"libgnunet0.20t64","libgnunet0.20"
"libgnuradio-air-modes1t64","libgnuradio-air-modes1"
"libgnuradio-osmosdr0.2.0t64","libgnuradio-osmosdr0.2.0"
"libgnutls-dane0t64","libgnutls-dane0"
"libgnutls-openssl27t64","libgnutls-openssl27"
"libgnutls30t64","libgnutls30"
"libgoffice-0.10-10t64","libgoffice-0.10-10"
"libgom-1.0-0t64","libgom-1.0-0"
"libgoogle-glog0v6t64","libgoogle-glog0v6"
"libgoogle-perftools4t64","libgoogle-perftools4"
"libgpgme11t64","libgpgme11"
"libgpgmepp6t64","libgpgmepp6"
"libgphoto2-6t64","libgphoto2-6"
"libgphoto2-port12t64","libgphoto2-port12"
"libgpod4t64","libgpod4"
"libgps30t64","libgps30"
"libgraphicsmagick++-q16-12t64","libgraphicsmagick++-q16-12"
"libgraphicsmagick-q16-3t64","libgraphicsmagick-q16-3"
"libgretl1t64","libgretl1"
"libgridsite6t64","libgridsite6"
"libgroonga0t64","libgroonga0"
"libgroup-service1t64","libgroup-service1"
"libgrpc++1.51t64","libgrpc++1.51"
"libgrpc29t64","libgrpc29"
"libgsmsd8t64","libgsmsd8"
"libgsound0t64","libgsound0"
"libgssrpc4t64","libgssrpc4"
"libgtk-3-0t64","libgtk-3-0"
"libgtk2.0-0t64","libgtk2.0-0"
"libgtkdatabox1t64","libgtkdatabox1"
"libgtkmm-3.0-1t64","libgtkmm-3.0-1"
"libgts-0.7-5t64","libgts-0.7-5"
"libguestfs-gobject-1.0-0t64","libguestfs-gobject-1.0-0"
"libguestfs0t64","libguestfs0"
"libgulkan-0.15-0t64","libgulkan-0.15-0"
"libguytools2t64","libguytools2"
"libgvars3-0t64","libgvars3-0"
"libgvars3-headless0t64","libgvars3-headless0"
"libgweather-4-0t64","libgweather-4-0"
"libgwengui-fox16-79t64","libgwengui-fox16-79"
"libgwengui-gtk3-79t64","libgwengui-gtk3-79"
"libgwengui-qt5-79t64","libgwengui-qt5-79"
"libgwenhywfar79t64","libgwenhywfar79"
"libgwyddion2-0t64","libgwyddion2-0"
"libgxps2t64","libgxps2"
"libgxr-0.15-0t64","libgxr-0.15-0"
"libgxw0t64","libgxw0"
"libgxwmm0t64","libgxwmm0"
"libgyoto9t64","libgyoto9"
"libhamlib++4t64","libhamlib++4"
"libhamlib4t64","libhamlib4"
"libhashkit2t64","libhashkit2"
"libhd21t64","libhd21"
"libhdfeos0t64","libhdfeos0"
"libhe5-hdfeos0t64","libhe5-hdfeos0"
"libheartbeat2t64","libheartbeat2"
"libhfsp0t64","libhfsp0"
"libhighwayhash0t64","libhighwayhash0"
"libhoel1.4t64","libhoel1.4"
"libhogweed6t64","libhogweed6"
"libhts3t64","libhts3"
"libhwy1t64","libhwy1"
"libhx32t64","libhx32"
"libibnetdisc5t64","libibnetdisc5"
"libibtk0t64","libibtk0"
"libical3t64","libical3"
"libicapapi5t64","libicapapi5"
"libiddawc1.1t64","libiddawc1.1"
"libidzebra-2.0-0t64","libidzebra-2.0-0"
"libieee1284-3t64","libieee1284-3"
"libigloo0t64","libigloo0"
"libigraph3t64","libigraph3"
"libimageclasses1t64","libimageclasses1"
"libimath-3-1-29t64","libimath-3-1-29"
"libimlib2t64","libimlib2"
"libinfgtk-0.7-0t64","libinfgtk-0.7-0"
"libinfinity-0.7-0t64","libinfinity-0.7-0"
"libini-config5t64","libini-config5"
"libint2-2t64","libint2-2"
"libinventor1t64","libinventor1"
"libipa-hbac0t64","libipa-hbac0"
"libipset13t64","libipset13"
"libirccore3t64","libirccore3"
"libircmodel3t64","libircmodel3"
"libircutil3t64","libircutil3"
"libirrlicht1.8t64","libirrlicht1.8"
"libirstlm1t64","libirstlm1"
"libisns0t64","libisns0"
"libisoburn1t64","libisoburn1"
"libisofs6t64","libisofs6"
"libisospec++2t64","libisospec++2"
"libite5t64","libite5"
"libiv-unidraw2t64","libiv-unidraw2"
"libiv2t64","libiv2"
"libivykis0t64","libivykis0"
"libiw30t64","libiw30"
"libixml11t64","libixml11"
"libjaula1t64","libjaula1"
"libjbig2enc0t64","libjbig2enc0"
"libjdns2t64","libjdns2"
"libjodycode3t64","libjodycode3"
"libjpgalleg4.4t64","libjpgalleg4.4"
"libjsonrpccpp-client0t64","libjsonrpccpp-client0"
"libjsonrpccpp-common0t64","libjsonrpccpp-common0"
"libjsonrpccpp-server0t64","libjsonrpccpp-server0"
"libjsonrpccpp-stub0t64","libjsonrpccpp-stub0"
"libjuff0.10t64","libjuff0.10"
"libjuman4t64","libjuman4"
"libjxr0t64","libjxr0"
"libk3b8t64","libk3b8"
"libkdb5-10t64","libkdb5-10"
"libkmlbase1t64","libkmlbase1"
"libkmlconvenience1t64","libkmlconvenience1"
"libkmldom1t64","libkmldom1"
"libkmlengine1t64","libkmlengine1"
"libkmlregionator1t64","libkmlregionator1"
"libkmlxsd1t64","libkmlxsd1"
"libknet1t64","libknet1"
"libkopenafs2t64","libkopenafs2"
"liblam4t64","liblam4"
"liblammps0t64","liblammps0"
"liblasi0t64","liblasi0"
"liblasso3t64","liblasso3"
"liblavfile-2.1-0t64","liblavfile-2.1-0"
"liblavjpeg-2.1-0t64","liblavjpeg-2.1-0"
"liblavplay-2.1-0t64","liblavplay-2.1-0"
"liblcmaps-without-gsi0t64","liblcmaps-without-gsi0"
"liblcmaps0t64","liblcmaps0"
"libldm-1.0-0t64","libldm-1.0-0"
"libldm-common0t64","libldm-common0"
"libldm-priv-common0t64","libldm-priv-common0"
"libldns3t64","libldns3"
"libleatherman1.12.1t64","libleatherman1.12.1"
"liblfunction1t64","liblfunction1"
"libliggghts3t64","libliggghts3"
"liblinbox-1.7.0-0t64","liblinbox-1.7.0-0"
"liblink-grammar5t64","liblink-grammar5"
"liblip2t64","liblip2"
"liblirc-client0t64","liblirc-client0"
"liblirc0t64","liblirc0"
"liblitehtml0t64","liblitehtml0"
"liblldb-17t64","liblldb-17"
"libllvm17t64","libllvm17"
"liblnk1t64","liblnk1"
"libloadpng4.4t64","libloadpng4.4"
"libloc1t64","libloc1"
"liblog4c3t64","liblog4c3"
"liblog4cplus-2.0.5t64","liblog4cplus-2.0.5"
"liblogg4.4t64","liblogg4.4"
"libloki0.1.7t64","libloki0.1.7"
"liblomiri-download-manager-client0t64","liblomiri-download-manager-client0"
"liblomiri-download-manager-common0t64","liblomiri-download-manager-common0"
"liblomiri-upload-manager-common0t64","liblomiri-upload-manager-common0"
"liblomirigestures5t64","liblomirigestures5"
"liblomirimetrics5t64","liblomirimetrics5"
"liblomiritoolkit5t64","liblomiritoolkit5"
"liblorene-debian1t64","liblorene-debian1"
"liblorene-export-debian0t64","liblorene-export-debian0"
"liblorenef77-debian1t64","liblorenef77-debian1"
"liblouisutdml9t64","liblouisutdml9"
"liblouisxml1t64","liblouisxml1"
"liblrcalc1t64","liblrcalc1"
"liblrm2t64","liblrm2"
"liblttng-ctl0t64","liblttng-ctl0"
"liblttng-ust-common1t64","liblttng-ust-common1"
"liblttng-ust-ctl5t64","liblttng-ust-ctl5"
"liblttng-ust-python-agent1t64","liblttng-ust-python-agent1"
"liblttng-ust1t64","liblttng-ust1"
"liblucene++-contrib0t64","liblucene++-contrib0"
"liblucene++0t64","liblucene++0"
"libluksde1t64","libluksde1"
"liblv2dynparamhost1-1t64","liblv2dynparamhost1-1"
"liblv2dynparamplugin1-0t64","liblv2dynparamplugin1-0"
"liblwip0t64","liblwip0"
"liblwipv6-2t64","liblwipv6-2"
"liblxc1t64","liblxc1"
"libm4api0.3t64","libm4api0.3"
"libmagic1t64","libmagic1"
"libmailutils9t64","libmailutils9"
"libmapcache1t64","libmapcache1"
"libmapserver2t64","libmapserver2"
"libmariadbd19t64","libmariadbd19"
"libmartchus-c++utilities5t64","libmartchus-c++utilities5"
"libmartchus-qtforkawesome1t64","libmartchus-qtforkawesome1"
"libmate-desktop-2-17t64","libmate-desktop-2-17"
"libmate-slab0t64","libmate-slab0"
"libmate-window-settings1t64","libmate-window-settings1"
"libmateweather1t64","libmateweather1"
"libmathicgb0t64","libmathicgb0"
"libmawk1t64","libmawk1"
"libmdb3t64","libmdb3"
"libmdbsql3t64","libmdbsql3"
"libmdc3t64","libmdc3"
"libmdnsd1t64","libmdnsd1"
"libmedc11t64","libmedc11"
"libmediascan0t64","libmediascan0"
"libmemcached11t64","libmemcached11"
"libmemcachedutil2t64","libmemcachedutil2"
"libmems1t64","libmems1"
"libmfsio1t64","libmfsio1"
"libmgba0.10t64","libmgba0.10"
"libmgl-fltk8t64","libmgl-fltk8"
"libmgl-glut8t64","libmgl-glut8"
"libmgl-mpi8t64","libmgl-mpi8"
"libmgl-qt5-8t64","libmgl-qt5-8"
"libmgl-wnd8t64","libmgl-wnd8"
"libmgl-wx8t64","libmgl-wx8"
"libmgl8t64","libmgl8"
"libmialm3t64","libmialm3"
"libmicrohttpd12t64","libmicrohttpd12"
"libminc2-5.3.0t64","libminc2-5.3.0"
"libminidjvu0t64","libminidjvu0"
"libminini1t64","libminini1"
"libminizip1t64","libminizip1"
"libmircore2t64","libmircore2"
"libmission-control-plugins0t64","libmission-control-plugins0"
"libmjpegutils-2.1-0t64","libmjpegutils-2.1-0"
"libmlir-17t64","libmlir-17"
"libmmb4.0t64","libmmb4.0"
"libmmlib1t64","libmmlib1"
"libmobi0t64","libmobi0"
"libmodest0t64","libmodest0"
"libmodsecurity3t64","libmodsecurity3"
"libmongoc-1.0-0t64","libmongoc-1.0-0"
"libmpdclient2t64","libmpdclient2"
"libmpeg2encpp-2.1-0t64","libmpeg2encpp-2.1-0"
"libmpeg3-2t64","libmpeg3-2"
"libmpg123-0t64","libmpg123-0"
"libmplex2-2.1-0t64","libmplex2-2.1-0"
"libmps-fortran0t64","libmps-fortran0"
"libmps3t64","libmps3"
"libmrss0t64","libmrss0"
"libmrtd0t64","libmrtd0"
"libmsiecf1t64","libmsiecf1"
"libmspack0t64","libmspack0"
"libmstoolkit82t64","libmstoolkit82"
"libmtdev1t64","libmtdev1"
"libmtp9t64","libmtp9"
"libmu-dbm9t64","libmu-dbm9"
"libmuffin0t64","libmuffin0"
"libmulticobex1t64","libmulticobex1"
"libmusic1t64","libmusic1"
"libmygui.ogreplatform0debian1t64","libmygui.ogreplatform0debian1"
"libmygui.opengl3platform0debian1t64","libmygui.opengl3platform0debian1"
"libmygui.openglplatform0debian1t64","libmygui.openglplatform0debian1"
"libmyguiengine3debian1t64","libmyguiengine3debian1"
"libmyproxy6t64","libmyproxy6"
"libmysql++3t64","libmysql++3"
"libnatpmp1t64","libnatpmp1"
"libncap44t64","libncap44"
"libncarg0t64","libncarg0"
"libncbi6t64","libncbi6"
"libncrystal1t64","libncrystal1"
"libndpi4.2t64","libndpi4.2"
"libneon27t64","libneon27"
"libnetpbm11t64","libnetpbm11"
"libnetsnmptrapd40t64","libnetsnmptrapd40"
"libnettle8t64","libnettle8"
"libnexstar0t64","libnexstar0"
"libnextcloudsync0t64","libnextcloudsync0"
"libnglib-6.2t64","libnglib-6.2"
"libnids1.21t64","libnids1.21"
"libniftiio2t64","libniftiio2"
"libnorm1t64","libnorm1"
"libnotmuch5t64","libnotmuch5"
"libnova-0.16-0t64","libnova-0.16-0"
"libnozzle1t64","libnozzle1"
"libnpth0t64","libnpth0"
"libnsync-cpp1t64","libnsync-cpp1"
"libnsync1t64","libnsync1"
"libntfs-3g89t64","libntfs-3g89"
"libnutclient2t64","libnutclient2"
"libnvme1t64","libnvme1"
"libnx-x11-6t64","libnx-x11-6"
"libnxml0t64","libnxml0"
"liboath0t64","liboath0"
"libobexftp0t64","libobexftp0"
"libobs0t64","libobs0"
"liboctomap1.9t64","liboctomap1.9"
"liboctovis1.9t64","liboctovis1.9"
"libodb-boost-2.4t64","libodb-boost-2.4"
"libodb-mysql-2.4t64","libodb-mysql-2.4"
"libodb-qt-2.4t64","libodb-qt-2.4"
"libode8t64","libode8"
"libodil0t64","libodil0"
"libofx7t64","libofx7"
"libogre1.12.10t64","libogre1.12.10"
"liboidc-agent4t64","liboidc-agent4"
"libola1t64","libola1"
"libolecf1t64","libolecf1"
"libomniorb4-3t64","libomniorb4-3"
"libomp5-17t64","libomp5-17"
"libonnx1t64","libonnx1"
"liboop4t64","liboop4"
"libopen-trace-format2-10t64","libopen-trace-format2-10"
"libopencl-clang17t64","libopencl-clang17"
"libopencolorio2.1t64","libopencolorio2.1"
"libopendbx1t64","libopendbx1"
"libopendmarc2t64","libopendmarc2"
"libopendsp3t64","libopendsp3"
"libopengv1t64","libopengv1"
"libopenipmi0t64","libopenipmi0"
"libopenmpt0t64","libopenmpt0"
"libopenni0t64","libopenni0"
"libopenraw7t64","libopenraw7"
"libopenrawgnome7t64","libopenrawgnome7"
"libopenshot-audio9t64","libopenshot-audio9"
"libopenshot25t64","libopenshot25"
"libopensmtpd0t64","libopensmtpd0"
"libopentracing-c-wrapper0t64","libopentracing-c-wrapper0"
"libopenvdb10.0t64","libopenvdb10.0"
"libopenvlbi3t64","libopenvlbi3"
"libopenzwave1.6t64","libopenzwave1.6"
"liboprf0t64","liboprf0"
"liborc-0.4-0t64","liborc-0.4-0"
"libosip2-15t64","libosip2-15"
"libosmo-hnbap0t64","libosmo-hnbap0"
"libosmo-rua0t64","libosmo-rua0"
"libosmo-sabp1t64","libosmo-sabp1"
"libosptk4t64","libosptk4"
"libostyle1t64","libostyle1"
"libotr5t64","libotr5"
"libout123-0t64","libout123-0"
"libow-3.2-4t64","libow-3.2-4"
"libowcapi-3.2-4t64","libowcapi-3.2-4"
"libowfat0t64","libowfat0"
"libowncloudsync0t64","libowncloudsync0"
"libownet-3.2-4t64","libownet-3.2-4"
"libp11-3t64","libp11-3"
"libpacketdump3t64","libpacketdump3"
"libpagmo9t64","libpagmo9"
"libpangomm-2.48-1t64","libpangomm-2.48-1"
"libpano13-3t64","libpano13-3"
"libpapi7.1t64","libpapi7.1"
"libpappl1t64","libpappl1"
"libpaps0t64","libpaps0"
"libparpack2t64","libparpack2"
"libparted-fs-resize0t64","libparted-fs-resize0"
"libparted2t64","libparted2"
"libpath-utils1t64","libpath-utils1"
"libpcap0.8t64","libpcap0.8"
"libpe1t64","libpe1"
"libpeony3t64","libpeony3"
"libpff1t64","libpff1"
"libpgm-5.3-0t64","libpgm-5.3-0"
"libpgm2asc0.52t64","libpgm2asc0.52"
"libphonon4qt5-4t64","libphonon4qt5-4"
"libphonon4qt5experimental4t64","libphonon4qt5experimental4"
"libphonon4qt6-4t64","libphonon4qt6-4"
"libphonon4qt6experimental4t64","libphonon4qt6experimental4"
"libpiano0t64","libpiano0"
"libpigpiod-if1t64","libpigpiod-if1"
"libpigpiod-if2-1t64","libpigpiod-if2-1"
"libpils2t64","libpils2"
"libpipewire-0.3-0t64","libpipewire-0.3-0"
"libpistache0t64","libpistache0"
"libpkcs11-helper1t64","libpkcs11-helper1"
"libplanarity0t64","libplanarity0"
"libplib1t64","libplib1"
"libplumb2t64","libplumb2"
"libplumbgpl2t64","libplumbgpl2"
"libpmi0t64","libpmi0"
"libpmi2-0t64","libpmi2-0"
"libpmix2t64","libpmix2"
"libpng16-16t64","libpng16-16"
"libpocl2t64","libpocl2"
"libpodofo0.9.8t64","libpodofo0.9.8"
"libpolylib64-8t64","libpolylib64-8"
"libpoppler-glib8t64","libpoppler-glib8"
"libpoppler-qt5-1t64","libpoppler-qt5-1"
"libpoppler-qt6-3t64","libpoppler-qt6-3"
"libportsmf0t64","libportsmf0"
"libpqmarble2t64","libpqmarble2"
"libprotobuf-lite32t64","libprotobuf-lite32"
"libprotobuf32t64","libprotobuf32"
"libprotoc32t64","libprotoc32"
"libpskc0t64","libpskc0"
"libpsl5t64","libpsl5"
"libpsocksxx0t64","libpsocksxx0"
"libpst4t64","libpst4"
"libpstoedit0t64","libpstoedit0"
"libpsurface0t64","libpsurface0"
"libptl2t64","libptl2"
"libpurple0t64","libpurple0"
"libpwizlite3t64","libpwizlite3"
"libpyside2-py3-5.15t64","libpyside2-py3-5.15"
"libqcoro5core0t64","libqcoro5core0"
"libqcoro5dbus0t64","libqcoro5dbus0"
"libqcoro5network0t64","libqcoro5network0"
"libqcoro5qml0t64","libqcoro5qml0"
"libqcoro5quick0t64","libqcoro5quick0"
"libqcoro5websockets0t64","libqcoro5websockets0"
"libqcoro6core0t64","libqcoro6core0"
"libqcoro6dbus0t64","libqcoro6dbus0"
"libqcoro6network0t64","libqcoro6network0"
"libqcoro6qml0t64","libqcoro6qml0"
"libqcoro6quick0t64","libqcoro6quick0"
"libqcoro6websockets0t64","libqcoro6websockets0"
"libqcow1t64","libqcow1"
"libqd0t64","libqd0"
"libqdbm14t64","libqdbm14"
"libqglviewer2-qt5t64","libqglviewer2-qt5"
"libqgpgme15t64","libqgpgme15"
"libqgpsmm30t64","libqgpsmm30"
"libqjdns-qt5-2t64","libqjdns-qt5-2"
"libqm-dsp0t64","libqm-dsp0"
"libqpx0t64","libqpx0"
"libqsopt-ex2t64","libqsopt-ex2"
"libqt5concurrent5t64","libqt5concurrent5"
"libqt5dbus5t64","libqt5dbus5"
"libqt5gui5t64","libqt5gui5"
"libqt5network5t64","libqt5network5"
"libqt5opengl5t64","libqt5opengl5"
"libqt5printsupport5t64","libqt5printsupport5"
"libqt5publishsubscribe5t64","libqt5publishsubscribe5"
"libqt5qxlsx0t64","libqt5qxlsx0"
"libqt5serviceframework5t64","libqt5serviceframework5"
"libqt5sql5t64","libqt5sql5"
"libqt5systeminfo5t64","libqt5systeminfo5"
"libqt5test5t64","libqt5test5"
"libqt5widgets5t64","libqt5widgets5"
"libqt5xml5t64","libqt5xml5"
"libqt6core6t64","libqt6core6"
"libquazip1-qt5-1t64","libquazip1-qt5-1"
"libquazip1-qt6-1t64","libquazip1-qt6-1"
"libquazip5-1t64","libquazip5-1"
"libquickfix17t64","libquickfix17"
"libradsec0t64","libradsec0"
"librasqal3t64","librasqal3"
"libraw23t64","libraw23"
"librc1t64","librc1"
"librcsb-core-wrapper0t64","librcsb-core-wrapper0"
"librdata0t64","librdata0"
"librdf0t64","librdf0"
"librdkit1t64","librdkit1"
"librdmacm1t64","librdmacm1"
"libreadline8t64","libreadline8"
"libreadstat1t64","libreadstat1"
"libref-array1t64","libref-array1"
"libregf1t64","libregf1"
"libregfi1t64","libregfi1"
"libreiserfscore0t64","libreiserfscore0"
"libremctl1t64","libremctl1"
"librhonabwy1.1t64","librhonabwy1.1"
"librime1t64","librime1"
"librnd4t64","librnd4"
"libroaring0t64","libroaring0"
"librostlab3t64","librostlab3"
"librrd8t64","librrd8"
"librsb0t64","librsb0"
"librsplib3t64","librsplib3"
"librsync2t64","librsync2"
"librtr0t64","librtr0"
"librttr-core0.9.6t64","librttr-core0.9.6"
"libruli4t64","libruli4"
"librxp0t64","librxp0"
"libsaclib0t64","libsaclib0"
"libsafec3t64","libsafec3"
"libsail-c++0t64","libsail-c++0"
"libsail-common0t64","libsail-common0"
"libsail-manip0t64","libsail-manip0"
"libsail0t64","libsail0"
"libsavitar5t64","libsavitar5"
"libsbjson2.3t64","libsbjson2.3"
"libsbml5t64","libsbml5"
"libscamperfile0t64","libscamperfile0"
"libscca1t64","libscca1"
"libsciplot1t64","libsciplot1"
"libscitokens0t64","libscitokens0"
"libscsynth1t64","libscsynth1"
"libsde1t64","libsde1"
"libseafile0t64","libseafile0"
"libsearpc1t64","libsearpc1"
"libsecsipid1t64","libsecsipid1"
"libshiboken2-py3-5.15t64","libshiboken2-py3-5.15"
"libsigrok4t64","libsigrok4"
"libsigrokcxx4t64","libsigrokcxx4"
"libsigscan1t64","libsigscan1"
"libsiloh5-0t64","libsiloh5-0"
"libsimpleini1t64","libsimpleini1"
"libsimtkmolmodel3.1t64","libsimtkmolmodel3.1"
"libskarnet2.14t64","libskarnet2.14"
"libskypat3t64","libskypat3"
"libslow5-0t64","libslow5-0"
"libslurm42t64","libslurm42"
"libslvs1t64","libslvs1"
"libsmdev1t64","libsmdev1"
"libsmf0t64","libsmf0"
"libsmi2t64","libsmi2"
"libsmpeg0t64","libsmpeg0"
"libsmpp34-1t64","libsmpp34-1"
"libsmraw1t64","libsmraw1"
"libsnapper7t64","libsnapper7"
"libsndobj2t64","libsndobj2"
"libsnmp40t64","libsnmp40"
"libsocl-1.4-1t64","libsocl-1.4-1"
"libsofia-sip-ua-glib3t64","libsofia-sip-ua-glib3"
"libsofia-sip-ua0t64","libsofia-sip-ua0"
"libsopt3.0t64","libsopt3.0"
"libsoqt520t64","libsoqt520"
"libsource-highlight4t64","libsource-highlight4"
"libspandsp2t64","libspandsp2"
"libspatialaudio0t64","libspatialaudio0"
"libspatialite8t64","libspatialite8"
"libspf2-2t64","libspf2-2"
"libsphinxbase3t64","libsphinxbase3"
"libsquid1t64","libsquid1"
"libsrecord0t64","libsrecord0"
"libsrpc0t64","libsrpc0"
"libssh2-1t64","libssh2-1"
"libssl3t64","libssl3"
"libst1t64","libst1"
"libstaden-read14t64","libstaden-read14"
"libstarpu-openmp-llvm-1.4-1t64","libstarpu-openmp-llvm-1.4-1"
"libstarpufft-1.4-1t64","libstarpufft-1.4-1"
"libstarpumpi-1.4-3t64","libstarpumpi-1.4-3"
"libstarpurm-1.4-1t64","libstarpurm-1.4-1"
"libstatgrab10t64","libstatgrab10"
"libstb0t64","libstb0"
"libstoken1t64","libstoken1"
"libstonith1t64","libstonith1"
"libstopt5t64","libstopt5"
"libstorj0t64","libstorj0"
"libstxxl1t64","libstxxl1"
"libswami1t64","libswami1"
"libswamigui1t64","libswamigui1"
"libsword1.9.0t64","libsword1.9.0"
"libsylph1t64","libsylph1"
"libsyn123-0t64","libsyn123-0"
"libt4k-common0t64","libt4k-common0"
"libtabixpp0t64","libtabixpp0"
"libtaktuk3t64","libtaktuk3"
"libtaningia0t64","libtaningia0"
"libtarget-factory2t64","libtarget-factory2"
"libtcmalloc-minimal4t64","libtcmalloc-minimal4"
"libtcod1t64","libtcod1"
"libtecla1t64","libtecla1"
"libtelepathy-glib0t64","libtelepathy-glib0"
"libterralib3t64","libterralib3"
"libtevent0t64","libtevent0"
"libthrift-0.19.0t64","libthrift-0.19.0"
"libthrift-c-glib0t64","libthrift-c-glib0"
"libtickit3t64","libtickit3"
"libtinyframe0t64","libtinyframe0"
"libtirpc3t64","libtirpc3"
"libtkrzw1t64","libtkrzw1"
"libtls28t64","libtls28"
"libtntnet13t64","libtntnet13"
"libtokyocabinet9t64","libtokyocabinet9"
"libtomlplusplus3t64","libtomlplusplus3"
"libtoontag0t64","libtoontag0"
"libtopcom0t64","libtopcom0"
"libtorrent-rasterbar2.0t64","libtorrent-rasterbar2.0"
"libtorrent21t64","libtorrent21"
"libtpm-unseal1t64","libtpm-unseal1"
"libtrace3t64","libtrace3"
"libts0t64","libts0"
"libtse3-0.3.1t64","libtse3-0.3.1"
"libtsk19t64","libtsk19"
"libtss2-esys-3.0.2-0t64","libtss2-esys-3.0.2-0"
"libtss2-fapi1t64","libtss2-fapi1"
"libtss2-mu-4.0.1-0t64","libtss2-mu-4.0.1-0"
"libtss2-policy0t64","libtss2-policy0"
"libtss2-rc0t64","libtss2-rc0"
"libtss2-sys1t64","libtss2-sys1"
"libtss2-tcti-cmd0t64","libtss2-tcti-cmd0"
"libtss2-tcti-device0t64","libtss2-tcti-device0"
"libtss2-tcti-libtpms0t64","libtss2-tcti-libtpms0"
"libtss2-tcti-mssim0t64","libtss2-tcti-mssim0"
"libtss2-tcti-pcap0t64","libtss2-tcti-pcap0"
"libtss2-tcti-spi-helper0t64","libtss2-tcti-spi-helper0"
"libtss2-tcti-swtpm0t64","libtss2-tcti-swtpm0"
"libtss2-tctildr0t64","libtss2-tctildr0"
"libttfautohint1t64","libttfautohint1"
"libtumbler-1-0t64","libtumbler-1-0"
"libtwin0t64","libtwin0"
"libucommon8t64","libucommon8"
"libudf0t64","libudf0"
"libudns0t64","libudns0"
"libuev3t64","libuev3"
"libufpidentity1t64","libufpidentity1"
"libui-gxmlcpp5t64","libui-gxmlcpp5"
"libui-utilcpp9t64","libui-utilcpp9"
"libukwm-1-0t64","libukwm-1-0"
"libulfius2.7t64","libulfius2.7"
"libuniconf4.6t64","libuniconf4.6"
"libunicorn2t64","libunicorn2"
"libuno-cppu3t64","libuno-cppu3"
"libuno-cppuhelpergcc3-3t64","libuno-cppuhelpergcc3-3"
"libuno-purpenvhelpergcc3-3t64","libuno-purpenvhelpergcc3-3"
"libuno-sal3t64","libuno-sal3"
"libuno-salhelpergcc3-3t64","libuno-salhelpergcc3-3"
"libunuran16t64","libunuran16"
"libunwind-17t64","libunwind-17"
"libupb0t64","libupb0"
"libupnp17t64","libupnp17"
"libupsclient6t64","libupsclient6"
"liburcu8t64","liburcu8"
"libusb3380-0t64","libusb3380-0"
"libusbredirhost1t64","libusbredirhost1"
"libusbredirparser1t64","libusbredirparser1"
"libuv1t64","libuv1"
"libv4l-0t64","libv4l-0"
"libv4l2rds0t64","libv4l2rds0"
"libv4lconvert0t64","libv4lconvert0"
"libvanessa-socket2t64","libvanessa-socket2"
"libvbz-hdf-plugin0t64","libvbz-hdf-plugin0"
"libvdeplug2t64","libvdeplug2"
"libventrilo3-0t64","libventrilo3-0"
"libverto-glib1t64","libverto-glib1"
"libverto-libev1t64","libverto-libev1"
"libverto1t64","libverto1"
"libvibes0t64","libvibes0"
"libvibrant6t64","libvibrant6"
"libvips42t64","libvips42"
"libvirtualpg0t64","libvirtualpg0"
"libvisp-ar3.6t64","libvisp-ar3.6"
"libvisp-blob3.6t64","libvisp-blob3.6"
"libvisp-core3.6t64","libvisp-core3.6"
"libvisp-detection3.6t64","libvisp-detection3.6"
"libvisp-dnn-tracker3.6t64","libvisp-dnn-tracker3.6"
"libvisp-gui3.6t64","libvisp-gui3.6"
"libvisp-imgproc3.6t64","libvisp-imgproc3.6"
"libvisp-io3.6t64","libvisp-io3.6"
"libvisp-klt3.6t64","libvisp-klt3.6"
"libvisp-mbt3.6t64","libvisp-mbt3.6"
"libvisp-me3.6t64","libvisp-me3.6"
"libvisp-robot3.6t64","libvisp-robot3.6"
"libvisp-sensor3.6t64","libvisp-sensor3.6"
"libvisp-tt-mi3.6t64","libvisp-tt-mi3.6"
"libvisp-tt3.6t64","libvisp-tt3.6"
"libvisp-vision3.6t64","libvisp-vision3.6"
"libvisp-visual-features3.6t64","libvisp-visual-features3.6"
"libvisp-vs3.6t64","libvisp-vs3.6"
"libvlfeat1t64","libvlfeat1"
"libvmime1t64","libvmime1"
"libvomsapi1t64","libvomsapi1"
"libvshadow1t64","libvshadow1"
"libvslvm1t64","libvslvm1"
"libvte9t64","libvte9"
"libvtkdicom0.8t64","libvtkdicom0.8"
"libvtkgdcm-9.1t64","libvtkgdcm-9.1"
"libwaei2t64","libwaei2"
"libwandio1t64","libwandio1"
"libwcstools1t64","libwcstools1"
"libwebsockets19t64","libwebsockets19"
"libwf-utils0t64","libwf-utils0"
"libwim15t64","libwim15"
"libwolfssl42t64","libwolfssl42"
"libworkflow0t64","libworkflow0"
"libwreport3t64","libwreport3"
"libwv-1.2-4t64","libwv-1.2-4"
"libwxbase3.2-1t64","libwxbase3.2-1"
"libwxgtk-gl3.2-1t64","libwxgtk-gl3.2-1"
"libwxgtk-media3.2-1t64","libwxgtk-media3.2-1"
"libwxgtk-webview3.2-1t64","libwxgtk-webview3.2-1"
"libwxgtk3.2-1t64","libwxgtk3.2-1"
"libwxsmithlib0t64","libwxsmithlib0"
"libwxsqlite3-3.2-0t64","libwxsqlite3-3.2-0"
"libwxsvg3t64","libwxsvg3"
"libxalan-c112t64","libxalan-c112"
"libxaw3dxft6t64","libxaw3dxft6"
"libxcomp3t64","libxcomp3"
"libxcompshad3t64","libxcompshad3"
"libxdelta2t64","libxdelta2"
"libxdmf3t64","libxdmf3"
"libxeddsa2t64","libxeddsa2"
"libxerces-c3.2t64","libxerces-c3.2"
"libxgks2t64","libxgks2"
"libxmhtml1.1t64","libxmhtml1.1"
"libxmlbird1t64","libxmlbird1"
"libxmlrpc-core-c3t64","libxmlrpc-core-c3"
"libxmlrpc-epi0t64","libxmlrpc-epi0"
"libxmlsec1t64","libxmlsec1"
"libxnee0t64","libxnee0"
"libxplc0.3.13t64","libxplc0.3.13"
"libxrdapputils2t64","libxrdapputils2"
"libxrdcl3t64","libxrdcl3"
"libxrdcrypto2t64","libxrdcrypto2"
"libxrdcryptolite2t64","libxrdcryptolite2"
"libxrdec1t64","libxrdec1"
"libxrdffs3t64","libxrdffs3"
"libxrdhttputils2t64","libxrdhttputils2"
"libxrdposix3t64","libxrdposix3"
"libxrdserver3t64","libxrdserver3"
"libxrdssilib2t64","libxrdssilib2"
"libxrdssishmap2t64","libxrdssishmap2"
"libxrdutils3t64","libxrdutils3"
"libxrdxml3t64","libxrdxml3"
"libxt6t64","libxt6"
"libxtrxll0t64","libxtrxll0"
"libxwiimote2t64","libxwiimote2"
"libyangrpc2t64","libyangrpc2"
"libyder2.0t64","libyder2.0"
"libyuma2t64","libyuma2"
"libzbar0t64","libzbar0"
"libzbargtk0t64","libzbargtk0"
"libzbarqt0t64","libzbarqt0"
"libzbd2t64","libzbd2"
"libzen0t64","libzen0"
"libzeroc-ice3.7t64","libzeroc-ice3.7"
"libzeroc-icestorm3.7t64","libzeroc-icestorm3.7"
"libzfp1t64","libzfp1"
"libzita-alsa-pcmi0t64","libzita-alsa-pcmi0"
"libzlcore0.13t64","libzlcore0.13"
"libzltext0.13t64","libzltext0.13"
"libzscanner4t64","libzscanner4"
"libzthread-2.3-2t64","libzthread-2.3-2"
"libzvbi0t64","libzvbi0"
"libzzip-0-13t64","libzzip-0-13"
"osmo-libasn1c1t64","osmo-libasn1c1"
