"package","debian_avg_downloads","debian_share","homebrew_avg_downloads","homebrew_share"
"dpkg","230133","0.2113","19853","0.0100"
"acl","230130","0.2113","78861","0.0395"
"pam","230129","0.2113","13151","0.0066"
"coreutils","230128","0.2113","687007","0.3445"
"bzip2","230128","0.2113","383645","0.1924"
"tar","230127","0.2113","234511","0.1176"
"shadow","230127","0.2113","0",""
"util-linux","230126","0.2113","239271","0.1200"
"perl","230126","0.2113","214762","0.1077"
"zlib","230123","0.2113","890331","0.4465"
"ca-certificates","0","","4731609","2.3728"
"sed","230119","0.2113","135455","0.0679"
"apt","230119","0.2113","0",""
"gcc","230118","0.2113","1109102","0.5562"
"attr","230118","0.2113","56712","0.0284"
"base-passwd","230115","0.2113","0",""
"findutils","230114","0.2113","33890","0.0170"
"ncurses","230113","0.2113","964676","0.4838"
"grep","230112","0.2112","91840","0.0461"
"gzip","230111","0.2112","16483","0.0083"
"hostname","230111","0.2112","0",""
"xz","227645","0.2090","3855986","1.9337"
"libselinux","230109","0.2112","0",""
"sysvinit","230102","0.2112","0",""
"glibc","230082","0.2112","354990","0.1780"
"bash","230075","0.2112","313461","0.1572"
"popt","230060","0.2112","85837","0.0430"
"libedit","230020","0.2112","235861","0.1183"
"e2fsprogs","229993","0.2111","0",""
"procps","229971","0.2111","0",""
"cpio","229930","0.2111","4888","0.0025"
"sqlite","229489","0.2107","3691987","1.8514"
"debianutils","229908","0.2111","0",""
"s-lang","229888","0.2110","35811","0.0180"
"logrotate","229888","0.2110","0",""
"keyutils","229877","0.2110","26873","0.0135"
"expat","229837","0.2110","425033","0.2131"
"libcap","229822","0.2110","55416","0.0278"
"lvm2","229772","0.2109","0",""
"mawk","229643","0.2108","0",""
"openssl","229107","0.2103","3498788","1.7545"
"newt-tui","229580","0.2108","0",""
"iputils","229537","0.2107","0",""
"openssh","229442","0.2106","72811","0.0365"
"freetype","229438","0.2106","1502390","0.7534"
"cron","229394","0.2106","0",""
"dash-shell","229387","0.2106","0",""
"glib","216841","0.1991","3003625","1.5062"
"diffutils","229327","0.2105","27023","0.0136"
"systemd","229282","0.2105","72406","0.0363"
"libbsd","229267","0.2105","0",""
"klibc","229162","0.2104","0",""
"krb5","229140","0.2104","1056264","0.5297"
"readline","131686","0.1209","2631392","1.3196"
"tcp-wrappers","229025","0.2103","0",""
"libgpg-error","228979","0.2102","603556","0.3027"
"vim","228765","0.2100","366637","0.1839"
"less","228662","0.2099","0",""
"linux-base","228622","0.2099","0",""
"pciutils","228559","0.2098","0",""
"nghttp2","210664","0.1934","2517924","1.2627"
"gnupg","228528","0.2098","759991","0.3811"
"cyrus-sasl","228407","0.2097","32697","0.0164"
"libxml2","228070","0.2094","520962","0.2612"
"libxdmcp","227996","0.2093","978297","0.4906"
"libxau","227983","0.2093","1129290","0.5663"
"libxcb","227837","0.2092","1227499","0.6156"
"harfbuzz","165196","0.1517","2501400","1.2544"
"libx11","227797","0.2091","1837738","0.9216"
"dbus","227606","0.2089","318864","0.1599"
"libsemanage","227595","0.2089","0",""
"p11-kit","227578","0.2089","965128","0.4840"
"kmod","227466","0.2088","0",""
"gettext","14127","0.0130","2480985","1.2441"
"grub","227233","0.2086","0",""
"libxext","227097","0.2085","1047804","0.5254"
"gmp","226842","0.2082","1358823","0.6814"
"file","226452","0.2079","71507","0.0359"
"wget","226288","0.2077","939560","0.4712"
"ifupdown","225715","0.2072","0",""
"pcre","0","","2306580","1.1567"
"nano","225439","0.2070","39881","0.0200"
"libcap-ng","225066","0.2066","0",""
"console-setup","224099","0.2057","0",""
"kbd","223811","0.2055","0",""
"libtasn1","222853","0.2046","796456","0.3994"
"python","35815","0.0329","2224521","1.1155"
"audit","222766","0.2045","0",""
"cdebconf","222627","0.2044","0",""
"libxmu","222094","0.2039","23376","0.0117"
"libgcrypt","221677","0.2035","374095","0.1876"
"libmnl","221417","0.2033","0",""
"zstd","195196","0.1792","1911802","0.9587"
"xauth","221023","0.2029","6857","0.0034"
"groff","220542","0.2025","17499","0.0088"
"rtmpdump","220113","0.2021","338635","0.1698"
"libpipeline","218719","0.2008","0",""
"lsof","217759","0.1999","0",""
"libpng","192792","0.1770","1910764","0.9582"
"python3-defaults","217534","0.1997","0",""
"man-db","217497","0.1997","0",""
"bind","217032","0.1992","15549","0.0078"
"iptables","216656","0.1989","0",""
"dhcp","214832","0.1972","0",""
"apparmor","214358","0.1968","0",""
"libseccomp","213288","0.1958","9614","0.0048"
"lz4","212800","0.1954","1828779","0.9171"
"git","125366","0.1151","1832306","0.9188"
"libidn2","212517","0.1951","1650326","0.8276"
"traceroute-for-linux","212243","0.1948","0",""
"liblockfile","210447","0.1932","0",""
"libusb","208980","0.1918","512095","0.2568"
"discover-data","208875","0.1918","0",""
"discover-unclassified","208818","0.1917","0",""
"netcat-unclassified","208311","0.1912","0",""
"libfuse","208234","0.1912","0",""
"openldap","207896","0.1909","697337","0.3497"
"libjpeg-turbo","189260","0.1737","1803821","0.9046"
"libssh2","206863","0.1899","621327","0.3116"
"libnfnetlink","204930","0.1881","0",""
"db","203462","0.1868","291419","0.1461"
"curl","202088","0.1855","1060193","0.5317"
"awscli","0","","1751886","0.8785"
"libksba","200721","0.1843","402629","0.2019"
"pcre2","200436","0.1840","0",""
"elfutils","199964","0.1836","64564","0.0324"
"usbutils","199870","0.1835","0",""
"gpm","198964","0.1827","0",""
"fontconfig","195595","0.1796","1634403","0.8196"
"libnftnl","193733","0.1779","0",""
"sudo","193216","0.1774","0",""
"tiff","72450","0.0665","1648669","0.8268"
"gnutls","193022","0.1772","1550257","0.7774"
"libpsl","192261","0.1765","65530","0.0329"
"argon2","191973","0.1762","136030","0.0682"
"libnetfilter-conntrack","191619","0.1759","0",""
"unbound","64087","0.0588","1640424","0.8226"
"cryptsetup","191360","0.1757","0",""
"jansson","191192","0.1755","100151","0.0502"
"protobuf-c","190335","0.1747","57921","0.0290"
"jbigkit","189333","0.1738","0",""
"lmdb","187935","0.1725","8428","0.0042"
"debian:libpcre3","186771","0.1715","0",""
"uchardet","185869","0.1706","34039","0.0171"
"fstrm","184720","0.1696","0",""
"libjxl","14334","0.0132","1621571","0.8132"
"psmisc","180663","0.1659","0",""
"avahi","180663","0.1659","0",""
"libtool","179341","0.1646","1032999","0.5180"
"unzip","178330","0.1637","260077","0.1304"
"libxpm","178004","0.1634","14284","0.0072"
"brotli","177778","0.1632","1156315","0.5799"
"libunistring","20077","0.0184","1618694","0.8117"
"libxslt","175873","0.1615","56911","0.0285"
"efivar","175495","0.1611","0",""
"libxrender","174911","0.1606","944970","0.4739"
"npth","174453","0.1602","215565","0.1081"
"icu","40372","0.0371","1587966","0.7963"
"gdbm","173519","0.1593","968923","0.4859"
"inetutils","170441","0.1565","19724","0.0099"
"pixman","169887","0.1560","1123316","0.5633"
"gcc-defaults","168988","0.1551","0",""
"cairo-graphics-library","168977","0.1551","1015615","0.5093"
"rsyslog","168750","0.1549","0",""
"numactl","168649","0.1548","0",""
"gd","166459","0.1528","571656","0.2867"
"libthai","166331","0.1527","0",""
"libtirpc","166227","0.1526","180808","0.0907"
"libnl","166036","0.1524","0",""
"libdatrie","165991","0.1524","27","0.0000"
"lcms","165742","0.1522","1458510","0.7314"
"graphite2","165249","0.1517","710634","0.3564"
"mpdecimal","0","","1496913","0.7507"
"fribidi","165046","0.1515","737907","0.3700"
"gnumpc","164699","0.1512","435028","0.2182"
"debian:libsepol1","164031","0.1506","0",""
"libestr","163557","0.1502","0",""
"libxi","163285","0.1499","105371","0.0528"
"aom","69761","0.0640","1485175","0.7448"
"patch","162752","0.1494","17917","0.0090"
"libxfixes","162033","0.1488","107069","0.0537"
"cups","161968","0.1487","55791","0.0280"
"libdrm","161722","0.1485","15776","0.0079"
"pango","161379","0.1482","1136114","0.5697"
"libxdamage","158483","0.1455","12061","0.0060"
"libyaml","158064","0.1451","534774","0.2682"
"libxrandr","157731","0.1448","52743","0.0264"
"gdk-pixbuf","157622","0.1447","554524","0.2781"
"libxinerama","156864","0.1440","21309","0.0107"
"libwebp","131256","0.1205","1453192","0.7287"
"mpfr","156814","0.1440","638726","0.3203"
"xxhash","154762","0.1421","120135","0.0602"
"libxcomposite","154755","0.1421","0",""
"libxcursor","154746","0.1421","17057","0.0086"
"libice","154468","0.1418","56048","0.0281"
"libsm","154458","0.1418","53003","0.0266"
"libfastjson","153078","0.1405","0",""
"liblognorm","153054","0.1405","0",""
"nspr","152824","0.1403","180335","0.0904"
"aspell","152665","0.1402","169848","0.0852"
"cmake","27060","0.0248","1332849","0.6684"
"nss","152599","0.1401","357458","0.1793"
"gobject-introspection","152520","0.1400","522107","0.2618"
"alsa-lib","152239","0.1398","75135","0.0377"
"debian:libldap-2.4-2","151473","0.1391","0",""
"pyenv","0","","1267218","0.6355"
"libxcrypt","151303","0.1389","191454","0.0960"
"lm-sensors","151289","0.1389","16968","0.0085"
"libfido2","150905","0.1385","428495","0.2149"
"json-c","150500","0.1382","72181","0.0362"
"librsvg","150447","0.1381","615170","0.3085"
"ffmpeg","49970","0.0459","1266137","0.6349"
"libmd","150434","0.1381","5055","0.0025"
"libxtst","148777","0.1366","88422","0.0443"
"libmaxminddb","148420","0.1363","35386","0.0177"
"debian:libssl1.1","148298","0.1361","0",""
"c-ares","40850","0.0375","1237988","0.6208"
"libpcap","148043","0.1359","24901","0.0125"
"binutils","147480","0.1354","306369","0.1536"
"libpciaccess","147161","0.1351","12584","0.0063"
"libxxf86vm","146991","0.1349","13234","0.0066"
"libsodium","146952","0.1349","600436","0.3011"
"libuv","139346","0.1279","1232141","0.6179"
"mesa","145794","0.1338","49254","0.0247"
"openjpeg","145281","0.1334","783774","0.3930"
"polkit","145186","0.1333","0",""
"samba","145183","0.1333","14201","0.0071"
"libxshmfence","144428","0.1326","0",""
"xorgproto","0","","1206438","0.6050"
"python:dbus-python","142986","0.1313","0",""
"xft","142936","0.1312","0",""
"snappy-compression","142621","0.1309","554733","0.2782"
"pcsc-lite","141750","0.1301","0",""
"openjdk","0","","1196957","0.6002"
"libxv","140988","0.1294","17242","0.0086"
"libnsl","140473","0.1290","125032","0.0627"
"libogg","140449","0.1289","281060","0.1409"
"lapack","140426","0.1289","0",""
"libvorbis","140320","0.1288","256517","0.1286"
"openexr","54572","0.0501","1181137","0.5923"
"wayland","139992","0.1285","16833","0.0084"
"debian:libidn11","139989","0.1285","0",""
"libfontenc","139671","0.1282","5838","0.0029"
"net-snmp","139221","0.1278","68153","0.0342"
"dconf","139116","0.1277","0",""
"gpgme","138935","0.1275","166890","0.0837"
"libxaw","138437","0.1271","0",""
"jbig2dec","138172","0.1268","179523","0.0900"
"lzo","137979","0.1267","700894","0.3515"
"ijs","137845","0.1265","0",""
"nftables","137467","0.1262","0",""
"libsndfile","136410","0.1252","494974","0.2482"
"gstreamer","136124","0.1250","108670","0.0545"
"opus","135467","0.1244","325404","0.1632"
"debian:libapt-pkg6.0","134866","0.1238","0",""
"libxkbcommon","134555","0.1235","18147","0.0091"
"fftw","134404","0.1234","78727","0.0395"
"at-spi2-core","134403","0.1234","137179","0.0688"
"libasyncns","134152","0.1232","0",""
"pulseaudio","134016","0.1230","19346","0.0097"
"linux","133723","0.1228","215600","0.1081"
"libxt","133437","0.1225","56866","0.0285"
"libepoxy","133426","0.1225","81254","0.0407"
"libgudev","133326","0.1224","0",""
"colord","132668","0.1218","0",""
"ghostscript","132195","0.1214","530114","0.2658"
"libunwind","132051","0.1212","18881","0.0095"
"glib-networking","131932","0.1211","80390","0.0403"
"speex","131857","0.1210","315182","0.1581"
"gsm","131671","0.1209","0",""
"json-glib","131588","0.1208","52447","0.0263"
"libde265","131579","0.1208","292972","0.1469"
"nettle","131546","0.1208","1036662","0.5199"
"libxxf86dga","131425","0.1207","0",""
"gnu-bc","131418","0.1206","0",""
"debian:x11-utils","131056","0.1203","0",""
"libxss","130917","0.1202","0",""
"go","0","","1047691","0.5254"
"make","130800","0.1201","118077","0.0592"
"parted","130199","0.1195","0",""
"libsamplerate","129809","0.1192","291149","0.1460"
"lame","129488","0.1189","253156","0.1270"
"wavpack","129112","0.1185","9771","0.0049"
"xapian-core","128962","0.1184","0",""
"libglvnd","128923","0.1184","0",""
"libtheora","128806","0.1182","265951","0.1334"
"mysql-defaults","128510","0.1180","0",""
"gtk","128198","0.1177","168928","0.0847"
"rsync","128137","0.1176","77761","0.0390"
"perl:file-fcntllock","128117","0.1176","0",""
"libproxy","127947","0.1175","18715","0.0094"
"libcaca","127564","0.1171","0",""
"libdeflate","127225","0.1168","288004","0.1444"
"xvidcore","127195","0.1168","216748","0.1087"
"libutempter","127085","0.1167","0",""
"imath","49172","0.0451","1008002","0.5055"
"twolame","126599","0.1162","0",""
"libvdpau","126526","0.1162","0",""
"jack-audio-connection-kit","126499","0.1161","10155","0.0051"
"libxkbfile","124590","0.1144","6219","0.0031"
"protobuf","34803","0.0320","1003974","0.5035"
"libdaemon","124417","0.1142","0",""
"libraw1394","124201","0.1140","0",""
"game-music-emu","124181","0.1140","5862","0.0029"
"shine","124015","0.1138","0",""
"dosfstools","123635","0.1135","0",""
"libavc1394","123478","0.1134","0",""
"libsigc++","123259","0.1132","0",""
"soxr","123067","0.1130","225611","0.1131"
"libiec61883","123024","0.1129","0",""
"libaacs","122893","0.1128","0",""
"flite","121868","0.1119","0",""
"djvulibre","121821","0.1118","0",""
"libexif","121367","0.1114","38317","0.0192"
"x11-xserver-utils","121302","0.1114","0",""
"packagekit","121167","0.1112","0",""
"net-tools","121147","0.1112","0",""
"chromaprint","121115","0.1112","0",""
"libsecret","120608","0.1107","23123","0.0116"
"zeromq","120407","0.1105","305864","0.1534"
"gstreamer:base","120212","0.1104","0",""
"cdparanoia","120123","0.1103","0",""
"giflib","110978","0.1019","963324","0.4831"
"libvisual","119911","0.1101","0",""
"libbs2b","118950","0.1092","0",""
"apr-util","118195","0.1085","316817","0.1589"
"yajl","117782","0.1081","22420","0.0112"
"libvdpau-va-gl","117756","0.1081","0",""
"imagemagick","74274","0.0682","945142","0.4740"
"vulkan-loader","117647","0.1080","30404","0.0152"
"libarchive","117632","0.1080","696702","0.3494"
"ntfs-3g","117515","0.1079","0",""
"libshout","117465","0.1078","31502","0.0158"
"aalib","117391","0.1078","0",""
"openal-soft","117067","0.1075","0",""
"snowballstemmer","117041","0.1074","0",""
"wpa-supplicant","117033","0.1074","0",""
"rubberband","116587","0.1070","521210","0.2614"
"libva","116444","0.1069","12230","0.0061"
"serd","116286","0.1068","0",""
"sord","116280","0.1067","0",""
"m4","77602","0.0712","926897","0.4648"
"sratom","116278","0.1067","0",""
"lilv","116278","0.1067","0",""
"libnotify","115579","0.1061","0",""
"libevdev","114790","0.1054","0",""
"fakeroot","114720","0.1053","0",""
"tesseract-ocr","11587","0.0106","913768","0.4582"
"x11-xkb-utils","114657","0.1053","0",""
"isl","114600","0.1052","583165","0.2924"
"libbluray","114590","0.1052","452628","0.2270"
"libatasmart","114482","0.1051","0",""
"highway-simd-library","39775","0.0365","912315","0.4575"
"lua","114230","0.1049","236781","0.1187"
"gstreamer:good","114161","0.1048","0",""
"libbdplus","114143","0.1048","0",""
"debian:libsoup2.4-1","113996","0.1047","0",""
"glu","113765","0.1044","12346","0.0062"
"libwacom","113724","0.1044","0",""
"bluez","113668","0.1044","0",""
"libdvdnav","113569","0.1043","1189","0.0006"
"usb-modeswitch","113546","0.1042","0",""
"libevent","97074","0.0891","850595","0.4265"
"libass","113239","0.1040","523758","0.2626"
"sane-backends","113178","0.1039","18368","0.0092"
"mpg123","113000","0.1037","492407","0.2469"
"apr","112592","0.1034","374074","0.1876"
"ruby-build","0","","846438","0.4245"
"opencore-amr","112135","0.1029","313468","0.1572"
"dnsmasq","112099","0.1029","50801","0.0255"
"udisks","111793","0.1026","0",""
"libheif","111641","0.1025","608208","0.3050"
"postgresql","86385","0.0793","836096","0.4193"
"libinput","111504","0.1024","0",""
"zvbi","111274","0.1022","0",""
"debian:libsmbclient","111237","0.1021","0",""
"xorg-server","110987","0.1019","14615","0.0073"
"ruby","7558","0.0069","802348","0.4024"
"faad2","110797","0.1017","34580","0.0173"
"libgusb","110744","0.1017","0",""
"modemmanager","110565","0.1015","0",""
"libcanberra","110512","0.1015","0",""
"hyphen","110311","0.1013","0",""
"ppp","110228","0.1012","0",""
"poppler","110087","0.1011","342841","0.1719"
"vid.stab","109854","0.1008","233488","0.1171"
"libdca","109850","0.1008","0",""
"gptfdisk","109783","0.1008","0",""
"musepack","109731","0.1007","24244","0.0122"
"vmaf","0","","782731","0.3925"
"anacron","109570","0.1006","0",""
"a52dec","109519","0.1005","0",""
"iw","109226","0.1003","0",""
"libxfont2","109220","0.1003","5693","0.0029"
"gstreamer:libav","109191","0.1002","0",""
"libmpeg2","109086","0.1001","0",""
"liblqr","108894","0.1000","159556","0.0800"
"guile","0","","759055","0.3806"
"gstreamer-orc","108565","0.0997","69087","0.0346"
"libmbim","108481","0.0996","0",""
"perl:algorithm-diff-xs","108476","0.0996","0",""
"xdrv:fbdev","108320","0.0994","0",""
"startup-notification","108281","0.0994","0",""
"xdrv:vesa","107979","0.0991","0",""
"sbc","107970","0.0991","0",""
"libmodplug","107861","0.0990","0",""
"libavif","16241","0.0149","720852","0.3615"
"libspectre","107808","0.0990","0",""
"xdrv:ati","107786","0.0990","0",""
"libxvmc","107634","0.0988","0",""
"speexdsp","107619","0.0988","20193","0.0101"
"z3","107520","0.0987","371464","0.1863"
"xdrv:wacom","106981","0.0982","0",""
"alsa-utils","106942","0.0982","0",""
"autoconf","0","","707705","0.3549"
"xdrv:vmware","106843","0.0981","0",""
"vo-amrwbenc","106826","0.0981","0",""
"nas","106565","0.0978","0",""
"upower","106429","0.0977","0",""
"apache","106258","0.0975","131089","0.0657"
"libopenmpt","106230","0.0975","0",""
"debian:x11-apps","106204","0.0975","0",""
"libqmi","105926","0.0972","0",""
"raptor-rdf","105862","0.0972","0",""
"mhash","105718","0.0971","0",""
"gstreamer:bad","105664","0.0970","0",""
"libexttextcat","105645","0.0970","0",""
"vo-aacenc","105631","0.0970","0",""
"rtkit","105597","0.0969","0",""
"oniguruma","79218","0.0727","696339","0.3492"
"vte","105568","0.0969","33290","0.0167"
"xdrv:intel","105565","0.0969","0",""
"networkmanager","105537","0.0969","0",""
"video4linux","105406","0.0968","0",""
"php","0","","694800","0.3484"
"xcb-util-renderutil","105308","0.0967","5458","0.0027"
"xcb-util-keysyms","105286","0.0967","5337","0.0027"
"libsigsegv","105208","0.0966","6669","0.0033"
"jasper","0","","691511","0.3468"
"x11-session-utils","105189","0.0966","0",""
"debian:python2.7-minimal","105106","0.0965","0",""
"libxres","105077","0.0965","0",""
"debian:python2.7","104938","0.0963","0",""
"gcr","104803","0.0962","0",""
"mariadb","104704","0.0961","84311","0.0423"
"xcb-util-image","104635","0.0961","5620","0.0028"
"dbus-glib","104460","0.0959","0",""
"llvm","40600","0.0373","686364","0.3442"
"libteam","104369","0.0958","0",""
"xcb-util-wm","104362","0.0958","5789","0.0029"
"libndp","104346","0.0958","0",""
"libffi","94902","0.0871","677552","0.3398"
"ocl-icd","104256","0.0957","0",""
"usbmuxd","104216","0.0957","0",""
"libao","104010","0.0955","0",""
"sdl2","103367","0.0949","0",""
"boost","37013","0.0340","676969","0.3395"
"libkate","103108","0.0947","0",""
"soundtouch","103069","0.0946","0",""
"wildmidi","102759","0.0943","0",""
"librevenge","102723","0.0943","0",""
"hunspell","102504","0.0941","109510","0.0549"
"mythes","102304","0.0939","0",""
"sndio","102183","0.0938","0",""
"libreoffice","102175","0.0938","0",""
"libdv","102142","0.0938","0",""
"libnice","102137","0.0938","25706","0.0129"
"pkgconf","22205","0.0204","612084","0.3069"
"debian:libgcc1","101971","0.0936","0",""
"alsa-ucm-conf","101824","0.0935","0",""
"alsa-topology-conf","101816","0.0935","0",""
"gstreamer:ugly","101614","0.0933","0",""
"libwpd","101586","0.0933","0",""
"libwpg","101567","0.0932","0",""
"liblangtag","101519","0.0932","0",""
"libaio","101275","0.0930","0",""
"cups-filters","101231","0.0929","0",""
"libeot","101170","0.0929","0",""
"libmtp","101151","0.0929","0",""
"debian:libpython2.7-minimal","101125","0.0928","0",""
"libwnck","101117","0.0928","0",""
"freetds","8100","0.0074","594619","0.2982"
"debian:libpython2.7-stdlib","101033","0.0928","0",""
"mtdev","100944","0.0927","0",""
"volume-key","100651","0.0924","0",""
"mbedtls","15545","0.0143","591402","0.2966"
"gnome-keyring","100575","0.0923","0",""
"speech-dispatcher","100476","0.0922","0",""
"libodfgen","100447","0.0922","0",""
"libgphoto2","100386","0.0922","14679","0.0074"
"libvisio","100341","0.0921","0",""
"libcdr","100331","0.0921","0",""
"mysql","0","","578865","0.2903"
"libsrtp","100238","0.0920","0",""
"libieee1284","100055","0.0919","0",""
"libetonyek","99924","0.0917","0",""
"libabw","99863","0.0917","0",""
"libe-book","99850","0.0917","0",""
"norm","99833","0.0916","0",""
"ngtcp2","18249","0.0168","567026","0.2843"
"woff2","99629","0.0915","6911","0.0035"
"libmwaw","99460","0.0913","0",""
"spandsp","99328","0.0912","0",""
"leptonica","3515","0.0032","565886","0.2838"
"p7zip","99089","0.0910","85932","0.0431"
"libsidplay1","99069","0.0909","0",""
"graphene","98973","0.0909","39644","0.0199"
"libfreehand","98801","0.0907","0",""
"libmspub","98799","0.0907","0",""
"gvfs","97940","0.0899","0",""
"libwps","97567","0.0896","0",""
"gexiv2","97392","0.0894","0",""
"sonic-speech-rate-library","97366","0.0894","0",""
"python:pycups","97101","0.0891","0",""
"graphviz","55652","0.0511","546439","0.2740"
"rabbitmq-c","97039","0.0891","0",""
"debian:libgdk-pixbuf2.0-0","96952","0.0890","0",""
"boehm-gc","85435","0.0784","541194","0.2714"
"geoip","96910","0.0890","0",""
"xmlsec","96838","0.0889","38223","0.0192"
"libpagemaker","96516","0.0886","0",""
"librist","56340","0.0517","538033","0.2698"
"dotconf","95876","0.0880","0",""
"plymouth","95856","0.0880","0",""
"texlive","95765","0.0879","15439","0.0077"
"brltty","95405","0.0876","0",""
"libdbusmenu","93738","0.0861","0",""
"libudfread","93602","0.0859","125729","0.0630"
"pcaudiolib","93229","0.0856","0",""
"bsdmainutils","93191","0.0856","0",""
"espeak","93087","0.0855","0",""
"libmysofa","92918","0.0853","0",""
"libnumbertext","92884","0.0853","0",""
"libstaroffice","92234","0.0847","0",""
"zbar","92213","0.0847","17439","0.0087"
"libepubgen","92047","0.0845","0",""
"alsa-plugins","91419","0.0839","0",""
"libzmf","91109","0.0836","0",""
"libqxp","91099","0.0836","0",""
"jemalloc","90595","0.0832","150134","0.0753"
"cairomm","90398","0.0830","0",""
"pangomm","90339","0.0829","0",""
"jq","65417","0.0601","517103","0.2593"
"atkmm","90333","0.0829","0",""
"redland","90075","0.0827","0",""
"zip","90071","0.0827","61097","0.0306"
"dav1d","18213","0.0167","516721","0.2591"
"hdparm","89922","0.0826","0",""
"rasqal","89805","0.0824","0",""
"pocketsphinx","89508","0.0822","0",""
"libdc1394","88950","0.0817","0",""
"debian:imagemagick-6-common","88869","0.0816","0",""
"mjpegtools","88666","0.0814","0",""
"libxklavier","88343","0.0811","0",""
"tcltk","0","","504348","0.2529"
"libwmf","87952","0.0807","0",""
"powermgmt-base","87867","0.0807","0",""
"distro-info-unclassified","87697","0.0805","0",""
"x265","16881","0.0155","495571","0.2485"
"xcb-util","87499","0.0803","6058","0.0030"
"accountsservice","87490","0.0803","0",""
"lerc","86936","0.0798","17873","0.0090"
"libayatana-indicator","85944","0.0789","0",""
"libgtop","85904","0.0789","0",""
"ayatana-ido","85873","0.0788","0",""
"gawk","84634","0.0777","75556","0.0379"
"flac","17414","0.0160","490471","0.2460"
"zenity","84367","0.0775","0",""
"yelp","84315","0.0774","0",""
"debian:libflac8","84051","0.0772","0",""
"nvm","0","","481434","0.2414"
"gnome-online-accounts","84000","0.0771","0",""
"libnma","83939","0.0771","0",""
"debian:libgs9-common","83760","0.0769","0",""
"folly","0","","474026","0.2377"
"libayatana-appindicator","83650","0.0768","0",""
"libinstpatch","82895","0.0761","0",""
"pipewire","82813","0.0760","0",""
"srt","54705","0.0502","464860","0.2331"
"libgdata","82618","0.0758","0",""
"debian:libiptc0","82193","0.0755","0",""
"xterm","82139","0.0754","0",""
"netpbm","76472","0.0702","457559","0.2295"
"cracklib","82104","0.0754","0",""
"libsepol","81951","0.0752","0",""
"debian:libgs9","81930","0.0752","0",""
"libbpf","81645","0.0750","0",""
"fizz","0","","455848","0.2286"
"libltc","81614","0.0749","0",""
"synaptic","81022","0.0744","0",""
"liblouis","80674","0.0741","0",""
"fbthrift","0","","453755","0.2275"
"ibus","80652","0.0740","0",""
"openpgm","80489","0.0739","0",""
"debian:libmagickcore-6.q16-6","80473","0.0739","0",""
"libgxps","80295","0.0737","0",""
"debian:libmagickwand-6.q16-6","80161","0.0736","0",""
"gspell","80084","0.0735","25298","0.0127"
"fb303","0","","452539","0.2269"
"qrencode","80049","0.0735","21154","0.0106"
"openni2","79861","0.0733","0",""
"libpwquality","79860","0.0733","0",""
"abseil-cpp","14320","0.0131","448307","0.2248"
"libcdio-paranoia","79470","0.0730","0",""
"qt","79428","0.0729","324718","0.1628"
"lirc","79245","0.0727","0",""
"wangle","0","","440946","0.2211"
"debian:libprocps8","78874","0.0724","0",""
"debian:perl-modules-5.36","78755","0.0723","0",""
"python:numpy","0","","440092","0.2207"
"debian:libperl5.36","78716","0.0723","0",""
"jxrlib-4creators","78684","0.0722","0",""
"debian:python-minimal","78531","0.0721","0",""
"debian:python","78411","0.0720","0",""
"enchant","78344","0.0719","27758","0.0139"
"perl:glib-object-introspection","78120","0.0717","0",""
"redis","9279","0.0085","430610","0.2159"
"perl:cairo-gobject","78084","0.0717","0",""
"tcl-lang","77576","0.0712","0",""
"qemu","24781","0.0227","428950","0.2151"
"debian:librest-0.7-0","77201","0.0709","0",""
"network-manager-applet","76622","0.0703","0",""
"libcdio","75723","0.0695","0",""
"libmanette","75281","0.0691","0",""
"duktape","74478","0.0684","2971","0.0015"
"xkbset","74271","0.0682","0",""
"libpeas","74042","0.0680","5207","0.0026"
"libvpx","17182","0.0158","418166","0.2097"
"libburn","73702","0.0677","0",""
"libisofs","73463","0.0674","0",""
"evince","73177","0.0672","0",""
"libssh","58995","0.0542","405225","0.2032"
"babl","72562","0.0666","0",""
"gimp","72509","0.0666","0",""
"libmad","72452","0.0665","11598","0.0058"
"sdl12-compat","72353","0.0664","15111","0.0076"
"libdvdread","72197","0.0663","1723","0.0009"
"svt-av1","20428","0.0188","402269","0.2017"
"libimagequant","71649","0.0658","90806","0.0455"
"debian:libmagickcore-6.q16-6-extra","71299","0.0655","0",""
"debian:dnsutils","71271","0.0654","0",""
"rust","0","","402215","0.2017"
"clutter","70540","0.0648","0",""
"libgee","70374","0.0646","0",""
"libical","69974","0.0642","0",""
"neovim","0","","399934","0.2006"
"debian:perl-modules-5.32","69687","0.0640","0",""
"cogl","69649","0.0639","0",""
"debian:libperl5.32","69593","0.0639","0",""
"frei0r","0","","398792","0.2000"
"tk","69434","0.0637","0",""
"debian:libavutil56","69325","0.0636","0",""
"debian:libswresample3","69260","0.0636","0",""
"cocoapods","0","","396699","0.1989"
"libmng","69020","0.0634","89572","0.0449"
"notification-daemon","68799","0.0632","0",""
"clutter-gtk","68703","0.0631","0",""
"libzip","8339","0.0077","388245","0.1947"
"totem-pl-parser","68166","0.0626","0",""
"debian:libexiv2-27","68129","0.0625","0",""
"libgsf","68111","0.0625","25183","0.0126"
"unixodbc","33623","0.0309","385424","0.1933"
"liboauth","68092","0.0625","0",""
"libmms","67980","0.0624","2855","0.0014"
"gnome-disk-utility","67940","0.0624","0",""
"libhandy","67737","0.0622","6897","0.0035"
"debian:libavcodec58","67615","0.0621","0",""
"double-conversion","66755","0.0613","286751","0.1438"
"gsl","66714","0.0612","21253","0.0107"
"exempi","66412","0.0610","0",""
"osinfo-db","66295","0.0609","10134","0.0051"
"debian:libgimp2.0","66143","0.0607","0",""
"socat","65828","0.0604","47484","0.0238"
"debian:imagemagick-6.q16","65493","0.0601","0",""
"libosinfo","65340","0.0600","5769","0.0029"
"usrmerge","65284","0.0599","0",""
"zimg-image-processing","58033","0.0533","364072","0.1826"
"debian:libncurses5","65234","0.0599","0",""
"libyuv","64975","0.0596","0",""
"libgav1","64879","0.0596","0",""
"libraw","14722","0.0135","362567","0.1818"
"libidn","64490","0.0592","293129","0.1470"
"gtksourceview","64403","0.0591","15922","0.0080"
"gjs","64386","0.0591","0",""
"openblas","12639","0.0116","361316","0.1812"
"libsoup","64064","0.0588","74525","0.0374"
"gnome-settings-daemon","63941","0.0587","0",""
"rbenv","0","","359313","0.1802"
"metis","63921","0.0587","30901","0.0155"
"geoclue","63767","0.0585","0",""
"xdg-user-dirs-gtk","63691","0.0585","0",""
"aptitude","63478","0.0583","0",""
"lynx","63152","0.0580","13002","0.0065"
"gnome-terminal","63111","0.0579","0",""
"libxcvt","63070","0.0579","0",""
"whois","62901","0.0577","0",""
"apmod:dnssd","62782","0.0576","0",""
"libmediaart","62773","0.0576","0",""
"x264","56474","0.0518","353427","0.1772"
"file-roller","62629","0.0575","0",""
"gnome-control-center","62535","0.0574","0",""
"md4c","62393","0.0573","80766","0.0405"
"libb2","29584","0.0272","348950","0.1750"
"debian:libavformat58","62380","0.0573","0",""
"wireless-tools","62225","0.0571","0",""
"libiptcdata","62066","0.0570","0",""
"luajit","0","","347785","0.1744"
"gnome-user-share","61916","0.0568","0",""
"libftdi","61650","0.0566","12942","0.0065"
"liblouisutdml","61622","0.0566","0",""
"exim","61569","0.0565","0",""
"ethtool","61417","0.0564","0",""
"debian:libswscale5","61279","0.0563","0",""
"automake","0","","341353","0.1712"
"gssdp","61171","0.0562","0",""
"gupnp","61167","0.0562","0",""
"grilo","61000","0.0560","0",""
"jigit","60991","0.0560","0",""
"libgnomekbd","60799","0.0558","0",""
"totem","60741","0.0558","0",""
"pinentry","0","","334378","0.1677"
"transmission","60588","0.0556","11778","0.0059"
"libcddb","60542","0.0556","0",""
"libphonenumber","60529","0.0556","0",""
"cjson","57800","0.0531","333518","0.1672"
"mutter","60497","0.0555","0",""
"debian:libpostproc55","60251","0.0553","0",""
"yt-dlp","0","","333403","0.1672"
"libcue","59885","0.0550","0",""
"debian:libncursesw5","59885","0.0550","0",""
"brasero","59801","0.0549","0",""
"gnome-session","59752","0.0549","0",""
"nautilus","59519","0.0546","0",""
"grilo-plugins","59513","0.0546","0",""
"debian:libpython2.7","59406","0.0545","0",""
"libgpod","59261","0.0544","0",""
"gnome-autoar","59228","0.0544","0",""
"xnnpack","59152","0.0543","0",""
"shared-mime-info","0","","322284","0.1616"
"vlc","58848","0.0540","0",""
"rpcbind","58826","0.0540","0",""
"tree-steve-baker","41564","0.0382","320156","0.1605"
"debian:libavfilter7","58722","0.0539","0",""
"libjcat","58669","0.0539","0",""
"libsidplay","58578","0.0538","0",""
"flashrom","58153","0.0534","0",""
"debian:libcomerr2","58117","0.0534","0",""
"edencommon","0","","318274","0.1596"
"libofa","57990","0.0532","0",""
"gnome-shell","57907","0.0532","0",""
"gcab","57843","0.0531","0",""
"eog","57472","0.0528","0",""
"nfs-utils","57455","0.0527","0",""
"gdm-gnome-display-manager","57444","0.0527","0",""
"clutter-gst","57379","0.0527","0",""
"shotwell","57342","0.0526","0",""
"tmux","33855","0.0311","313602","0.1573"
"libnatpmp","57334","0.0526","0",""
"gegl","56950","0.0523","0",""
"libdvbpsi","56626","0.0520","0",""
"tinysparql","56571","0.0519","0",""
"smartmontools","56469","0.0518","34039","0.0171"
"cheese","56408","0.0518","0",""
"debian:libgdbm3","55774","0.0512","0",""
"folks","55522","0.0510","0",""
"debian:libswresample4","55507","0.0510","0",""
"xcbeautify","0","","306106","0.1535"
"evolution","55243","0.0507","0",""
"screen","55231","0.0507","13170","0.0066"
"malcontent-parental-controls","55113","0.0506","0",""
"bogofilter","54888","0.0504","0",""
"ytnef","54859","0.0504","0",""
"tree-sitter","0","","301452","0.1512"
"ostree","54661","0.0502","0",""
"gmmlib","54164","0.0497","0",""
"yarn","0","","299921","0.1504"
"sdl-image","54155","0.0497","0",""
"dee","54154","0.0497","0",""
"debian:libntfs-3g883","54006","0.0496","0",""
"swiftlint","0","","297354","0.1491"
"webkitgtk","53986","0.0496","0",""
"gnome-contacts","53831","0.0494","0",""
"tpm2-tss","53802","0.0494","0",""
"utf8proc","3246","0.0030","296469","0.1487"
"libopenmpt-modplug","53722","0.0493","0",""
"rhythmbox","53714","0.0493","0",""
"libdecor-0","53666","0.0493","0",""
"ninja","0","","296268","0.1486"
"gnome-menus","53665","0.0493","0",""
"debian:libavresample4","53474","0.0491","0",""
"debian:libavutil57","53294","0.0489","0",""
"libpthread-stubs","40045","0.0368","295982","0.1484"
"localsearch","53243","0.0489","0",""
"rdma-core","53217","0.0489","0",""
"gsound","52619","0.0483","0",""
"libcbor","19358","0.0178","295006","0.1479"
"libmypaint","52451","0.0482","0",""
"gucharmap","52443","0.0481","0",""
"libntlm","52247","0.0480","0",""
"gom","52146","0.0479","0",""
"hoichess","51930","0.0477","0",""
"debian:libcroco3","51551","0.0473","0",""
"debian:libavcodec59","51458","0.0472","0",""
"libxnvctrl","51452","0.0472","0",""
"pigz","51435","0.0472","10901","0.0055"
"libgnome-games-support","51431","0.0472","0",""
"hitori","51108","0.0469","0",""
"flatpak","50730","0.0466","0",""
"libqrtr-glib","50584","0.0464","0",""
"debian:libswscale6","50402","0.0463","0",""
"qqwing","50368","0.0462","0",""
"fmt","8276","0.0076","290346","0.1456"
"meta-gnome3","50220","0.0461","0",""
"debian:libavformat59","49978","0.0459","0",""
"rpcsvc-proto","49971","0.0459","0",""
"libunibreak","14867","0.0136","288566","0.1447"
"libxmlb","49823","0.0457","10382","0.0052"
"libldac","49620","0.0456","0",""
"gstreamer:editing-services","49519","0.0455","0",""
"fluidsynth","49506","0.0454","26755","0.0134"
"mailx-unclassified","49488","0.0454","0",""
"liblrdf","49305","0.0453","0",""
"debian:libpostproc56","49197","0.0452","0",""
"powertop","49076","0.0451","0",""
"ann","49040","0.0450","0",""
"libfreeaptx","48905","0.0449","0",""
"debian:libavfilter8","48791","0.0448","0",""
"jpeg","0","","272910","0.1369"
"mc","48754","0.0448","66679","0.0334"
"libmusicbrainz","48171","0.0442","0",""
"nmap","48141","0.0442","241190","0.1209"
"php:composer","0","","272755","0.1368"
"debian:libnetpbm10","47832","0.0439","0",""
"libpst","47368","0.0435","0",""
"gdk-pixbuf-xlib","47286","0.0434","0",""
"aribb24","46866","0.0430","188899","0.0947"
"http-parser","46488","0.0427","0",""
"libassuan","18124","0.0166","262411","0.1316"
"box2d","46336","0.0425","0",""
"lightdm","46336","0.0425","0",""
"libmspack","46328","0.0425","0",""
"editorconfig-core-unclassified","46149","0.0424","0",""
"debian:libreadline5","46100","0.0423","0",""
"gts-triangulated-surface","46020","0.0422","143973","0.0722"
"libid3tag","45865","0.0421","0",""
"libtommath","45859","0.0421","53827","0.0270"
"colord-gtk","45816","0.0421","0",""
"libunity","45379","0.0417","0",""
"gedit","44965","0.0413","13216","0.0066"
"liburing","44928","0.0412","0",""
"debian:libnautilus-extension1a","44908","0.0412","0",""
"libebml","44793","0.0411","6385","0.0032"
"nghttp3","18996","0.0174","247118","0.1239"
"libmatroska","44787","0.0411","5894","0.0030"
"debian:libx264-160","44133","0.0405","0",""
"libadwaita-1","43697","0.0401","0",""
"perl:b-hooks-op-check","43166","0.0396","0",""
"w3m","43147","0.0396","0",""
"libcloudproviders","43129","0.0396","0",""
"kcoreaddons","42719","0.0392","0",""
"kwindowsystem","42656","0.0392","0",""
"libspatialaudio","42591","0.0391","0",""
"telnet-apple","0","","239214","0.1200"
"polkit-qt-1","42530","0.0390","0",""
"kwidgetsaddons","42490","0.0390","0",""
"tcpdump","42155","0.0387","0",""
"kguiaddons","41996","0.0386","0",""
"kconfig","41908","0.0385","0",""
"kitemviews","41860","0.0384","0",""
"autogen","41854","0.0384","0",""
"libwpe","41849","0.0384","0",""
"wpebackend-fdo","41829","0.0384","0",""
"uvwasi","0","","234930","0.1178"
"ki18n","41723","0.0383","0",""
"kwayland","41657","0.0382","0",""
"libdbusmenu-qt","41631","0.0382","0",""
"karchive","41353","0.0380","0",""
"perl:sub-identify","41322","0.0379","0",""
"perl:variable-magic","41293","0.0379","0",""
"kcrash","41229","0.0378","0",""
"debian:policykit-1-gnome","41150","0.0378","0",""
"hwloc","26078","0.0239","233406","0.1170"
"debian:libgl1-mesa-glx","41055","0.0377","0",""
"kcompletion","40990","0.0376","0",""
"libvncserver","40984","0.0376","0",""
"libchamplain","40963","0.0376","0",""
"texinfo","40953","0.0376","53303","0.0267"
"kauth","40857","0.0375","0",""
"htop","0","","220868","0.1108"
"pavucontrol","40843","0.0375","0",""
"kcodecs","40830","0.0375","0",""
"hdf5","7358","0.0068","217962","0.1093"
"kconfigwidgets","40826","0.0375","0",""
"keybinder","40767","0.0374","0",""
"perl:class-xsaccessor","40750","0.0374","0",""
"kiconthemes","40630","0.0373","0",""
"wtmpdb","40579","0.0373","0",""
"kdbusaddons","40549","0.0372","0",""
"perl:package-stash-xs","40532","0.0372","0",""
"sysstat","40464","0.0371","0",""
"debian:libsnmp30","40445","0.0371","0",""
"knotifications","40430","0.0371","0",""
"kwallet","40333","0.0370","0",""
"solid-hardware-abstraction","40313","0.0370","0",""
"debian:libpolkit-backend-1-0","40307","0.0370","0",""
"pipx","0","","211504","0.1061"
"kservice","40300","0.0370","0",""
"caribou","40239","0.0369","0",""
"docker-completion","0","","206721","0.1037"
"debian:ntp","40138","0.0368","0",""
"sonnet","40134","0.0368","0",""
"fusefs:sshfs","40060","0.0368","0",""
"docutils","0","","204737","0.1027"
"ktextwidgets","40027","0.0367","0",""
"debian:libmpfr4","39871","0.0366","0",""
"libgit2","5438","0.0050","203009","0.1018"
"kglobalaccel","39810","0.0365","0",""
"kxmlgui","39789","0.0365","0",""
"openjph","0","","202308","0.1015"
"kjobwidgets","39767","0.0365","0",""
"kio","39733","0.0365","0",""
"nginx","22295","0.0205","199519","0.1001"
"at","39669","0.0364","0",""
"intel-processor-trace","39576","0.0363","0",""
"debian:libopenexr25","38963","0.0358","0",""
"mutt","38958","0.0358","0",""
"acpid","38795","0.0356","0",""
"appstream-glib","38745","0.0356","0",""
"usbredir","38690","0.0355","9546","0.0048"
"libvoikko","38624","0.0355","0",""
"ccache","0","","185909","0.0932"
"libxpresent","38485","0.0353","0",""
"uriparser","38480","0.0353","24201","0.0121"
"neon","38219","0.0351","0",""
"onetbb","15996","0.0147","185349","0.0929"
"insserv","38158","0.0350","0",""
"kdoctools","37979","0.0349","0",""
"perl:json-xs","37973","0.0349","0",""
"glog","0","","184386","0.0925"
"ceph","37945","0.0348","0",""
"libgweather","37918","0.0348","0",""
"debian:mlocate","37835","0.0347","0",""
"qtchooser","37737","0.0346","0",""
"zix","37663","0.0346","0",""
"zsh","16762","0.0154","180487","0.0905"
"libjaylink","37660","0.0346","0",""
"libslirp","37654","0.0346","153871","0.0772"
"tokyocabinet","37654","0.0346","0",""
"gtk-vnc","37083","0.0340","9720","0.0049"
"libcacard","36986","0.0340","0",""
"acpi-support","36882","0.0339","0",""
"debian:python-talloc","36785","0.0338","0",""
"libmicrohttpd","0","","177963","0.0892"
"portaudio","36672","0.0337","62688","0.0314"
"debian:libldb1","36640","0.0336","0",""
"mint-swift-package-manager","0","","172762","0.0866"
"xfconf","36612","0.0336","0",""
"libgit2-glib","36476","0.0335","0",""
"debian:libgsasl7","36158","0.0332","0",""
"gnome-bluetooth","36117","0.0332","0",""
"libu2f-host","36110","0.0332","0",""
"python:virtualenv","0","","169081","0.0848"
"attica","36053","0.0331","0",""
"kbookmarks","35954","0.0330","0",""
"libxfce4util","35951","0.0330","0",""
"xcb-util-cursor","35744","0.0328","0",""
"libquvi-scripts","35732","0.0328","0",""
"discount","35677","0.0328","0",""
"rygel","35604","0.0327","0",""
"assimp","2928","0.0027","166746","0.0836"
"glusterfs","35478","0.0326","0",""
"hplip","35178","0.0323","0",""
"libimobiledevice-glue","35078","0.0322","17482","0.0088"
"openmpi","9785","0.0090","162350","0.0814"
"qr-code-generator","34943","0.0321","0",""
"potrace","34872","0.0320","6759","0.0034"
"time","34785","0.0319","0",""
"gupnp-igd","34679","0.0318","0",""
"gsettings-desktop-schemas","0","","158379","0.0794"
"python:pyxattr","34602","0.0318","0",""
"dleyna","34381","0.0316","0",""
"meson","0","","157988","0.0792"
"perl:yaml-libyaml","34364","0.0315","0",""
"kirigami","34310","0.0315","0",""
"xerces-c","34086","0.0313","54586","0.0274"
"pmix","11823","0.0109","156405","0.0784"
"blt","33915","0.0311","0",""
"tidy","0","","155182","0.0778"
"cdrkit","33852","0.0311","0",""
"libxfce4ui","33834","0.0311","0",""
"procmail","33695","0.0309","0",""
"grpc","0","","154288","0.0774"
"phonon-vlc","33509","0.0308","0",""
"kparts","33437","0.0307","0",""
"kpackage","33032","0.0303","0",""
"phonon","32955","0.0303","0",""
"emacs","0","","153100","0.0768"
"debian:libodbc1","32865","0.0302","0",""
"kidletime","32805","0.0301","0",""
"nodejs","32670","0.0300","2773602","1.3909"
"luv","0","","153045","0.0767"
"kdeclarative","32585","0.0299","0",""
"dvd+rw-tools","32521","0.0299","0",""
"openvino","0","","152146","0.0763"
"hfst-ospell","32398","0.0297","0",""
"cmark","32359","0.0297","0",""
"tnftp","32118","0.0295","0",""
"exo","32045","0.0294","0",""
"qca","31959","0.0293","0",""
"capstone","0","","148490","0.0745"
"debian:libtracker-sparql-2.0-0","31820","0.0292","0",""
"postfix","31684","0.0291","0",""
"cmocka","0","","145621","0.0730"
"hsqldb","31557","0.0290","0",""
"xfwm4","31343","0.0288","0",""
"kactivities","31330","0.0288","0",""
"liblinear","28599","0.0263","144025","0.0722"
"debian:libdc1394-22","31205","0.0286","0",""
"spice-gtk","31142","0.0286","12379","0.0062"
"gsasl","31106","0.0286","0",""
"lzop","30990","0.0284","0",""
"ebook-tools","30985","0.0284","0",""
"gflags","0","","142983","0.0717"
"babeltrace","30982","0.0284","0",""
"caja","30979","0.0284","0",""
"kcmutils","30937","0.0284","0",""
"msgpack","0","","142961","0.0717"
"knewstuff","30911","0.0284","0",""
"systemsettings","30803","0.0283","0",""
"pipenv","0","","141668","0.0710"
"mscompress","30722","0.0282","0",""
"libshumate","30713","0.0282","0",""
"debian:libxcb-util0","30683","0.0282","0",""
"erlang","0","","141272","0.0708"
"debian:polkitd-pkla","30657","0.0281","0",""
"libaec","30606","0.0281","126655","0.0635"
"python:pre-commit","0","","140510","0.0705"
"dctrl-tools","30564","0.0281","0",""
"debian:libreadline6","30479","0.0280","0",""
"min12xxw","30476","0.0280","0",""
"fastlane","0","","140104","0.0703"
"thunar","30475","0.0280","0",""
"foo2zjs","30357","0.0279","0",""
"tumbler","30354","0.0279","0",""
"pnm2ppa","30333","0.0278","0",""
"geocode-glib","30243","0.0278","0",""
"python:sphinx","0","","136251","0.0683"
"debian:libssl1.0.0","30230","0.0278","0",""
"xfce4-panel","30222","0.0277","0",""
"gdal","7047","0.0065","136224","0.0683"
"mousepad","30170","0.0277","0",""
"libaccounts-glib","30163","0.0277","0",""
"debian:libenchant1c2a","29967","0.0275","0",""
"openfec","29837","0.0274","0",""
"libportal","29813","0.0274","0",""
"wireplumber","29688","0.0273","0",""
"plasma-framework","29655","0.0272","0",""
"pygments","0","","133370","0.0669"
"rest","29592","0.0272","0",""
"garcon","29566","0.0271","0",""
"signond","29510","0.0271","0",""
"onnxruntime","29502","0.0271","0",""
"the-silver-searcher","0","","128060","0.0642"
"threadweaver","29473","0.0271","0",""
"gtk-engines","29330","0.0269","0",""
"vde","0","","126761","0.0636"
"thunar-volman","29320","0.0269","0",""
"inkscape","29167","0.0268","0",""
"xfdesktop","28913","0.0265","0",""
"gupnp-av","28857","0.0265","0",""
"libraqm","28855","0.0265","43673","0.0219"
"strace","28814","0.0265","0",""
"xfce4-session","28810","0.0264","0",""
"gupnp-dlna","28791","0.0264","0",""
"libfakekey","28770","0.0264","0",""
"netcdf","5842","0.0054","121654","0.0610"
"zerofree","28592","0.0262","0",""
"xfce4-appfinder","28340","0.0260","0",""
"cwidget","28297","0.0260","0",""
"libdazzle","28285","0.0260","0",""
"tfenv","0","","119366","0.0599"
"xfce4-notifyd","28276","0.0260","0",""
"okular","28091","0.0258","0",""
"flex","28079","0.0258","22756","0.0114"
"patchutils","28068","0.0258","0",""
"kitemmodels","27979","0.0257","0",""
"wxwidgets","11402","0.0105","117507","0.0589"
"firebird","27957","0.0257","0",""
"cifs-utils","27949","0.0257","0",""
"opencv","9292","0.0085","116403","0.0584"
"knotifyconfig","27882","0.0256","0",""
"pmdk","27847","0.0256","0",""
"watch","0","","110227","0.0553"
"xarchiver","27832","0.0256","0",""
"perl:unicode-utf8","27813","0.0255","0",""
"ndctl","27775","0.0255","0",""
"xfce4-terminal","27760","0.0255","0",""
"debian:libtracker-control-2.0-0","27668","0.0254","0",""
"re2","13865","0.0127","107577","0.0539"
"debian:libtracker-miner-2.0-0","27466","0.0252","0",""
"inih","27350","0.0251","0",""
"libtomcrypt","27167","0.0249","258","0.0001"
"atril","27071","0.0249","0",""
"xcodegen","0","","105646","0.0530"
"proj","26976","0.0248","102834","0.0516"
"debian:libavdevice58","26876","0.0247","0",""
"debian:python-crypto","26868","0.0247","0",""
"apache-arrow","0","","104424","0.0524"
"libebur128","26817","0.0246","0",""
"imlib2","26614","0.0244","23105","0.0116"
"thunar-archive-plugin","26545","0.0244","0",""
"bison","19445","0.0179","104173","0.0522"
"kpty","26543","0.0244","0",""
"gtkspell","26493","0.0243","0",""
"suitesparse","14502","0.0133","104057","0.0522"
"gutenprint","26469","0.0243","0",""
"lyx","26455","0.0243","0",""
"xfce4-power-manager","26439","0.0243","0",""
"bluez-qt","26431","0.0243","0",""
"scrcpy","0","","100474","0.0504"
"openconnect","26376","0.0242","21919","0.0110"
"libei","26343","0.0242","0",""
"debian:libfam0","26339","0.0242","0",""
"xfce4-screenshooter","26285","0.0241","0",""
"libvterm-leonerd","0","","99457","0.0499"
"xfburn","26248","0.0241","0",""
"thunar-media-tags-plugin","26239","0.0241","0",""
"python:pycairo","0","","99421","0.0499"
"chromium","26117","0.0240","0",""
"eigen","3568","0.0033","98603","0.0494"
"debian:libmutter-11-0","26076","0.0239","0",""
"mdadm","26072","0.0239","0",""
"doxygen","0","","97634","0.0490"
"libgssglue","26060","0.0239","0",""
"ristretto","26000","0.0239","0",""
"python:pygobject","0","","97625","0.0490"
"kfilemetadata","25992","0.0239","0",""
"swig","0","","96459","0.0484"
"perl:perlio-gzip","25987","0.0239","0",""
"xfce4-clipman-plugin","25987","0.0239","0",""
"purpose","25972","0.0238","0",""
"aws-sdk-cpp","0","","94341","0.0473"
"frameworkintegration","25951","0.0238","0",""
"xfce4-taskmanager","25922","0.0238","0",""
"graphicsmagick","15373","0.0141","93974","0.0471"
"gdb","25866","0.0237","50657","0.0254"
"dtc","25821","0.0237","57133","0.0287"
"pugixml","18821","0.0173","93632","0.0470"
"krunner","25803","0.0237","0",""
"libaccounts-qt","25788","0.0237","0",""
"simdjson","0","","93378","0.0468"
"xfce4-sensors-plugin","25786","0.0237","0",""
"xfce4-battery-plugin","25777","0.0237","0",""
"unibilium","0","","93304","0.0468"
"kcontacts","25756","0.0236","0",""
"xfce4-xkb-plugin","25753","0.0236","0",""
"xfce4-systemload-plugin","25744","0.0236","0",""
"debian:ntpdate","25738","0.0236","0",""
"vtk","1051","0.0010","91433","0.0459"
"freexl","25730","0.0236","29908","0.0150"
"xfce4-cpugraph-plugin","25722","0.0236","0",""
"python:pillow","0","","91084","0.0457"
"xfce4-netload-plugin","25721","0.0236","0",""
"xfce4-cpufreq-plugin","25689","0.0236","0",""
"wimlib","0","","90303","0.0453"
"xfce4-weather-plugin","25655","0.0236","0",""
"xfce4-timer-plugin","25650","0.0235","0",""
"hiredis","1729","0.0016","90297","0.0453"
"xfce4-diskperf-plugin","25638","0.0235","0",""
"xfce4-genmon-plugin","25637","0.0235","0",""
"groonga","0","","90009","0.0451"
"xfce4-fsguard-plugin","25630","0.0235","0",""
"ccid","25623","0.0235","0",""
"xfce4-places-plugin","25616","0.0235","0",""
"debian:libmagick++-6.q16-8","25606","0.0235","0",""
"xfce4-mailwatch-plugin","25555","0.0235","0",""
"jsoncpp","5612","0.0052","87412","0.0438"
"xfce4-smartbookmark-plugin","25553","0.0235","0",""
"evolution-data-server","25508","0.0234","0",""
"fastfetch","0","","86420","0.0433"
"libhdf4","25442","0.0234","0",""
"konsole","25358","0.0233","0",""
"cfitsio","17003","0.0156","86102","0.0432"
"dolphin-fm","25334","0.0233","0",""
"gnome-desktop","25180","0.0231","0",""
"mvfst","0","","86003","0.0431"
"kpeople","24958","0.0229","0",""
"spice-remote-access","24871","0.0228","0",""
"kdegraphics-mobipocket","24814","0.0228","0",""
"kate","24716","0.0227","0",""
"swiftformat","0","","84357","0.0423"
"syndication","24580","0.0226","0",""
"kfind","24578","0.0226","0",""
"debian:gir1.2-tracker-2.0","24451","0.0224","0",""
"hicolor-icon-theme","0","","84232","0.0422"
"kwalletmanager","24357","0.0224","0",""
"pyenv-virtualenv","0","","83753","0.0420"
"scim","24316","0.0223","0",""
"syntax-highlighting","24257","0.0223","0",""
"ipython","0","","83029","0.0416"
"debian:libcurl3","24224","0.0222","0",""
"debian:libsensors4","24130","0.0222","0",""
"python:pyqt","0","","81996","0.0411"
"ksshaskpass","24114","0.0221","0",""
"debian:libfluidsynth1","24103","0.0221","0",""
"docbook","0","","81968","0.0411"
"plasma-desktop","24096","0.0221","0",""
"debian:libtracker-sparql-3.0-0","23995","0.0220","0",""
"iftop","23968","0.0220","0",""
"rabbitmq-server","0","","80962","0.0406"
"kmenuedit","23961","0.0220","0",""
"gwenview","23948","0.0220","0",""
"dvdauthor","23925","0.0220","0",""
"konqueror","23857","0.0219","0",""
"hello","0","","80754","0.0405"
"ark","23843","0.0219","0",""
"kamera","23785","0.0218","0",""
"plasma-workspace","23769","0.0218","0",""
"libkf5kexiv2","23764","0.0218","0",""
"docbook-xsl","0","","80145","0.0402"
"augeas","23745","0.0218","24971","0.0125"
"debian:gir1.2-mutter-11","23675","0.0217","0",""
"llama.cpp","0","","79971","0.0401"
"kinfocenter","23504","0.0216","0",""
"perl:libintl-perl","23494","0.0216","0",""
"kcalc","23494","0.0216","0",""
"opensc","23462","0.0215","0",""
"zxing-cpp","23411","0.0215","0",""
"bluedevil","23338","0.0214","0",""
"powerdevil","23267","0.0214","0",""
"httpie","0","","77298","0.0388"
"arpack-ng","23235","0.0213","0",""
"ktexttemplate","23229","0.0213","0",""
"geos","5627","0.0052","76246","0.0382"
"prison","23224","0.0213","0",""
"akonadi","23192","0.0213","0",""
"libdbi","23191","0.0213","0",""
"ktexteditor","23164","0.0213","0",""
"kdnssd","23141","0.0212","0",""
"perl:sereal-encoder","23006","0.0211","0",""
"perl:sereal-decoder","23000","0.0211","0",""
"gnuplot","14871","0.0137","73549","0.0369"
"stoken","22916","0.0210","9621","0.0048"
"kdeplasma-addons","22906","0.0210","0",""
"libavtp","22885","0.0210","0",""
"pkcs11-helper","22868","0.0210","25776","0.0129"
"sweeper","22764","0.0209","0",""
"kdepim-runtime","22585","0.0207","0",""
"debian:libpng12-0","22473","0.0206","0",""
"kactivities-stats","22470","0.0206","0",""
"charls","22418","0.0206","0",""
"wireshark","14990","0.0138","70267","0.0352"
"debian:python-openssl","22379","0.0205","0",""
"qhull","22361","0.0205","32729","0.0164"
"exiftool","0","","69726","0.0350"
"freerdp","22290","0.0205","21005","0.0105"
"baloo","22288","0.0205","0",""
"adwaita-icon-theme","0","","69056","0.0346"
"dragon-player","22237","0.0204","0",""
"subversion","22235","0.0204","113830","0.0571"
"vips","0","","68640","0.0344"
"juk","22200","0.0204","0",""
"libkolabxml","22198","0.0204","0",""
"parallel","0","","67410","0.0338"
"sox","22154","0.0203","21711","0.0109"
"debian:odbcinst1debian2","21965","0.0202","0",""
"msgraph","21949","0.0201","0",""
"swiftgen","0","","66615","0.0334"
"perl:cpanel-json-xs","21923","0.0201","0",""
"kaddressbook","21902","0.0201","0",""
"jenv","0","","65775","0.0330"
"korganizer","21876","0.0201","0",""
"kdesu","21872","0.0201","0",""
"akregator","21834","0.0200","0",""
"xmlto","0","","65496","0.0328"
"libnet","21766","0.0200","15129","0.0076"
"perl:devel-globaldestruction","21755","0.0200","0",""
"kmail","21719","0.0199","0",""
"libvpl","21706","0.0199","0",""
"enca","21675","0.0199","0",""
"aria2","0","","62538","0.0314"
"snapd-glib","21585","0.0198","0",""
"certbot","0","","62442","0.0313"
"libkdcraw","21479","0.0197","0",""
"lshw","21445","0.0197","0",""
"xctesthtmlreport","0","","61481","0.0308"
"libkml","21435","0.0197","19437","0.0097"
"r","0","","61478","0.0308"
"debian:libxapian22","21388","0.0196","0",""
"meanwhile","21207","0.0195","0",""
"libkgapi","21053","0.0193","0",""
"nasm","0","","60871","0.0305"
"apache-serf","21027","0.0193","0",""
"libdisplay-info","20988","0.0193","0",""
"utfcpp","393","0.0004","60420","0.0303"
"kholidays","20968","0.0192","0",""
"debian:libdolphinvcs5","20966","0.0192","0",""
"python:tk","0","","59768","0.0300"
"kmag","20931","0.0192","0",""
"luajit-openresty","0","","58689","0.0294"
"lksctp-tools","20826","0.0191","0",""
"fyba","20825","0.0191","0",""
"zsh-syntax-highlighting","0","","58409","0.0293"
"networkmanager-qt","20735","0.0190","0",""
"packagekit-qt","20658","0.0190","0",""
"librttopo","20589","0.0189","32799","0.0164"
"node-build","0","","57793","0.0290"
"libgeotiff","20577","0.0189","56263","0.0282"
"kmouth","20518","0.0188","0",""
"parole","20482","0.0188","0",""
"spidermonkey","20472","0.0188","0",""
"source-highlight","20443","0.0188","17438","0.0087"
"userspace-rcu","20439","0.0188","7967","0.0040"
"libdiscid","20439","0.0188","0",""
"cask","0","","56673","0.0284"
"libvirt","20418","0.0187","39355","0.0197"
"debian:libavdevice59","20410","0.0187","0",""
"kmousetool","20409","0.0187","0",""
"debian:python-dbus","20334","0.0187","0",""
"kyotocabinet","20306","0.0186","0",""
"debian:kate5-data","20226","0.0186","0",""
"kross","20165","0.0185","0",""
"btop","0","","55350","0.0278"
"ogdi-dfsg","20081","0.0184","0",""
"mercurial","0","","55200","0.0277"
"zziplib","20064","0.0184","0",""
"terminal-notifier","0","","55071","0.0276"
"teckit","20030","0.0184","0",""
"kpeoplevcard","19960","0.0183","0",""
"gsettings-qt","19953","0.0183","0",""
"librdkafka","3896","0.0036","54354","0.0273"
"debian:python-lxml","19932","0.0183","0",""
"putty","0","","53919","0.0270"
"libnetfilter-acct","19912","0.0183","0",""
"libqalculate","19891","0.0183","0",""
