repo,repo_id,total_commits_lifetime,total_contributors_lifetime,hhi_commits_lifetime,bf_commits_lifetime,fetched_at
10der/homeassistant-custom_components-awtrix,748539167,61,6,6565,1,2026-04-27T23:49:33+00:00
7rulnik/source-map-js,330043541,594,73,3496,1,2026-04-27T23:49:39+00:00
acornjs/acorn,5932749,1529,143,2976,1,2026-04-27T23:49:39+00:00
acornjs/acorn-jsx,22187098,503,52,3415,2,2026-04-27T23:49:46+00:00
adobe/react-spectrum,208362715,6433,494,1198,3,2026-04-27T23:49:52+00:00
agronholm/anyio,145337588,1284,75,5815,1,2026-04-27T23:49:50+00:00
agronholm/exceptiongroup,447694800,209,10,3093,1,2026-04-27T23:49:53+00:00
ai/nanoid,99401299,1202,150,6383,1,2026-04-27T23:49:56+00:00
aio-libs/aiobotocore,36618494,1196,77,1623,3,2026-04-27T23:49:57+00:00
aio-libs/aiohttp,13258039,13256,833,1238,4,2026-04-27T23:50:03+00:00
aio-libs/aiosignal,205007356,802,13,108,9,2026-04-27T23:50:02+00:00
aio-libs/async-timeout,67703198,420,26,663,21,2026-04-27T23:50:04+00:00
aio-libs/frozenlist,204197530,932,20,666,15,2026-04-27T23:50:06+00:00
aio-libs/multidict,51206425,1664,63,1596,2,2026-04-27T23:50:08+00:00
aio-libs/propcache,866565706,183,13,1626,3,2026-04-27T23:50:12+00:00
aio-libs/yarl,64756820,1921,102,1233,3,2026-04-27T23:50:14+00:00
ajv-validator/ajv,35914020,2721,212,5738,1,2026-04-27T23:50:16+00:00
ajv-validator/ajv-formats,281084700,109,11,6732,1,2026-04-27T23:50:19+00:00
ajv-validator/ajv-keywords,60477053,366,26,6414,1,2026-05-17T23:35:35+00:00
alexcrichton/tar-rs,21946092,548,86,4042,1,2026-04-27T23:50:20+00:00
alexei/sprintf.js,9175790,294,26,6634,1,2026-04-27T23:50:22+00:00
alexeyraspopov/picocolors,410740124,89,12,4675,1,2026-04-27T23:50:24+00:00
alexhuszagh/rust-lexical,155286170,1025,27,4456,1,2026-04-27T23:50:26+00:00
alexindigo/asynckit,59087459,28,2,9311,1,2026-04-27T23:50:28+00:00
amanieu/parking_lot,58731560,947,125,2779,1,2026-04-27T23:50:31+00:00
andialbrecht/sqlparse,4067434,1356,121,3643,1,2026-04-27T23:50:32+00:00
andrewrk/node-pend,11836813,13,1,10000,1,2026-04-27T23:50:34+00:00
andyperlitch/jsbn,9710533,28,11,2628,1,2026-04-27T23:50:38+00:00
annotated-types/annotated-types,487934134,84,21,2891,2,2026-04-27T23:50:42+00:00
antonk52/lilconfig,238967485,140,11,8106,1,2026-04-27T23:50:45+00:00
apache/airflow,33884891,37801,4296,266,20,2026-04-27T23:50:51+00:00
apache/arrow,51905353,18776,1503,277,17,2026-04-27T23:50:51+00:00
apache/arrow-rs,358917250,7591,810,356,12,2026-04-27T23:50:54+00:00
archlinux/linux,142707813,,,,,
ardatan/graphql-tools,54432168,7313,417,140,376,2026-04-27T23:51:00+00:00
ardatan/whatwg-node,429511342,3170,33,268,28,2026-04-27T23:50:59+00:00
assert-rs/snapbox,424722460,1365,20,8294,1,2026-04-27T23:51:03+00:00
astral-sh/ruff,523043277,15077,859,832,6,2026-04-27T23:51:09+00:00
auth0/node-jwa,8116861,97,16,2720,2,2026-05-17T23:35:34+00:00
autotools-mirror/autoconf,47662429,7086,153,1311,3,2026-04-27T23:51:07+00:00
autotools-mirror/libtool,47662711,4532,354,845,27,2026-04-27T23:51:10+00:00
autotools-mirror/m4,66880383,709,14,7392,1,2026-04-27T23:51:11+00:00
aws/aws-cli,6780767,13829,495,1887,2,2026-04-27T23:51:16+00:00
aws/aws-sdk-js-crypto-helpers,149673986,267,28,567,11,2026-04-27T23:50:54+00:00
aws/aws-sdk-js-v3,87228090,12274,168,201,158,2026-04-27T23:51:17+00:00
axios/axios,23088740,1989,602,578,8,2026-04-27T23:47:55+00:00
azure/azure-sdk-for-js,108311273,20585,595,464,10,2026-04-27T23:47:56+00:00
azure/azure-sdk-for-python,4127088,22246,915,434,12,2026-04-27T23:47:59+00:00
azuread/microsoft-authentication-library-for-python,67243113,1270,47,7951,1,2026-04-27T23:47:57+00:00
babel/babel,24560307,18471,1250,1250,4,2026-04-27T23:48:02+00:00
babel/babel-polyfills,190579283,446,26,6392,1,2026-04-27T23:48:01+00:00
bdwgc/bdwgc,2109456,6498,206,6599,1,2026-04-27T23:48:02+00:00
beatgammit/base64-js,2853282,155,16,5430,1,2026-04-27T23:48:03+00:00
benjaminp/six,77868600,551,68,5185,1,2026-04-27T23:48:04+00:00
besser82/libxcrypt,35503965,857,26,5284,1,2026-04-27T23:48:05+00:00
bitflags/bitflags,29287955,769,91,3286,1,2026-04-27T23:48:07+00:00
blakeembrey/array-flatten,17789771,71,8,4033,1,2026-04-27T23:48:08+00:00
blakeembrey/change-case,9440238,323,25,2488,2,2026-04-27T23:48:10+00:00
bluss/bencher,65987276,47,4,8397,1,2026-04-27T23:48:11+00:00
boto/boto3,24774658,7569,171,5116,1,2026-04-27T23:48:15+00:00
boto/botocore,6670942,13077,222,2774,1,2026-04-27T23:48:17+00:00
boto/s3transfer,49535299,739,47,2241,2,2026-04-27T23:48:17+00:00
braveg1rl/performance-now,336187529,1,1,10000,1,2026-04-27T23:48:18+00:00
brianc/node-postgres,991475,2884,372,4115,1,2026-04-27T23:48:22+00:00
broofa/mime,534940,415,57,5804,1,2026-04-27T23:48:23+00:00
browserify/events,1649251,140,17,2825,2,2026-05-17T23:35:36+00:00
browserify/node-util,14568009,161,11,3111,2,2026-04-27T23:48:25+00:00
browserify/randombytes,29300004,51,10,1945,2,2026-05-17T23:35:36+00:00
browserify/resolve,1915099,734,65,4795,1,2026-04-27T23:48:27+00:00
browserslist/browserslist,27971466,1562,197,6645,1,2026-04-27T23:48:30+00:00
browserslist/caniuse-lite,80221890,1751,15,3540,2,2026-04-27T23:48:31+00:00
browserslist/update-db,505548145,176,14,7283,1,2026-04-27T23:48:32+00:00
burntsushi/aho-corasick,37290678,300,35,6520,1,2026-04-27T23:48:35+00:00
burntsushi/jiff,759017108,634,46,7946,1,2026-04-27T23:48:36+00:00
burntsushi/memchr,37290652,269,50,4493,1,2026-04-27T23:48:37+00:00
burntsushi/quickcheck,17559913,650,93,4982,1,2026-04-27T23:48:39+00:00
burntsushi/same-file,78375612,59,14,3901,1,2026-04-27T23:48:41+00:00
burntsushi/termcolor,141345580,1040,185,4834,1,2026-04-27T23:48:44+00:00
burntsushi/ucd-generate,123997498,176,16,6229,1,2026-04-27T23:48:44+00:00
burntsushi/walkdir,42685794,192,41,4901,1,2026-04-27T23:48:46+00:00
burntsushi/winapi-util,146040682,35,7,6914,1,2026-04-27T23:48:48+00:00
businho/pytest-ruff,599731435,44,7,6767,1,2026-04-27T23:48:51+00:00
bytecodealliance/rustix,295544240,2207,124,7132,1,2026-04-27T23:48:53+00:00
bytecodealliance/wasi-rs,196445196,149,26,1761,2,2026-04-27T23:48:55+00:00
c-ares/c-ares,571708,2954,183,1762,2,2026-04-27T23:48:59+00:00
calvinmetcalf/minimalistic-assert,29144257,3,2,5556,1,2026-04-27T23:48:59+00:00
calvinmetcalf/process-nextick-args,36039131,28,9,2615,1,2026-04-27T23:49:01+00:00
caolan/async,698041,1991,273,1016,8,2026-04-27T23:49:04+00:00
certbot/certbot,26516210,11381,549,891,4,2026-04-27T23:49:08+00:00
certifi/python-certifi,3060959,338,40,732,24,2026-04-27T23:49:07+00:00
chaijs/type-detect,12107007,183,18,2675,2,2026-04-27T23:49:08+00:00
chalk/ansi-regex,20451415,64,15,4131,1,2026-04-27T23:49:10+00:00
chalk/ansi-styles,11803168,116,21,3850,1,2026-04-27T23:49:11+00:00
chalk/chalk,11855195,369,67,3096,1,2026-04-27T23:49:12+00:00
chalk/slice-ansi,43191689,70,13,4100,1,2026-04-27T23:49:14+00:00
chalk/strip-ansi,15014856,75,13,5815,1,2026-04-27T23:49:17+00:00
chalk/supports-color,11855007,202,42,4184,1,2026-04-27T23:49:18+00:00
chalk/wrap-ansi,41053676,80,12,4361,1,2026-04-27T23:49:21+00:00
chalker/safer-buffer,125825141,49,6,7734,1,2026-04-27T23:49:24+00:00
chardet/chardet,5196969,1047,55,7079,1,2026-04-27T23:49:26+00:00
cheeriojs/dom-serializer,18991884,1408,21,61,19,2026-04-27T23:49:29+00:00
chicoxyzzy/node-releases,73765596,452,11,4469,2,2026-04-27T23:49:33+00:00
chronotope/chrono,18210201,1768,258,1381,3,2026-04-27T23:49:37+00:00
chronotope/humantime,59320323,126,20,3653,1,2026-04-27T23:49:38+00:00
clap-rs/clap,31315121,8957,593,2453,2,2026-04-27T23:49:44+00:00
cloudflare/cloudflare-python,753271547,6531,17,185,13,2026-04-27T23:49:42+00:00
colinhacks/zod,245704608,2820,510,770,277,2026-04-27T23:49:48+00:00
colorjs/color-name,27038309,49,8,5035,1,2026-04-27T23:49:45+00:00
comex/rust-shlex,37886228,52,8,3358,1,2026-04-27T23:49:48+00:00
component/escape-html,5444800,36,8,5000,1,2026-04-27T23:49:51+00:00
component/toidentifier,114743189,81,2,9756,1,2026-04-27T23:49:52+00:00
conventional-changelog/commitlint,51575745,3239,291,403,268,2026-04-27T23:49:56+00:00
conventional-changelog/conventional-changelog,15639771,1823,168,2430,2,2026-04-27T23:49:58+00:00
cosmiconfig/cosmiconfig,45750507,504,36,1078,3,2026-04-27T23:49:59+00:00
coveragepy/coveragepy,138421996,7402,201,8585,1,2026-04-27T23:50:03+00:00
cpburnz/python-pathspec,14648551,400,29,7708,1,2026-04-27T23:50:04+00:00
crate-py/rpds,608018848,610,20,4049,1,2026-05-17T23:35:35+00:00
criterion-rs/criterion.rs,1081104682,1587,137,1921,4,2026-04-27T23:50:08+00:00
crossbeam-rs/crossbeam,35566048,2330,162,441,147,2026-04-27T23:50:11+00:00
css-modules/icss-utils,42766912,67,13,1753,2,2026-04-27T23:50:14+00:00
cssnano/cssnano,33943153,2634,129,3478,1,2026-04-27T23:50:16+00:00
csstools/postcss-plugins,219192307,4893,141,3245,1,2026-04-27T23:50:19+00:00
csstree/csstree,67236461,1249,30,9262,1,2026-04-27T23:50:20+00:00
curl/curl,569041,38542,1500,2938,1,2026-04-27T23:50:26+00:00
cuviper/autocfg,135481335,120,10,5938,1,2026-04-27T23:50:25+00:00
cyan4973/xxhash,19330466,2073,124,5090,1,2026-04-27T23:50:27+00:00
daaku/nodejs-makeerror,2097803,22,2,8347,1,2026-04-27T23:50:28+00:00
daaku/nodejs-tmpl,2171213,15,4,6533,1,2026-04-27T23:50:30+00:00
dateutil/dateutil,26876372,1610,133,3698,1,2026-04-27T23:50:32+00:00
davidhalter/parso,90668463,1149,52,7603,1,2026-04-27T23:50:39+00:00
davisjam/safe-regex,90781457,85,6,3271,1,2026-04-27T23:50:43+00:00
dchest/tweetnacl-js,15649752,413,18,8831,1,2026-04-27T23:50:45+00:00
dcodeio/long.js,8678904,143,19,5403,1,2026-04-27T23:50:47+00:00
debug-js/debug,2871998,553,121,1553,3,2026-04-27T23:50:52+00:00
definitelytyped/definitelytyped,6093316,91057,21992,47,385,2026-04-27T23:50:55+00:00
defunctzombie/node-process,7580644,74,16,3285,2,2026-05-17T23:35:34+00:00
django/asgiref,48501860,494,113,2379,2,2026-04-27T23:50:54+00:00
djc/rustc-version-rs,41272773,116,17,3125,2,2026-04-27T23:50:58+00:00
dmitrysoshnikov/regexp-tree,85459304,624,28,5042,1,2026-04-27T23:50:59+00:00
doowb/ansi-colors,47135420,124,13,3848,1,2026-04-27T23:51:02+00:00
douglasdwyer/wasm_sync,668034655,4,1,10000,1,2026-04-27T23:51:05+00:00
dougwilson/nodejs-depd,20848667,228,2,9913,1,2026-04-27T23:51:06+00:00
dtolnay/anyhow,212936374,919,27,9274,1,2026-04-27T23:51:08+00:00
dtolnay/automod,173074854,130,5,9396,1,2026-04-27T23:51:11+00:00
dtolnay/dissimilar,229514821,143,3,9321,1,2026-04-27T23:51:14+00:00
dtolnay/indoc,54252316,381,8,9432,1,2026-04-27T23:51:16+00:00
dtolnay/itoa,61962375,327,15,8479,1,2026-04-27T23:49:18+00:00
dtolnay/no-panic,143469762,247,3,9599,1,2026-04-27T23:49:22+00:00
dtolnay/proc-macro2,91860126,1284,31,7745,1,2026-04-27T23:49:25+00:00
dtolnay/quote,67273122,742,27,8211,1,2026-04-27T23:49:26+00:00
dtolnay/ref-cast,106295902,280,4,9787,1,2026-04-27T23:49:31+00:00
dtolnay/rustversion,183990447,207,3,9808,1,2026-04-27T23:49:34+00:00
dtolnay/ryu,142720484,402,8,9413,1,2026-04-27T23:49:35+00:00
dtolnay/semver,22432442,709,69,2542,2,2026-04-27T23:49:37+00:00
dtolnay/syn,67305738,5277,109,8575,1,2026-04-27T23:49:41+00:00
dtolnay/target-triple,734167706,43,1,10000,1,2026-04-27T23:49:42+00:00
dtolnay/thiserror,213836768,827,21,9289,1,2026-04-27T23:49:43+00:00
dtolnay/trybuild,184941159,709,26,8747,1,2026-04-27T23:49:45+00:00
dtolnay/unicode-ident,492639579,231,5,9406,1,2026-04-27T23:49:48+00:00
eemeli/yaml,119439276,1617,34,9309,1,2026-04-27T23:49:50+00:00
ehmicky/human-signals,214467546,718,5,9532,1,2026-04-27T23:49:52+00:00
eliben/pycparser,10589864,655,92,4219,1,2026-04-27T23:49:54+00:00
emotion-js/emotion,92570536,1865,329,1115,6,2026-04-27T23:50:00+00:00
encode/httpcore,237210639,567,59,1310,6,2026-04-27T23:50:01+00:00
encode/httpx,179492861,1523,247,2297,2,2026-04-27T23:50:04+00:00
epoberezkin/fast-deep-equal,94483360,123,15,4923,1,2026-04-27T23:50:07+00:00
epoberezkin/fast-json-stable-stringify,108103016,69,11,1960,3,2026-04-27T23:50:10+00:00
epoberezkin/json-schema-traverse,93333933,45,7,6084,1,2026-04-27T23:50:12+00:00
es-shims/array-includes,28753032,234,3,9830,1,2026-04-27T23:50:15+00:00
es-shims/dunder-proto,898274312,10,1,10000,1,2026-04-27T23:50:16+00:00
es-shims/es-object-atoms,773229339,16,1,10000,1,2026-05-17T23:35:34+00:00
es-shims/es-set-tostringtag,580683868,34,1,10000,1,2026-04-27T23:50:20+00:00
es-shims/math-intrinsics,902014040,10,1,10000,1,2026-04-27T23:50:21+00:00
es-shims/object.values,41723335,126,1,10000,1,2026-04-27T23:50:23+00:00
es-shims/regexp.prototype.flags,26932422,170,2,9767,1,2026-04-27T23:50:25+00:00
es-shims/string.prototype.trimend,114682758,73,2,8724,1,2026-04-27T23:50:26+00:00
es-shims/string.prototype.trimstart,114682105,67,2,8619,1,2026-04-27T23:50:29+00:00
eslint-community/eslint-utils,568240379,180,10,2218,2,2026-04-27T23:50:31+00:00
eslint/eslint,11061773,10728,1207,707,8,2026-04-27T23:50:37+00:00
eslint/js,27620277,788,70,1513,5,2026-04-27T23:50:34+00:00
eslint/rewrite,791446923,425,22,660,5,2026-04-27T23:50:39+00:00
estools/escodegen,3611422,576,55,4494,1,2026-04-27T23:50:43+00:00
estools/esquery,11412938,152,23,2355,2,2026-04-27T23:50:45+00:00
estools/esrecurse,27429822,61,10,3480,1,2026-04-27T23:50:47+00:00
estools/estraverse,6145439,177,27,3920,1,2026-04-27T23:50:49+00:00
estools/esutils,14677293,57,6,3863,1,2026-04-27T23:50:51+00:00
ethers-io/ethers.js,63465664,792,1,10000,1,2026-04-27T23:50:53+00:00
evanw/esbuild,61137153,4429,126,9135,1,2026-04-27T23:50:55+00:00
evanw/node-source-map-support,7682781,343,71,2103,2,2026-04-27T23:50:58+00:00
eventualbuddha/lines-and-columns,47284288,48,2,9588,1,2026-04-27T23:50:59+00:00
executablebooks/markdown-it-py,249956697,344,33,4567,1,2026-04-27T23:51:02+00:00
executablebooks/mdurl,387293763,37,4,6589,1,2026-04-27T23:51:04+00:00
exodusoss/bytes,885154008,981,5,9676,1,2026-04-27T23:51:08+00:00
expressjs/body-parser,15669006,786,43,6394,1,2026-04-27T23:51:09+00:00
expressjs/serve-static,17464338,405,22,7068,1,2026-04-27T23:51:13+00:00
facebook/create-react-app,63537249,2819,946,704,10,2026-04-27T23:51:18+00:00
facebook/metro,76504246,5127,476,333,13,2026-04-27T23:51:18+00:00
facebook/react,10270250,21473,1982,372,9,2026-04-27T23:49:23+00:00
facebook/watchman,6930489,13836,469,196,315,2026-04-27T23:49:25+00:00
facebook/zstd,29759715,11465,414,2544,2,2026-04-27T23:49:28+00:00
facelessuser/soupsieve,160789418,373,15,8810,1,2026-04-27T23:49:27+00:00
fastify/fast-uri,419317518,148,13,1715,2,2026-04-27T23:49:32+00:00
faye/websocket-driver-node,9733816,352,9,9223,1,2026-04-27T23:49:33+00:00
fb55/boolbase,16864585,16,3,7734,1,2026-04-27T23:49:36+00:00
fb55/css-select,3411063,1795,26,577,22,2026-04-27T23:49:38+00:00
fb55/css-what,4460687,1482,25,134,23,2026-04-27T23:49:40+00:00
fb55/domelementtype,6627835,60,7,5147,1,2026-04-27T23:49:41+00:00
fb55/domhandler,5414232,1613,22,90,18,2026-04-27T23:49:44+00:00
fb55/domutils,6627949,1946,22,74,18,2026-04-27T23:49:47+00:00
fb55/entities,3172629,1892,24,129,20,2026-04-27T23:49:48+00:00
fb55/htmlparser2,2279062,2356,68,857,55,2026-04-27T23:49:50+00:00
fb55/nth-check,16864923,1029,7,18,6,2026-04-27T23:49:54+00:00
felixge/node-combined-stream,1787452,88,15,2512,2,2026-04-27T23:49:55+00:00
felixge/node-delayed-stream,1783893,48,5,6615,1,2026-04-27T23:49:58+00:00
feross/buffer,14494363,996,74,5288,1,2026-04-27T23:50:01+00:00
feross/ieee754,15489525,98,5,7534,1,2026-04-27T23:50:02+00:00
feross/is-buffer,25997846,98,8,7012,1,2026-04-27T23:50:05+00:00
feross/queue-microtask,207021895,51,5,7824,1,2026-04-27T23:50:07+00:00
feross/run-parallel,18700638,90,5,7528,1,2026-04-27T23:50:09+00:00
feross/safe-buffer,49538897,85,8,7409,1,2026-04-27T23:50:13+00:00
ffmpeg/ffmpeg,1614410,124114,2617,731,8,2026-04-27T23:50:16+00:00
firebase/firebase-js-sdk,89290483,4556,224,719,5,2026-04-27T23:50:18+00:00
floating-ui/floating-ui,54994103,2422,126,4010,1,2026-04-27T23:50:19+00:00
follow-redirects/follow-redirects,6697086,379,36,5225,1,2026-04-27T23:50:21+00:00
fontconfig/fontconfig,926884194,2995,162,1931,2,2026-04-27T23:50:24+00:00
form-data/form-data,1755793,358,47,2524,2,2026-04-27T23:50:24+00:00
formatjs/formatjs,19117456,6379,358,2209,2,2026-04-27T23:50:30+00:00
freedesktop-unofficial-mirror/cairo,34372735,11213,273,1536,2,2026-04-27T23:50:29+00:00
freetype/freetype,187000659,8525,231,3001,1,2026-04-27T23:50:34+00:00
frenic/csstype,104001328,380,14,8437,1,2026-04-27T23:50:36+00:00
frommi/miniz_oxide,96124162,527,58,3606,2,2026-04-27T23:50:38+00:00
fsevents/fsevents,1402936,277,43,1516,3,2026-04-27T23:50:41+00:00
fsspec/filesystem_spec,130727736,2536,315,648,36,2026-04-27T23:50:47+00:00
fsspec/s3fs,53987953,1098,156,820,15,2026-04-27T23:50:48+00:00
garycourt/uri-js,989080,89,13,5680,1,2026-04-27T23:50:50+00:00
gcc-mirror/gcc,22711503,228544,4158,56,183,2026-04-27T23:50:53+00:00
getsentry/sentry-javascript,3328572,13817,679,402,9,2026-04-27T23:50:56+00:00
giampaolo/psutil,20101515,6701,232,7561,1,2026-04-27T23:50:56+00:00
git/git,36502,80667,2417,1301,6,2026-04-27T23:51:01+00:00
gitlab-freedesktop-mirrors/libxcb,444023705,313,26,2863,2,2026-04-27T23:51:00+00:00
gitoxidelabs/gitoxide,136510559,15335,196,7130,1,2026-04-27T23:51:03+00:00
gitpython-developers/gitdb,1126093,445,38,4573,1,2026-04-27T23:51:04+00:00
gitpython-developers/smmap,1865144,240,21,3219,1,2026-04-27T23:51:08+00:00
gkz/levn,13287279,47,3,7614,1,2026-04-27T23:51:09+00:00
gkz/optionator,13435927,96,6,8217,1,2026-04-27T23:51:11+00:00
gkz/prelude-ls,4457759,228,12,6684,1,2026-04-27T23:51:14+00:00
gkz/type-check,13182168,51,4,6155,1,2026-04-27T23:51:16+00:00
gmp-mirror/gmp,681340775,18450,29,1630,12,2026-04-27T23:47:53+00:00
gnome/gdk-pixbuf,4533539,6530,844,165,158,2026-04-27T23:47:54+00:00
gnome/glib,4537082,32964,1835,550,12,2026-04-27T23:47:57+00:00
gnome/libxml2,4537118,7783,382,1380,143,2026-04-27T23:47:59+00:00
gnome/pango,4537144,6827,275,2018,2,2026-04-27T23:48:00+00:00
gnutls/gnutls,58873704,22348,259,3759,1,2026-04-27T23:48:02+00:00
gnutls/libtasn1,59017205,1693,28,3367,1,2026-04-27T23:48:01+00:00
gnutls/nettle,59017402,4850,73,8394,1,2026-04-27T23:48:03+00:00
google/brotli,24993138,1499,127,2427,2,2026-04-27T23:48:04+00:00
google/zerocopy,534354967,1655,74,2902,2,2026-04-27T23:48:06+00:00
googleapis/google-cloud-python,16316451,62901,1100,186,101,2026-05-17T23:35:37+00:00
googlechrome/workbox,55424670,1503,83,1986,2,2026-04-27T23:48:09+00:00
gpg/libgpg-error,42075984,1411,54,2226,5,2026-04-27T23:48:11+00:00
grahamdumpleton/wrapt,10357291,1245,37,8286,1,2026-04-27T23:48:13+00:00
graydon/exhaustigen-rs,432630522,1,1,10000,1,2026-04-27T23:48:14+00:00
gregberge/svgr,102155012,652,133,5541,1,2026-04-27T23:48:16+00:00
grncdr/merge-stream,10579821,66,11,2716,2,2026-04-27T23:48:18+00:00
grpc/grpc,27729880,58323,1147,549,9,2026-04-27T23:48:21+00:00
gsnedders/python-webencodings,7043404,46,6,4197,1,2026-04-27T23:48:19+00:00
guillaumegomez/doc-comment,127254922,59,2,9667,1,2026-04-27T23:48:21+00:00
gulpjs/glob-parent,29154915,89,10,2997,2,2026-04-27T23:48:23+00:00
gweis/isodate,6449370,193,24,964,8,2026-04-27T23:48:25+00:00
gyscos/zstd-rs,52115335,552,66,5730,1,2026-04-27T23:48:27+00:00
hapijs/hoek,5831189,716,57,775,5,2026-04-27T23:48:29+00:00
harfbuzz/harfbuzz,5050525,21304,293,5083,1,2026-04-27T23:48:32+00:00
hiddentao/fast-levenshtein,9490451,64,10,6892,1,2026-04-27T23:48:33+00:00
httplib2/httplib2,53002916,570,80,1958,2,2026-04-27T23:48:34+00:00
hukkin/tomli,370616797,333,15,4370,1,2026-04-27T23:48:36+00:00
hyperium/http,84983058,487,132,1362,3,2026-04-27T23:48:39+00:00
hyperium/http-body,183281612,118,27,1856,2,2026-04-27T23:48:39+00:00
iarna/aproba,31432421,47,6,8008,1,2026-04-27T23:48:41+00:00
import-js/eslint-plugin-import,32238354,2341,400,2152,2,2026-04-27T23:48:46+00:00
indexmap-rs/indexmap,68294628,1014,58,4106,1,2026-04-27T23:48:44+00:00
indutny/bn.js,19176350,435,34,4507,1,2026-04-27T23:48:46+00:00
indygreg/python-zstandard,67307930,1514,46,8801,1,2026-04-27T23:48:49+00:00
inikulin/parse5,8862593,1870,43,827,36,2026-04-27T23:48:50+00:00
inspect-js/array-buffer-byte-length,607836784,28,1,10000,1,2026-04-27T23:48:52+00:00
inspect-js/available-typed-arrays,235965505,68,3,9425,1,2026-04-27T23:48:55+00:00
inspect-js/functions-have-names,198357138,62,1,10000,1,2026-04-27T23:48:59+00:00
inspect-js/has-bigints,201714166,56,2,9649,1,2026-05-17T23:35:35+00:00
inspect-js/has-property-descriptors,481834578,19,1,10000,1,2026-04-27T23:49:00+00:00
inspect-js/has-proto,577580747,32,1,10000,1,2026-04-27T23:49:01+00:00
inspect-js/has-symbols,68573418,63,1,10000,1,2026-04-27T23:49:03+00:00
inspect-js/has-tostringtag,392913710,40,1,10000,1,2026-04-27T23:49:05+00:00
inspect-js/hasown,703350811,25,2,9232,1,2026-04-27T23:49:07+00:00
inspect-js/is-accessor-descriptor,41658954,89,3,5011,1,2026-04-27T23:49:09+00:00
inspect-js/is-arguments,15725461,161,2,9877,1,2026-04-27T23:49:10+00:00
inspect-js/is-array-buffer,45977026,66,4,4254,1,2026-04-27T23:49:12+00:00
inspect-js/is-bigint,149682261,62,2,9683,1,2026-04-27T23:49:12+00:00
inspect-js/is-boolean-object,34700259,103,1,10000,1,2026-04-27T23:49:16+00:00
inspect-js/is-callable,30012910,354,8,9554,1,2026-04-27T23:49:17+00:00
inspect-js/is-core-module,24578130,112,5,8791,1,2026-04-27T23:47:53+00:00
inspect-js/is-data-descriptor,41659073,80,4,5053,1,2026-04-27T23:47:54+00:00
inspect-js/is-data-view,751048078,20,1,10000,1,2026-04-27T23:47:55+00:00
inspect-js/is-date-object,29991041,101,1,10000,1,2026-04-27T23:47:57+00:00
inspect-js/is-descriptor,41658845,68,5,4602,1,2026-04-27T23:47:59+00:00
inspect-js/is-number-object,29991666,104,1,10000,1,2026-04-27T23:48:01+00:00
inspect-js/is-regex,15930063,170,4,9651,1,2026-04-27T23:48:03+00:00
inspect-js/is-string,30010185,99,1,10000,1,2026-04-27T23:48:04+00:00
inspect-js/is-symbol,29791606,115,1,10000,1,2026-04-27T23:48:04+00:00
inspect-js/is-typed-array,43528820,155,2,9872,1,2026-04-27T23:48:06+00:00
inspect-js/node-supports-preserve-symlinks-flag,443970899,17,1,10000,1,2026-04-27T23:48:08+00:00
inspect-js/object-inspect,11683441,258,10,5832,1,2026-04-27T23:48:09+00:00
inspect-js/typed-array-buffer,649850465,31,1,10000,1,2026-04-27T23:48:10+00:00
inspect-js/which-boxed-primitive,201685155,61,2,9678,1,2026-04-27T23:48:12+00:00
inspect-js/which-typed-array,43708371,170,2,9883,1,2026-04-27T23:48:13+00:00
ipython/traitlets,14993021,2027,114,1325,4,2026-04-27T23:48:15+00:00
isaacs/chownr,3858354,55,5,7623,1,2026-04-27T23:48:16+00:00
isaacs/cliui,634056857,140,19,536,8,2026-04-27T23:48:17+00:00
isaacs/core-util-is,12391440,26,6,5503,1,2026-04-27T23:48:18+00:00
isaacs/fs-minipass,102982143,86,10,2699,2,2026-05-17T23:35:36+00:00
isaacs/fs.realpath,61231712,14,2,7347,1,2026-04-27T23:48:20+00:00
isaacs/inherits,1580001,34,7,6341,1,2026-04-27T23:48:22+00:00
isaacs/isexe,49804297,38,2,9481,1,2026-04-27T23:48:24+00:00
isaacs/minimatch,2056549,378,36,7952,1,2026-04-27T23:48:24+00:00
isaacs/minipass,84886212,275,12,8941,1,2026-04-27T23:48:28+00:00
isaacs/minizlib,86429676,93,6,8559,1,2026-04-27T23:48:29+00:00
isaacs/node-glob,357681,779,53,8332,1,2026-04-27T23:48:31+00:00
isaacs/node-graceful-fs,2077020,231,31,6432,1,2026-04-27T23:48:33+00:00
isaacs/node-lru-cache,679662,576,59,7629,1,2026-04-27T23:48:34+00:00
isaacs/node-mkdirp,2718248,148,12,2439,2,2026-04-27T23:48:36+00:00
isaacs/node-tar,1534331,796,48,7524,1,2026-04-27T23:48:37+00:00
isaacs/once,5409660,25,7,5264,1,2026-04-27T23:48:40+00:00
isaacs/package-json-from-dist,800543709,6,1,10000,1,2026-04-27T23:48:41+00:00
isaacs/path-scurry,591569499,127,5,9232,1,2026-04-27T23:48:43+00:00
isaacs/rimraf,1341324,352,34,7371,1,2026-04-27T23:48:45+00:00
isaacs/sax-js,508894,266,45,5287,1,2026-04-27T23:48:46+00:00
isaacs/wrappy,24208073,16,7,2578,2,2026-05-17T23:35:37+00:00
isaacs/yallist,48222381,65,3,8817,1,2026-04-27T23:48:48+00:00
istanbuljs/istanbuljs,81482340,670,129,921,5,2026-04-27T23:48:51+00:00
istanbuljs/schema,211950686,30,2,8100,1,2026-04-27T23:48:52+00:00
istanbuljs/test-exclude,60489570,128,18,1866,2,2026-04-27T23:48:55+00:00
jamesmunns/postcard,179385478,382,70,1754,4,2026-04-27T23:48:58+00:00
jaraco/jaraco.develop,48289082,1170,29,7849,1,2026-04-27T23:49:00+00:00
jaraco/pytest-perf,372026120,321,15,7215,1,2026-04-27T23:49:02+00:00
jaraco/zipp,157774633,908,33,8261,1,2026-04-27T23:49:02+00:00
jaredhanson/utils-merge,11349896,23,4,7618,1,2026-04-27T23:49:05+00:00
jaredwray/cacheable,9267870,2030,109,2845,1,2026-04-27T23:49:06+00:00
jaredwray/keyv,96540810,2125,83,6120,1,2026-04-27T23:49:09+00:00
jawah/charset_normalizer,200259335,799,27,2215,17,2026-04-27T23:49:10+00:00
jbgutierrez/path-parse,34113780,17,5,5225,1,2026-04-27T23:49:11+00:00
jd/tenacity,65468547,585,106,2170,2,2026-04-27T23:49:13+00:00
jensyt/imurmurhash-js,11802843,11,1,10000,1,2026-04-27T23:49:15+00:00
jestjs/jest,15062869,7553,1730,661,13,2026-04-27T23:49:21+00:00
jimp-dev/jimp,24008065,1169,177,2730,2,2026-04-27T23:49:19+00:00
jmespath/jmespath.py,8300763,578,32,7769,1,2026-04-27T23:49:22+00:00
joblib/joblib,654608,1611,151,1611,2,2026-04-27T23:49:26+00:00
jonathanong/ee-first,20707897,93,2,8252,1,2026-04-27T23:49:28+00:00
jonschlinkert/assign-symbols,45661176,14,2,7551,1,2026-04-27T23:49:31+00:00
jonschlinkert/define-property,40633359,39,3,6976,1,2026-04-27T23:49:34+00:00
jonschlinkert/extend-shallow,25867410,47,3,7411,1,2026-04-27T23:49:35+00:00
jonschlinkert/fill-range,27113310,135,6,8588,1,2026-04-27T23:49:38+00:00
jonschlinkert/get-value,24911025,103,7,8339,1,2026-04-27T23:49:39+00:00
jonschlinkert/global-prefix,31455984,51,10,3349,2,2026-04-27T23:49:43+00:00
jonschlinkert/has-value,24310408,38,3,8518,1,2026-04-27T23:49:44+00:00
jonschlinkert/has-values,33009186,21,1,10000,1,2026-04-27T23:49:46+00:00
jonschlinkert/is-extendable,38225016,16,4,3906,1,2026-04-27T23:49:49+00:00
jonschlinkert/is-number,24313173,62,4,7875,1,2026-04-27T23:49:53+00:00
jonschlinkert/is-plain-object,24306940,51,7,3110,2,2026-04-27T23:49:55+00:00
jonschlinkert/isobject,21342886,60,9,3575,1,2026-04-27T23:49:59+00:00
jonschlinkert/kind-of,24491562,121,12,7412,1,2026-04-27T23:50:01+00:00
jonschlinkert/map-cache,32450614,12,2,8403,1,2026-04-27T23:50:03+00:00
jonschlinkert/normalize-path,21224182,42,3,9082,1,2026-04-27T23:50:05+00:00
jonschlinkert/object-visit,38545952,35,2,9445,1,2026-04-27T23:50:08+00:00
jonschlinkert/word-wrap,18260583,73,14,4320,1,2026-04-27T23:50:09+00:00
jorgebucaran/colorette,34648097,357,18,8966,1,2026-04-27T23:50:15+00:00
joshuakgoldberg/ts-api-utils,597893818,961,12,600,9,2026-04-27T23:50:15+00:00
jpadilla/pyjwt,1408162,961,165,1123,3,2026-04-27T23:50:17+00:00
jprichardson/node-fs-extra,2791348,1134,98,4314,1,2026-04-27T23:50:19+00:00
jprichardson/node-jsonfile,5754307,186,27,4060,1,2026-04-27T23:50:22+00:00
jquast/wcwidth,18464187,476,23,6082,1,2026-04-27T23:50:22+00:00
jquery/esprima,2833537,1239,69,6838,1,2026-04-27T23:50:25+00:00
jridgewell/resolve-uri,196878944,154,4,4561,1,2026-04-27T23:50:27+00:00
jridgewell/sourcemaps,897142826,879,26,5843,1,2026-04-27T23:50:29+00:00
jsdom/tr46,36964214,86,9,2853,2,2026-04-27T23:50:31+00:00
jsdom/webidl-conversions,23000311,98,7,3705,1,2026-04-27T23:50:33+00:00
jsdom/whatwg-mimetype,71014420,42,5,8209,1,2026-04-27T23:50:36+00:00
jsdom/whatwg-url,34761352,409,23,3532,1,2026-04-27T23:50:38+00:00
jsdom/xml-name-validator,28553202,29,2,7622,1,2026-04-27T23:50:42+00:00
jshttp/accepts,15482433,269,16,7274,1,2026-04-27T23:50:46+00:00
jshttp/content-disposition,24216676,178,17,5128,1,2026-04-27T23:50:47+00:00
jshttp/content-type,30172150,133,12,7031,1,2026-04-27T23:50:50+00:00
jshttp/cookie,4475810,382,48,4622,1,2026-04-27T23:50:51+00:00
jshttp/etag,22894570,148,7,8828,1,2026-04-27T23:50:53+00:00
jshttp/forwarded,24300217,179,6,9024,1,2026-04-27T23:50:55+00:00
jshttp/fresh,4617552,231,21,6239,1,2026-04-27T23:50:58+00:00
jshttp/http-errors,23806086,325,23,5570,1,2026-04-27T23:51:00+00:00
jshttp/media-typer,20814275,233,6,8676,1,2026-04-27T23:51:02+00:00
jshttp/methods,8274071,107,13,6224,1,2026-04-27T23:51:05+00:00
jshttp/mime-db,22970419,889,98,6693,1,2026-04-27T23:51:07+00:00
jshttp/mime-types,19380178,520,21,7186,1,2026-04-27T23:51:10+00:00
jshttp/negotiator,3275614,301,22,4995,1,2026-04-27T23:51:12+00:00
jshttp/on-finished,15349765,302,14,7723,1,2026-04-27T23:51:14+00:00
jshttp/range-parser,4627131,170,14,6743,1,2026-04-27T23:51:17+00:00
jshttp/statuses,17690272,317,15,6616,1,2026-04-27T23:49:20+00:00
jshttp/type-is,15484233,359,21,7146,1,2026-04-27T23:49:22+00:00
jshttp/vary,20498698,231,8,8665,1,2026-04-27T23:49:25+00:00
jslicense/spdx-correct.js,34817196,119,8,7393,1,2026-04-27T23:49:29+00:00
jslicense/spdx-exceptions.json,40062896,44,2,9556,1,2026-05-17T23:35:34+00:00
jslicense/spdx-expression-parse.js,40067336,169,5,9083,1,2026-04-27T23:49:31+00:00
jslicense/spdx-license-ids,26001547,151,6,4424,2,2026-04-27T23:49:34+00:00
json5/json5,4463453,446,29,3789,1,2026-04-27T23:49:36+00:00
juliangruber/balanced-match,13538817,126,17,3590,1,2026-04-27T23:49:38+00:00
juliangruber/brace-expansion,13539234,155,25,3215,1,2026-04-27T23:49:41+00:00
juliangruber/isarray,10227611,97,15,2168,4,2026-04-27T23:49:43+00:00
justmoon/node-extend,3967764,198,15,6096,1,2026-04-27T23:49:45+00:00
jviereck/regjsparser,14087781,355,16,2848,2,2026-04-27T23:49:46+00:00
ka-weihe/fastest-levenshtein,158960628,134,8,8573,1,2026-04-27T23:49:49+00:00
kaelzhang/node-ignore,12519245,348,22,3339,1,2026-04-27T23:49:51+00:00
kemitchell/validate-npm-package-license.js,35000460,56,2,9649,1,2026-04-27T23:49:56+00:00
kevinbeaty/any-promise,26247715,40,4,6938,1,2026-04-27T23:49:58+00:00
kevva/dir-glob,49264969,32,6,5781,1,2026-04-27T23:50:00+00:00
kevva/shebang-command,47402913,12,2,6944,1,2026-04-27T23:50:02+00:00
kilian/electron-to-chromium,78972540,5056,12,9752,1,2026-04-27T23:50:05+00:00
kjd/idna,10323585,424,31,6084,1,2026-04-27T23:50:09+00:00
knurling-rs/defmt,282262730,2426,90,1108,3,2026-04-27T23:50:11+00:00
kpdecker/jsdiff,1542219,632,85,2516,2,2026-04-27T23:50:13+00:00
krb5/krb5,4307702,20273,184,541,7,2026-04-27T23:50:17+00:00
kriskowal/asap,11295071,120,12,3469,1,2026-04-27T23:50:18+00:00
kriszyp/json-schema,947175,99,17,4292,1,2026-04-27T23:50:20+00:00
langchain-ai/langchain,552661142,15810,3676,254,22,2026-04-27T23:50:25+00:00
laurent-laporte-pro/deprecated,111412148,313,23,3770,1,2026-04-27T23:50:23+00:00
legrandin/pycryptodome,19378935,3045,162,4223,1,2026-04-27T23:50:26+00:00
libevent/libevent,1856976,5173,339,2461,2,2026-04-27T23:50:29+00:00
libexpat/libexpat,80314213,5010,123,2925,2,2026-04-27T23:50:30+00:00
libffi/libffi,321154,1931,222,2846,1,2026-04-27T23:50:32+00:00
libidn/libidn2,87378214,1157,13,4207,1,2026-04-27T23:50:33+00:00
libjpeg-turbo/libjpeg-turbo,39760454,3002,52,8996,1,2026-04-27T23:50:35+00:00
libjxl/libjxl,340219494,3278,133,996,4,2026-04-27T23:50:41+00:00
libuv/libuv,14812739,5689,639,1077,4,2026-04-27T23:50:50+00:00
linusu/buffer-from,66025821,19,2,9003,1,2026-04-27T23:50:48+00:00
linux-audit/audit-userspace,52464964,3227,80,1209,4,2026-04-27T23:50:49+00:00
linux-pam/linux-pam,76264690,2470,218,1391,3,2026-04-27T23:50:53+00:00
litejs/natural-compare-lite,9146732,60,4,9033,1,2026-04-27T23:50:53+00:00
ljharb/call-bind,308533760,72,1,10000,1,2026-04-27T23:50:55+00:00
ljharb/call-bind-apply-helpers,898190951,12,1,10000,1,2026-04-27T23:50:59+00:00
ljharb/call-bound,898125972,20,1,10000,1,2026-04-27T23:50:59+00:00
ljharb/concat-map,548993448,33,1,2351,1,2026-04-27T23:51:03+00:00
ljharb/define-data-property,689109338,44,1,10000,1,2026-04-27T23:51:06+00:00
ljharb/define-properties,28768789,135,2,9852,1,2026-04-27T23:51:08+00:00
ljharb/es-abstract,28995155,1043,13,9380,1,2026-04-27T23:51:10+00:00
ljharb/es-define-property,756570458,15,1,10000,1,2026-04-27T23:51:12+00:00
ljharb/es-errors,752160492,16,1,10000,1,2026-04-27T23:51:15+00:00
ljharb/es-shim-unscopables,480458584,23,1,10000,1,2026-04-27T23:49:19+00:00
ljharb/es-to-primitive,32377814,154,2,9871,1,2026-04-27T23:49:23+00:00
ljharb/get-intrinsic,308516559,111,2,9646,1,2026-04-27T23:49:26+00:00
ljharb/get-proto,911035271,8,1,10000,1,2026-04-27T23:49:27+00:00
ljharb/gopd,560708130,26,1,10000,1,2026-04-27T23:49:32+00:00
ljharb/internal-slot,216159146,73,1,10000,1,2026-04-27T23:49:37+00:00
ljharb/object-keys,9103992,351,10,7502,1,2026-04-27T23:49:38+00:00
ljharb/object.assign,17755831,355,7,9665,1,2026-04-27T23:49:40+00:00
ljharb/possible-typed-array-names,760136716,16,1,10000,1,2026-04-27T23:49:43+00:00
ljharb/qs,22266795,994,78,4096,1,2026-04-27T23:49:44+00:00
ljharb/safe-regex-test,540138887,36,3,8441,1,2026-04-27T23:49:47+00:00
ljharb/set-function-length,704249795,34,1,10000,1,2026-04-27T23:49:49+00:00
ljharb/side-channel,225239081,73,4,8945,1,2026-04-27T23:49:53+00:00
ljharb/side-channel-list,901451610,10,1,10000,1,2026-04-27T23:49:54+00:00
ljharb/side-channel-map,901191461,9,1,10000,1,2026-04-27T23:49:57+00:00
ljharb/side-channel-weakmap,901188921,12,1,10000,1,2026-04-27T23:49:59+00:00
lodash/lodash,3955647,7700,264,7307,1,2026-04-27T23:50:02+00:00
loganfsmyth/gensync,132383032,19,3,5014,1,2026-04-27T23:50:03+00:00
lokathor/bytemuck,209673558,481,72,4852,1,2026-04-27T23:50:05+00:00
lukeed/dequal,174421655,58,5,8677,1,2026-04-27T23:50:08+00:00
lukeed/escalade,273568715,47,4,8778,1,2026-04-27T23:50:10+00:00
lukeed/kleur,140393403,125,16,7478,1,2026-04-27T23:50:13+00:00
lxml/lxml,1353927,6906,178,2004,62,2026-04-27T23:50:16+00:00
lydell/js-tokens,17552490,166,5,7115,1,2026-04-27T23:50:17+00:00
lz4/lz4,18106269,3798,207,4405,1,2026-04-27T23:50:21+00:00
madler/zlib,2359378,1030,88,4248,1,2026-04-27T23:50:21+00:00
mafintosh/end-of-stream,14732255,50,9,5344,1,2026-04-27T23:50:23+00:00
mafintosh/pump,12118126,75,7,8005,1,2026-04-27T23:50:25+00:00
mafintosh/tar-stream,15340089,240,43,5586,1,2026-04-27T23:50:28+00:00
marshallpierce/rust-base64,47371310,538,56,4414,1,2026-04-27T23:50:30+00:00
mathiasbynens/cssesc,12001360,28,5,6250,1,2026-04-27T23:50:31+00:00
mathiasbynens/emoji-regex,24557614,119,18,7076,1,2026-04-27T23:50:32+00:00
mathiasbynens/jsesc,10498729,133,9,8562,1,2026-04-27T23:50:36+00:00
mathiasbynens/punycode.js,2755924,150,19,7295,1,2026-04-27T23:50:40+00:00
mathiasbynens/regenerate,10182772,124,6,8762,1,2026-04-27T23:50:44+00:00
mathiasbynens/regexpu-core,49437324,180,7,4593,1,2026-04-27T23:50:46+00:00
mathiasbynens/unicode-canonical-property-names-ecmascript,88346537,16,1,10000,1,2026-04-27T23:50:48+00:00
mathiasbynens/unicode-property-aliases-ecmascript,88333533,25,3,8496,1,2026-04-27T23:50:49+00:00
matklad/once_cell,143220272,523,59,1802,4,2026-04-27T23:50:52+00:00
matplotlib/matplotlib,1385122,54363,1911,547,6,2026-04-27T23:50:56+00:00
mcollina/fastq,37368217,124,30,4508,1,2026-04-27T23:50:58+00:00
mcollina/reusify,42106515,36,8,3897,1,2026-04-27T23:51:01+00:00
mdn/data,70901646,1382,122,639,7,2026-04-27T23:51:04+00:00
medikoo/d,10817569,87,2,9773,1,2026-04-27T23:51:06+00:00
medikoo/es5-ext,1792941,1676,11,9810,1,2026-04-27T23:51:08+00:00
medikoo/es6-symbol,14423385,114,6,8978,1,2026-04-27T23:51:10+00:00
medikoo/type,177198492,204,2,9522,1,2026-04-27T23:51:13+00:00
mhammond/pywin32,108187130,4961,115,5341,1,2026-04-27T23:51:15+00:00
micheles/decorator,14656555,418,32,6323,1,2026-04-27T23:51:17+00:00
micromark/micromark,157420458,656,21,8908,1,2026-04-27T23:47:53+00:00
micromatch/anymatch,11458302,178,14,4525,1,2026-04-27T23:47:54+00:00
micromatch/braces,25475303,251,14,7244,1,2026-04-27T23:47:55+00:00
micromatch/is-extglob,31788841,19,2,7341,1,2026-05-17T23:35:35+00:00
micromatch/is-glob,28179425,68,7,5967,1,2026-04-27T23:47:58+00:00
micromatch/micromatch,27359938,604,31,7343,1,2026-04-27T23:47:58+00:00
micromatch/picomatch,156211895,278,29,3477,1,2026-04-27T23:48:00+00:00
micromatch/to-regex-range,40355891,79,5,7888,1,2026-04-27T23:48:02+00:00
microsoft/tslib,34414315,313,41,1289,3,2026-04-27T23:48:04+00:00
microsoft/typescript,20929025,36754,935,410,8,2026-04-27T23:48:06+00:00
microsoft/windows-rs,208102250,2071,84,4953,1,2026-04-27T23:48:06+00:00
minimistjs/minimist,549230701,169,22,1251,7,2026-04-27T23:48:07+00:00
mitsuhiko/insta,165561258,996,71,4682,1,2026-04-27T23:48:09+00:00
mlocati/gettext-iconv-windows,12751919,276,4,9784,1,2026-04-27T23:48:11+00:00
mm2/little-cms,507969,1351,75,6063,1,2026-04-27T23:48:12+00:00
moment/moment,1424470,4064,690,1560,2,2026-04-27T23:48:15+00:00
more-itertools/more-itertools,4144530,2335,143,3696,1,2026-04-27T23:48:15+00:00
motdotla/dotenv,11205780,997,112,5880,1,2026-04-27T23:48:16+00:00
moxystudio/node-cross-spawn,21335844,229,22,7636,1,2026-04-27T23:48:18+00:00
mozilla/source-map,2014930,718,94,3540,1,2026-04-27T23:48:19+00:00
mrabarnett/mrab-regex,309446978,496,14,57,9,2026-04-27T23:48:20+00:00
mrmlnc/fast-glob,77467076,854,30,9153,1,2026-04-27T23:48:22+00:00
msgpack/msgpack-python,2242705,916,86,5178,1,2026-04-27T23:48:24+00:00
mysticatea/abort-controller,105228556,49,5,8092,1,2026-04-27T23:48:27+00:00
mysticatea/event-target-shim,31137469,127,7,8072,1,2026-04-27T23:48:29+00:00
netflix/vmaf,51317975,2147,112,3423,1,2026-04-27T23:48:32+00:00
nghttp2/nghttp2,11452676,8820,169,8729,1,2026-04-27T23:48:35+00:00
nicolo-ribaudo/babel-preset-current-node-syntax,253327079,54,3,8289,1,2026-04-27T23:48:35+00:00
nlnetlabs/unbound,94195301,8280,141,6723,1,2026-04-27T23:48:38+00:00
node-fetch/fetch-blob,186960326,98,14,2229,2,2026-04-27T23:48:38+00:00
node-fetch/node-fetch,29849956,640,116,598,7,2026-04-27T23:48:40+00:00
nodeca/argparse,4325614,267,24,474,18,2026-04-27T23:48:42+00:00
nodeca/js-yaml,2504175,1295,80,1112,73,2026-04-27T23:48:43+00:00
nodeca/pako,16231859,375,24,102,23,2026-04-27T23:48:45+00:00
nodejs/node,27193779,46644,4339,200,19,2026-04-27T23:48:52+00:00
nodejs/readable-stream,5187096,475,56,1809,3,2026-04-27T23:48:48+00:00
nodejs/string_decoder,95052330,57,9,3801,1,2026-04-27T23:48:50+00:00
nodejs/undici,133092972,3868,363,1759,3,2026-04-27T23:48:58+00:00
nodelib/nodelib,129310478,405,6,9755,1,2026-04-27T23:48:54+00:00
npm/abbrev-js,554893,96,11,1410,3,2026-04-27T23:48:58+00:00
npm/cacache,193812470,772,38,3565,1,2026-04-27T23:49:00+00:00
npm/hosted-git-info,25002984,292,37,1072,4,2026-04-27T23:49:04+00:00
npm/ini,2167680,175,28,1288,3,2026-04-27T23:49:07+00:00
npm/json-parse-even-better-errors,211384370,99,8,1090,3,2026-04-27T23:49:09+00:00
npm/mute-stream,5159166,92,12,922,4,2026-04-27T23:49:10+00:00
npm/node-semver,1357199,540,102,2472,2,2026-04-27T23:49:12+00:00
npm/node-which,2169708,179,21,3465,1,2026-04-27T23:49:13+00:00
npm/nopt,1544436,184,27,1239,3,2026-04-27T23:49:15+00:00
npm/normalize-package-data,9301720,363,41,1433,4,2026-04-27T23:49:18+00:00
npm/ssri,193817839,231,16,1869,2,2026-04-27T23:49:20+00:00
npm/unique-slug,35246620,92,14,802,7,2026-04-27T23:49:24+00:00
npm/write-file-atomic,23896209,210,28,946,4,2026-04-27T23:49:30+00:00
numpy/numpy,908607,41136,2071,510,9,2026-04-27T23:49:36+00:00
nv/cssom,1025209,212,23,5265,1,2026-04-27T23:49:34+00:00
nvzqz/static-assertions,100129252,288,5,9257,1,2026-05-17T23:35:34+00:00
oauthlib/oauthlib,2811323,1819,204,1247,3,2026-04-27T23:49:39+00:00
octokit/openapi-types.ts,304109193,508,14,1102,5,2026-04-27T23:49:41+00:00
octokit/types.ts,216109757,670,28,816,21,2026-04-27T23:49:43+00:00
oozcitak/xmlbuilder-js,1042809,677,33,8068,1,2026-04-27T23:49:44+00:00
open-telemetry/opentelemetry-js,185901023,3217,380,424,10,2026-04-27T23:49:49+00:00
open-telemetry/opentelemetry-js-contrib,255986659,2721,328,421,10,2026-04-27T23:49:53+00:00
open-telemetry/opentelemetry-python,185478926,2105,354,346,12,2026-04-27T23:49:55+00:00
open-telemetry/opentelemetry-python-contrib,220524743,2997,456,367,14,2026-05-17T23:27:22+00:00
openssl/openssl,7634677,39683,1492,630,6,2026-04-27T23:49:57+00:00
opensuse/ca-certificates,10785433,150,18,2131,2,2026-04-27T23:49:57+00:00
p11-glue/p11-kit,12060420,1517,108,2264,2,2026-04-27T23:49:58+00:00
pallets/click,19103692,3064,424,1261,3,2026-04-27T23:50:03+00:00
pallets/flask,596892,5531,862,1601,2,2026-04-27T23:50:07+00:00
pallets/itsdangerous,1945034,677,44,2723,1,2026-04-27T23:50:06+00:00
pallets/jinja,994551,2949,335,2705,2,2026-04-27T23:50:12+00:00
pallets/markupsafe,734244,844,49,3705,1,2026-04-27T23:50:10+00:00
pallets/werkzeug,997338,5917,514,1893,2,2026-04-27T23:50:17+00:00
pandas-dev/pandas,858127,37835,4191,487,9,2026-04-27T23:50:19+00:00
paramiko/paramiko,119609,4039,189,4658,1,2026-04-27T23:50:18+00:00
paulmillr/chokidar,4090287,1752,122,3326,2,2026-04-27T23:50:21+00:00
paulmillr/readdirp,4494405,469,37,3620,1,2026-04-27T23:50:22+00:00
pcre2project/pcre2,398251321,2237,62,4365,1,2026-04-27T23:50:24+00:00
pest-parser/pest,56964647,1349,144,2284,2,2026-04-27T23:50:27+00:00
peternator7/strum,80964373,346,120,781,10,2026-04-27T23:50:28+00:00
petkaantonov/bluebird,12670444,2114,238,5994,1,2026-04-27T23:50:31+00:00
pexpect/ptyprocess,24727748,154,21,3572,1,2026-04-27T23:50:31+00:00
pillarjs/encodeurl,60721766,48,9,5165,1,2026-04-27T23:50:33+00:00
pillarjs/finalhandler,20547377,409,12,6455,1,2026-04-27T23:50:37+00:00
pillarjs/iconv-lite,2743221,312,41,5058,1,2026-04-27T23:50:41+00:00
pillarjs/parseurl,17533192,186,9,8087,1,2026-04-27T23:50:45+00:00
pillarjs/path-to-regexp,5265803,379,41,7274,1,2026-04-27T23:50:46+00:00
pillarjs/send,4879977,613,36,5936,1,2026-04-27T23:50:48+00:00
pkgconf/pkgconf,4180110,2160,97,6489,1,2026-04-27T23:50:50+00:00
pnggroup/libpng,3768025,4681,117,208,95,2026-04-27T23:50:52+00:00
postcss/postcss,13078968,4205,439,5465,1,2026-04-27T23:50:55+00:00
postcss/postcss-selector-parser,36500102,382,46,2558,2,2026-04-27T23:50:56+00:00
prettier/prettier,75104123,11186,806,668,11,2026-04-27T23:51:02+00:00
primus/eventemitter3,13100677,389,32,3012,2,2026-04-27T23:51:01+00:00
proptest-rs/proptest,94702898,1140,95,2085,2,2026-04-27T23:51:03+00:00
protobufjs/protobuf.js,8507859,1045,127,4317,1,2026-05-17T23:35:36+00:00
protocolbuffers/protobuf,23357588,22945,1413,528,8,2026-04-27T23:51:09+00:00
psf/requests,1362490,6442,787,401,110,2026-04-27T23:51:12+00:00
psycopg/psycopg2,7730829,3178,144,4853,1,2026-04-27T23:51:12+00:00
pvorb/clone,2317381,225,33,4483,1,2026-05-17T23:35:36+00:00
py4j/py4j,1045976,798,43,6373,1,2026-04-27T23:51:15+00:00
pyasn1/pyasn1,512723255,1024,30,2464,2,2026-04-27T23:51:17+00:00
pyasn1/pyasn1-modules,512723354,351,16,2356,2,2026-04-27T23:49:20+00:00
pyca/bcrypt,9993757,992,40,391,37,2026-04-27T23:49:24+00:00
pyca/cryptography,11939484,15107,372,1665,2,2026-04-27T23:49:31+00:00
pyca/pynacl,8350032,833,78,1351,3,2026-04-27T23:49:30+00:00
pyca/pyopenssl,15778059,2397,116,724,5,2026-04-27T23:49:35+00:00
pydantic/pydantic,90194616,5488,753,757,5,2026-04-27T23:49:39+00:00
pydantic/typing-inspection,930576948,48,3,7769,1,2026-04-27T23:49:37+00:00
pygments/pygments,205564111,7145,917,1024,5,2026-04-27T23:49:42+00:00
pypa/distlib,436970140,1306,41,8756,1,2026-04-27T23:49:41+00:00
pypa/packaging,19837758,981,140,920,4,2026-04-27T23:49:45+00:00
pypa/pip,1446467,15969,878,652,6,2026-04-27T23:49:47+00:00
pypa/setuptools,54980593,16613,640,2035,2,2026-04-27T23:49:51+00:00
pypa/virtualenv,1446474,1150,155,3462,1,2026-04-27T23:49:51+00:00
pypa/wheel,98346885,1006,89,2317,2,2026-04-27T23:49:52+00:00
pyparsing/pyparsing,91262163,1677,76,7116,1,2026-04-27T23:49:54+00:00
pytest-dev/iniconfig,66012563,193,16,4590,1,2026-04-27T23:49:58+00:00
pytest-dev/pluggy,34739117,942,58,728,5,2026-04-27T23:50:00+00:00
pytest-dev/pytest,37489525,17297,1104,871,4,2026-04-27T23:50:04+00:00
python-attrs/attrs,29918975,1778,186,5889,1,2026-04-27T23:50:05+00:00
python-cffi/cffi,696427398,3573,100,7542,1,2026-04-27T23:50:07+00:00
python-greenlet/greenlet,3003137,1223,86,3116,1,2026-04-27T23:50:09+00:00
python-hyper/brotlicffi,43543393,435,22,3796,1,2026-04-27T23:50:11+00:00
python-hyper/h11,57372073,482,34,4996,1,2026-04-27T23:50:14+00:00
python-jsonschema/jsonschema,3072629,3004,120,6043,1,2026-04-27T23:50:15+00:00
python-pillow/pillow,5171600,20655,502,2103,2,2026-04-27T23:50:23+00:00
python-poetry/poetry,123303402,3796,653,1336,3,2026-05-17T23:27:22+00:00
python-poetry/tomlkit,140365570,467,47,2769,2,2026-04-27T23:50:24+00:00
python-trio/sniffio,142657210,89,17,1521,3,2026-04-27T23:50:27+00:00
python/importlib_metadata,306448340,1805,69,7024,1,2026-04-27T23:50:28+00:00
python/importlib_resources,306147182,1102,51,5453,1,2026-04-27T23:50:30+00:00
python/mypy,7053637,13545,847,1681,3,2026-04-27T23:50:34+00:00
python/mypy_extensions,165752308,68,24,1337,3,2026-04-27T23:50:33+00:00
python/typeshed,31696383,11599,1716,304,12,2026-04-27T23:50:44+00:00
python/typing,24604008,1055,145,409,9,2026-04-27T23:50:43+00:00
python/typing_extensions,494077289,509,78,1539,2,2026-04-27T23:50:46+00:00
python/tzdata,242158882,158,8,6334,1,2026-04-27T23:50:46+00:00
qix-/color-convert,1874305,152,31,2829,2,2026-04-27T23:50:49+00:00
qix-/node-error-ex,41388258,50,5,8480,1,2026-04-27T23:50:51+00:00
qix-/node-is-arrayish,41376759,27,4,7284,1,2026-04-27T23:50:52+00:00
qt/qt5,9880318,6631,270,162,145,2026-04-27T23:50:54+00:00
radix-ui/primitives,273499522,1662,89,1547,2,2026-04-27T23:50:57+00:00
raszi/node-tmp,2313213,454,38,4291,1,2026-04-27T23:50:58+00:00
raynos/for-each,6006855,72,3,6925,1,2026-04-27T23:51:01+00:00
raynos/function-bind,10727014,100,6,8662,1,2026-04-27T23:51:03+00:00
rayon-rs/either,42479602,278,40,2303,2,2026-04-27T23:51:05+00:00
rayon-rs/rayon,24725038,2321,159,2258,2,2026-04-27T23:51:10+00:00
reactivex/rxjs,32247847,5461,558,1632,3,2026-04-27T23:51:15+00:00
realpython/pytest-mypy,69576530,354,16,8291,1,2026-04-27T23:51:13+00:00
remix-run/react-router,19872456,10827,1268,853,4,2026-04-27T23:51:18+00:00
remusao/tldts,97631656,3001,28,1640,15,2026-04-27T23:51:18+00:00
requests/requests-oauthlib,6825724,666,120,935,4,2026-04-27T23:47:54+00:00
requests/toolbelt,15515181,614,72,3882,1,2026-04-27T23:47:54+00:00
retep998/winapi-rs,23853482,1053,163,3040,1,2026-04-27T23:47:56+00:00
rich-harris/estree-walker,33668779,113,12,5163,1,2026-04-27T23:47:58+00:00
rich-harris/magic-string,26143240,586,57,3974,1,2026-04-27T23:47:58+00:00
rob--w/proxy-from-env,52038793,46,4,8365,1,2026-04-27T23:48:00+00:00
rogdham/backports.zstd,977687927,66,3,9408,1,2026-04-27T23:48:03+00:00
rollup/plugins,203607977,1283,256,962,11,2026-04-27T23:48:05+00:00
ronaldoussoren/pyobjc,243933900,5876,40,7281,1,2026-04-27T23:48:05+00:00
rust-cli/anstyle,493821282,1256,39,6450,1,2026-04-27T23:48:07+00:00
rust-cli/env_logger,96382888,738,76,2496,2,2026-04-27T23:48:07+00:00
rust-embedded/critical-section,365854323,135,17,3167,1,2026-04-27T23:48:09+00:00
rust-fuzz/arbitrary,90591032,408,63,2531,2,2026-04-27T23:48:11+00:00
rust-itertools/itertools,22360263,2204,185,727,10,2026-04-27T23:48:13+00:00
rust-lang-nursery/lazy-static.rs,21157492,280,61,1889,2,2026-04-27T23:48:14+00:00
rust-lang/cc-rs,26039547,1611,326,1315,6,2026-04-27T23:48:17+00:00
rust-lang/cfg-if,38723660,126,21,1924,2,2026-04-27T23:48:16+00:00
rust-lang/compiler-builtins,65153793,3374,225,991,4,2026-04-27T23:48:19+00:00
rust-lang/flate2-rs,21954009,836,115,2070,2,2026-04-27T23:48:20+00:00
rust-lang/futures-rs,55077261,3475,361,1400,3,2026-04-27T23:48:24+00:00
rust-lang/glob,23241722,253,51,1280,4,2026-04-27T23:48:23+00:00
rust-lang/hashbrown,155119796,1293,136,1155,3,2026-04-27T23:48:25+00:00
rust-lang/libc,29197565,9009,876,793,5,2026-04-27T23:48:28+00:00
rust-lang/libz-sys,26042019,484,57,1369,3,2026-04-27T23:48:27+00:00
rust-lang/log,27974762,960,134,1466,3,2026-04-27T23:48:29+00:00
rust-lang/pkg-config-rs,26042035,308,58,1869,2,2026-04-27T23:48:31+00:00
rust-lang/regex,27890669,1596,210,4907,1,2026-04-27T23:48:34+00:00
rust-lang/rust,724712,325112,8379,291,27,2026-04-27T23:48:40+00:00
rust-num/num-traits,114705611,1179,131,1140,5,2026-04-27T23:48:38+00:00
rust-phf/rust-phf,15992970,891,73,3543,1,2026-04-27T23:48:40+00:00
rust-random/getrandom,166545969,667,64,2358,2,2026-04-27T23:48:42+00:00
rust-random/rand,30227790,3560,310,1592,3,2026-04-27T23:48:45+00:00
rust-random/rand_core,1086593277,371,38,2995,1,2026-04-27T23:48:45+00:00
rust-random/rngs,209510094,189,22,4219,1,2026-04-27T23:48:47+00:00
rustcrypto/formats,406051759,1783,101,3020,1,2026-04-27T23:48:48+00:00
rustcrypto/hashes,74106774,706,88,2743,2,2026-04-27T23:48:50+00:00
rustcrypto/stream-ciphers,83051505,601,30,3706,1,2026-04-27T23:48:53+00:00
rustcrypto/traits,85605821,1979,72,4768,1,2026-04-27T23:48:57+00:00
rustcrypto/utils,77307442,1311,77,4274,1,2026-04-27T23:48:57+00:00
rvagg/bl,10706095,280,40,1486,2,2026-04-27T23:49:00+00:00
rvagg/through2,11808187,125,21,4648,1,2026-04-27T23:49:04+00:00
ryanzim/universalify,87651180,28,5,6837,1,2026-04-27T23:49:05+00:00
salesforce/tough-cookie,2606873,714,43,1337,3,2026-04-27T23:49:07+00:00
samn/json-stable-stringify,76598131,34,8,156,7,2026-04-27T23:49:09+00:00
samverschueren/decode-uri-component,91837954,19,3,8061,1,2026-04-27T23:49:11+00:00
sboudrias/inquirer.js,10114077,2093,252,4282,1,2026-04-27T23:49:15+00:00
scikit-build/ninja-python-distributions,75102202,369,12,1189,3,2026-04-27T23:49:13+00:00
scikit-learn/scikit-learn,843222,33586,3503,183,22,2026-04-27T23:49:21+00:00
scipy/scipy,1460385,37385,1904,332,12,2026-04-27T23:49:23+00:00
seanmonstar/reqwest,62350380,1290,399,1997,6,2026-04-27T23:49:25+00:00
sec-ant/readable-stream,569980966,119,4,1984,1,2026-04-27T23:49:24+00:00
selinuxproject/selinux,20648799,4099,191,748,5,2026-04-27T23:49:28+00:00
serde-rs/bytes,87358441,215,9,8660,1,2026-04-27T23:49:30+00:00
serde-rs/json,35894511,1848,144,6239,1,2026-04-27T23:49:35+00:00
serde-rs/serde,14367737,4354,205,4140,1,2026-04-27T23:49:36+00:00
servo/rust-fnv,33499190,60,19,828,4,2026-04-27T23:49:40+00:00
servo/rust-smallvec,33456236,504,97,586,15,2026-04-27T23:49:42+00:00
servo/rust-url,14934771,1409,198,1513,3,2026-04-27T23:49:45+00:00
sinclairzx81/sinclair-typebox,1122129819,12,1,10000,1,2026-04-27T23:49:47+00:00
sindresorhus/ansi-escapes,40721875,82,18,5938,1,2026-04-27T23:49:50+00:00
sindresorhus/array-union,21005682,25,9,4752,1,2026-04-27T23:49:53+00:00
sindresorhus/binary-extensions,29771015,73,23,3147,1,2026-04-27T23:49:56+00:00
sindresorhus/callsites,18938743,38,7,5277,1,2026-04-27T23:49:57+00:00
sindresorhus/camelcase,25116836,106,31,3835,1,2026-04-27T23:49:59+00:00
sindresorhus/clean-stack,62838930,59,15,5139,1,2026-04-27T23:50:01+00:00
sindresorhus/cli-cursor,23512396,30,6,6989,1,2026-04-27T23:50:04+00:00
sindresorhus/crypto-random-string,73665728,33,8,3848,1,2026-04-27T23:50:06+00:00
sindresorhus/decamelize,29773710,59,15,4260,1,2026-04-27T23:50:09+00:00
sindresorhus/detect-newline,21304485,39,9,5989,1,2026-04-27T23:50:12+00:00
sindresorhus/environment,793180075,5,1,10000,1,2026-04-27T23:50:13+00:00
sindresorhus/escape-string-regexp,21169121,33,8,3085,1,2026-04-27T23:50:15+00:00
sindresorhus/execa,47475908,824,64,5453,1,2026-04-27T23:50:18+00:00
sindresorhus/figures,21672939,129,12,3908,2,2026-04-27T23:50:20+00:00
sindresorhus/file-type,19105307,640,119,2704,2,2026-04-27T23:50:22+00:00
sindresorhus/find-cache-directory,48783244,54,14,2743,2,2026-05-17T23:35:37+00:00
sindresorhus/find-up,41723004,78,17,4875,1,2026-04-27T23:50:26+00:00
sindresorhus/find-up-simple,714044439,7,2,5918,1,2026-04-27T23:50:27+00:00
sindresorhus/get-east-asian-width,711160838,24,4,4253,1,2026-04-27T23:50:29+00:00
sindresorhus/get-stream,44264225,124,17,3674,1,2026-04-27T23:50:32+00:00
sindresorhus/globals,15186239,427,102,2367,2,2026-04-27T23:50:33+00:00
sindresorhus/globby,21069494,262,50,3484,1,2026-04-27T23:50:36+00:00
sindresorhus/has-flag,38718671,22,7,5413,1,2026-04-27T23:50:40+00:00
sindresorhus/import-fresh,22020904,37,8,6216,1,2026-04-27T23:50:45+00:00
sindresorhus/import-local,90292430,30,8,5489,1,2026-04-27T23:50:47+00:00
sindresorhus/indent-string,20576837,50,11,6128,1,2026-04-27T23:50:49+00:00
sindresorhus/is-binary-path,29771247,22,6,4463,1,2026-04-27T23:50:50+00:00
sindresorhus/is-docker,33590534,31,7,6556,1,2026-04-27T23:50:52+00:00
sindresorhus/is-fullwidth-code-point,39222301,26,9,4438,1,2026-04-27T23:50:54+00:00
sindresorhus/is-inside-container,601943060,3,1,10000,1,2026-04-27T23:50:57+00:00
sindresorhus/is-path-inside,21054113,33,8,5023,1,2026-04-27T23:50:58+00:00
sindresorhus/is-plain-obj,38923193,29,7,4078,1,2026-04-27T23:51:01+00:00
sindresorhus/is-stream,29436825,33,6,5923,1,2026-04-27T23:51:04+00:00
sindresorhus/is-unicode-supported,348660847,20,5,5775,1,2026-04-27T23:51:07+00:00
sindresorhus/is-wsl,88415331,25,7,5872,1,2026-04-27T23:51:09+00:00
sindresorhus/leven,22794601,40,8,5738,1,2026-04-27T23:51:11+00:00
sindresorhus/locate-path,74266248,32,8,5723,1,2026-04-27T23:51:13+00:00
sindresorhus/log-symbols,21673868,47,13,4224,1,2026-04-27T23:51:16+00:00
sindresorhus/lowercase-keys,29769737,21,3,8231,1,2026-04-27T23:51:19+00:00
sindresorhus/make-dir,90776169,60,11,4822,1,2026-04-27T23:47:53+00:00
sindresorhus/meow,25121561,208,45,3689,1,2026-04-27T23:47:55+00:00
sindresorhus/mimic-function,71381729,51,11,3291,2,2026-04-27T23:47:58+00:00
sindresorhus/mimic-response,93189529,22,6,5455,1,2026-04-27T23:47:59+00:00
sindresorhus/node-defaults,7985040,22,5,3554,1,2026-04-27T23:48:00+00:00
sindresorhus/normalize-url,29094022,181,45,4357,1,2026-04-27T23:48:02+00:00
sindresorhus/npm-run-path,48707028,43,7,4354,1,2026-04-27T23:48:03+00:00
sindresorhus/object-assign,16457190,67,14,5208,1,2026-04-27T23:48:05+00:00
sindresorhus/onetime,14847357,50,9,6160,1,2026-04-27T23:48:07+00:00
sindresorhus/open,18469325,223,57,4378,1,2026-04-27T23:48:08+00:00
sindresorhus/p-limit,71542716,76,18,5663,1,2026-04-27T23:48:09+00:00
sindresorhus/p-locate,74265632,27,6,6159,1,2026-04-27T23:48:10+00:00
sindresorhus/p-map,71526722,69,18,3821,1,2026-04-27T23:48:12+00:00
sindresorhus/p-try,71534796,17,5,5225,1,2026-04-27T23:48:13+00:00
sindresorhus/package-directory,41724281,42,9,5879,1,2026-05-17T23:35:34+00:00
sindresorhus/parent-module,50187748,26,6,6598,1,2026-04-27T23:48:14+00:00
sindresorhus/parse-json,41367145,66,15,4504,1,2026-04-27T23:48:16+00:00
sindresorhus/path-exists,34965664,25,7,4832,1,2026-04-27T23:48:18+00:00
sindresorhus/path-key,48706449,23,6,5047,1,2026-04-27T23:48:19+00:00
sindresorhus/path-type,41905436,27,7,5144,1,2026-04-27T23:48:21+00:00
sindresorhus/pify,41585934,69,16,4913,1,2026-04-27T23:48:23+00:00
sindresorhus/quick-lru,86679721,69,18,4696,1,2026-04-27T23:48:26+00:00
sindresorhus/read-package-up,41842429,46,9,6857,1,2026-05-17T23:35:34+00:00
sindresorhus/read-pkg,41790094,53,9,6931,1,2026-04-27T23:48:26+00:00
sindresorhus/resolve-cwd,47504070,15,4,6533,1,2026-04-27T23:48:33+00:00
sindresorhus/resolve-from,22022707,30,7,5533,1,2026-04-27T23:48:33+00:00
sindresorhus/restore-cursor,23512229,23,6,6219,1,2026-04-27T23:48:34+00:00
sindresorhus/shebang-regex,30903733,15,4,6533,1,2026-04-27T23:48:36+00:00
sindresorhus/slash,11516031,34,8,6367,1,2026-04-27T23:48:38+00:00
sindresorhus/string-width,39222730,78,14,5450,1,2026-04-27T23:48:40+00:00
sindresorhus/strip-bom,18444852,37,7,7064,1,2026-04-27T23:48:42+00:00
sindresorhus/strip-final-newline,47453723,20,4,4900,1,2026-04-27T23:48:45+00:00
sindresorhus/strip-indent,18242629,40,8,6850,1,2026-04-27T23:48:46+00:00
sindresorhus/strip-json-comments,14468669,82,21,5561,1,2026-04-27T23:48:47+00:00
sindresorhus/tagged-tag,795552264,5,1,10000,1,2026-04-27T23:48:47+00:00
sindresorhus/to-fast-properties,31656998,32,8,4902,1,2026-04-27T23:48:49+00:00
sindresorhus/type-fest,175398594,935,211,1755,2,2026-04-27T23:48:56+00:00
sindresorhus/unicorn-magic,716660564,12,2,8472,1,2026-04-27T23:48:56+00:00
sindresorhus/yocto-queue,315531538,17,4,6886,1,2026-04-27T23:48:59+00:00
sinonjs/commons,143001748,167,12,1611,5,2026-04-27T23:49:01+00:00
sinonjs/fake-timers,16523712,835,90,2026,2,2026-04-27T23:49:02+00:00
smithy-lang/smithy-rs,308027791,3382,147,1034,4,2026-04-27T23:49:05+00:00
smithy-lang/smithy-typescript,208319207,2910,101,865,4,2026-04-27T23:49:06+00:00
smol-rs/fastrand,267368764,152,23,1655,2,2026-04-27T23:49:08+00:00
snowflakedb/snowflake-connector-python,62262074,1848,156,962,3,2026-04-27T23:49:09+00:00
socketio/socket.io,557980,7712,561,2655,2,2026-04-27T23:49:16+00:00
sqlalchemy/sqlalchemy,159271175,18027,827,6301,1,2026-04-27T23:49:18+00:00
sqlite/sqlite,176278485,,,,,
srijs/rust-crc32fast,157348282,98,12,7035,1,2026-04-27T23:49:16+00:00
stebalien/tempfile,33832372,512,80,4991,1,2026-04-27T23:49:17+00:00
stefanpenner/get-caller-file,48818175,53,5,7601,1,2026-04-27T23:47:53+00:00
storybookjs/storybook,54173593,78824,2619,854,5,2026-04-27T23:47:56+00:00
stream-utils/destroy,15544623,130,3,8174,1,2026-04-27T23:47:56+00:00
stream-utils/raw-body,12823654,537,18,6957,1,2026-04-27T23:47:58+00:00
stream-utils/unpipe,37428186,81,1,10000,1,2026-04-27T23:48:00+00:00
streamich/memfs,37490572,2087,72,1929,3,2026-04-27T23:48:01+00:00
stub42/pytz,63155638,689,23,3048,1,2026-04-27T23:48:02+00:00
suguru03/neo-async,27030361,948,21,8939,1,2026-04-27T23:48:03+00:00
sval-rs/sval,157205610,417,7,9527,1,2026-04-27T23:48:05+00:00
swc-project/swc,115110181,11798,359,2696,2,2026-04-27T23:48:09+00:00
syntax-tree/unist-util-is,41795086,133,6,8567,1,2026-04-27T23:48:08+00:00
systemd/systemd,32873313,88326,3262,1286,3,2026-04-27T23:48:12+00:00
taiki-e/pin-project,164668916,1442,13,6204,1,2026-04-27T23:48:10+00:00
taiki-e/pin-project-lite,216847853,701,12,7474,1,2026-04-27T23:48:12+00:00
taiki-e/portable-atomic,448365131,1890,10,9051,1,2026-04-27T23:48:13+00:00
tapjs/signal-exit,35711072,120,14,1703,2,2026-04-27T23:48:15+00:00
tapjs/stack-utils,48974178,94,13,2635,2,2026-04-27T23:48:16+00:00
tartley/colorama,18892209,391,52,1285,3,2026-04-27T23:48:18+00:00
teambition/merge2,25396227,42,7,6990,1,2026-04-27T23:48:19+00:00
teddriggs/darling,89984100,547,46,6759,1,2026-04-27T23:48:20+00:00
tehshrike/deepmerge,3276413,331,39,3172,1,2026-04-27T23:48:22+00:00
terkelg/sisteransi,122441239,28,5,6824,1,2026-04-27T23:48:26+00:00
terser/terser,29097127,3503,264,1998,2,2026-04-27T23:48:28+00:00
textualize/rich,220809393,4458,289,4556,1,2026-04-27T23:48:30+00:00
theskumar/python-dotenv,23727790,425,112,740,21,2026-04-27T23:48:28+00:00
thkukuk/rpcsvc-proto,55140533,32,7,6650,1,2026-04-27T23:48:32+00:00
thlorenz/convert-source-map,8751561,115,27,3927,1,2026-04-27T23:48:34+00:00
thlorenz/deep-is,9345558,24,3,2135,2,2026-04-27T23:48:35+00:00
thomasdickey/ncurses-snapshots,65149533,1647,1,10000,1,2026-04-27T23:48:37+00:00
tim-kos/node-retry,1738798,139,29,779,20,2026-04-27T23:48:39+00:00
time-rs/time,26459635,1254,71,8357,1,2026-04-27T23:48:41+00:00
tj/commander.js,2206953,1491,197,1714,3,2026-04-27T23:48:43+00:00
tj/node-cookie-signature,6229722,67,11,3593,1,2026-05-17T23:35:35+00:00
tjguk/wmi,23124645,816,3,19,1,2026-04-27T23:48:43+00:00
tkem/cachetools,18006791,446,22,7075,1,2026-04-27T23:48:47+00:00
tokio-rs/bytes,30062547,558,128,1497,3,2026-04-27T23:48:47+00:00
tokio-rs/loom,161875917,235,57,1844,2,2026-04-27T23:48:49+00:00
tokio-rs/prost,94262864,791,169,2006,2,2026-04-27T23:48:51+00:00
tokio-rs/slab,37093133,131,40,1341,3,2026-04-27T23:48:52+00:00
tokio-rs/tokio,67836789,4471,1034,495,11,2026-04-27T23:49:01+00:00
tokio-rs/tracing,165289175,1610,314,2653,1,2026-04-27T23:49:02+00:00
toml-rs/toml,95902102,3028,160,4276,1,2026-04-27T23:49:02+00:00
tootallnate/proxy-agents,11293703,326,47,4742,1,2026-04-27T23:49:01+00:00
tootallnate/util-deprecate,19321056,9,3,6173,1,2026-04-27T23:49:03+00:00
tower-rs/tower,98244646,616,108,781,5,2026-04-27T23:49:06+00:00
tox-dev/filelock,17098256,495,60,709,56,2026-04-27T23:49:08+00:00
tox-dev/platformdirs,367032142,617,87,468,15,2026-04-27T23:49:08+00:00
tqdm/tqdm,36804486,2036,119,5835,1,2026-04-27T23:49:11+00:00
tritondatacenter/node-assert-plus,4767976,38,11,1330,3,2026-05-17T23:35:36+00:00
tritondatacenter/node-extsprintf,4058064,21,7,454,5,2026-05-17T23:35:36+00:00
troygoode/node-require-directory,3053807,79,10,7646,1,2026-04-27T23:49:12+00:00
trysound/postcss-value-parser,40920306,118,15,4765,1,2026-04-27T23:49:14+00:00
tsconfig/bases,263697285,446,98,2483,2,2026-04-27T23:49:16+00:00
tukaani-project/xz,553665726,3020,64,6715,1,2026-04-27T23:49:17+00:00
typescript-eslint/typescript-eslint,165536154,6564,795,293,28,2026-04-27T23:47:56+00:00
unicode-org/icu,49244766,33737,270,672,6,2026-04-27T23:47:55+00:00
unicode-org/icu4x,243395141,4982,139,1814,2,2026-04-27T23:47:57+00:00
unicode-rs/unicode-xid,34637906,89,22,2238,2,2026-04-27T23:47:59+00:00
unshiftio/requires-port,26316179,52,4,3295,2,2026-04-27T23:48:00+00:00
uqfoundation/dill,11031844,1062,47,7214,1,2026-04-27T23:48:01+00:00
urllib3/urllib3,2410676,4358,390,887,4,2026-04-27T23:48:05+00:00
util-linux/util-linux,2339555,22402,1134,3079,1,2026-04-27T23:48:06+00:00
uuidjs/uuid,1203139,620,88,3105,2,2026-04-27T23:48:06+00:00
vercel/ai,644461337,6736,620,918,7,2026-04-27T23:48:10+00:00
vercel/ms,3655872,189,42,1278,3,2026-04-27T23:48:08+00:00
vercel/next.js,70107786,33825,4082,327,12,2026-04-27T23:48:14+00:00
visionmedia/bytes.js,4626886,169,20,5478,1,2026-04-27T23:48:11+00:00
vitest-dev/vitest,434708679,5697,739,1498,2,2026-04-27T23:48:17+00:00
vorner/signal-hook,137260008,371,37,5960,1,2026-04-27T23:48:14+00:00
vuejs/core,137078487,7018,616,2629,1,2026-04-27T23:48:20+00:00
wasm-bindgen/wasm-bindgen,114685405,4316,539,1505,3,2026-04-27T23:48:21+00:00
watson/ci-info,71475907,212,34,3391,2,2026-04-27T23:48:20+00:00
wbond/asn1crypto,36823669,810,39,7732,1,2026-04-27T23:48:21+00:00
webmproject/libwebp,23368445,5149,77,3040,2,2026-04-27T23:48:24+00:00
webpack/enhanced-resolve,5400204,997,83,2639,2,2026-04-27T23:48:25+00:00
webpack/schema-utils,80306715,206,20,1393,3,2026-04-27T23:48:28+00:00
webpack/tapable,7730086,279,39,3697,1,2026-04-27T23:48:28+00:00
webpack/terser-webpack-plugin,143057914,409,39,2682,2,2026-04-27T23:48:30+00:00
webpack/watchpack,24119524,439,35,4903,1,2026-04-27T23:48:32+00:00
webpack/webpack-sources,48954523,351,32,3817,1,2026-04-27T23:48:35+00:00
webreflection/flatted,131121620,172,13,5151,1,2026-04-27T23:48:36+00:00
webreflection/html-escaper,33597730,28,1,10000,1,2026-04-27T23:48:37+00:00
websocket-client/websocket-client,1202362,1295,226,2762,2,2026-04-27T23:48:40+00:00
websockets/ws,2744972,1942,209,2140,2,2026-04-27T23:48:41+00:00
wesleytodd/setprototypeof,30301031,26,5,6612,1,2026-04-27T23:48:42+00:00
whitequark/ipaddr.js,2110585,181,39,2718,1,2026-04-27T23:48:44+00:00
withoutboats/heck,86326466,57,15,2909,2,2026-04-27T23:48:46+00:00
xiph/ogg,33956205,601,62,1033,34,2026-04-27T23:48:48+00:00
xtuc/webassemblyjs,113006071,2152,44,4546,1,2026-04-27T23:48:49+00:00
yahoo/serialize-javascript,24106944,174,29,1116,6,2026-04-27T23:48:51+00:00
yaml/libyaml,2699072,219,34,2312,2,2026-04-27T23:48:54+00:00
yaml/pyyaml,2700147,326,40,3117,1,2026-04-27T23:48:56+00:00
yargs/cliui,34287546,136,19,507,12,2026-04-27T23:48:59+00:00
yargs/set-blocking,58830287,13,6,651,5,2026-04-27T23:49:01+00:00
yargs/y18n,39720886,113,20,187,11,2026-04-27T23:49:03+00:00
yargs/yargs,14210523,1849,305,349,217,2026-04-27T23:49:05+00:00
yargs/yargs-parser,50258379,367,62,159,53,2026-04-27T23:49:06+00:00
yuzujs/setimmediate,1981208,118,12,4999,1,2026-04-27T23:49:07+00:00
zertosh/loose-envify,41947687,31,5,7627,1,2026-04-27T23:49:09+00:00
zesterer/spin-rs,21686666,394,59,2113,2,2026-05-17T23:35:35+00:00
zloirock/core-js,11481338,7819,142,9012,1,2026-04-27T23:49:11+00:00
