repo,repo_id,total_commits,total_contributors,bus_factor,hhi,fetched_at
10der/homeassistant-custom_components-awtrix,748539167,61,6,1,6565,2026-04-27T23:49:33+00:00
7rulnik/source-map-js,330043541,594,73,1,3496,2026-04-27T23:49:39+00:00
acornjs/acorn,5932749,1529,143,1,2976,2026-04-27T23:49:39+00:00
acornjs/acorn-jsx,22187098,503,52,2,3415,2026-04-27T23:49:46+00:00
adobe/react-spectrum,208362715,6433,494,3,1198,2026-04-27T23:49:52+00:00
agronholm/anyio,145337588,1284,75,1,5815,2026-04-27T23:49:50+00:00
agronholm/exceptiongroup,447694800,209,10,1,3093,2026-04-27T23:49:53+00:00
ai/nanoid,99401299,1202,150,1,6383,2026-04-27T23:49:56+00:00
aio-libs/aiobotocore,36618494,1196,77,3,1623,2026-04-27T23:49:57+00:00
aio-libs/aiohttp,13258039,13256,833,4,1238,2026-04-27T23:50:03+00:00
aio-libs/aiosignal,205007356,802,13,9,108,2026-04-27T23:50:02+00:00
aio-libs/async-timeout,67703198,420,26,21,663,2026-04-27T23:50:04+00:00
aio-libs/frozenlist,204197530,932,20,15,666,2026-04-27T23:50:06+00:00
aio-libs/multidict,51206425,1664,63,2,1596,2026-04-27T23:50:08+00:00
aio-libs/propcache,866565706,183,13,3,1626,2026-04-27T23:50:12+00:00
aio-libs/yarl,64756820,1921,102,3,1233,2026-04-27T23:50:14+00:00
ajv-validator/ajv,35914020,2721,212,1,5738,2026-04-27T23:50:16+00:00
ajv-validator/ajv-formats,281084700,109,11,1,6732,2026-04-27T23:50:19+00:00
ajv-validator/ajv-keywords,60477053,366,26,1,6414,2026-05-17T23:35:35+00:00
alexcrichton/tar-rs,21946092,548,86,1,4042,2026-04-27T23:50:20+00:00
alexei/sprintf.js,9175790,294,26,1,6634,2026-04-27T23:50:22+00:00
alexeyraspopov/picocolors,410740124,89,12,1,4675,2026-04-27T23:50:24+00:00
alexhuszagh/rust-lexical,155286170,1025,27,1,4456,2026-04-27T23:50:26+00:00
alexindigo/asynckit,59087459,28,2,1,9311,2026-04-27T23:50:28+00:00
amanieu/parking_lot,58731560,947,125,1,2779,2026-04-27T23:50:31+00:00
andialbrecht/sqlparse,4067434,1356,121,1,3643,2026-04-27T23:50:32+00:00
andrewrk/node-pend,11836813,13,1,1,10000,2026-04-27T23:50:34+00:00
andyperlitch/jsbn,9710533,28,11,1,2628,2026-04-27T23:50:38+00:00
annotated-types/annotated-types,487934134,84,21,2,2891,2026-04-27T23:50:42+00:00
antonk52/lilconfig,238967485,140,11,1,8106,2026-04-27T23:50:45+00:00
apache/airflow,33884891,37801,4296,20,266,2026-04-27T23:50:51+00:00
apache/arrow,51905353,18776,1503,17,277,2026-04-27T23:50:51+00:00
apache/arrow-rs,358917250,7591,810,12,356,2026-04-27T23:50:54+00:00
ardatan/graphql-tools,54432168,7313,417,376,140,2026-04-27T23:51:00+00:00
ardatan/whatwg-node,429511342,3170,33,28,268,2026-04-27T23:50:59+00:00
assert-rs/snapbox,424722460,1365,20,1,8294,2026-04-27T23:51:03+00:00
astral-sh/ruff,523043277,15077,859,6,832,2026-04-27T23:51:09+00:00
auth0/node-jwa,8116861,97,16,2,2720,2026-05-17T23:35:34+00:00
autotools-mirror/autoconf,47662429,7086,153,3,1311,2026-04-27T23:51:07+00:00
autotools-mirror/libtool,47662711,4532,354,27,845,2026-04-27T23:51:10+00:00
autotools-mirror/m4,66880383,709,14,1,7392,2026-04-27T23:51:11+00:00
aws/aws-cli,6780767,13829,495,2,1887,2026-04-27T23:51:16+00:00
aws/aws-sdk-js-crypto-helpers,149673986,267,28,11,567,2026-04-27T23:50:54+00:00
aws/aws-sdk-js-v3,87228090,12274,168,158,201,2026-04-27T23:51:17+00:00
axios/axios,23088740,1989,602,8,578,2026-04-27T23:47:55+00:00
azure/azure-sdk-for-js,108311273,20585,595,10,464,2026-04-27T23:47:56+00:00
azure/azure-sdk-for-python,4127088,22246,915,12,434,2026-04-27T23:47:59+00:00
azure/msrest-for-python,71186468,347,25,1,7251,2026-05-03T16:23:44+00:00
azuread/microsoft-authentication-library-for-python,67243113,1270,47,1,7951,2026-04-27T23:47:57+00:00
babel/babel,24560307,18471,1250,4,1250,2026-04-27T23:48:02+00:00
babel/babel-polyfills,190579283,446,26,1,6392,2026-04-27T23:48:01+00:00
bdwgc/bdwgc,2109456,6498,206,1,6599,2026-04-27T23:48:02+00:00
beatgammit/base64-js,2853282,155,16,1,5430,2026-04-27T23:48:03+00:00
benjaminp/six,77868600,551,68,1,5185,2026-04-27T23:48:04+00:00
besser82/libxcrypt,35503965,857,26,1,5284,2026-04-27T23:48:05+00:00
bincode-org/bincode,24130045,1,1,1,10000,2026-05-03T16:23:40+00:00
bitflags/bitflags,29287955,769,91,1,3286,2026-04-27T23:48:07+00:00
blakeembrey/array-flatten,17789771,71,8,1,4033,2026-04-27T23:48:08+00:00
blakeembrey/change-case,9440238,323,25,2,2488,2026-04-27T23:48:10+00:00
bluss/bencher,65987276,47,4,1,8397,2026-04-27T23:48:11+00:00
bminor/glibc,13868694,43313,930,260,151,2026-05-03T16:23:45+00:00
boto/boto3,24774658,7569,171,1,5116,2026-04-27T23:48:15+00:00
boto/botocore,6670942,13077,222,1,2774,2026-04-27T23:48:17+00:00
boto/s3transfer,49535299,739,47,2,2241,2026-04-27T23:48:17+00:00
braveg1rl/performance-now,336187529,1,1,1,10000,2026-04-27T23:48:18+00:00
brianc/node-postgres,991475,2884,372,1,4115,2026-04-27T23:48:22+00:00
brianloveswords/node-jwa,8116861,96,16,2,2771,2026-04-27T23:48:22+00:00
broofa/mime,534940,415,57,1,5804,2026-04-27T23:48:23+00:00
broofa/node-int64,1208666,34,8,1,4645,2026-05-03T16:23:43+00:00
browserify/events,1649251,140,17,2,2825,2026-05-17T23:35:36+00:00
browserify/node-util,14568009,161,11,2,3111,2026-04-27T23:48:25+00:00
browserify/randombytes,29300004,51,10,2,1945,2026-05-17T23:35:36+00:00
browserify/resolve,1915099,734,65,1,4795,2026-04-27T23:48:27+00:00
browserslist/browserslist,27971466,1562,197,1,6645,2026-04-27T23:48:30+00:00
browserslist/caniuse-lite,80221890,1751,15,2,3540,2026-04-27T23:48:31+00:00
browserslist/update-db,505548145,176,14,1,7283,2026-04-27T23:48:32+00:00
burntsushi/aho-corasick,37290678,300,35,1,6520,2026-04-27T23:48:35+00:00
burntsushi/jiff,759017108,634,46,1,7946,2026-04-27T23:48:36+00:00
burntsushi/memchr,37290652,269,50,1,4493,2026-04-27T23:48:37+00:00
burntsushi/quickcheck,17559913,650,93,1,4982,2026-04-27T23:48:39+00:00
burntsushi/same-file,78375612,59,14,1,3901,2026-04-27T23:48:41+00:00
burntsushi/termcolor,141345580,1040,185,1,4834,2026-04-27T23:48:44+00:00
burntsushi/ucd-generate,123997498,176,16,1,6229,2026-04-27T23:48:44+00:00
burntsushi/walkdir,42685794,192,41,1,4901,2026-04-27T23:48:46+00:00
burntsushi/winapi-util,146040682,35,7,1,6914,2026-04-27T23:48:48+00:00
businho/pytest-ruff,599731435,44,7,1,6767,2026-04-27T23:48:51+00:00
bytecodealliance/rustix,295544240,2207,124,1,7132,2026-04-27T23:48:53+00:00
bytecodealliance/wasi-rs,196445196,149,26,2,1761,2026-04-27T23:48:55+00:00
c-ares/c-ares,571708,2954,183,2,1762,2026-04-27T23:48:59+00:00
calvinmetcalf/minimalistic-assert,29144257,3,2,1,5556,2026-04-27T23:48:59+00:00
calvinmetcalf/process-nextick-args,36039131,28,9,1,2615,2026-04-27T23:49:01+00:00
caolan/async,698041,1991,273,8,1016,2026-04-27T23:49:04+00:00
certbot/certbot,26516210,11381,549,4,891,2026-04-27T23:49:08+00:00
certifi/python-certifi,3060959,338,40,24,732,2026-04-27T23:49:07+00:00
chaijs/type-detect,12107007,183,18,2,2675,2026-04-27T23:49:08+00:00
chalk/ansi-regex,20451415,64,15,1,4131,2026-04-27T23:49:10+00:00
chalk/ansi-styles,11803168,116,21,1,3850,2026-04-27T23:49:11+00:00
chalk/chalk,11855195,369,67,1,3096,2026-04-27T23:49:12+00:00
chalk/slice-ansi,43191689,70,13,1,4100,2026-04-27T23:49:14+00:00
chalk/strip-ansi,15014856,75,13,1,5815,2026-04-27T23:49:17+00:00
chalk/supports-color,11855007,202,42,1,4184,2026-04-27T23:49:18+00:00
chalk/wrap-ansi,41053676,80,12,1,4361,2026-04-27T23:49:21+00:00
chalker/safer-buffer,125825141,49,6,1,7734,2026-04-27T23:49:24+00:00
chardet/chardet,5196969,1047,55,1,7079,2026-04-27T23:49:26+00:00
cheeriojs/dom-serializer,18991884,1408,21,19,61,2026-04-27T23:49:29+00:00
chicoxyzzy/node-releases,73765596,452,11,2,4469,2026-04-27T23:49:33+00:00
chronotope/chrono,18210201,1768,258,3,1381,2026-04-27T23:49:37+00:00
chronotope/humantime,59320323,126,20,1,3653,2026-04-27T23:49:38+00:00
clap-rs/clap,31315121,8957,593,2,2453,2026-04-27T23:49:44+00:00
cloudflare/cloudflare-python,753271547,6531,17,13,185,2026-04-27T23:49:42+00:00
colinhacks/zod,245704608,2820,510,277,770,2026-04-27T23:49:48+00:00
colorjs/color-name,27038309,49,8,1,5035,2026-04-27T23:49:45+00:00
comex/rust-shlex,37886228,52,8,1,3358,2026-04-27T23:49:48+00:00
component/escape-html,5444800,36,8,1,5000,2026-04-27T23:49:51+00:00
component/toidentifier,114743189,81,2,1,9756,2026-04-27T23:49:52+00:00
conventional-changelog/commitlint,51575745,3239,291,268,403,2026-04-27T23:49:56+00:00
conventional-changelog/conventional-changelog,15639771,1823,168,2,2430,2026-04-27T23:49:58+00:00
cosmiconfig/cosmiconfig,45750507,504,36,3,1078,2026-04-27T23:49:59+00:00
coveragepy/coveragepy,138421996,7402,201,1,8585,2026-04-27T23:50:03+00:00
cpburnz/python-pathspec,14648551,400,29,1,7708,2026-04-27T23:50:04+00:00
crate-py/rpds,608018848,610,20,1,4049,2026-05-17T23:35:35+00:00
criterion-rs/criterion.rs,1081104682,1587,137,4,1921,2026-04-27T23:50:08+00:00
crossbeam-rs/crossbeam,35566048,2330,162,147,441,2026-04-27T23:50:11+00:00
crypto-browserify/randombytes,29300004,51,10,2,1945,2026-04-27T23:50:15+00:00
css-modules/icss-utils,42766912,67,13,2,1753,2026-04-27T23:50:14+00:00
cssnano/cssnano,33943153,2634,129,1,3478,2026-04-27T23:50:16+00:00
csstools/postcss-plugins,219192307,4893,141,1,3245,2026-04-27T23:50:19+00:00
csstree/csstree,67236461,1249,30,1,9262,2026-04-27T23:50:20+00:00
curl/curl,569041,38542,1500,1,2938,2026-04-27T23:50:26+00:00
cuviper/autocfg,135481335,120,10,1,5938,2026-04-27T23:50:25+00:00
cyan4973/xxhash,19330466,2073,124,1,5090,2026-04-27T23:50:27+00:00
daaku/nodejs-makeerror,2097803,22,2,1,8347,2026-04-27T23:50:28+00:00
daaku/nodejs-tmpl,2171213,15,4,1,6533,2026-04-27T23:50:30+00:00
dateutil/dateutil,26876372,1610,133,1,3698,2026-04-27T23:50:32+00:00
davepacheco/node-extsprintf,4058064,21,7,5,454,2026-04-27T23:50:37+00:00
davidhalter/parso,90668463,1149,52,1,7603,2026-04-27T23:50:39+00:00
davisjam/safe-regex,90781457,85,6,1,3271,2026-04-27T23:50:43+00:00
dchest/tweetnacl-js,15649752,413,18,1,8831,2026-04-27T23:50:45+00:00
dcodeio/long.js,8678904,143,19,1,5403,2026-04-27T23:50:47+00:00
dcodeio/protobuf.js,8507859,988,125,1,4142,2026-04-27T23:50:50+00:00
debug-js/debug,2871998,553,121,3,1553,2026-04-27T23:50:52+00:00
definitelytyped/definitelytyped,6093316,91057,21992,385,47,2026-04-27T23:50:55+00:00
defunctzombie/node-process,7580644,74,16,2,3285,2026-05-17T23:35:34+00:00
django/asgiref,48501860,494,113,2,2379,2026-04-27T23:50:54+00:00
djc/rustc-version-rs,41272773,116,17,2,3125,2026-04-27T23:50:58+00:00
dmitrysoshnikov/regexp-tree,85459304,624,28,1,5042,2026-04-27T23:50:59+00:00
dominictarr/through,4885140,95,12,1,7647,2026-05-03T16:23:43+00:00
doowb/ansi-colors,47135420,124,13,1,3848,2026-04-27T23:51:02+00:00
douglasdwyer/wasm_sync,668034655,4,1,1,10000,2026-04-27T23:51:05+00:00
dougwilson/nodejs-depd,20848667,228,2,1,9913,2026-04-27T23:51:06+00:00
dtolnay/anyhow,212936374,919,27,1,9274,2026-04-27T23:51:08+00:00
dtolnay/automod,173074854,130,5,1,9396,2026-04-27T23:51:11+00:00
dtolnay/dissimilar,229514821,143,3,1,9321,2026-04-27T23:51:14+00:00
dtolnay/indoc,54252316,381,8,1,9432,2026-04-27T23:51:16+00:00
dtolnay/itoa,61962375,327,15,1,8479,2026-04-27T23:49:18+00:00
dtolnay/no-panic,143469762,247,3,1,9599,2026-04-27T23:49:22+00:00
dtolnay/paste,155652490,298,9,1,9406,2026-05-03T16:23:43+00:00
dtolnay/proc-macro2,91860126,1284,31,1,7745,2026-04-27T23:49:25+00:00
dtolnay/quote,67273122,742,27,1,8211,2026-04-27T23:49:26+00:00
dtolnay/ref-cast,106295902,280,4,1,9787,2026-04-27T23:49:31+00:00
dtolnay/rustversion,183990447,207,3,1,9808,2026-04-27T23:49:34+00:00
dtolnay/ryu,142720484,402,8,1,9413,2026-04-27T23:49:35+00:00
dtolnay/semver,22432442,709,69,2,2542,2026-04-27T23:49:37+00:00
dtolnay/syn,67305738,5277,109,1,8575,2026-04-27T23:49:41+00:00
dtolnay/target-triple,734167706,43,1,1,10000,2026-04-27T23:49:42+00:00
dtolnay/thiserror,213836768,827,21,1,9289,2026-04-27T23:49:43+00:00
dtolnay/trybuild,184941159,709,26,1,8747,2026-04-27T23:49:45+00:00
dtolnay/unicode-ident,492639579,231,5,1,9406,2026-04-27T23:49:48+00:00
eemeli/yaml,119439276,1617,34,1,9309,2026-04-27T23:49:50+00:00
ehmicky/human-signals,214467546,718,5,1,9532,2026-04-27T23:49:52+00:00
eliben/pycparser,10589864,655,92,1,4219,2026-04-27T23:49:54+00:00
emotion-js/emotion,92570536,1865,329,6,1115,2026-04-27T23:50:00+00:00
encode/httpcore,237210639,567,59,6,1310,2026-04-27T23:50:01+00:00
encode/httpx,179492861,1523,247,2,2297,2026-04-27T23:50:04+00:00
epoberezkin/ajv-keywords,60477053,366,26,1,6414,2026-04-27T23:50:06+00:00
epoberezkin/fast-deep-equal,94483360,123,15,1,4923,2026-04-27T23:50:07+00:00
epoberezkin/fast-json-stable-stringify,108103016,69,11,3,1960,2026-04-27T23:50:10+00:00
epoberezkin/json-schema-traverse,93333933,45,7,1,6084,2026-04-27T23:50:12+00:00
es-shims/array-includes,28753032,234,3,1,9830,2026-04-27T23:50:15+00:00
es-shims/dunder-proto,898274312,10,1,1,10000,2026-04-27T23:50:16+00:00
es-shims/es-object-atoms,773229339,16,1,1,10000,2026-05-17T23:35:34+00:00
es-shims/es-set-tostringtag,580683868,34,1,1,10000,2026-04-27T23:50:20+00:00
es-shims/math-intrinsics,902014040,10,1,1,10000,2026-04-27T23:50:21+00:00
es-shims/object.values,41723335,126,1,1,10000,2026-04-27T23:50:23+00:00
es-shims/regexp.prototype.flags,26932422,170,2,1,9767,2026-04-27T23:50:25+00:00
es-shims/string.prototype.trimend,114682758,73,2,1,8724,2026-04-27T23:50:26+00:00
es-shims/string.prototype.trimstart,114682105,67,2,1,8619,2026-04-27T23:50:29+00:00
eslint-community/eslint-utils,568240379,180,10,2,2218,2026-04-27T23:50:31+00:00
eslint/doctrine,4286644,353,41,2,2400,2026-05-03T16:23:40+00:00
eslint/eslint,11061773,10728,1207,8,707,2026-04-27T23:50:37+00:00
eslint/js,27620277,788,70,5,1513,2026-04-27T23:50:34+00:00
eslint/rewrite,791446923,425,22,5,660,2026-04-27T23:50:39+00:00
estools/escodegen,3611422,576,55,1,4494,2026-04-27T23:50:43+00:00
estools/esquery,11412938,152,23,2,2355,2026-04-27T23:50:45+00:00
estools/esrecurse,27429822,61,10,1,3480,2026-04-27T23:50:47+00:00
estools/estraverse,6145439,177,27,1,3920,2026-04-27T23:50:49+00:00
estools/esutils,14677293,57,6,1,3863,2026-04-27T23:50:51+00:00
ethers-io/ethers.js,63465664,792,1,1,10000,2026-04-27T23:50:53+00:00
evanw/esbuild,61137153,4429,126,1,9135,2026-04-27T23:50:55+00:00
evanw/node-source-map-support,7682781,343,71,2,2103,2026-04-27T23:50:58+00:00
eventualbuddha/lines-and-columns,47284288,48,2,1,9588,2026-04-27T23:50:59+00:00
executablebooks/markdown-it-py,249956697,344,33,1,4567,2026-04-27T23:51:02+00:00
executablebooks/mdurl,387293763,37,4,1,6589,2026-04-27T23:51:04+00:00
exodusoss/bytes,885154008,981,5,1,9676,2026-04-27T23:51:08+00:00
expressjs/body-parser,15669006,786,43,1,6394,2026-04-27T23:51:09+00:00
expressjs/serve-static,17464338,405,22,1,7068,2026-04-27T23:51:13+00:00
facebook/create-react-app,63537249,2819,946,10,704,2026-04-27T23:51:18+00:00
facebook/metro,76504246,5127,476,13,333,2026-04-27T23:51:18+00:00
facebook/prop-types,87597642,171,57,4,1153,2026-05-03T16:23:41+00:00
facebook/react,10270250,21473,1982,9,372,2026-04-27T23:49:23+00:00
facebook/regenerator,13346571,1110,72,1,6349,2026-05-03T16:23:39+00:00
facebook/watchman,6930489,13836,469,315,196,2026-04-27T23:49:25+00:00
facebook/zstd,29759715,11465,414,2,2544,2026-04-27T23:49:28+00:00
facelessuser/soupsieve,160789418,373,15,1,8810,2026-04-27T23:49:27+00:00
fastify/fast-uri,419317518,148,13,2,1715,2026-04-27T23:49:32+00:00
faye/websocket-driver-node,9733816,352,9,1,9223,2026-04-27T23:49:33+00:00
fb55/boolbase,16864585,16,3,1,7734,2026-04-27T23:49:36+00:00
fb55/css-select,3411063,1795,26,22,577,2026-04-27T23:49:38+00:00
fb55/css-what,4460687,1482,25,23,134,2026-04-27T23:49:40+00:00
fb55/domelementtype,6627835,60,7,1,5147,2026-04-27T23:49:41+00:00
fb55/domhandler,5414232,1613,22,18,90,2026-04-27T23:49:44+00:00
fb55/domutils,6627949,1946,22,18,74,2026-04-27T23:49:47+00:00
fb55/entities,3172629,1892,24,20,129,2026-04-27T23:49:48+00:00
fb55/htmlparser2,2279062,2356,68,55,857,2026-04-27T23:49:50+00:00
fb55/nth-check,16864923,1029,7,6,18,2026-04-27T23:49:54+00:00
felixge/node-combined-stream,1787452,88,15,2,2512,2026-04-27T23:49:55+00:00
felixge/node-delayed-stream,1783893,48,5,1,6615,2026-04-27T23:49:58+00:00
feross/buffer,14494363,996,74,1,5288,2026-04-27T23:50:01+00:00
feross/ieee754,15489525,98,5,1,7534,2026-04-27T23:50:02+00:00
feross/is-buffer,25997846,98,8,1,7012,2026-04-27T23:50:05+00:00
feross/queue-microtask,207021895,51,5,1,7824,2026-04-27T23:50:07+00:00
feross/run-parallel,18700638,90,5,1,7528,2026-04-27T23:50:09+00:00
feross/safe-buffer,49538897,85,8,1,7409,2026-04-27T23:50:13+00:00
ffmpeg/ffmpeg,1614410,124114,2617,8,731,2026-04-27T23:50:16+00:00
firebase/firebase-js-sdk,89290483,4556,224,5,719,2026-04-27T23:50:18+00:00
fitzgen/glob-to-regexp,11461122,44,10,1,3910,2026-05-03T16:23:44+00:00
floatdrop/require-from-string,39301848,30,7,1,6456,2026-05-03T16:23:42+00:00
floating-ui/floating-ui,54994103,2422,126,1,4010,2026-04-27T23:50:19+00:00
follow-redirects/follow-redirects,6697086,379,36,1,5225,2026-04-27T23:50:21+00:00
fontconfig/fontconfig,926884194,2995,162,2,1931,2026-04-27T23:50:24+00:00
form-data/form-data,1755793,358,47,2,2524,2026-04-27T23:50:24+00:00
formatjs/formatjs,19117456,6379,358,2,2209,2026-04-27T23:50:30+00:00
freedesktop-unofficial-mirror/cairo,34372735,11213,273,2,1536,2026-04-27T23:50:29+00:00
freetype/freetype,187000659,8525,231,1,3001,2026-04-27T23:50:34+00:00
frenic/csstype,104001328,380,14,1,8437,2026-04-27T23:50:36+00:00
frommi/miniz_oxide,96124162,527,58,2,3606,2026-04-27T23:50:38+00:00
fsevents/fsevents,1402936,277,43,3,1516,2026-04-27T23:50:41+00:00
fsspec/filesystem_spec,130727736,2536,315,36,648,2026-04-27T23:50:47+00:00
fsspec/s3fs,53987953,1098,156,15,820,2026-04-27T23:50:48+00:00
garycourt/uri-js,989080,89,13,1,5680,2026-04-27T23:50:50+00:00
gcc-mirror/gcc,22711503,228544,4158,183,56,2026-04-27T23:50:53+00:00
getsentry/sentry-javascript,3328572,13817,679,9,402,2026-04-27T23:50:56+00:00
giampaolo/psutil,20101515,6701,232,1,7561,2026-04-27T23:50:56+00:00
git/git,36502,80667,2417,6,1301,2026-04-27T23:51:01+00:00
gitlab-freedesktop-mirrors/libxcb,444023705,313,26,2,2863,2026-04-27T23:51:00+00:00
gitoxidelabs/gitoxide,136510559,15335,196,1,7130,2026-04-27T23:51:03+00:00
gitpython-developers/gitdb,1126093,445,38,1,4573,2026-04-27T23:51:04+00:00
gitpython-developers/smmap,1865144,240,21,1,3219,2026-04-27T23:51:08+00:00
gkz/levn,13287279,47,3,1,7614,2026-04-27T23:51:09+00:00
gkz/optionator,13435927,96,6,1,8217,2026-04-27T23:51:11+00:00
gkz/prelude-ls,4457759,228,12,1,6684,2026-04-27T23:51:14+00:00
gkz/type-check,13182168,51,4,1,6155,2026-04-27T23:51:16+00:00
gmp-mirror/gmp,681340775,18450,29,12,1630,2026-04-27T23:47:53+00:00
gnome/gdk-pixbuf,4533539,6530,844,158,165,2026-04-27T23:47:54+00:00
gnome/glib,4537082,32964,1835,12,550,2026-04-27T23:47:57+00:00
gnome/libxml2,4537118,7783,382,143,1380,2026-04-27T23:47:59+00:00
gnome/pango,4537144,6827,275,2,2018,2026-04-27T23:48:00+00:00
gnutls/gnutls,58873704,22348,259,1,3759,2026-04-27T23:48:02+00:00
gnutls/libtasn1,59017205,1693,28,1,3367,2026-04-27T23:48:01+00:00
gnutls/nettle,59017402,4850,73,1,8394,2026-04-27T23:48:03+00:00
google/brotli,24993138,1499,127,2,2427,2026-04-27T23:48:04+00:00
google/zerocopy,534354967,1655,74,2,2902,2026-04-27T23:48:06+00:00
googleapis/google-auth-library-python,69199387,1022,155,20,306,2026-05-03T16:23:46+00:00
googleapis/google-cloud-node-core,1052931509,5881,215,40,253,2026-05-03T16:23:42+00:00
googleapis/google-cloud-python,16316451,62901,1100,101,186,2026-05-17T23:35:37+00:00
googleapis/google-resumable-media-python,88091939,472,38,1,2715,2026-05-03T16:23:41+00:00
googleapis/python-api-core,226992456,571,85,15,327,2026-04-27T23:48:07+00:00
googleapis/python-crc32c,159736041,208,19,4,792,2026-05-03T16:23:39+00:00
googleapis/python-storage,226992639,1219,110,6,527,2026-05-03T16:23:41+00:00
googlechrome/workbox,55424670,1503,83,2,1986,2026-04-27T23:48:09+00:00
gozala/events,1649251,140,17,2,2825,2026-04-27T23:48:11+00:00
gpg/libgpg-error,42075984,1411,54,5,2226,2026-04-27T23:48:11+00:00
grahamdumpleton/wrapt,10357291,1245,37,1,8286,2026-04-27T23:48:13+00:00
graydon/exhaustigen-rs,432630522,1,1,1,10000,2026-04-27T23:48:14+00:00
gregberge/svgr,102155012,652,133,1,5541,2026-04-27T23:48:16+00:00
grncdr/merge-stream,10579821,66,11,2,2716,2026-04-27T23:48:18+00:00
grpc/grpc,27729880,58323,1147,9,549,2026-04-27T23:48:21+00:00
gsnedders/python-webencodings,7043404,46,6,1,4197,2026-04-27T23:48:19+00:00
guillaumegomez/doc-comment,127254922,59,2,1,9667,2026-04-27T23:48:21+00:00
gulpjs/glob-parent,29154915,89,10,2,2997,2026-04-27T23:48:23+00:00
gweis/isodate,6449370,193,24,8,964,2026-04-27T23:48:25+00:00
gyscos/zstd-rs,52115335,552,66,1,5730,2026-04-27T23:48:27+00:00
hapijs/hoek,5831189,716,57,5,775,2026-04-27T23:48:29+00:00
harfbuzz/harfbuzz,5050525,21304,293,1,5083,2026-04-27T23:48:32+00:00
hiddentao/fast-levenshtein,9490451,64,10,1,6892,2026-04-27T23:48:33+00:00
httplib2/httplib2,53002916,570,80,2,1958,2026-04-27T23:48:34+00:00
hukkin/tomli,370616797,333,15,1,4370,2026-04-27T23:48:36+00:00
hyperium/http,84983058,487,132,3,1362,2026-04-27T23:48:39+00:00
hyperium/http-body,183281612,118,27,2,1856,2026-04-27T23:48:39+00:00
iarna/aproba,31432421,47,6,1,8008,2026-04-27T23:48:41+00:00
import-js/eslint-plugin-import,32238354,2341,400,2,2152,2026-04-27T23:48:46+00:00
indexmap-rs/indexmap,68294628,1014,58,1,4106,2026-04-27T23:48:44+00:00
indutny/bn.js,19176350,435,34,1,4507,2026-04-27T23:48:46+00:00
indygreg/python-zstandard,67307930,1514,46,1,8801,2026-04-27T23:48:49+00:00
inikulin/parse5,8862593,1870,43,36,827,2026-04-27T23:48:50+00:00
inspect-js/array-buffer-byte-length,607836784,28,1,1,10000,2026-04-27T23:48:52+00:00
inspect-js/available-typed-arrays,235965505,68,3,1,9425,2026-04-27T23:48:55+00:00
inspect-js/functions-have-names,198357138,62,1,1,10000,2026-04-27T23:48:59+00:00
inspect-js/has-bigints,201714166,56,2,1,9649,2026-05-17T23:35:35+00:00
inspect-js/has-property-descriptors,481834578,19,1,1,10000,2026-04-27T23:49:00+00:00
inspect-js/has-proto,577580747,32,1,1,10000,2026-04-27T23:49:01+00:00
inspect-js/has-symbols,68573418,63,1,1,10000,2026-04-27T23:49:03+00:00
inspect-js/has-tostringtag,392913710,40,1,1,10000,2026-04-27T23:49:05+00:00
inspect-js/hasown,703350811,25,2,1,9232,2026-04-27T23:49:07+00:00
inspect-js/is-accessor-descriptor,41658954,89,3,1,5011,2026-04-27T23:49:09+00:00
inspect-js/is-arguments,15725461,161,2,1,9877,2026-04-27T23:49:10+00:00
inspect-js/is-array-buffer,45977026,66,4,1,4254,2026-04-27T23:49:12+00:00
inspect-js/is-bigint,149682261,62,2,1,9683,2026-04-27T23:49:12+00:00
inspect-js/is-boolean-object,34700259,103,1,1,10000,2026-04-27T23:49:16+00:00
inspect-js/is-callable,30012910,354,8,1,9554,2026-04-27T23:49:17+00:00
inspect-js/is-core-module,24578130,112,5,1,8791,2026-04-27T23:47:53+00:00
inspect-js/is-data-descriptor,41659073,80,4,1,5053,2026-04-27T23:47:54+00:00
inspect-js/is-data-view,751048078,20,1,1,10000,2026-04-27T23:47:55+00:00
inspect-js/is-date-object,29991041,101,1,1,10000,2026-04-27T23:47:57+00:00
inspect-js/is-descriptor,41658845,68,5,1,4602,2026-04-27T23:47:59+00:00
inspect-js/is-number-object,29991666,104,1,1,10000,2026-04-27T23:48:01+00:00
inspect-js/is-regex,15930063,170,4,1,9651,2026-04-27T23:48:03+00:00
inspect-js/is-string,30010185,99,1,1,10000,2026-04-27T23:48:04+00:00
inspect-js/is-symbol,29791606,115,1,1,10000,2026-04-27T23:48:04+00:00
inspect-js/is-typed-array,43528820,155,2,1,9872,2026-04-27T23:48:06+00:00
inspect-js/node-supports-preserve-symlinks-flag,443970899,17,1,1,10000,2026-04-27T23:48:08+00:00
inspect-js/object-inspect,11683441,258,10,1,5832,2026-04-27T23:48:09+00:00
inspect-js/typed-array-buffer,649850465,31,1,1,10000,2026-04-27T23:48:10+00:00
inspect-js/which-boxed-primitive,201685155,61,2,1,9678,2026-04-27T23:48:12+00:00
inspect-js/which-typed-array,43708371,170,2,1,9883,2026-04-27T23:48:13+00:00
ipython/traitlets,14993021,2027,114,4,1325,2026-04-27T23:48:15+00:00
isaacs/chownr,3858354,55,5,1,7623,2026-04-27T23:48:16+00:00
isaacs/cliui,634056857,140,19,8,536,2026-04-27T23:48:17+00:00
isaacs/core-util-is,12391440,26,6,1,5503,2026-04-27T23:48:18+00:00
isaacs/fs-minipass,102982143,86,10,2,2699,2026-05-17T23:35:36+00:00
isaacs/fs.realpath,61231712,14,2,1,7347,2026-04-27T23:48:20+00:00
isaacs/inherits,1580001,34,7,1,6341,2026-04-27T23:48:22+00:00
isaacs/isexe,49804297,38,2,1,9481,2026-04-27T23:48:24+00:00
isaacs/minimatch,2056549,378,36,1,7952,2026-04-27T23:48:24+00:00
isaacs/minipass,84886212,275,12,1,8941,2026-04-27T23:48:28+00:00
isaacs/minizlib,86429676,93,6,1,8559,2026-04-27T23:48:29+00:00
isaacs/node-glob,357681,779,53,1,8332,2026-04-27T23:48:31+00:00
isaacs/node-graceful-fs,2077020,231,31,1,6432,2026-04-27T23:48:33+00:00
isaacs/node-lru-cache,679662,576,59,1,7629,2026-04-27T23:48:34+00:00
isaacs/node-mkdirp,2718248,148,12,2,2439,2026-04-27T23:48:36+00:00
isaacs/node-tar,1534331,796,48,1,7524,2026-04-27T23:48:37+00:00
isaacs/once,5409660,25,7,1,5264,2026-04-27T23:48:40+00:00
isaacs/package-json-from-dist,800543709,6,1,1,10000,2026-04-27T23:48:41+00:00
isaacs/path-scurry,591569499,127,5,1,9232,2026-04-27T23:48:43+00:00
isaacs/rimraf,1341324,352,34,1,7371,2026-04-27T23:48:45+00:00
isaacs/sax-js,508894,266,45,1,5287,2026-04-27T23:48:46+00:00
isaacs/wrappy,24208073,16,7,2,2578,2026-05-17T23:35:37+00:00
isaacs/yallist,48222381,65,3,1,8817,2026-04-27T23:48:48+00:00
istanbuljs/istanbuljs,81482340,670,129,5,921,2026-04-27T23:48:51+00:00
istanbuljs/schema,211950686,30,2,1,8100,2026-04-27T23:48:52+00:00
istanbuljs/test-exclude,60489570,128,18,2,1866,2026-04-27T23:48:55+00:00
jamesmunns/postcard,179385478,382,70,4,1754,2026-04-27T23:48:58+00:00
jaraco/jaraco.develop,48289082,1170,29,1,7849,2026-04-27T23:49:00+00:00
jaraco/pytest-perf,372026120,321,15,1,7215,2026-04-27T23:49:02+00:00
jaraco/zipp,157774633,908,33,1,8261,2026-04-27T23:49:02+00:00
jaredhanson/utils-merge,11349896,23,4,1,7618,2026-04-27T23:49:05+00:00
jaredwray/cacheable,9267870,2030,109,1,2845,2026-04-27T23:49:06+00:00
jaredwray/keyv,96540810,2125,83,1,6120,2026-04-27T23:49:09+00:00
jawah/charset_normalizer,200259335,799,27,17,2215,2026-04-27T23:49:10+00:00
jbgutierrez/path-parse,34113780,17,5,1,5225,2026-04-27T23:49:11+00:00
jd/tenacity,65468547,585,106,2,2170,2026-04-27T23:49:13+00:00
jensyt/imurmurhash-js,11802843,11,1,1,10000,2026-04-27T23:49:15+00:00
jestjs/jest,15062869,7553,1730,13,661,2026-04-27T23:49:21+00:00
jimmywarting/node-domexception,371470141,18,2,1,8951,2026-05-03T16:23:44+00:00
jimp-dev/jimp,24008065,1169,177,2,2730,2026-04-27T23:49:19+00:00
jmespath/jmespath.py,8300763,578,32,1,7769,2026-04-27T23:49:22+00:00
joblib/joblib,654608,1611,151,2,1611,2026-04-27T23:49:26+00:00
jonathanong/ee-first,20707897,93,2,1,8252,2026-04-27T23:49:28+00:00
jonschlinkert/assign-symbols,45661176,14,2,1,7551,2026-04-27T23:49:31+00:00
jonschlinkert/define-property,40633359,39,3,1,6976,2026-04-27T23:49:34+00:00
jonschlinkert/extend-shallow,25867410,47,3,1,7411,2026-04-27T23:49:35+00:00
jonschlinkert/fill-range,27113310,135,6,1,8588,2026-04-27T23:49:38+00:00
jonschlinkert/get-value,24911025,103,7,1,8339,2026-04-27T23:49:39+00:00
jonschlinkert/global-prefix,31455984,51,10,2,3349,2026-04-27T23:49:43+00:00
jonschlinkert/has-value,24310408,38,3,1,8518,2026-04-27T23:49:44+00:00
jonschlinkert/has-values,33009186,21,1,1,10000,2026-04-27T23:49:46+00:00
jonschlinkert/is-extendable,38225016,16,4,1,3906,2026-04-27T23:49:49+00:00
jonschlinkert/is-extglob,31788841,19,2,1,7341,2026-04-27T23:49:53+00:00
jonschlinkert/is-number,24313173,62,4,1,7875,2026-04-27T23:49:53+00:00
jonschlinkert/is-plain-object,24306940,51,7,2,3110,2026-04-27T23:49:55+00:00
jonschlinkert/isobject,21342886,60,9,1,3575,2026-04-27T23:49:59+00:00
jonschlinkert/kind-of,24491562,121,12,1,7412,2026-04-27T23:50:01+00:00
jonschlinkert/map-cache,32450614,12,2,1,8403,2026-04-27T23:50:03+00:00
jonschlinkert/normalize-path,21224182,42,3,1,9082,2026-04-27T23:50:05+00:00
jonschlinkert/object-visit,38545952,35,2,1,9445,2026-04-27T23:50:08+00:00
jonschlinkert/word-wrap,18260583,73,14,1,4320,2026-04-27T23:50:09+00:00
jorgebucaran/colorette,34648097,357,18,1,8966,2026-04-27T23:50:15+00:00
joshuakgoldberg/ts-api-utils,597893818,961,12,9,600,2026-04-27T23:50:15+00:00
jpadilla/pyjwt,1408162,961,165,3,1123,2026-04-27T23:50:17+00:00
jprichardson/node-fs-extra,2791348,1134,98,1,4314,2026-04-27T23:50:19+00:00
jprichardson/node-jsonfile,5754307,186,27,1,4060,2026-04-27T23:50:22+00:00
jquast/wcwidth,18464187,476,23,1,6082,2026-04-27T23:50:22+00:00
jquery/esprima,2833537,1239,69,1,6838,2026-04-27T23:50:25+00:00
jridgewell/resolve-uri,196878944,154,4,1,4561,2026-04-27T23:50:27+00:00
jridgewell/sourcemaps,897142826,879,26,1,5843,2026-04-27T23:50:29+00:00
jsdom/tr46,36964214,86,9,2,2853,2026-04-27T23:50:31+00:00
jsdom/webidl-conversions,23000311,98,7,1,3705,2026-04-27T23:50:33+00:00
jsdom/whatwg-mimetype,71014420,42,5,1,8209,2026-04-27T23:50:36+00:00
jsdom/whatwg-url,34761352,409,23,1,3532,2026-04-27T23:50:38+00:00
jsdom/xml-name-validator,28553202,29,2,1,7622,2026-04-27T23:50:42+00:00
jshttp/accepts,15482433,269,16,1,7274,2026-04-27T23:50:46+00:00
jshttp/content-disposition,24216676,178,17,1,5128,2026-04-27T23:50:47+00:00
jshttp/content-type,30172150,133,12,1,7031,2026-04-27T23:50:50+00:00
jshttp/cookie,4475810,382,48,1,4622,2026-04-27T23:50:51+00:00
jshttp/etag,22894570,148,7,1,8828,2026-04-27T23:50:53+00:00
jshttp/forwarded,24300217,179,6,1,9024,2026-04-27T23:50:55+00:00
jshttp/fresh,4617552,231,21,1,6239,2026-04-27T23:50:58+00:00
jshttp/http-errors,23806086,325,23,1,5570,2026-04-27T23:51:00+00:00
jshttp/media-typer,20814275,233,6,1,8676,2026-04-27T23:51:02+00:00
jshttp/methods,8274071,107,13,1,6224,2026-04-27T23:51:05+00:00
jshttp/mime-db,22970419,889,98,1,6693,2026-04-27T23:51:07+00:00
jshttp/mime-types,19380178,520,21,1,7186,2026-04-27T23:51:10+00:00
jshttp/negotiator,3275614,301,22,1,4995,2026-04-27T23:51:12+00:00
jshttp/on-finished,15349765,302,14,1,7723,2026-04-27T23:51:14+00:00
jshttp/range-parser,4627131,170,14,1,6743,2026-04-27T23:51:17+00:00
jshttp/statuses,17690272,317,15,1,6616,2026-04-27T23:49:20+00:00
jshttp/type-is,15484233,359,21,1,7146,2026-04-27T23:49:22+00:00
jshttp/vary,20498698,231,8,1,8665,2026-04-27T23:49:25+00:00
jslicense/spdx-correct.js,34817196,119,8,1,7393,2026-04-27T23:49:29+00:00
jslicense/spdx-exceptions.json,40062896,44,2,1,9556,2026-05-17T23:35:34+00:00
jslicense/spdx-expression-parse.js,40067336,169,5,1,9083,2026-04-27T23:49:31+00:00
jslicense/spdx-license-ids,26001547,151,6,2,4424,2026-04-27T23:49:34+00:00
json5/json5,4463453,446,29,1,3789,2026-04-27T23:49:36+00:00
juliangruber/balanced-match,13538817,126,17,1,3590,2026-04-27T23:49:38+00:00
juliangruber/brace-expansion,13539234,155,25,1,3215,2026-04-27T23:49:41+00:00
juliangruber/isarray,10227611,97,15,4,2168,2026-04-27T23:49:43+00:00
justmoon/node-extend,3967764,198,15,1,6096,2026-04-27T23:49:45+00:00
jviereck/regjsparser,14087781,355,16,2,2848,2026-04-27T23:49:46+00:00
ka-weihe/fastest-levenshtein,158960628,134,8,1,8573,2026-04-27T23:49:49+00:00
kaelzhang/node-ignore,12519245,348,22,1,3339,2026-04-27T23:49:51+00:00
kemitchell/spdx-exceptions.json,40062896,44,2,1,9556,2026-04-27T23:49:55+00:00
kemitchell/validate-npm-package-license.js,35000460,56,2,1,9649,2026-04-27T23:49:56+00:00
kevinbeaty/any-promise,26247715,40,4,1,6938,2026-04-27T23:49:58+00:00
kevva/dir-glob,49264969,32,6,1,5781,2026-04-27T23:50:00+00:00
kevva/shebang-command,47402913,12,2,1,6944,2026-04-27T23:50:02+00:00
kilian/electron-to-chromium,78972540,5056,12,1,9752,2026-04-27T23:50:05+00:00
kjd/idna,10323585,424,31,1,6084,2026-04-27T23:50:09+00:00
knurling-rs/defmt,282262730,2426,90,3,1108,2026-04-27T23:50:11+00:00
kpdecker/jsdiff,1542219,632,85,2,2516,2026-04-27T23:50:13+00:00
krb5/krb5,4307702,20273,184,7,541,2026-04-27T23:50:17+00:00
kriskowal/asap,11295071,120,12,1,3469,2026-04-27T23:50:18+00:00
kriszyp/json-schema,947175,99,17,1,4292,2026-04-27T23:50:20+00:00
langchain-ai/langchain,552661142,15810,3676,22,254,2026-04-27T23:50:25+00:00
laurent-laporte-pro/deprecated,111412148,313,23,1,3770,2026-04-27T23:50:23+00:00
lddubeau/xmlchars,139881982,236,5,2,287,2026-05-03T16:23:45+00:00
legrandin/pycryptodome,19378935,3045,162,1,4223,2026-04-27T23:50:26+00:00
libevent/libevent,1856976,5173,339,2,2461,2026-04-27T23:50:29+00:00
libexpat/libexpat,80314213,5010,123,2,2925,2026-04-27T23:50:30+00:00
libffi/libffi,321154,1931,222,1,2846,2026-04-27T23:50:32+00:00
libidn/libidn2,87378214,1157,13,1,4207,2026-04-27T23:50:33+00:00
libjpeg-turbo/libjpeg-turbo,39760454,3002,52,1,8996,2026-04-27T23:50:35+00:00
libjxl/libjxl,340219494,3278,133,4,996,2026-04-27T23:50:41+00:00
libpixman/pixman,81675971,2340,124,1,3324,2026-04-27T23:50:44+00:00
libuv/libuv,14812739,5689,639,4,1077,2026-04-27T23:50:50+00:00
linusu/buffer-from,66025821,19,2,1,9003,2026-04-27T23:50:48+00:00
linux-audit/audit-userspace,52464964,3227,80,4,1209,2026-04-27T23:50:49+00:00
linux-pam/linux-pam,76264690,2470,218,3,1391,2026-04-27T23:50:53+00:00
litejs/natural-compare-lite,9146732,60,4,1,9033,2026-04-27T23:50:53+00:00
ljharb/call-bind,308533760,72,1,1,10000,2026-04-27T23:50:55+00:00
ljharb/call-bind-apply-helpers,898190951,12,1,1,10000,2026-04-27T23:50:59+00:00
ljharb/call-bound,898125972,20,1,1,10000,2026-04-27T23:50:59+00:00
ljharb/concat-map,548993448,33,1,1,2351,2026-04-27T23:51:03+00:00
ljharb/define-data-property,689109338,44,1,1,10000,2026-04-27T23:51:06+00:00
ljharb/define-properties,28768789,135,2,1,9852,2026-04-27T23:51:08+00:00
ljharb/es-abstract,28995155,1043,13,1,9380,2026-04-27T23:51:10+00:00
ljharb/es-define-property,756570458,15,1,1,10000,2026-04-27T23:51:12+00:00
ljharb/es-errors,752160492,16,1,1,10000,2026-04-27T23:51:15+00:00
ljharb/es-object-atoms,773229339,16,1,1,10000,2026-04-27T23:51:18+00:00
ljharb/es-shim-unscopables,480458584,23,1,1,10000,2026-04-27T23:49:19+00:00
ljharb/es-to-primitive,32377814,154,2,1,9871,2026-04-27T23:49:23+00:00
ljharb/get-intrinsic,308516559,111,2,1,9646,2026-04-27T23:49:26+00:00
ljharb/get-proto,911035271,8,1,1,10000,2026-04-27T23:49:27+00:00
ljharb/gopd,560708130,26,1,1,10000,2026-04-27T23:49:32+00:00
ljharb/has-bigints,201714166,56,2,1,9649,2026-04-27T23:49:35+00:00
ljharb/internal-slot,216159146,73,1,1,10000,2026-04-27T23:49:37+00:00
ljharb/object-keys,9103992,351,10,1,7502,2026-04-27T23:49:38+00:00
ljharb/object.assign,17755831,355,7,1,9665,2026-04-27T23:49:40+00:00
ljharb/possible-typed-array-names,760136716,16,1,1,10000,2026-04-27T23:49:43+00:00
ljharb/qs,22266795,994,78,1,4096,2026-04-27T23:49:44+00:00
ljharb/safe-regex-test,540138887,36,3,1,8441,2026-04-27T23:49:47+00:00
ljharb/set-function-length,704249795,34,1,1,10000,2026-04-27T23:49:49+00:00
ljharb/side-channel,225239081,73,4,1,8945,2026-04-27T23:49:53+00:00
ljharb/side-channel-list,901451610,10,1,1,10000,2026-04-27T23:49:54+00:00
ljharb/side-channel-map,901191461,9,1,1,10000,2026-04-27T23:49:57+00:00
ljharb/side-channel-weakmap,901188921,12,1,1,10000,2026-04-27T23:49:59+00:00
lodash/lodash,3955647,7700,264,1,7307,2026-04-27T23:50:02+00:00
loganfsmyth/gensync,132383032,19,3,1,5014,2026-04-27T23:50:03+00:00
lokathor/bytemuck,209673558,481,72,1,4852,2026-04-27T23:50:05+00:00
lukeed/dequal,174421655,58,5,1,8677,2026-04-27T23:50:08+00:00
lukeed/escalade,273568715,47,4,1,8778,2026-04-27T23:50:10+00:00
lukeed/kleur,140393403,125,16,1,7478,2026-04-27T23:50:13+00:00
lxml/lxml,1353927,6906,178,62,2004,2026-04-27T23:50:16+00:00
lydell/js-tokens,17552490,166,5,1,7115,2026-04-27T23:50:17+00:00
lz4/lz4,18106269,3798,207,1,4405,2026-04-27T23:50:21+00:00
madler/zlib,2359378,1030,88,1,4248,2026-04-27T23:50:21+00:00
mafintosh/end-of-stream,14732255,50,9,1,5344,2026-04-27T23:50:23+00:00
mafintosh/pump,12118126,75,7,1,8005,2026-04-27T23:50:25+00:00
mafintosh/tar-stream,15340089,240,43,1,5586,2026-04-27T23:50:28+00:00
marshallpierce/rust-base64,47371310,538,56,1,4414,2026-04-27T23:50:30+00:00
mathiasbynens/cssesc,12001360,28,5,1,6250,2026-04-27T23:50:31+00:00
mathiasbynens/emoji-regex,24557614,119,18,1,7076,2026-04-27T23:50:32+00:00
mathiasbynens/jsesc,10498729,133,9,1,8562,2026-04-27T23:50:36+00:00
mathiasbynens/punycode.js,2755924,150,19,1,7295,2026-04-27T23:50:40+00:00
mathiasbynens/regenerate,10182772,124,6,1,8762,2026-04-27T23:50:44+00:00
mathiasbynens/regexpu-core,49437324,180,7,1,4593,2026-04-27T23:50:46+00:00
mathiasbynens/unicode-canonical-property-names-ecmascript,88346537,16,1,1,10000,2026-04-27T23:50:48+00:00
mathiasbynens/unicode-property-aliases-ecmascript,88333533,25,3,1,8496,2026-04-27T23:50:49+00:00
matklad/once_cell,143220272,523,59,4,1802,2026-04-27T23:50:52+00:00
matplotlib/matplotlib,1385122,54363,1911,6,547,2026-04-27T23:50:56+00:00
mcavage/node-assert-plus,4767976,38,11,3,1330,2026-04-27T23:50:57+00:00
mcollina/fastq,37368217,124,30,1,4508,2026-04-27T23:50:58+00:00
mcollina/reusify,42106515,36,8,1,3897,2026-04-27T23:51:01+00:00
mdn/data,70901646,1382,122,7,639,2026-04-27T23:51:04+00:00
medikoo/d,10817569,87,2,1,9773,2026-04-27T23:51:06+00:00
medikoo/es5-ext,1792941,1676,11,1,9810,2026-04-27T23:51:08+00:00
medikoo/es6-symbol,14423385,114,6,1,8978,2026-04-27T23:51:10+00:00
medikoo/type,177198492,204,2,1,9522,2026-04-27T23:51:13+00:00
mhammond/pywin32,108187130,4961,115,1,5341,2026-04-27T23:51:15+00:00
micheles/decorator,14656555,418,32,1,6323,2026-04-27T23:51:17+00:00
micromark/micromark,157420458,656,21,1,8908,2026-04-27T23:47:53+00:00
micromatch/anymatch,11458302,178,14,1,4525,2026-04-27T23:47:54+00:00
micromatch/braces,25475303,251,14,1,7244,2026-04-27T23:47:55+00:00
micromatch/is-extglob,31788841,19,2,1,7341,2026-05-17T23:35:35+00:00
micromatch/is-glob,28179425,68,7,1,5967,2026-04-27T23:47:58+00:00
micromatch/micromatch,27359938,604,31,1,7343,2026-04-27T23:47:58+00:00
micromatch/picomatch,156211895,278,29,1,3477,2026-04-27T23:48:00+00:00
micromatch/to-regex-range,40355891,79,5,1,7888,2026-04-27T23:48:02+00:00
microsoft/tslib,34414315,313,41,3,1289,2026-04-27T23:48:04+00:00
microsoft/typescript,20929025,36754,935,8,410,2026-04-27T23:48:06+00:00
microsoft/windows-rs,208102250,2071,84,1,4953,2026-04-27T23:48:06+00:00
minimistjs/minimist,549230701,169,22,7,1251,2026-04-27T23:48:07+00:00
mitsuhiko/insta,165561258,996,71,1,4682,2026-04-27T23:48:09+00:00
mlocati/gettext-iconv-windows,12751919,276,4,1,9784,2026-04-27T23:48:11+00:00
mm2/little-cms,507969,1351,75,1,6063,2026-04-27T23:48:12+00:00
moment/moment,1424470,4064,690,2,1560,2026-04-27T23:48:15+00:00
more-itertools/more-itertools,4144530,2335,143,1,3696,2026-04-27T23:48:15+00:00
motdotla/dotenv,11205780,997,112,1,5880,2026-04-27T23:48:16+00:00
moxystudio/node-cross-spawn,21335844,229,22,1,7636,2026-04-27T23:48:18+00:00
mozilla/source-map,2014930,718,94,1,3540,2026-04-27T23:48:19+00:00
mrabarnett/mrab-regex,309446978,496,14,9,57,2026-04-27T23:48:20+00:00
mrmlnc/fast-glob,77467076,854,30,1,9153,2026-04-27T23:48:22+00:00
msgpack/msgpack-python,2242705,916,86,1,5178,2026-04-27T23:48:24+00:00
mvdnes/spin-rs,21686666,392,58,2,2121,2026-04-27T23:48:26+00:00
mysticatea/abort-controller,105228556,49,5,1,8092,2026-04-27T23:48:27+00:00
mysticatea/event-target-shim,31137469,127,7,1,8072,2026-04-27T23:48:29+00:00
netflix/vmaf,51317975,2147,112,1,3423,2026-04-27T23:48:32+00:00
nghttp2/nghttp2,11452676,8820,169,1,8729,2026-04-27T23:48:35+00:00
nicolo-ribaudo/babel-preset-current-node-syntax,253327079,54,3,1,8289,2026-04-27T23:48:35+00:00
nlnetlabs/unbound,94195301,8280,141,1,6723,2026-04-27T23:48:38+00:00
node-fetch/fetch-blob,186960326,98,14,2,2229,2026-04-27T23:48:38+00:00
node-fetch/node-fetch,29849956,640,116,7,598,2026-04-27T23:48:40+00:00
nodeca/argparse,4325614,267,24,18,474,2026-04-27T23:48:42+00:00
nodeca/js-yaml,2504175,1295,80,73,1112,2026-04-27T23:48:43+00:00
nodeca/pako,16231859,375,24,23,102,2026-04-27T23:48:45+00:00
nodejs/node,27193779,46644,4339,19,200,2026-04-27T23:48:52+00:00
nodejs/readable-stream,5187096,475,56,3,1809,2026-04-27T23:48:48+00:00
nodejs/string_decoder,95052330,57,9,1,3801,2026-04-27T23:48:50+00:00
nodejs/undici,133092972,3868,363,3,1759,2026-04-27T23:48:58+00:00
nodelib/nodelib,129310478,405,6,1,9755,2026-04-27T23:48:54+00:00
npm/abbrev-js,554893,96,11,3,1410,2026-04-27T23:48:58+00:00
npm/cacache,193812470,772,38,1,3565,2026-04-27T23:49:00+00:00
npm/fs-minipass,102982143,86,10,2,2699,2026-04-27T23:49:03+00:00
npm/hosted-git-info,25002984,292,37,4,1072,2026-04-27T23:49:04+00:00
npm/inflight,19442260,38,9,2,2175,2026-04-27T23:49:06+00:00
npm/ini,2167680,175,28,3,1288,2026-04-27T23:49:07+00:00
npm/json-parse-even-better-errors,211384370,99,8,3,1090,2026-04-27T23:49:09+00:00
npm/mute-stream,5159166,92,12,4,922,2026-04-27T23:49:10+00:00
npm/node-semver,1357199,540,102,2,2472,2026-04-27T23:49:12+00:00
npm/node-which,2169708,179,21,1,3465,2026-04-27T23:49:13+00:00
npm/nopt,1544436,184,27,3,1239,2026-04-27T23:49:15+00:00
npm/normalize-package-data,9301720,363,41,4,1433,2026-04-27T23:49:18+00:00
npm/ssri,193817839,231,16,2,1869,2026-04-27T23:49:20+00:00
npm/unique-slug,35246620,92,14,7,802,2026-04-27T23:49:24+00:00
npm/wrappy,24208073,16,7,2,2578,2026-04-27T23:49:27+00:00
npm/write-file-atomic,23896209,210,28,4,946,2026-04-27T23:49:30+00:00
numpy/numpy,908607,41136,2071,9,510,2026-04-27T23:49:36+00:00
nv/cssom,1025209,212,23,1,5265,2026-04-27T23:49:34+00:00
nvzqz/static-assertions,100129252,288,5,1,9257,2026-05-17T23:35:34+00:00
nvzqz/static-assertions-rs,100129252,288,5,1,9257,2026-04-27T23:49:37+00:00
oauthlib/oauthlib,2811323,1819,204,3,1247,2026-04-27T23:49:39+00:00
octokit/openapi-types.ts,304109193,508,14,5,1102,2026-04-27T23:49:41+00:00
octokit/types.ts,216109757,670,28,21,816,2026-04-27T23:49:43+00:00
oozcitak/xmlbuilder-js,1042809,677,33,1,8068,2026-04-27T23:49:44+00:00
open-telemetry/opentelemetry-js,185901023,3217,380,10,424,2026-04-27T23:49:49+00:00
open-telemetry/opentelemetry-js-contrib,255986659,2721,328,10,421,2026-04-27T23:49:53+00:00
open-telemetry/opentelemetry-python,185478926,2105,354,12,346,2026-04-27T23:49:55+00:00
open-telemetry/opentelemetry-python-contrib,220524743,2997,456,14,367,2026-05-17T23:27:22+00:00
openssl/openssl,7634677,39683,1492,6,630,2026-04-27T23:49:57+00:00
opensuse/ca-certificates,10785433,150,18,2,2131,2026-04-27T23:49:57+00:00
p11-glue/p11-kit,12060420,1517,108,2,2264,2026-04-27T23:49:58+00:00
pallets/click,19103692,3064,424,3,1261,2026-04-27T23:50:03+00:00
pallets/flask,596892,5531,862,2,1601,2026-04-27T23:50:07+00:00
pallets/itsdangerous,1945034,677,44,1,2723,2026-04-27T23:50:06+00:00
pallets/jinja,994551,2949,335,2,2705,2026-04-27T23:50:12+00:00
pallets/markupsafe,734244,844,49,1,3705,2026-04-27T23:50:10+00:00
pallets/werkzeug,997338,5917,514,2,1893,2026-04-27T23:50:17+00:00
pandas-dev/pandas,858127,37835,4191,9,487,2026-04-27T23:50:19+00:00
paramiko/paramiko,119609,4039,189,1,4658,2026-04-27T23:50:18+00:00
paulmillr/chokidar,4090287,1752,122,2,3326,2026-04-27T23:50:21+00:00
paulmillr/readdirp,4494405,469,37,1,3620,2026-04-27T23:50:22+00:00
pcre2project/pcre2,398251321,2237,62,1,4365,2026-04-27T23:50:24+00:00
pest-parser/pest,56964647,1349,144,2,2284,2026-04-27T23:50:27+00:00
peternator7/strum,80964373,346,120,10,781,2026-04-27T23:50:28+00:00
petkaantonov/bluebird,12670444,2114,238,1,5994,2026-04-27T23:50:31+00:00
pexpect/ptyprocess,24727748,154,21,1,3572,2026-04-27T23:50:31+00:00
pillarjs/encodeurl,60721766,48,9,1,5165,2026-04-27T23:50:33+00:00
pillarjs/finalhandler,20547377,409,12,1,6455,2026-04-27T23:50:37+00:00
pillarjs/iconv-lite,2743221,312,41,1,5058,2026-04-27T23:50:41+00:00
pillarjs/parseurl,17533192,186,9,1,8087,2026-04-27T23:50:45+00:00
pillarjs/path-to-regexp,5265803,379,41,1,7274,2026-04-27T23:50:46+00:00
pillarjs/send,4879977,613,36,1,5936,2026-04-27T23:50:48+00:00
pkgconf/pkgconf,4180110,2160,97,1,6489,2026-04-27T23:50:50+00:00
pnggroup/libpng,3768025,4681,117,95,208,2026-04-27T23:50:52+00:00
postcss/postcss,13078968,4205,439,1,5465,2026-04-27T23:50:55+00:00
postcss/postcss-selector-parser,36500102,382,46,2,2558,2026-04-27T23:50:56+00:00
prettier/prettier,75104123,11186,806,11,668,2026-04-27T23:51:02+00:00
primus/eventemitter3,13100677,389,32,2,3012,2026-04-27T23:51:01+00:00
proptest-rs/proptest,94702898,1140,95,2,2085,2026-04-27T23:51:03+00:00
protobufjs/protobuf.js,8507859,1045,127,1,4317,2026-05-17T23:35:36+00:00
protocolbuffers/protobuf,23357588,22945,1413,8,528,2026-04-27T23:51:09+00:00
psf/requests,1362490,6442,787,110,401,2026-04-27T23:51:12+00:00
psycopg/psycopg2,7730829,3178,144,1,4853,2026-04-27T23:51:12+00:00
pvorb/clone,2317381,225,33,1,4483,2026-05-17T23:35:36+00:00
pvorb/node-clone,2317381,225,33,1,4483,2026-04-27T23:51:14+00:00
py4j/py4j,1045976,798,43,1,6373,2026-04-27T23:51:15+00:00
pyasn1/pyasn1,512723255,1024,30,2,2464,2026-04-27T23:51:17+00:00
pyasn1/pyasn1-modules,512723354,351,16,2,2356,2026-04-27T23:49:20+00:00
pyca/bcrypt,9993757,992,40,37,391,2026-04-27T23:49:24+00:00
pyca/cryptography,11939484,15107,372,2,1665,2026-04-27T23:49:31+00:00
pyca/pynacl,8350032,833,78,3,1351,2026-04-27T23:49:30+00:00
pyca/pyopenssl,15778059,2397,116,5,724,2026-04-27T23:49:35+00:00
pydantic/pydantic,90194616,5488,753,5,757,2026-04-27T23:49:39+00:00
pydantic/typing-inspection,930576948,48,3,1,7769,2026-04-27T23:49:37+00:00
pygments/pygments,205564111,7145,917,5,1024,2026-04-27T23:49:42+00:00
pypa/distlib,436970140,1306,41,1,8756,2026-04-27T23:49:41+00:00
pypa/packaging,19837758,981,140,4,920,2026-04-27T23:49:45+00:00
pypa/pip,1446467,15969,878,6,652,2026-04-27T23:49:47+00:00
pypa/setuptools,54980593,16613,640,2,2035,2026-04-27T23:49:51+00:00
pypa/virtualenv,1446474,1150,155,1,3462,2026-04-27T23:49:51+00:00
pypa/wheel,98346885,1006,89,2,2317,2026-04-27T23:49:52+00:00
pyparsing/pyparsing,91262163,1677,76,1,7116,2026-04-27T23:49:54+00:00
pytest-dev/iniconfig,66012563,193,16,1,4590,2026-04-27T23:49:58+00:00
pytest-dev/pluggy,34739117,942,58,5,728,2026-04-27T23:50:00+00:00
pytest-dev/pytest,37489525,17297,1104,4,871,2026-04-27T23:50:04+00:00
python-attrs/attrs,29918975,1778,186,1,5889,2026-04-27T23:50:05+00:00
python-cffi/cffi,696427398,3573,100,1,7542,2026-04-27T23:50:07+00:00
python-greenlet/greenlet,3003137,1223,86,1,3116,2026-04-27T23:50:09+00:00
python-hyper/brotlicffi,43543393,435,22,1,3796,2026-04-27T23:50:11+00:00
python-hyper/h11,57372073,482,34,1,4996,2026-04-27T23:50:14+00:00
python-jsonschema/jsonschema,3072629,3004,120,1,6043,2026-04-27T23:50:15+00:00
python-jsonschema/referencing,569027868,867,7,1,5213,2026-04-27T23:50:18+00:00
python-pillow/pillow,5171600,20655,502,2,2103,2026-04-27T23:50:23+00:00
python-poetry/poetry,123303402,3796,653,3,1336,2026-05-17T23:27:22+00:00
python-poetry/poetry-core,238972646,1003,110,3,1105,2026-04-27T23:50:23+00:00
python-poetry/tomlkit,140365570,467,47,2,2769,2026-04-27T23:50:24+00:00
python-trio/sniffio,142657210,89,17,3,1521,2026-04-27T23:50:27+00:00
python/importlib_metadata,306448340,1805,69,1,7024,2026-04-27T23:50:28+00:00
python/importlib_resources,306147182,1102,51,1,5453,2026-04-27T23:50:30+00:00
python/mypy,7053637,13545,847,3,1681,2026-04-27T23:50:34+00:00
python/mypy_extensions,165752308,68,24,3,1337,2026-04-27T23:50:33+00:00
python/typeshed,31696383,11599,1716,12,304,2026-04-27T23:50:44+00:00
python/typing,24604008,1055,145,9,409,2026-04-27T23:50:43+00:00
python/typing_extensions,494077289,509,78,2,1539,2026-04-27T23:50:46+00:00
python/tzdata,242158882,158,8,1,6334,2026-04-27T23:50:46+00:00
qix-/color-convert,1874305,152,31,2,2829,2026-04-27T23:50:49+00:00
qix-/node-error-ex,41388258,50,5,1,8480,2026-04-27T23:50:51+00:00
qix-/node-is-arrayish,41376759,27,4,1,7284,2026-04-27T23:50:52+00:00
qt/qt5,9880318,6631,270,145,162,2026-04-27T23:50:54+00:00
radix-ui/primitives,273499522,1662,89,2,1547,2026-04-27T23:50:57+00:00
raszi/node-tmp,2313213,454,38,1,4291,2026-04-27T23:50:58+00:00
raynos/for-each,6006855,72,3,1,6925,2026-04-27T23:51:01+00:00
raynos/function-bind,10727014,100,6,1,8662,2026-04-27T23:51:03+00:00
raynos/xtend,4419184,77,19,1,4802,2026-05-03T16:23:45+00:00
rayon-rs/either,42479602,278,40,2,2303,2026-04-27T23:51:05+00:00
rayon-rs/rayon,24725038,2321,159,2,2258,2026-04-27T23:51:10+00:00
reactivex/rxjs,32247847,5461,558,3,1632,2026-04-27T23:51:15+00:00
realpython/pytest-mypy,69576530,354,16,1,8291,2026-04-27T23:51:13+00:00
remix-run/react-router,19872456,10827,1268,4,853,2026-04-27T23:51:18+00:00
remusao/tldts,97631656,3001,28,15,1640,2026-04-27T23:51:18+00:00
repo/a,,,,1,5000,2026-05-18T01:19:53+00:00
requests/requests-oauthlib,6825724,666,120,4,935,2026-04-27T23:47:54+00:00
requests/toolbelt,15515181,614,72,1,3882,2026-04-27T23:47:54+00:00
retep998/winapi-rs,23853482,1053,163,1,3040,2026-04-27T23:47:56+00:00
rich-harris/estree-walker,33668779,113,12,1,5163,2026-04-27T23:47:58+00:00
rich-harris/magic-string,26143240,586,57,1,3974,2026-04-27T23:47:58+00:00
rob--w/proxy-from-env,52038793,46,4,1,8365,2026-04-27T23:48:00+00:00
rogdham/backports.zstd,977687927,66,3,1,9408,2026-04-27T23:48:03+00:00
rollup/plugins,203607977,1283,256,11,962,2026-04-27T23:48:05+00:00
ronaldoussoren/pyobjc,243933900,5876,40,1,7281,2026-04-27T23:48:05+00:00
rust-cli/anstyle,493821282,1256,39,1,6450,2026-04-27T23:48:07+00:00
rust-cli/env_logger,96382888,738,76,2,2496,2026-04-27T23:48:07+00:00
rust-embedded/critical-section,365854323,135,17,1,3167,2026-04-27T23:48:09+00:00
rust-fuzz/arbitrary,90591032,408,63,2,2531,2026-04-27T23:48:11+00:00
rust-itertools/itertools,22360263,2204,185,10,727,2026-04-27T23:48:13+00:00
rust-lang-nursery/lazy-static.rs,21157492,280,61,2,1889,2026-04-27T23:48:14+00:00
rust-lang/cc-rs,26039547,1611,326,6,1315,2026-04-27T23:48:17+00:00
rust-lang/cfg-if,38723660,126,21,2,1924,2026-04-27T23:48:16+00:00
rust-lang/compiler-builtins,65153793,3374,225,4,991,2026-04-27T23:48:19+00:00
rust-lang/flate2-rs,21954009,836,115,2,2070,2026-04-27T23:48:20+00:00
rust-lang/futures-rs,55077261,3475,361,3,1400,2026-04-27T23:48:24+00:00
rust-lang/glob,23241722,253,51,4,1280,2026-04-27T23:48:23+00:00
rust-lang/hashbrown,155119796,1293,136,3,1155,2026-04-27T23:48:25+00:00
rust-lang/libc,29197565,9009,876,5,793,2026-04-27T23:48:28+00:00
rust-lang/libz-sys,26042019,484,57,3,1369,2026-04-27T23:48:27+00:00
rust-lang/log,27974762,960,134,3,1466,2026-04-27T23:48:29+00:00
rust-lang/pkg-config-rs,26042035,308,58,2,1869,2026-04-27T23:48:31+00:00
rust-lang/regex,27890669,1596,210,1,4907,2026-04-27T23:48:34+00:00
rust-lang/rust,724712,325112,8379,27,291,2026-04-27T23:48:40+00:00
rust-lang/tempdir,31728565,73,17,2,2293,2026-04-27T23:48:38+00:00
rust-num/num-traits,114705611,1179,131,5,1140,2026-04-27T23:48:38+00:00
rust-phf/rust-phf,15992970,891,73,1,3543,2026-04-27T23:48:40+00:00
rust-random/getrandom,166545969,667,64,2,2358,2026-04-27T23:48:42+00:00
rust-random/rand,30227790,3560,310,3,1592,2026-04-27T23:48:45+00:00
rust-random/rand_core,1086593277,371,38,1,2995,2026-04-27T23:48:45+00:00
rust-random/rngs,209510094,189,22,1,4219,2026-04-27T23:48:47+00:00
rustcrypto/formats,406051759,1783,101,1,3020,2026-04-27T23:48:48+00:00
rustcrypto/hashes,74106774,706,88,2,2743,2026-04-27T23:48:50+00:00
rustcrypto/stream-ciphers,83051505,601,30,1,3706,2026-04-27T23:48:53+00:00
rustcrypto/traits,85605821,1979,72,1,4768,2026-04-27T23:48:57+00:00
rustcrypto/utils,77307442,1311,77,1,4274,2026-04-27T23:48:57+00:00
rvagg/bl,10706095,280,40,2,1486,2026-04-27T23:49:00+00:00
rvagg/prr,9151864,10,2,1,8200,2026-04-27T23:49:03+00:00
rvagg/through2,11808187,125,21,1,4648,2026-04-27T23:49:04+00:00
ryanzim/universalify,87651180,28,5,1,6837,2026-04-27T23:49:05+00:00
salesforce/tough-cookie,2606873,714,43,3,1337,2026-04-27T23:49:07+00:00
samn/json-stable-stringify,76598131,34,8,7,156,2026-04-27T23:49:09+00:00
samverschueren/decode-uri-component,91837954,19,3,1,8061,2026-04-27T23:49:11+00:00
sboudrias/inquirer.js,10114077,2093,252,1,4282,2026-04-27T23:49:15+00:00
scikit-build/ninja-python-distributions,75102202,369,12,3,1189,2026-04-27T23:49:13+00:00
scikit-learn/scikit-learn,843222,33586,3503,22,183,2026-04-27T23:49:21+00:00
scipy/scipy,1460385,37385,1904,12,332,2026-04-27T23:49:23+00:00
seanmonstar/reqwest,62350380,1290,399,6,1997,2026-04-27T23:49:25+00:00
sec-ant/readable-stream,569980966,119,4,1,1984,2026-04-27T23:49:24+00:00
selinuxproject/selinux,20648799,4099,191,5,748,2026-04-27T23:49:28+00:00
serde-rs/bytes,87358441,215,9,1,8660,2026-04-27T23:49:30+00:00
serde-rs/json,35894511,1848,144,1,6239,2026-04-27T23:49:35+00:00
serde-rs/serde,14367737,4354,205,1,4140,2026-04-27T23:49:36+00:00
serde-rs/test,670894947,522,11,1,8234,2026-04-27T23:49:38+00:00
servo/rust-fnv,33499190,60,19,4,828,2026-04-27T23:49:40+00:00
servo/rust-smallvec,33456236,504,97,15,586,2026-04-27T23:49:42+00:00
servo/rust-url,14934771,1409,198,3,1513,2026-04-27T23:49:45+00:00
shtylman/node-process,7580644,74,16,2,3285,2026-04-27T23:49:46+00:00
sinclairzx81/sinclair-typebox,1122129819,12,1,1,10000,2026-04-27T23:49:47+00:00
sindresorhus/ansi-escapes,40721875,82,18,1,5938,2026-04-27T23:49:50+00:00
sindresorhus/array-union,21005682,25,9,1,4752,2026-04-27T23:49:53+00:00
sindresorhus/binary-extensions,29771015,73,23,1,3147,2026-04-27T23:49:56+00:00
sindresorhus/callsites,18938743,38,7,1,5277,2026-04-27T23:49:57+00:00
sindresorhus/camelcase,25116836,106,31,1,3835,2026-04-27T23:49:59+00:00
sindresorhus/clean-stack,62838930,59,15,1,5139,2026-04-27T23:50:01+00:00
sindresorhus/cli-cursor,23512396,30,6,1,6989,2026-04-27T23:50:04+00:00
sindresorhus/crypto-random-string,73665728,33,8,1,3848,2026-04-27T23:50:06+00:00
sindresorhus/decamelize,29773710,59,15,1,4260,2026-04-27T23:50:09+00:00
sindresorhus/detect-newline,21304485,39,9,1,5989,2026-04-27T23:50:12+00:00
sindresorhus/environment,793180075,5,1,1,10000,2026-04-27T23:50:13+00:00
sindresorhus/escape-string-regexp,21169121,33,8,1,3085,2026-04-27T23:50:15+00:00
sindresorhus/execa,47475908,824,64,1,5453,2026-04-27T23:50:18+00:00
sindresorhus/figures,21672939,129,12,2,3908,2026-04-27T23:50:20+00:00
sindresorhus/file-type,19105307,640,119,2,2704,2026-04-27T23:50:22+00:00
sindresorhus/find-cache-dir,48783244,54,14,2,2743,2026-04-27T23:50:25+00:00
sindresorhus/find-cache-directory,48783244,54,14,2,2743,2026-05-17T23:35:37+00:00
sindresorhus/find-up,41723004,78,17,1,4875,2026-04-27T23:50:26+00:00
sindresorhus/find-up-simple,714044439,7,2,1,5918,2026-04-27T23:50:27+00:00
sindresorhus/get-east-asian-width,711160838,24,4,1,4253,2026-04-27T23:50:29+00:00
sindresorhus/get-stream,44264225,124,17,1,3674,2026-04-27T23:50:32+00:00
sindresorhus/globals,15186239,427,102,2,2367,2026-04-27T23:50:33+00:00
sindresorhus/globby,21069494,262,50,1,3484,2026-04-27T23:50:36+00:00
sindresorhus/has-flag,38718671,22,7,1,5413,2026-04-27T23:50:40+00:00
sindresorhus/import-fresh,22020904,37,8,1,6216,2026-04-27T23:50:45+00:00
sindresorhus/import-local,90292430,30,8,1,5489,2026-04-27T23:50:47+00:00
sindresorhus/indent-string,20576837,50,11,1,6128,2026-04-27T23:50:49+00:00
sindresorhus/is-binary-path,29771247,22,6,1,4463,2026-04-27T23:50:50+00:00
sindresorhus/is-docker,33590534,31,7,1,6556,2026-04-27T23:50:52+00:00
sindresorhus/is-fullwidth-code-point,39222301,26,9,1,4438,2026-04-27T23:50:54+00:00
sindresorhus/is-inside-container,601943060,3,1,1,10000,2026-04-27T23:50:57+00:00
sindresorhus/is-path-inside,21054113,33,8,1,5023,2026-04-27T23:50:58+00:00
sindresorhus/is-plain-obj,38923193,29,7,1,4078,2026-04-27T23:51:01+00:00
sindresorhus/is-stream,29436825,33,6,1,5923,2026-04-27T23:51:04+00:00
sindresorhus/is-unicode-supported,348660847,20,5,1,5775,2026-04-27T23:51:07+00:00
sindresorhus/is-wsl,88415331,25,7,1,5872,2026-04-27T23:51:09+00:00
sindresorhus/leven,22794601,40,8,1,5738,2026-04-27T23:51:11+00:00
sindresorhus/locate-path,74266248,32,8,1,5723,2026-04-27T23:51:13+00:00
sindresorhus/log-symbols,21673868,47,13,1,4224,2026-04-27T23:51:16+00:00
sindresorhus/lowercase-keys,29769737,21,3,1,8231,2026-04-27T23:51:19+00:00
sindresorhus/make-dir,90776169,60,11,1,4822,2026-04-27T23:47:53+00:00
sindresorhus/meow,25121561,208,45,1,3689,2026-04-27T23:47:55+00:00
sindresorhus/mimic-fn,71381729,51,11,2,3291,2026-04-27T23:47:57+00:00
sindresorhus/mimic-function,71381729,51,11,2,3291,2026-04-27T23:47:58+00:00
sindresorhus/mimic-response,93189529,22,6,1,5455,2026-04-27T23:47:59+00:00
sindresorhus/node-defaults,7985040,22,5,1,3554,2026-04-27T23:48:00+00:00
sindresorhus/normalize-url,29094022,181,45,1,4357,2026-04-27T23:48:02+00:00
sindresorhus/npm-run-path,48707028,43,7,1,4354,2026-04-27T23:48:03+00:00
sindresorhus/object-assign,16457190,67,14,1,5208,2026-04-27T23:48:05+00:00
sindresorhus/onetime,14847357,50,9,1,6160,2026-04-27T23:48:07+00:00
sindresorhus/open,18469325,223,57,1,4378,2026-04-27T23:48:08+00:00
sindresorhus/p-limit,71542716,76,18,1,5663,2026-04-27T23:48:09+00:00
sindresorhus/p-locate,74265632,27,6,1,6159,2026-04-27T23:48:10+00:00
sindresorhus/p-map,71526722,69,18,1,3821,2026-04-27T23:48:12+00:00
sindresorhus/p-try,71534796,17,5,1,5225,2026-04-27T23:48:13+00:00
sindresorhus/package-directory,41724281,42,9,1,5879,2026-05-17T23:35:34+00:00
sindresorhus/parent-module,50187748,26,6,1,6598,2026-04-27T23:48:14+00:00
sindresorhus/parse-json,41367145,66,15,1,4504,2026-04-27T23:48:16+00:00
sindresorhus/path-exists,34965664,25,7,1,4832,2026-04-27T23:48:18+00:00
sindresorhus/path-is-absolute,30900285,11,2,1,8347,2026-05-03T16:23:40+00:00
sindresorhus/path-key,48706449,23,6,1,5047,2026-04-27T23:48:19+00:00
sindresorhus/path-type,41905436,27,7,1,5144,2026-04-27T23:48:21+00:00
sindresorhus/pify,41585934,69,16,1,4913,2026-04-27T23:48:23+00:00
sindresorhus/pkg-dir,41724281,42,9,1,5879,2026-04-27T23:48:25+00:00
sindresorhus/quick-lru,86679721,69,18,1,4696,2026-04-27T23:48:26+00:00
sindresorhus/read-package-up,41842429,46,9,1,6857,2026-05-17T23:35:34+00:00
sindresorhus/read-pkg,41790094,53,9,1,6931,2026-04-27T23:48:26+00:00
sindresorhus/read-pkg-up,41842429,46,9,1,6857,2026-04-27T23:48:29+00:00
sindresorhus/resolve-cwd,47504070,15,4,1,6533,2026-04-27T23:48:33+00:00
sindresorhus/resolve-from,22022707,30,7,1,5533,2026-04-27T23:48:33+00:00
sindresorhus/restore-cursor,23512229,23,6,1,6219,2026-04-27T23:48:34+00:00
sindresorhus/shebang-regex,30903733,15,4,1,6533,2026-04-27T23:48:36+00:00
sindresorhus/slash,11516031,34,8,1,6367,2026-04-27T23:48:38+00:00
sindresorhus/string-width,39222730,78,14,1,5450,2026-04-27T23:48:40+00:00
sindresorhus/strip-bom,18444852,37,7,1,7064,2026-04-27T23:48:42+00:00
sindresorhus/strip-final-newline,47453723,20,4,1,4900,2026-04-27T23:48:45+00:00
sindresorhus/strip-indent,18242629,40,8,1,6850,2026-04-27T23:48:46+00:00
sindresorhus/strip-json-comments,14468669,82,21,1,5561,2026-04-27T23:48:47+00:00
sindresorhus/tagged-tag,795552264,5,1,1,10000,2026-04-27T23:48:47+00:00
sindresorhus/to-fast-properties,31656998,32,8,1,4902,2026-04-27T23:48:49+00:00
sindresorhus/type-fest,175398594,935,211,2,1755,2026-04-27T23:48:56+00:00
sindresorhus/unicorn-magic,716660564,12,2,1,8472,2026-04-27T23:48:56+00:00
sindresorhus/yocto-queue,315531538,17,4,1,6886,2026-04-27T23:48:59+00:00
sinonjs/commons,143001748,167,12,5,1611,2026-04-27T23:49:01+00:00
sinonjs/fake-timers,16523712,835,90,2,2026,2026-04-27T23:49:02+00:00
smithy-lang/smithy-rs,308027791,3382,147,4,1034,2026-04-27T23:49:05+00:00
smithy-lang/smithy-typescript,208319207,2910,101,4,865,2026-04-27T23:49:06+00:00
smol-rs/fastrand,267368764,152,23,2,1655,2026-04-27T23:49:08+00:00
snowflakedb/snowflake-connector-python,62262074,1848,156,3,962,2026-04-27T23:49:09+00:00
socketio/socket.io,557980,7712,561,2,2655,2026-04-27T23:49:16+00:00
sqlalchemy/sqlalchemy,159271175,18027,827,1,6301,2026-04-27T23:49:18+00:00
srijs/rust-crc32fast,157348282,98,12,1,7035,2026-04-27T23:49:16+00:00
stebalien/tempfile,33832372,512,80,1,4991,2026-04-27T23:49:17+00:00
stefanpenner/get-caller-file,48818175,53,5,1,7601,2026-04-27T23:47:53+00:00
storybookjs/storybook,54173593,78824,2619,5,854,2026-04-27T23:47:56+00:00
stream-utils/destroy,15544623,130,3,1,8174,2026-04-27T23:47:56+00:00
stream-utils/raw-body,12823654,537,18,1,6957,2026-04-27T23:47:58+00:00
stream-utils/unpipe,37428186,81,1,1,10000,2026-04-27T23:48:00+00:00
streamich/memfs,37490572,2087,72,3,1929,2026-04-27T23:48:01+00:00
stub42/pytz,63155638,689,23,1,3048,2026-04-27T23:48:02+00:00
suguru03/neo-async,27030361,948,21,1,8939,2026-04-27T23:48:03+00:00
sval-rs/sval,157205610,417,7,1,9527,2026-04-27T23:48:05+00:00
swc-project/swc,115110181,11798,359,2,2696,2026-04-27T23:48:09+00:00
sybrenstuvel/python-rsa,50107469,604,43,1,4810,2026-05-03T16:23:40+00:00
syntax-tree/unist-util-is,41795086,133,6,1,8567,2026-04-27T23:48:08+00:00
systemd/systemd,32873313,88326,3262,3,1286,2026-04-27T23:48:12+00:00
taiki-e/pin-project,164668916,1442,13,1,6204,2026-04-27T23:48:10+00:00
taiki-e/pin-project-lite,216847853,701,12,1,7474,2026-04-27T23:48:12+00:00
taiki-e/portable-atomic,448365131,1890,10,1,9051,2026-04-27T23:48:13+00:00
tapjs/signal-exit,35711072,120,14,2,1703,2026-04-27T23:48:15+00:00
tapjs/stack-utils,48974178,94,13,2,2635,2026-04-27T23:48:16+00:00
tartley/colorama,18892209,391,52,3,1285,2026-04-27T23:48:18+00:00
teambition/merge2,25396227,42,7,1,6990,2026-04-27T23:48:19+00:00
teddriggs/darling,89984100,547,46,1,6759,2026-04-27T23:48:20+00:00
tehshrike/deepmerge,3276413,331,39,1,3172,2026-04-27T23:48:22+00:00
terkelg/sisteransi,122441239,28,5,1,6824,2026-04-27T23:48:26+00:00
terser/terser,29097127,3503,264,2,1998,2026-04-27T23:48:28+00:00
textualize/rich,220809393,4458,289,1,4556,2026-04-27T23:48:30+00:00
theskumar/python-dotenv,23727790,425,112,21,740,2026-04-27T23:48:28+00:00
thkukuk/rpcsvc-proto,55140533,32,7,1,6650,2026-04-27T23:48:32+00:00
thlorenz/convert-source-map,8751561,115,27,1,3927,2026-04-27T23:48:34+00:00
thlorenz/deep-is,9345558,24,3,2,2135,2026-04-27T23:48:35+00:00
thomasdickey/ncurses-snapshots,65149533,1647,1,1,10000,2026-04-27T23:48:37+00:00
tim-kos/node-retry,1738798,139,29,20,779,2026-04-27T23:48:39+00:00
time-rs/time,26459635,1254,71,1,8357,2026-04-27T23:48:41+00:00
tj/commander.js,2206953,1491,197,3,1714,2026-04-27T23:48:43+00:00
tj/node-cookie-signature,6229722,67,11,1,3593,2026-05-17T23:35:35+00:00
tjguk/wmi,23124645,816,3,1,19,2026-04-27T23:48:43+00:00
tkem/cachetools,18006791,446,22,1,7075,2026-04-27T23:48:47+00:00
tokio-rs/bytes,30062547,558,128,3,1497,2026-04-27T23:48:47+00:00
tokio-rs/loom,161875917,235,57,2,1844,2026-04-27T23:48:49+00:00
tokio-rs/prost,94262864,791,169,2,2006,2026-04-27T23:48:51+00:00
tokio-rs/slab,37093133,131,40,3,1341,2026-04-27T23:48:52+00:00
tokio-rs/tokio,67836789,4471,1034,11,495,2026-04-27T23:49:01+00:00
tokio-rs/tracing,165289175,1610,314,1,2653,2026-04-27T23:49:02+00:00
toml-rs/toml,95902102,3028,160,1,4276,2026-04-27T23:49:02+00:00
tootallnate/proxy-agents,11293703,326,47,1,4742,2026-04-27T23:49:01+00:00
tootallnate/util-deprecate,19321056,9,3,1,6173,2026-04-27T23:49:03+00:00
tower-rs/tower,98244646,616,108,5,781,2026-04-27T23:49:06+00:00
tox-dev/filelock,17098256,495,60,56,709,2026-04-27T23:49:08+00:00
tox-dev/platformdirs,367032142,617,87,15,468,2026-04-27T23:49:08+00:00
tqdm/tqdm,36804486,2036,119,1,5835,2026-04-27T23:49:11+00:00
tritondatacenter/node-assert-plus,4767976,38,11,3,1330,2026-05-17T23:35:36+00:00
tritondatacenter/node-extsprintf,4058064,21,7,5,454,2026-05-17T23:35:36+00:00
troygoode/node-require-directory,3053807,79,10,1,7646,2026-04-27T23:49:12+00:00
trysound/postcss-value-parser,40920306,118,15,1,4765,2026-04-27T23:49:14+00:00
tsconfig/bases,263697285,446,98,2,2483,2026-04-27T23:49:16+00:00
tukaani-project/xz,553665726,3020,64,1,6715,2026-04-27T23:49:17+00:00
typescript-eslint/typescript-eslint,165536154,6564,795,28,293,2026-04-27T23:47:56+00:00
unicode-org/icu,49244766,33737,270,6,672,2026-04-27T23:47:55+00:00
unicode-org/icu4x,243395141,4982,139,2,1814,2026-04-27T23:47:57+00:00
unicode-rs/unicode-xid,34637906,89,22,2,2238,2026-04-27T23:47:59+00:00
unshiftio/requires-port,26316179,52,4,2,3295,2026-04-27T23:48:00+00:00
uqfoundation/dill,11031844,1062,47,1,7214,2026-04-27T23:48:01+00:00
urllib3/urllib3,2410676,4358,390,4,887,2026-04-27T23:48:05+00:00
util-linux/util-linux,2339555,22402,1134,1,3079,2026-04-27T23:48:06+00:00
uuidjs/uuid,1203139,620,88,2,3105,2026-04-27T23:48:06+00:00
vercel/ai,644461337,6736,620,7,918,2026-04-27T23:48:10+00:00
vercel/ms,3655872,189,42,3,1278,2026-04-27T23:48:08+00:00
vercel/next.js,70107786,33825,4082,12,327,2026-04-27T23:48:14+00:00
visionmedia/bytes.js,4626886,169,20,1,5478,2026-04-27T23:48:11+00:00
visionmedia/node-cookie-signature,6229722,67,11,1,3593,2026-04-27T23:48:12+00:00
vitest-dev/vitest,434708679,5697,739,2,1498,2026-04-27T23:48:17+00:00
vorner/signal-hook,137260008,371,37,1,5960,2026-04-27T23:48:14+00:00
vuejs/core,137078487,7018,616,1,2629,2026-04-27T23:48:20+00:00
wasm-bindgen/wasm-bindgen,114685405,4316,539,3,1505,2026-04-27T23:48:21+00:00
watson/ci-info,71475907,212,34,2,3391,2026-04-27T23:48:20+00:00
wbond/asn1crypto,36823669,810,39,1,7732,2026-04-27T23:48:21+00:00
webmproject/libwebp,23368445,5149,77,2,3040,2026-04-27T23:48:24+00:00
webpack/enhanced-resolve,5400204,997,83,2,2639,2026-04-27T23:48:25+00:00
webpack/loader-utils,6503675,256,44,3,1444,2026-05-03T16:23:40+00:00
webpack/schema-utils,80306715,206,20,3,1393,2026-04-27T23:48:28+00:00
webpack/tapable,7730086,279,39,1,3697,2026-04-27T23:48:28+00:00
webpack/terser-webpack-plugin,143057914,409,39,2,2682,2026-04-27T23:48:30+00:00
webpack/watchpack,24119524,439,35,1,4903,2026-04-27T23:48:32+00:00
webpack/webpack-sources,48954523,351,32,1,3817,2026-04-27T23:48:35+00:00
webreflection/flatted,131121620,172,13,1,5151,2026-04-27T23:48:36+00:00
webreflection/html-escaper,33597730,28,1,1,10000,2026-04-27T23:48:37+00:00
websocket-client/websocket-client,1202362,1295,226,2,2762,2026-04-27T23:48:40+00:00
websockets/ws,2744972,1942,209,2,2140,2026-04-27T23:48:41+00:00
wesleytodd/setprototypeof,30301031,26,5,1,6612,2026-04-27T23:48:42+00:00
whitequark/ipaddr.js,2110585,181,39,1,2718,2026-04-27T23:48:44+00:00
withoutboats/heck,86326466,57,15,2,2909,2026-04-27T23:48:46+00:00
xiph/ogg,33956205,601,62,34,1033,2026-04-27T23:48:48+00:00
xtuc/webassemblyjs,113006071,2152,44,1,4546,2026-04-27T23:48:49+00:00
yahoo/serialize-javascript,24106944,174,29,6,1116,2026-04-27T23:48:51+00:00
yaml/libyaml,2699072,219,34,2,2312,2026-04-27T23:48:54+00:00
yaml/pyyaml,2700147,326,40,1,3117,2026-04-27T23:48:56+00:00
yargs/cliui,34287546,136,19,12,507,2026-04-27T23:48:59+00:00
yargs/set-blocking,58830287,13,6,5,651,2026-04-27T23:49:01+00:00
yargs/y18n,39720886,113,20,11,187,2026-04-27T23:49:03+00:00
yargs/yargs,14210523,1849,305,217,349,2026-04-27T23:49:05+00:00
yargs/yargs-parser,50258379,367,62,53,159,2026-04-27T23:49:06+00:00
yuzujs/setimmediate,1981208,118,12,1,4999,2026-04-27T23:49:07+00:00
zertosh/loose-envify,41947687,31,5,1,7627,2026-04-27T23:49:09+00:00
zesterer/spin-rs,21686666,394,59,2,2113,2026-05-17T23:35:35+00:00
zloirock/core-js,11481338,7819,142,1,9012,2026-04-27T23:49:11+00:00
