repo,repo_id,stars,forks,watchers,fetched_at
10der/homeassistant-custom_components-awtrix,748539167,148,13,11,2026-04-27T18:55:19Z
7rulnik/source-map-js,330043541,102,13,0,2026-04-27T13:18:12Z
acornjs/acorn,5932749,11372,1021,187,2026-04-27T13:18:12Z
acornjs/acorn-jsx,22187098,670,76,15,2026-04-27T13:18:12Z
adobe/react-spectrum,208362715,15031,1415,70,2026-04-27T13:18:12Z
agronholm/anyio,145337588,2447,201,25,2026-04-27T18:55:19Z
agronholm/exceptiongroup,447694800,48,23,2,2026-04-27T18:55:20Z
ai/nanoid,99401299,26755,842,155,2026-04-27T13:18:12Z
aio-libs/aiobotocore,36618494,1403,203,20,2026-04-27T13:18:12Z
aio-libs/aiosignal,205007356,163,21,8,2026-04-27T13:18:12Z
aio-libs/async-timeout,67703198,572,58,14,2026-04-27T13:18:12Z
aio-libs/frozenlist,204197530,121,36,8,2026-04-27T13:18:12Z
aio-libs/propcache,866565706,33,18,7,2026-04-27T13:18:12Z
aio-libs/yarl,64756820,1479,188,22,2026-04-27T13:18:12Z
ajv-validator/ajv,35914020,14689,956,110,2026-04-27T13:18:12Z
ajv-validator/ajv-formats,281084700,221,41,3,2026-04-27T13:18:12Z
alexcrichton/tar-rs,21946092,717,234,14,2026-04-27T13:18:12Z
alexei/sprintf.js,9175790,2141,283,47,2026-04-27T13:18:12Z
alexeyraspopov/picocolors,410740124,1702,49,11,2026-04-27T13:18:12Z
alexhuszagh/rust-lexical,155286170,356,40,10,2026-04-27T13:18:12Z
alexindigo/asynckit,59087459,25,11,1,2026-04-27T13:18:12Z
amanieu/parking_lot,58731560,3324,268,28,2026-04-27T13:18:12Z
andialbrecht/sqlparse,4067434,4004,722,87,2026-04-27T13:18:12Z
andrewrk/node-pend,11836813,15,6,2,2026-04-27T13:18:12Z
andyperlitch/jsbn,9710533,173,41,7,2026-04-27T13:18:12Z
annotated-types/annotated-types,487934134,598,27,9,2026-04-27T13:18:12Z
antonk52/lilconfig,238967485,186,10,1,2026-04-27T13:18:12Z
apache/airflow,33884891,45212,16941,778,2026-04-27T18:55:21Z
apache/arrow,51905353,16691,4087,337,2026-04-27T13:18:12Z
apache/arrow-rs,358917250,3443,1158,51,2026-04-27T13:18:13Z
ardatan/graphql-tools,54432168,,,,
ardatan/whatwg-node,429511342,194,37,3,2026-04-27T13:18:13Z
assert-rs/snapbox,424722460,174,26,4,2026-04-27T13:18:13Z
astral-sh/ruff,523043277,47269,2030,102,2026-04-27T13:18:13Z
autotools-mirror/autoconf,47662429,66,25,4,2026-04-27T18:55:22Z
autotools-mirror/libtool,47662711,51,28,4,2026-04-27T18:55:22Z
autotools-mirror/m4,66880383,,,,
aws/aws-cli,6780767,16905,4526,560,2026-04-27T13:18:13Z
aws/aws-sdk-js-crypto-helpers,149673986,68,34,15,2026-04-27T13:18:13Z
aws/aws-sdk-js-v3,87228090,3610,677,41,2026-04-27T13:18:13Z
axios/axios,23088740,109033,11654,1155,2026-04-27T13:18:13Z
azure/azure-sdk-for-js,108311273,2290,1362,398,2026-04-27T13:18:13Z
azure/azure-sdk-for-python,4127088,5531,3289,509,2026-04-27T18:55:22Z
azure/msrest-for-python,71186468,42,69,288,2026-04-27T13:18:13Z
azuread/microsoft-authentication-library-for-python,67243113,958,214,56,2026-04-27T13:18:13Z
babel/babel,24560307,43896,5812,776,2026-04-27T13:18:13Z
babel/babel-polyfills,190579283,356,61,13,2026-04-27T13:18:13Z
beatgammit/base64-js,2853282,882,390,23,2026-04-27T13:18:13Z
benjaminp/six,77868600,1019,273,27,2026-04-27T13:18:13Z
besser82/libxcrypt,35503965,235,62,17,2026-04-27T13:18:13Z
bincode-org/bincode,24130045,3073,309,24,2026-04-27T13:18:13Z
bitflags/bitflags,29287955,1124,163,15,2026-04-27T13:18:13Z
blakeembrey/array-flatten,17789771,86,20,4,2026-04-27T13:18:13Z
blakeembrey/change-case,9440238,2402,102,14,2026-04-27T13:18:13Z
bluss/bencher,65987276,92,16,2,2026-04-27T13:18:13Z
bminor/glibc,13868694,1863,464,44,2026-04-27T18:55:23Z
boto/boto3,24774658,9775,1968,226,2026-04-27T13:18:13Z
boto/botocore,6670942,1613,1153,62,2026-04-27T18:55:23Z
boto/s3transfer,49535299,232,152,18,2026-04-27T13:18:13Z
braveg1rl/performance-now,336187529,0,2,2,2026-04-27T13:18:13Z
brianc/node-postgres,991475,13114,1309,177,2026-04-27T13:18:13Z
brianloveswords/node-jwa,8116861,102,45,8,2026-04-27T13:18:13Z
broofa/mime,534940,2355,322,18,2026-04-27T13:18:13Z
broofa/node-int64,1208666,205,45,10,2026-04-27T13:18:13Z
browserify/node-util,14568009,254,92,7,2026-04-27T13:18:13Z
browserify/resolve,1915099,793,190,15,2026-04-27T13:18:13Z
browserslist/browserslist,27971466,13527,763,133,2026-04-27T13:18:13Z
browserslist/update-db,505548145,766,210,15,2026-04-27T13:18:13Z
burntsushi/aho-corasick,37290678,1233,114,15,2026-04-27T13:18:13Z
burntsushi/jiff,759017108,2691,96,12,2026-04-27T13:18:13Z
burntsushi/memchr,37290652,1431,140,18,2026-04-27T13:18:14Z
burntsushi/quickcheck,17559913,2749,162,17,2026-04-27T13:18:14Z
burntsushi/same-file,78375612,120,24,2,2026-04-27T13:18:14Z
burntsushi/termcolor,141345580,487,55,6,2026-04-27T13:18:14Z
burntsushi/ucd-generate,123997498,117,26,6,2026-04-27T13:18:14Z
burntsushi/walkdir,42685794,1497,125,16,2026-04-27T13:18:14Z
burntsushi/winapi-util,146040682,75,20,3,2026-04-27T13:18:14Z
businho/pytest-ruff,599731435,35,9,1,2026-04-27T18:55:24Z
bytecodealliance/rustix,295544240,1973,260,21,2026-04-27T13:18:14Z
bytecodealliance/wasi-rs,196445196,351,63,17,2026-04-27T13:18:14Z
c-ares/c-ares,571708,2132,658,77,2026-04-27T13:18:14Z
calvinmetcalf/minimalistic-assert,29144257,19,4,2,2026-04-27T13:18:14Z
calvinmetcalf/process-nextick-args,36039131,33,16,4,2026-04-27T13:18:14Z
caolan/async,698041,28173,2381,633,2026-04-27T13:18:14Z
certbot/certbot,26516210,33013,3495,736,2026-04-27T18:55:24Z
certifi/python-certifi,3060959,966,288,39,2026-04-27T13:18:14Z
chaijs/type-detect,12107007,127,30,11,2026-04-27T13:18:14Z
chalk/ansi-regex,20451415,202,90,14,2026-04-27T13:18:14Z
chalk/ansi-styles,11803168,458,81,10,2026-04-27T13:18:14Z
chalk/chalk,11855195,23161,959,142,2026-04-27T13:18:14Z
chalk/slice-ansi,43191689,51,18,4,2026-04-27T13:18:14Z
chalk/strip-ansi,15014856,504,44,10,2026-04-27T13:18:14Z
chalk/supports-color,11855007,367,90,11,2026-04-27T13:18:14Z
chalk/wrap-ansi,41053676,136,29,3,2026-04-27T13:18:14Z
chalker/safer-buffer,125825141,27,24,1,2026-04-27T13:18:14Z
chardet/chardet,5196969,2612,297,44,2026-04-27T13:18:14Z
cheeriojs/dom-serializer,18991884,142,72,3,2026-04-27T13:18:14Z
chicoxyzzy/node-releases,73765596,38,10,3,2026-04-27T13:18:14Z
chronotope/chrono,18210201,3840,601,25,2026-04-27T13:18:14Z
chronotope/humantime,59320323,378,46,5,2026-04-27T13:18:14Z
clap-rs/clap,31315121,16338,1174,65,2026-04-27T13:18:14Z
cloudflare/cloudflare-python,753271547,435,115,18,2026-04-27T13:18:14Z
colinhacks/zod,245704608,42515,1919,79,2026-04-27T13:18:14Z
colorjs/color-name,27038309,124,33,2,2026-04-27T13:18:15Z
comex/rust-shlex,37886228,144,20,3,2026-04-27T13:18:14Z
component/escape-html,5444800,488,65,11,2026-04-27T13:18:15Z
component/toidentifier,114743189,6,9,5,2026-04-27T13:18:15Z
conventional-changelog/commitlint,51575745,18484,964,63,2026-04-27T13:18:15Z
conventional-changelog/conventional-changelog,15639771,8431,736,48,2026-04-27T13:18:15Z
cosmiconfig/cosmiconfig,45750507,4145,141,18,2026-04-27T13:18:15Z
coveragepy/coveragepy,138421996,3361,478,35,2026-04-27T13:18:15Z
cpburnz/python-pathspec,14648551,220,51,5,2026-04-27T13:18:15Z
crate-py/rpds,608018848,63,27,1,2026-04-27T13:18:15Z
criterion-rs/criterion.rs,1081104682,285,17,0,2026-04-27T13:18:15Z
crossbeam-rs/crossbeam,35566048,8421,544,78,2026-04-27T13:18:15Z
crypto-browserify/randombytes,29300004,102,47,6,2026-04-27T13:18:15Z
css-modules/icss-utils,42766912,22,16,4,2026-04-27T13:18:15Z
cssnano/cssnano,33943153,4961,326,46,2026-04-27T13:18:15Z
csstools/postcss-plugins,219192307,1043,85,9,2026-04-27T13:18:15Z
csstree/csstree,67236461,2095,112,23,2026-04-27T13:18:15Z
curl/curl,569041,41686,7157,767,2026-04-27T18:55:26Z
cuviper/autocfg,135481335,113,29,3,2026-04-27T13:18:15Z
cyan4973/xxhash,19330466,10994,893,173,2026-04-27T13:18:15Z
daaku/nodejs-makeerror,2097803,12,4,2,2026-04-27T13:18:15Z
daaku/nodejs-tmpl,2171213,20,24,5,2026-04-27T13:18:15Z
dateutil/dateutil,26876372,2613,543,40,2026-04-27T13:18:15Z
davepacheco/node-extsprintf,4058064,36,12,32,2026-04-27T13:18:15Z
davidhalter/parso,90668463,672,116,17,2026-04-27T13:18:15Z
davisjam/safe-regex,90781457,192,11,4,2026-04-27T13:18:15Z
dchest/tweetnacl-js,15649752,1922,295,40,2026-04-27T13:18:15Z
dcodeio/long.js,8678904,921,207,21,2026-04-27T13:18:15Z
dcodeio/protobuf.js,8507859,10521,1661,167,2026-04-27T13:18:15Z
debug-js/debug,2871998,11443,968,133,2026-04-27T13:18:15Z
definitelytyped/definitelytyped,6093316,51205,30505,633,2026-04-27T13:18:15Z
django/asgiref,48501860,1619,241,41,2026-04-27T13:18:15Z
djc/rustc-version-rs,41272773,64,23,3,2026-04-27T13:18:15Z
dmitrysoshnikov/regexp-tree,85459304,423,46,9,2026-04-27T13:18:15Z
dominictarr/through,4885140,670,55,10,2026-04-27T13:18:15Z
doowb/ansi-colors,47135420,453,35,6,2026-04-27T13:18:15Z
douglasdwyer/wasm_sync,668034655,16,1,1,2026-04-27T13:18:15Z
dougwilson/nodejs-depd,20848667,329,40,5,2026-04-27T13:18:16Z
dtolnay/anyhow,212936374,6497,207,22,2026-04-27T13:18:16Z
dtolnay/automod,173074854,182,27,3,2026-04-27T13:18:16Z
dtolnay/dissimilar,229514821,238,16,9,2026-04-27T13:18:16Z
dtolnay/indoc,54252316,778,24,3,2026-04-27T13:18:16Z
dtolnay/itoa,61962375,368,44,5,2026-04-27T13:18:16Z
dtolnay/no-panic,143469762,1190,18,11,2026-04-27T13:18:16Z
dtolnay/paste,155652490,1086,70,12,2026-04-27T13:18:16Z
dtolnay/proc-macro2,91860126,917,136,18,2026-04-27T13:18:16Z
dtolnay/quote,67273122,1537,112,14,2026-04-27T13:18:16Z
dtolnay/ref-cast,106295902,219,20,6,2026-04-27T13:18:16Z
dtolnay/rustversion,183990447,394,21,7,2026-04-27T13:18:16Z
dtolnay/ryu,142720484,694,38,10,2026-04-27T13:18:16Z
dtolnay/semver,22432442,663,141,8,2026-04-27T13:18:16Z
dtolnay/syn,67305738,3310,371,23,2026-04-27T13:18:16Z
dtolnay/target-triple,734167706,16,3,1,2026-04-27T13:18:16Z
dtolnay/thiserror,213836768,5412,206,21,2026-04-27T13:18:16Z
dtolnay/trybuild,184941159,965,77,7,2026-04-27T13:18:16Z
dtolnay/unicode-ident,492639579,109,29,2,2026-04-27T13:18:16Z
eemeli/yaml,119439276,1657,150,15,2026-04-27T13:18:16Z
ehmicky/human-signals,214467546,286,14,1,2026-04-27T13:18:16Z
eliben/pycparser,10589864,3537,642,87,2026-04-27T13:18:16Z
emotion-js/emotion,92570536,18010,1133,93,2026-04-27T13:18:16Z
encode/httpcore,237210639,540,164,23,2026-04-27T13:18:16Z
encode/httpx,179492861,15243,1133,116,2026-04-27T13:18:16Z
epoberezkin/ajv-keywords,60477053,257,50,7,2026-04-27T13:18:16Z
epoberezkin/fast-deep-equal,94483360,2046,112,14,2026-04-27T13:18:16Z
epoberezkin/fast-json-stable-stringify,108103016,321,37,3,2026-04-27T13:18:16Z
epoberezkin/json-schema-traverse,93333933,103,20,3,2026-04-27T13:18:16Z
es-shims/array-includes,28753032,43,13,2,2026-04-27T13:18:16Z
es-shims/dunder-proto,898274312,1,1,2,2026-04-27T13:18:16Z
es-shims/es-set-tostringtag,580683868,2,2,2,2026-04-27T13:18:17Z
es-shims/math-intrinsics,902014040,2,1,2,2026-04-27T13:18:17Z
es-shims/object.values,41723335,72,7,3,2026-04-27T13:18:17Z
es-shims/regexp.prototype.flags,26932422,8,10,3,2026-04-27T13:18:17Z
es-shims/string.prototype.trimend,114682758,5,5,3,2026-04-27T13:18:17Z
es-shims/string.prototype.trimstart,114682105,4,3,3,2026-04-27T13:18:17Z
eslint-community/eslint-utils,568240379,23,12,3,2026-04-27T13:18:17Z
eslint/doctrine,4286644,461,69,21,2026-04-27T13:18:17Z
eslint/eslint,11061773,27221,4974,302,2026-04-27T13:18:17Z
eslint/js,27620277,2379,225,52,2026-04-27T13:18:17Z
eslint/rewrite,791446923,333,44,13,2026-04-27T13:18:17Z
estools/escodegen,3611422,2687,336,60,2026-04-27T13:18:17Z
estools/esquery,11412938,886,94,11,2026-04-27T13:18:17Z
estools/esrecurse,27429822,80,18,9,2026-04-27T13:18:17Z
estools/estraverse,6145439,967,134,22,2026-04-27T13:18:17Z
estools/esutils,14677293,123,28,5,2026-04-27T13:18:17Z
ethers-io/ethers.js,63465664,8659,2109,111,2026-04-27T13:18:17Z
evanw/esbuild,61137153,39865,1304,266,2026-04-27T13:18:17Z
evanw/node-source-map-support,7682781,2193,223,18,2026-04-27T13:18:17Z
eventualbuddha/lines-and-columns,47284288,27,6,1,2026-04-27T13:18:17Z
executablebooks/markdown-it-py,249956697,1291,100,21,2026-04-27T13:18:17Z
executablebooks/mdurl,387293763,14,11,5,2026-04-27T13:18:17Z
exodusoss/bytes,885154008,14,5,1,2026-04-27T13:18:17Z
expressjs/body-parser,15669006,5501,753,85,2026-04-27T13:18:17Z
expressjs/serve-static,17464338,1424,240,26,2026-04-27T13:18:17Z
facebook/create-react-app,63537249,103474,27081,1882,2026-04-27T13:18:17Z
facebook/metro,76504246,5585,677,97,2026-04-27T13:18:17Z
facebook/prop-types,87597642,4455,348,49,2026-04-27T13:18:17Z
facebook/react,10270250,244720,50985,6629,2026-04-27T13:18:17Z
facebook/regenerator,13346571,3831,1140,84,2026-04-27T13:18:17Z
facebook/watchman,6930489,13570,1060,251,2026-04-27T13:18:17Z
facebook/zstd,29759715,27026,2465,405,2026-04-27T13:18:18Z
facelessuser/soupsieve,160789418,266,48,6,2026-04-27T13:18:17Z
fastify/fast-uri,419317518,102,12,8,2026-04-27T13:18:18Z
faye/websocket-driver-node,9733816,109,34,10,2026-04-27T13:18:18Z
fb55/boolbase,16864585,20,6,1,2026-04-27T13:18:18Z
fb55/css-select,3411063,629,77,5,2026-04-27T13:18:18Z
fb55/css-what,4460687,246,49,5,2026-04-27T13:18:18Z
fb55/domelementtype,6627835,29,19,2,2026-04-27T13:18:18Z
fb55/domhandler,5414232,364,67,4,2026-04-27T13:18:18Z
fb55/domutils,6627949,,,,
fb55/entities,3172629,378,73,2,2026-04-27T13:18:18Z
fb55/htmlparser2,2279062,4777,396,48,2026-04-27T13:18:18Z
fb55/nth-check,16864923,63,32,1,2026-04-27T13:18:18Z
felixge/node-combined-stream,1787452,144,34,7,2026-04-27T13:18:18Z
felixge/node-delayed-stream,1783893,55,15,4,2026-04-27T13:18:18Z
feross/buffer,14494363,1882,259,27,2026-04-27T13:18:18Z
feross/ieee754,15489525,122,39,6,2026-04-27T13:18:18Z
feross/is-buffer,25997846,93,33,2,2026-04-27T13:18:18Z
feross/queue-microtask,207021895,189,15,4,2026-04-27T13:18:18Z
feross/run-parallel,18700638,387,17,7,2026-04-27T13:18:18Z
feross/safe-buffer,49538897,351,41,7,2026-04-27T13:18:18Z
ffmpeg/ffmpeg,1614410,59336,13746,1509,2026-04-27T18:55:30Z
firebase/firebase-js-sdk,89290483,5109,1009,188,2026-04-27T13:18:18Z
fitzgen/glob-to-regexp,11461122,150,24,3,2026-04-27T13:18:18Z
floatdrop/require-from-string,39301848,298,33,1,2026-04-27T13:18:18Z
floating-ui/floating-ui,54994103,32577,1679,248,2026-04-27T13:18:18Z
follow-redirects/follow-redirects,6697086,581,180,16,2026-04-27T13:18:18Z
fontconfig/fontconfig,926884194,0,1,1,2026-04-27T18:55:30Z
form-data/form-data,1755793,2347,390,24,2026-04-27T13:18:18Z
formatjs/formatjs,19117456,14707,1385,126,2026-04-27T13:18:18Z
freetype/freetype,187000659,816,402,11,2026-04-27T18:55:30Z
frenic/csstype,104001328,1815,75,7,2026-04-27T13:18:18Z
frommi/miniz_oxide,96124162,233,71,10,2026-04-27T13:18:18Z
fsevents/fsevents,1402936,568,119,30,2026-04-27T13:18:18Z
fsspec/filesystem_spec,130727736,1306,440,15,2026-04-27T13:18:19Z
fsspec/s3fs,53987953,1023,290,16,2026-04-27T13:18:19Z
garycourt/uri-js,989080,317,65,6,2026-04-27T13:18:19Z
gcc-mirror/gcc,22711503,10877,4745,360,2026-04-27T18:55:31Z
getsentry/sentry-javascript,3328572,8642,1767,121,2026-04-27T13:18:19Z
giampaolo/psutil,20101515,11150,1477,223,2026-04-27T13:18:19Z
git/git,36502,60617,27847,2466,2026-04-27T18:55:31Z
gitlab-freedesktop-mirrors/libxcb,444023705,1,1,1,2026-04-27T18:55:31Z
gitoxidelabs/gitoxide,136510559,11239,455,55,2026-04-27T13:18:19Z
gitpython-developers/gitdb,1126093,225,68,16,2026-04-27T13:18:19Z
gitpython-developers/smmap,1865144,74,31,15,2026-04-27T13:18:19Z
gkz/levn,13287279,86,8,2,2026-04-27T13:18:19Z
gkz/optionator,13435927,166,16,4,2026-04-27T13:18:19Z
gkz/prelude-ls,4457759,427,58,15,2026-04-27T13:18:19Z
gkz/type-check,13182168,211,16,3,2026-04-27T13:18:19Z
gmp-mirror/gmp,681340775,25,7,2,2026-04-27T18:55:31Z
gnome/gdk-pixbuf,4533539,33,25,6,2026-04-27T18:55:31Z
gnome/glib,4537082,1728,573,86,2026-04-27T18:55:31Z
gnome/libxml2,4537118,733,431,42,2026-04-27T18:55:31Z
gnome/pango,4537144,182,51,11,2026-04-27T18:55:31Z
gnutls/gnutls,58873704,142,76,6,2026-04-27T18:55:31Z
gnutls/libtasn1,59017205,16,9,4,2026-04-27T18:55:31Z
gnutls/nettle,59017402,73,33,6,2026-04-27T18:55:31Z
google/brotli,24993138,14674,1337,325,2026-04-27T13:18:19Z
google/zerocopy,534354967,2279,151,11,2026-04-27T13:18:19Z
googleapis/google-auth-library-python,69199387,875,349,69,2026-04-27T13:18:19Z
googleapis/google-cloud-node-core,1052931509,16,19,0,2026-04-27T13:18:19Z
googleapis/google-cloud-python,16316451,5275,1683,280,2026-05-03T22:21:39Z
googleapis/google-resumable-media-python,88091939,45,54,39,2026-04-27T13:18:19Z
googleapis/python-crc32c,159736041,28,33,41,2026-04-27T13:18:19Z
googleapis/python-storage,226992639,502,173,49,2026-04-27T13:18:19Z
googlechrome/workbox,55424670,12938,872,201,2026-04-27T13:18:20Z
gozala/events,1649251,1409,174,14,2026-04-27T13:18:20Z
gpg/libgpg-error,42075984,23,31,0,2026-04-27T18:55:32Z
grahamdumpleton/wrapt,10357291,2281,246,38,2026-04-27T13:18:20Z
graydon/exhaustigen-rs,432630522,66,7,2,2026-04-27T13:18:20Z
gregberge/svgr,102155012,11027,438,33,2026-04-27T13:18:19Z
grncdr/merge-stream,10579821,212,15,4,2026-04-27T13:18:20Z
grpc/grpc,27729880,44676,11138,1330,2026-04-27T18:55:32Z
gsnedders/python-webencodings,7043404,39,34,6,2026-04-27T18:55:32Z
guillaumegomez/doc-comment,127254922,102,5,3,2026-04-27T13:18:20Z
gulpjs/glob-parent,29154915,83,51,13,2026-04-27T13:18:20Z
gweis/isodate,6449370,174,63,8,2026-04-27T13:18:20Z
gyscos/zstd-rs,52115335,634,131,11,2026-04-27T13:18:20Z
hapijs/hoek,5831189,483,178,49,2026-04-27T13:18:20Z
harfbuzz/harfbuzz,5050525,5584,728,100,2026-04-27T13:18:20Z
hiddentao/fast-levenshtein,9490451,611,50,6,2026-04-27T13:18:20Z
httplib2/httplib2,53002916,509,190,22,2026-04-27T13:18:20Z
hukkin/tomli,370616797,560,55,7,2026-04-27T13:18:20Z
hyperium/http,84983058,1326,361,33,2026-04-27T13:18:20Z
hyperium/http-body,183281612,162,67,12,2026-04-27T13:18:20Z
iarna/aproba,31432421,133,15,5,2026-04-27T13:18:20Z
import-js/eslint-plugin-import,32238354,5906,1545,38,2026-04-27T13:18:20Z
indexmap-rs/indexmap,68294628,2349,187,12,2026-04-27T13:18:20Z
indutny/bn.js,19176350,1230,153,21,2026-04-27T13:18:20Z
indygreg/python-zstandard,67307930,628,114,12,2026-04-27T13:18:20Z
inikulin/parse5,8862593,3886,251,40,2026-04-27T13:18:20Z
inspect-js/array-buffer-byte-length,607836784,,,,
inspect-js/available-typed-arrays,235965505,3,3,2,2026-04-27T13:18:20Z
inspect-js/functions-have-names,198357138,9,1,2,2026-04-27T13:18:20Z
inspect-js/has-property-descriptors,481834578,3,1,1,2026-04-27T13:18:20Z
inspect-js/has-proto,577580747,6,3,1,2026-04-27T13:18:20Z
inspect-js/has-symbols,68573418,18,6,2,2026-04-27T13:18:20Z
inspect-js/has-tostringtag,392913710,5,3,2,2026-04-27T13:18:20Z
inspect-js/hasown,703350811,2,1,1,2026-04-27T13:18:20Z
inspect-js/is-accessor-descriptor,41658954,15,4,4,2026-04-27T13:18:20Z
inspect-js/is-arguments,15725461,17,7,4,2026-04-27T13:18:20Z
inspect-js/is-array-buffer,45977026,13,5,2,2026-04-27T13:18:21Z
inspect-js/is-bigint,149682261,7,2,3,2026-04-27T13:18:21Z
inspect-js/is-boolean-object,34700259,8,2,3,2026-04-27T13:18:21Z
inspect-js/is-callable,30012910,42,9,5,2026-04-27T13:18:21Z
inspect-js/is-core-module,24578130,26,11,3,2026-04-27T13:18:21Z
inspect-js/is-data-descriptor,41659073,21,6,4,2026-04-27T13:18:21Z
inspect-js/is-data-view,751048078,2,0,1,2026-04-27T13:18:21Z
inspect-js/is-date-object,29991041,16,5,3,2026-04-27T13:18:21Z
inspect-js/is-descriptor,41658845,12,4,4,2026-04-27T13:18:21Z
inspect-js/is-number-object,29991666,8,3,3,2026-04-27T13:18:21Z
inspect-js/is-regex,15930063,24,11,3,2026-04-27T13:18:21Z
inspect-js/is-string,30010185,22,3,3,2026-04-27T13:18:21Z
inspect-js/is-symbol,29791606,19,5,3,2026-04-27T13:18:21Z
inspect-js/is-typed-array,43528820,12,7,3,2026-04-27T13:18:21Z
inspect-js/node-supports-preserve-symlinks-flag,443970899,1,3,1,2026-04-27T13:18:21Z
inspect-js/object-inspect,11683441,161,44,7,2026-04-27T13:18:21Z
inspect-js/typed-array-buffer,649850465,5,0,1,2026-04-27T13:18:21Z
inspect-js/which-boxed-primitive,201685155,7,2,2,2026-04-27T13:18:21Z
inspect-js/which-typed-array,43708371,11,5,2,2026-04-27T13:18:21Z
ipython/traitlets,14993021,650,209,19,2026-04-27T13:18:21Z
isaacs/chownr,3858354,29,16,1,2026-04-27T13:18:21Z
isaacs/cliui,634056857,2,2,0,2026-04-27T13:18:21Z
isaacs/core-util-is,12391440,101,20,4,2026-04-27T13:18:21Z
isaacs/fs.realpath,61231712,25,11,0,2026-04-27T13:18:21Z
isaacs/inherits,1580001,353,84,21,2026-04-27T13:18:21Z
isaacs/isexe,49804297,52,20,0,2026-04-27T13:18:21Z
isaacs/minimatch,2056549,3500,336,58,2026-04-27T13:18:21Z
isaacs/minipass,84886212,258,29,2,2026-04-27T13:18:21Z
isaacs/minizlib,86429676,84,12,1,2026-04-27T13:18:21Z
isaacs/node-glob,357681,8722,526,86,2026-04-27T13:18:21Z
isaacs/node-graceful-fs,2077020,1303,150,23,2026-04-27T13:18:21Z
isaacs/node-lru-cache,679662,5870,366,49,2026-04-27T13:18:21Z
isaacs/node-mkdirp,2718248,199,40,3,2026-04-27T13:18:21Z
isaacs/node-tar,1534331,912,256,37,2026-04-27T13:18:21Z
isaacs/once,5409660,225,27,6,2026-04-27T13:18:21Z
isaacs/package-json-from-dist,800543709,,,,
isaacs/path-scurry,591569499,45,7,2,2026-04-27T13:18:21Z
isaacs/rimraf,1341324,5842,264,39,2026-04-27T13:18:22Z
isaacs/sax-js,508894,1152,337,23,2026-04-27T13:18:22Z
isaacs/yallist,48222381,216,31,2,2026-04-27T13:18:22Z
istanbuljs/istanbuljs,81482340,1096,250,17,2026-04-27T13:18:22Z
istanbuljs/schema,211950686,3,12,5,2026-04-27T13:18:22Z
istanbuljs/test-exclude,60489570,10,17,5,2026-04-27T13:18:22Z
jamesmunns/postcard,179385478,1397,132,10,2026-04-27T13:18:22Z
jaraco/jaraco.develop,48289082,7,6,2,2026-04-27T18:55:36Z
jaraco/pytest-perf,372026120,5,2,2,2026-04-27T18:55:36Z
jaraco/zipp,157774633,67,61,2,2026-04-27T13:18:22Z
jaredhanson/utils-merge,11349896,69,18,3,2026-04-27T13:18:22Z
jaredwray/cacheable,9267870,1975,201,10,2026-04-27T13:18:22Z
jaredwray/keyv,96540810,3128,197,19,2026-04-27T13:18:22Z
jawah/charset_normalizer,200259335,768,63,6,2026-04-27T13:18:22Z
jbgutierrez/path-parse,34113780,56,36,10,2026-04-27T13:18:22Z
jd/tenacity,65468547,8565,324,46,2026-04-27T13:18:22Z
jensyt/imurmurhash-js,11802843,103,6,3,2026-04-27T13:18:22Z
jestjs/jest,15062869,45339,6644,551,2026-04-27T13:18:22Z
jimp-dev/jimp,24008065,14601,779,136,2026-04-27T13:18:22Z
jmespath/jmespath.py,8300763,2432,197,31,2026-04-27T18:55:36Z
joblib/joblib,654608,4341,451,58,2026-04-27T13:18:22Z
jonathanong/ee-first,20707897,54,7,1,2026-04-27T13:18:22Z
jonschlinkert/assign-symbols,45661176,18,7,3,2026-04-27T13:18:22Z
jonschlinkert/define-property,40633359,21,8,2,2026-04-27T13:18:22Z
jonschlinkert/extend-shallow,25867410,33,9,3,2026-04-27T13:18:22Z
jonschlinkert/fill-range,27113310,58,15,3,2026-04-27T13:18:22Z
jonschlinkert/get-value,24911025,295,22,8,2026-04-27T13:18:22Z
jonschlinkert/global-prefix,31455984,29,12,4,2026-04-27T13:18:22Z
jonschlinkert/has-value,24310408,26,6,3,2026-04-27T13:18:22Z
jonschlinkert/has-values,33009186,23,5,2,2026-04-27T13:18:22Z
jonschlinkert/is-extendable,38225016,19,5,2,2026-04-27T13:18:22Z
jonschlinkert/is-extglob,31788841,23,5,2,2026-04-27T13:18:23Z
jonschlinkert/is-number,24313173,282,53,8,2026-04-27T13:18:22Z
jonschlinkert/is-plain-object,24306940,157,33,6,2026-04-27T13:18:22Z
jonschlinkert/isobject,21342886,107,19,3,2026-04-27T13:18:22Z
jonschlinkert/kind-of,24491562,354,43,10,2026-04-27T13:18:23Z
jonschlinkert/map-cache,32450614,20,7,2,2026-04-27T13:18:23Z
jonschlinkert/normalize-path,21224182,112,12,3,2026-04-27T13:18:22Z
jonschlinkert/object-visit,38545952,20,5,2,2026-04-27T13:18:23Z
jonschlinkert/word-wrap,18260583,207,69,6,2026-04-27T13:18:23Z
jorgebucaran/colorette,34648097,1628,56,11,2026-04-27T13:18:23Z
joshuakgoldberg/ts-api-utils,597893818,116,14,5,2026-04-27T13:18:23Z
jpadilla/pyjwt,1408162,5646,751,59,2026-04-27T13:18:23Z
jprichardson/node-fs-extra,2791348,9618,783,90,2026-04-27T13:18:23Z
jprichardson/node-jsonfile,5754307,1210,388,20,2026-04-27T13:18:23Z
jquast/wcwidth,18464187,453,66,11,2026-04-27T13:18:23Z
jquery/esprima,2833537,7134,774,145,2026-04-27T13:18:23Z
jridgewell/resolve-uri,196878944,11,7,1,2026-04-27T13:18:23Z
jridgewell/sourcemaps,897142826,43,7,2,2026-04-27T13:18:23Z
jsdom/tr46,36964214,39,24,4,2026-04-27T13:18:23Z
jsdom/webidl-conversions,23000311,41,21,4,2026-04-27T13:18:23Z
jsdom/whatwg-mimetype,71014420,94,19,5,2026-04-27T13:18:23Z
jsdom/whatwg-url,34761352,413,104,5,2026-04-27T13:18:23Z
jsdom/xml-name-validator,28553202,15,11,3,2026-04-27T13:18:23Z
jshttp/accepts,15482433,265,49,18,2026-04-27T13:18:23Z
jshttp/content-disposition,24216676,241,47,12,2026-04-27T13:18:23Z
jshttp/content-type,30172150,142,37,13,2026-04-27T13:18:23Z
jshttp/cookie,4475810,1476,180,28,2026-04-27T13:18:23Z
jshttp/etag,22894570,266,41,10,2026-04-27T13:18:23Z
jshttp/forwarded,24300217,60,21,10,2026-04-27T13:18:23Z
jshttp/fresh,4617552,162,34,10,2026-04-27T13:18:23Z
jshttp/http-errors,23806086,1553,115,23,2026-04-27T13:18:23Z
jshttp/media-typer,20814275,57,17,11,2026-04-27T13:18:23Z
jshttp/methods,8274071,180,37,14,2026-04-27T13:18:23Z
jshttp/mime-db,22970419,1234,283,40,2026-04-27T13:18:23Z
jshttp/mime-types,19380178,1461,146,19,2026-04-27T13:18:23Z
jshttp/negotiator,3275614,380,41,12,2026-04-27T13:18:23Z
jshttp/on-finished,15349765,404,50,15,2026-04-27T13:18:23Z
jshttp/range-parser,4627131,96,24,9,2026-04-27T13:18:23Z
jshttp/statuses,17690272,285,30,10,2026-04-27T13:18:23Z
jshttp/type-is,15484233,228,37,14,2026-04-27T13:18:23Z
jshttp/vary,20498698,64,15,12,2026-04-27T13:18:24Z
jslicense/spdx-correct.js,34817196,35,22,3,2026-04-27T13:18:24Z
jslicense/spdx-expression-parse.js,40067336,45,25,9,2026-04-27T13:18:24Z
json5/json5,4463453,7115,274,81,2026-04-27T13:18:24Z
juliangruber/balanced-match,13538817,129,44,6,2026-04-27T13:18:24Z
juliangruber/brace-expansion,13539234,207,80,7,2026-04-27T13:18:24Z
juliangruber/isarray,10227611,132,41,9,2026-04-27T13:18:24Z
justmoon/node-extend,3967764,343,78,12,2026-04-27T13:18:24Z
jviereck/regjsparser,14087781,84,22,8,2026-04-27T13:18:24Z
ka-weihe/fastest-levenshtein,158960628,766,27,6,2026-04-27T13:18:24Z
kaelzhang/node-ignore,12519245,495,47,9,2026-04-27T13:18:24Z
kemitchell/validate-npm-package-license.js,35000460,28,11,4,2026-04-27T13:18:24Z
kevinbeaty/any-promise,26247715,181,16,6,2026-04-27T13:18:24Z
kevva/dir-glob,49264969,44,10,2,2026-04-27T13:18:24Z
kevva/shebang-command,47402913,24,9,2,2026-04-27T13:18:24Z
kilian/electron-to-chromium,78972540,155,28,4,2026-04-27T13:18:24Z
kjd/idna,10323585,277,116,11,2026-04-27T13:18:24Z
knurling-rs/defmt,282262730,1166,125,10,2026-04-27T13:18:24Z
kpdecker/jsdiff,1542219,9131,536,91,2026-04-27T13:18:24Z
krb5/krb5,4307702,593,429,48,2026-04-27T18:55:40Z
kriskowal/asap,11295071,612,42,17,2026-04-27T13:18:24Z
kriszyp/json-schema,947175,528,171,16,2026-04-27T13:18:24Z
langchain-ai/langchain,552661142,135127,22347,862,2026-04-27T18:55:40Z
laurent-laporte-pro/deprecated,111412148,333,42,4,2026-04-27T13:18:24Z
lddubeau/xmlchars,139881982,3,2,1,2026-04-27T13:18:24Z
legrandin/pycryptodome,19378935,3226,553,63,2026-04-27T13:18:24Z
libevent/libevent,1856976,11878,3465,457,2026-04-27T13:18:24Z
libexpat/libexpat,80314213,1322,504,46,2026-04-27T13:18:24Z
libffi/libffi,321154,4233,807,90,2026-04-27T13:18:24Z
libidn/libidn2,87378214,20,7,2,2026-04-27T18:55:41Z
libjxl/libjxl,340219494,3460,357,30,2026-04-27T13:18:24Z
libpixman/pixman,81675971,38,3,1,2026-04-27T18:55:40Z
libuv/libuv,14812739,26792,3866,708,2026-04-27T13:18:24Z
linusu/buffer-from,66025821,25,9,2,2026-04-27T13:18:24Z
linux-audit/audit-userspace,52464964,707,239,30,2026-04-27T18:55:41Z
litejs/natural-compare-lite,9146732,114,9,2,2026-04-27T13:18:24Z
ljharb/call-bind,308533760,12,7,3,2026-04-27T13:18:24Z
ljharb/call-bind-apply-helpers,898190951,5,3,1,2026-04-27T13:18:24Z
ljharb/call-bound,898125972,5,2,1,2026-04-27T13:18:25Z
ljharb/concat-map,548993448,3,2,2,2026-04-27T13:18:25Z
ljharb/define-data-property,689109338,3,1,1,2026-04-27T13:18:25Z
ljharb/define-properties,28768789,21,9,1,2026-04-27T13:18:25Z
ljharb/es-abstract,28995155,123,31,5,2026-04-27T13:18:25Z
ljharb/es-define-property,756570458,4,1,1,2026-04-27T13:18:25Z
ljharb/es-errors,752160492,10,4,2,2026-04-27T13:18:25Z
ljharb/es-object-atoms,773229339,5,2,2,2026-04-27T13:18:25Z
ljharb/es-shim-unscopables,480458584,2,0,1,2026-04-27T13:18:25Z
ljharb/es-to-primitive,32377814,22,8,3,2026-04-27T13:18:25Z
ljharb/get-intrinsic,308516559,34,6,1,2026-04-27T13:18:25Z
ljharb/get-proto,911035271,3,2,1,2026-04-27T13:18:25Z
ljharb/gopd,560708130,2,4,1,2026-04-27T13:18:25Z
ljharb/has-bigints,201714166,8,5,3,2026-04-27T13:18:25Z
ljharb/internal-slot,216159146,9,1,1,2026-04-27T13:18:25Z
ljharb/object-keys,9103992,46,15,5,2026-04-27T13:18:25Z
ljharb/object.assign,17755831,106,18,6,2026-04-27T13:18:25Z
ljharb/possible-typed-array-names,760136716,1,0,1,2026-04-27T13:18:25Z
ljharb/qs,22266795,8927,880,66,2026-04-27T13:18:25Z
ljharb/safe-regex-test,540138887,8,2,1,2026-04-27T13:18:25Z
ljharb/set-function-length,704249795,4,1,1,2026-04-27T13:18:25Z
ljharb/side-channel,225239081,18,10,1,2026-04-27T13:18:25Z
ljharb/side-channel-list,901451610,3,2,1,2026-04-27T13:18:25Z
ljharb/side-channel-map,901191461,1,3,1,2026-04-27T13:18:25Z
ljharb/side-channel-weakmap,901188921,1,2,1,2026-04-27T13:18:25Z
lodash/lodash,3955647,61260,7150,805,2026-04-27T13:18:25Z
loganfsmyth/gensync,132383032,94,15,3,2026-04-27T13:18:25Z
lokathor/bytemuck,209673558,988,106,12,2026-04-27T13:18:25Z
lukeed/dequal,174421655,1466,33,15,2026-04-27T13:18:25Z
lukeed/escalade,273568715,155,11,2,2026-04-27T13:18:25Z
lukeed/kleur,140393403,1694,50,8,2026-04-27T13:18:25Z
lxml/lxml,1353927,3018,611,82,2026-04-27T13:18:26Z
lydell/js-tokens,17552490,553,40,5,2026-04-27T13:18:25Z
lz4/lz4,18106269,11786,1535,232,2026-04-27T13:18:25Z
madler/zlib,2359378,6825,2749,183,2026-04-27T18:55:42Z
mafintosh/end-of-stream,14732255,150,30,7,2026-04-27T13:18:25Z
mafintosh/pump,12118126,917,64,4,2026-04-27T13:18:25Z
mafintosh/tar-stream,15340089,436,102,5,2026-04-27T13:18:25Z
marshallpierce/rust-base64,47371310,718,135,11,2026-04-27T13:18:26Z
mathiasbynens/cssesc,12001360,175,19,2,2026-04-27T13:18:26Z
mathiasbynens/emoji-regex,24557614,1903,174,20,2026-04-27T13:18:26Z
mathiasbynens/jsesc,10498729,794,53,13,2026-04-27T13:18:26Z
mathiasbynens/punycode.js,2755924,1678,169,31,2026-04-27T13:18:26Z
mathiasbynens/regenerate,10182772,376,39,17,2026-04-27T13:18:26Z
mathiasbynens/regexpu-core,49437324,80,12,7,2026-04-27T13:18:26Z
mathiasbynens/unicode-canonical-property-names-ecmascript,88346537,13,4,1,2026-04-27T13:18:26Z
mathiasbynens/unicode-property-aliases-ecmascript,88333533,6,4,1,2026-04-27T13:18:26Z
matklad/once_cell,143220272,2080,123,19,2026-04-27T13:18:26Z
matplotlib/matplotlib,1385122,22739,8324,577,2026-04-27T13:18:26Z
mcavage/node-assert-plus,4767976,119,24,33,2026-04-27T13:18:26Z
mcollina/fastq,37368217,1128,60,10,2026-04-27T13:18:26Z
mcollina/reusify,42106515,184,21,2,2026-04-27T13:18:26Z
medikoo/d,10817569,44,24,2,2026-04-27T13:18:26Z
medikoo/es5-ext,1792941,179,102,6,2026-04-27T13:18:26Z
medikoo/es6-symbol,14423385,178,17,5,2026-04-27T13:18:26Z
medikoo/type,177198492,37,4,2,2026-04-27T13:18:26Z
mhammond/pywin32,108187130,5551,851,143,2026-04-27T13:18:26Z
micheles/decorator,14656555,906,115,25,2026-04-27T18:55:43Z
micromark/micromark,157420458,2169,77,12,2026-04-27T13:18:26Z
micromatch/anymatch,11458302,401,43,11,2026-04-27T13:18:26Z
micromatch/braces,25475303,246,79,8,2026-04-27T13:18:26Z
micromatch/is-glob,28179425,96,13,4,2026-04-27T13:18:26Z
micromatch/micromatch,27359938,3026,208,23,2026-04-27T13:18:26Z
micromatch/picomatch,156211895,1250,101,13,2026-04-27T13:18:26Z
micromatch/to-regex-range,40355891,172,23,3,2026-04-27T13:18:26Z
microsoft/tslib,34414315,1336,145,71,2026-04-27T13:18:26Z
microsoft/typescript,20929025,108681,13373,2150,2026-04-27T13:18:27Z
microsoft/windows-rs,208102250,12133,612,120,2026-04-27T13:18:27Z
minimistjs/minimist,549230701,661,46,5,2026-04-27T13:18:27Z
mitsuhiko/insta,165561258,2833,148,11,2026-04-27T13:18:27Z
mlocati/gettext-iconv-windows,12751919,170,18,13,2026-04-27T18:55:44Z
mm2/little-cms,507969,716,213,32,2026-04-27T18:55:44Z
moment/moment,1424470,47987,7001,829,2026-04-27T13:18:27Z
more-itertools/more-itertools,4144530,4057,316,37,2026-04-27T13:18:27Z
motdotla/dotenv,11205780,20402,935,99,2026-04-27T13:18:27Z
moxystudio/node-cross-spawn,21335844,1169,140,24,2026-04-27T13:18:27Z
mozilla/source-map,2014930,3720,370,68,2026-04-27T13:18:27Z
mrabarnett/mrab-regex,309446978,583,71,9,2026-04-27T13:18:27Z
mrmlnc/fast-glob,77467076,2808,137,18,2026-04-27T13:18:27Z
msgpack/msgpack-python,2242705,2080,244,42,2026-04-27T13:18:27Z
mvdnes/spin-rs,21686666,587,106,7,2026-04-27T13:18:27Z
mysticatea/abort-controller,105228556,308,37,7,2026-04-27T13:18:27Z
mysticatea/event-target-shim,31137469,130,29,3,2026-04-27T13:18:27Z
nghttp2/nghttp2,11452676,4986,929,165,2026-04-27T13:18:27Z
nicolo-ribaudo/babel-preset-current-node-syntax,253327079,6,0,2,2026-04-27T13:18:27Z
nlnetlabs/unbound,94195301,4471,437,65,2026-04-27T18:55:45Z
node-fetch/fetch-blob,186960326,64,36,4,2026-04-27T13:18:27Z
node-fetch/node-fetch,29849956,8857,1052,89,2026-04-27T13:18:27Z
nodeca/argparse,4325614,508,75,17,2026-04-27T13:18:27Z
nodeca/js-yaml,2504175,6564,807,73,2026-04-27T13:18:27Z
nodeca/pako,16231859,6065,802,78,2026-04-27T13:18:27Z
nodejs/readable-stream,5187096,1045,237,55,2026-04-27T13:18:27Z
nodejs/string_decoder,95052330,35,23,12,2026-04-27T13:18:27Z
nodejs/undici,133092972,7532,756,51,2026-04-27T13:18:28Z
nodelib/nodelib,129310478,79,14,2,2026-04-27T13:18:28Z
npm/abbrev-js,554893,167,32,8,2026-04-27T13:18:28Z
npm/cacache,193812470,299,35,9,2026-04-27T13:18:28Z
npm/fs-minipass,102982143,20,4,9,2026-04-27T13:18:28Z
npm/hosted-git-info,25002984,236,91,27,2026-04-27T13:18:28Z
npm/ini,2167680,814,210,38,2026-04-27T13:18:28Z
npm/json-parse-even-better-errors,211384370,27,4,1,2026-04-27T13:18:28Z
npm/mute-stream,5159166,55,15,15,2026-04-27T13:18:28Z
npm/node-semver,1357199,5422,573,99,2026-04-27T13:18:28Z
npm/node-which,2169708,352,53,24,2026-04-27T13:18:28Z
npm/nopt,1544436,542,46,35,2026-04-27T13:18:28Z
npm/normalize-package-data,9301720,205,48,27,2026-04-27T13:18:28Z
npm/ssri,193817839,58,28,7,2026-04-27T13:18:28Z
npm/unique-slug,35246620,36,8,9,2026-04-27T13:18:28Z
npm/wrappy,24208073,56,23,26,2026-04-27T13:18:28Z
npm/write-file-atomic,23896209,249,49,15,2026-04-27T13:18:28Z
numpy/numpy,908607,31908,12318,598,2026-04-27T13:18:28Z
nv/cssom,1025209,758,101,21,2026-04-27T13:18:28Z
nvzqz/static-assertions-rs,100129252,656,26,15,2026-04-27T13:18:28Z
oauthlib/oauthlib,2811323,2965,507,62,2026-04-27T13:18:28Z
octokit/openapi-types.ts,304109193,54,16,7,2026-04-27T13:18:28Z
octokit/types.ts,216109757,152,33,5,2026-04-27T13:18:28Z
oozcitak/xmlbuilder-js,1042809,926,105,14,2026-04-27T13:18:28Z
open-telemetry/opentelemetry-js,185901023,3368,1031,47,2026-04-27T13:18:28Z
open-telemetry/opentelemetry-js-contrib,255986659,903,653,14,2026-04-27T13:18:29Z
open-telemetry/opentelemetry-python,185478926,2416,864,38,2026-04-27T13:18:29Z
open-telemetry/opentelemetry-python-contrib,220524743,1035,936,21,2026-05-03T22:21:39Z
openssl/openssl,7634677,30068,11228,1015,2026-04-27T13:18:29Z
opensuse/ca-certificates,10785433,27,22,19,2026-04-27T18:55:47Z
p11-glue/p11-kit,12060420,185,113,11,2026-04-27T13:18:29Z
pallets/click,19103692,17436,1673,182,2026-04-27T13:18:29Z
pallets/flask,596892,71454,16816,2081,2026-04-27T13:18:29Z
pallets/itsdangerous,1945034,3112,235,54,2026-04-27T13:18:29Z
pallets/jinja,994551,11593,1728,249,2026-04-27T13:18:29Z
pallets/markupsafe,734244,687,178,27,2026-04-27T13:18:29Z
pallets/werkzeug,997338,6858,1772,209,2026-04-27T13:18:29Z
pandas-dev/pandas,858127,48586,19880,1113,2026-04-27T13:18:29Z
paramiko/paramiko,119609,9738,2048,316,2026-04-27T13:18:29Z
paulmillr/chokidar,4090287,12078,621,85,2026-04-27T13:18:29Z
paulmillr/readdirp,4494405,418,59,7,2026-04-27T13:18:29Z
pcre2project/pcre2,398251321,1273,259,34,2026-04-27T13:18:29Z
pest-parser/pest,56964647,5331,291,40,2026-04-27T13:18:29Z
peternator7/strum,80964373,2356,181,12,2026-04-27T13:18:29Z
petkaantonov/bluebird,12670444,20573,2320,330,2026-04-27T13:18:29Z
pexpect/ptyprocess,24727748,238,72,16,2026-04-27T13:18:29Z
pillarjs/encodeurl,60721766,37,23,6,2026-04-27T13:18:29Z
pillarjs/finalhandler,20547377,232,54,15,2026-04-27T13:18:29Z
pillarjs/iconv-lite,2743221,3166,295,60,2026-04-27T13:18:29Z
pillarjs/parseurl,17533192,189,34,12,2026-04-27T13:18:29Z
pillarjs/path-to-regexp,5265803,8583,465,64,2026-04-27T13:18:29Z
pillarjs/send,4879977,812,197,21,2026-04-27T13:18:29Z
pkgconf/pkgconf,4180110,624,138,13,2026-04-27T13:18:29Z
pnggroup/libpng,3768025,1576,778,51,2026-04-27T18:55:47Z
postcss/postcss,13078968,28975,1587,493,2026-04-27T13:18:29Z
postcss/postcss-selector-parser,36500102,213,53,6,2026-04-27T13:18:29Z
prettier/prettier,75104123,51830,4708,414,2026-04-27T13:18:30Z
primus/eventemitter3,13100677,3527,234,35,2026-04-27T13:18:29Z
proptest-rs/proptest,94702898,2113,211,19,2026-04-27T13:18:30Z
psf/requests,1362490,53929,9877,1294,2026-04-27T18:55:48Z
psycopg/psycopg2,7730829,3630,537,69,2026-04-27T13:18:30Z
pvorb/node-clone,2317381,793,136,12,2026-04-27T13:18:30Z
py4j/py4j,1045976,1287,231,41,2026-04-27T18:55:49Z
pyasn1/pyasn1,512723255,50,29,6,2026-04-27T13:18:30Z
pyasn1/pyasn1-modules,512723354,9,9,2,2026-04-27T13:18:30Z
pyca/bcrypt,9993757,1470,213,24,2026-04-27T13:18:30Z
pyca/cryptography,11939484,7565,1739,128,2026-04-27T13:18:30Z
pyca/pynacl,8350032,1193,255,23,2026-04-27T13:18:30Z
pyca/pyopenssl,15778059,938,428,50,2026-04-27T13:18:30Z
pydantic/pydantic,90194616,27607,2570,139,2026-04-27T13:18:30Z
pydantic/typing-inspection,930576948,63,6,4,2026-04-27T18:55:49Z
pygments/pygments,205564111,2150,797,38,2026-04-27T13:18:30Z
pypa/distlib,436970140,63,52,7,2026-04-27T13:18:30Z
pypa/packaging,19837758,725,293,26,2026-04-27T13:18:30Z
pypa/pip,1446467,10180,3260,317,2026-04-27T13:18:30Z
pypa/setuptools,54980593,2825,1375,94,2026-04-27T13:18:30Z
pypa/virtualenv,1446474,5034,1089,161,2026-04-27T13:18:30Z
pypa/wheel,98346885,558,181,28,2026-04-27T13:18:30Z
pyparsing/pyparsing,91262163,2466,310,23,2026-04-27T13:18:30Z
pytest-dev/iniconfig,66012563,59,35,3,2026-04-27T13:18:30Z
pytest-dev/pluggy,34739117,1611,147,20,2026-04-27T18:55:50Z
pytest-dev/pytest,37489525,13805,3104,198,2026-04-27T13:18:30Z
python-attrs/attrs,29918975,5773,430,57,2026-04-27T18:55:50Z
python-cffi/cffi,696427398,256,80,9,2026-04-27T13:18:30Z
python-greenlet/greenlet,3003137,1826,265,52,2026-04-27T13:18:30Z
python-hyper/brotlicffi,43543393,153,31,15,2026-04-27T13:18:30Z
python-hyper/h11,57372073,554,91,17,2026-04-27T13:18:30Z
python-jsonschema/jsonschema,3072629,4947,616,55,2026-04-27T13:18:30Z
python-pillow/pillow,5171600,13535,2430,217,2026-04-27T13:18:30Z
python-poetry/poetry,123303402,34276,2435,184,2026-05-03T22:21:39Z
python-poetry/tomlkit,140365570,821,114,6,2026-04-27T18:55:50Z
python-trio/sniffio,142657210,148,28,7,2026-04-27T13:18:31Z
python/importlib_metadata,306448340,140,92,8,2026-04-27T13:18:31Z
python/importlib_resources,306147182,71,48,10,2026-04-27T13:18:31Z
python/mypy,7053637,20389,3175,233,2026-04-27T13:18:31Z
python/typeshed,31696383,5048,1999,73,2026-04-27T13:18:31Z
python/typing,24604008,1750,294,58,2026-04-27T13:18:31Z
python/typing_extensions,494077289,562,136,17,2026-04-27T13:18:31Z
python/tzdata,242158882,102,28,7,2026-04-27T13:18:31Z
qix-/color-convert,1874305,819,101,11,2026-04-27T13:18:31Z
qix-/node-error-ex,41388258,66,13,2,2026-04-27T13:18:31Z
qix-/node-is-arrayish,41376759,17,9,1,2026-04-27T13:18:31Z
qt/qt5,9880318,1739,674,119,2026-04-27T18:55:51Z
radix-ui/primitives,273499522,18822,1173,82,2026-04-27T13:18:31Z
raszi/node-tmp,2313213,772,98,5,2026-04-27T13:18:31Z
raynos/for-each,6006855,24,6,2,2026-04-27T13:18:31Z
raynos/function-bind,10727014,139,26,4,2026-04-27T13:18:31Z
raynos/xtend,4419184,306,38,6,2026-04-27T13:18:31Z
rayon-rs/either,42479602,552,71,6,2026-04-27T13:18:31Z
rayon-rs/rayon,24725038,12930,586,104,2026-04-27T13:18:31Z
reactivex/rxjs,32247847,31662,2988,444,2026-04-27T13:18:31Z
realpython/pytest-mypy,69576530,258,33,7,2026-04-27T13:18:31Z
remix-run/react-router,19872456,56374,10849,799,2026-04-27T13:18:31Z
remusao/tldts,97631656,739,26,2,2026-04-27T13:18:31Z
requests/requests-oauthlib,6825724,1771,426,44,2026-04-27T13:18:31Z
requests/toolbelt,15515181,1034,194,16,2026-04-27T13:18:31Z
retep998/winapi-rs,23853482,1926,389,33,2026-04-27T13:18:31Z
rich-harris/estree-walker,33668779,419,37,3,2026-04-27T13:18:31Z
rich-harris/magic-string,26143240,2701,114,12,2026-04-27T13:18:31Z
rob--w/proxy-from-env,52038793,71,34,3,2026-04-27T13:18:31Z
rogdham/backports.zstd,977687927,26,5,4,2026-04-27T18:55:52Z
rollup/plugins,203607977,3753,627,37,2026-04-27T13:18:32Z
ronaldoussoren/pyobjc,243933900,781,65,10,2026-04-27T18:55:52Z
rust-cli/anstyle,493821282,160,42,5,2026-04-27T13:18:32Z
rust-cli/env_logger,96382888,1046,146,13,2026-04-27T13:18:32Z
rust-embedded/critical-section,365854323,162,27,8,2026-04-27T13:18:32Z
rust-fuzz/arbitrary,90591032,860,93,8,2026-04-27T13:18:32Z
rust-itertools/itertools,22360263,3115,345,17,2026-04-27T13:18:32Z
rust-lang-nursery/lazy-static.rs,21157492,2028,125,30,2026-04-27T13:18:32Z
rust-lang/cc-rs,26039547,2118,573,23,2026-04-27T13:18:32Z
rust-lang/cfg-if,38723660,636,48,10,2026-04-27T13:18:32Z
rust-lang/compiler-builtins,65153793,490,272,28,2026-04-27T13:18:32Z
rust-lang/flate2-rs,21954009,1098,193,11,2026-04-27T13:18:32Z
rust-lang/futures-rs,55077261,5848,681,94,2026-04-27T13:18:32Z
rust-lang/glob,23241722,577,92,15,2026-04-27T13:18:32Z
rust-lang/hashbrown,155119796,2912,345,31,2026-04-27T13:18:32Z
rust-lang/libc,29197565,2528,1242,41,2026-04-27T13:18:32Z
rust-lang/libz-sys,26042019,133,87,7,2026-04-27T13:18:32Z
rust-lang/log,27974762,2507,286,35,2026-04-27T13:18:32Z
rust-lang/pkg-config-rs,26042035,188,88,6,2026-04-27T13:18:32Z
rust-lang/regex,27890669,3955,503,45,2026-04-27T13:18:32Z
rust-lang/rust,724712,112375,14823,1472,2026-04-27T13:18:32Z
rust-lang/tempdir,31728565,141,24,11,2026-04-27T13:18:32Z
rust-num/num-traits,114705611,929,164,17,2026-04-27T13:18:32Z
rust-phf/rust-phf,15992970,2131,137,9,2026-04-27T13:18:32Z
rust-random/getrandom,166545969,541,256,10,2026-04-27T13:18:32Z
rust-random/rand,30227790,2026,494,26,2026-04-27T13:18:32Z
rust-random/rand_core,1086593277,9,4,2,2026-04-27T13:18:32Z
rust-random/rngs,209510094,51,40,3,2026-04-27T13:18:32Z
rustcrypto/formats,406051759,318,172,11,2026-04-27T13:18:32Z
rustcrypto/hashes,74106774,2209,315,29,2026-04-27T13:18:32Z
rustcrypto/stream-ciphers,83051505,318,69,8,2026-04-27T13:18:32Z
rustcrypto/traits,85605821,739,242,16,2026-04-27T13:18:32Z
rustcrypto/utils,77307442,616,158,14,2026-04-27T13:18:33Z
rvagg/bl,10706095,439,81,11,2026-04-27T13:18:32Z
rvagg/prr,9151864,26,5,0,2026-04-27T13:18:33Z
rvagg/through2,11808187,1905,105,18,2026-04-27T13:18:33Z
ryanzim/universalify,87651180,112,15,2,2026-04-27T13:18:33Z
salesforce/tough-cookie,2606873,1055,295,43,2026-04-27T13:18:33Z
samn/json-stable-stringify,76598131,13,3,1,2026-04-27T13:18:33Z
samverschueren/decode-uri-component,91837954,156,41,9,2026-04-27T13:18:33Z
sboudrias/inquirer.js,10114077,21519,1351,146,2026-04-27T13:18:33Z
scikit-build/ninja-python-distributions,75102202,87,21,9,2026-04-27T13:18:33Z
scikit-learn/scikit-learn,843222,65932,26974,2119,2026-04-27T13:18:33Z
scipy/scipy,1460385,14643,5713,341,2026-04-27T13:18:33Z
seanmonstar/reqwest,62350380,11568,1358,82,2026-04-27T13:18:33Z
sec-ant/readable-stream,569980966,8,3,1,2026-04-27T13:18:33Z
serde-rs/bytes,87358441,376,38,6,2026-04-27T13:18:33Z
serde-rs/json,35894511,5554,639,39,2026-04-27T13:18:33Z
serde-rs/serde,14367737,10564,904,73,2026-04-27T13:18:33Z
serde-rs/test,670894947,14,7,1,2026-04-27T13:18:33Z
servo/rust-fnv,33499190,358,32,22,2026-04-27T13:18:33Z
servo/rust-smallvec,33456236,1638,175,26,2026-04-27T13:18:33Z
servo/rust-url,14934771,1538,374,28,2026-04-27T13:18:33Z
shtylman/node-process,7580644,129,67,11,2026-04-27T13:18:33Z
sinclairzx81/sinclair-typebox,1122129819,8,0,0,2026-04-27T13:18:33Z
sindresorhus/ansi-escapes,40721875,547,53,4,2026-04-27T13:18:33Z
sindresorhus/array-union,21005682,78,14,5,2026-04-27T13:18:33Z
sindresorhus/binary-extensions,29771015,89,24,7,2026-04-27T13:18:33Z
sindresorhus/callsites,18938743,271,24,7,2026-04-27T13:18:33Z
sindresorhus/camelcase,25116836,699,100,11,2026-04-27T13:18:33Z
sindresorhus/clean-stack,62838930,346,23,6,2026-04-27T13:18:33Z
sindresorhus/cli-cursor,23512396,113,7,4,2026-04-27T13:18:33Z
sindresorhus/crypto-random-string,73665728,575,43,7,2026-04-27T13:18:33Z
sindresorhus/decamelize,29773710,244,28,8,2026-04-27T13:18:33Z
sindresorhus/detect-newline,21304485,55,6,4,2026-04-27T13:18:33Z
sindresorhus/environment,793180075,167,1,1,2026-04-27T13:18:33Z
sindresorhus/escape-string-regexp,21169121,598,58,12,2026-04-27T13:18:34Z
sindresorhus/execa,47475908,7498,250,41,2026-04-27T13:18:34Z
sindresorhus/figures,21672939,624,23,9,2026-04-27T13:18:34Z
sindresorhus/file-type,19105307,4270,395,29,2026-04-27T13:18:34Z
sindresorhus/find-up,41723004,638,48,9,2026-04-27T13:18:34Z
sindresorhus/find-up-simple,714044439,84,4,1,2026-04-27T13:18:34Z
sindresorhus/get-east-asian-width,711160838,46,9,1,2026-04-27T13:18:34Z
sindresorhus/get-stream,44264225,359,31,9,2026-04-27T13:18:34Z
sindresorhus/globals,15186239,579,132,9,2026-04-27T13:18:34Z
sindresorhus/globby,21069494,2641,135,22,2026-04-27T13:18:34Z
sindresorhus/has-flag,38718671,96,21,6,2026-04-27T13:18:34Z
sindresorhus/import-fresh,22020904,285,26,6,2026-04-27T13:18:34Z
sindresorhus/import-local,90292430,153,13,5,2026-04-27T13:18:34Z
sindresorhus/indent-string,20576837,116,16,5,2026-04-27T13:18:34Z
sindresorhus/is-binary-path,29771247,49,9,5,2026-04-27T13:18:34Z
sindresorhus/is-docker,33590534,233,15,4,2026-04-27T13:18:34Z
sindresorhus/is-fullwidth-code-point,39222301,51,15,6,2026-04-27T13:18:34Z
sindresorhus/is-inside-container,601943060,76,2,1,2026-04-27T13:18:34Z
sindresorhus/is-path-inside,21054113,40,15,4,2026-04-27T13:18:34Z
sindresorhus/is-plain-obj,38923193,104,9,6,2026-04-27T13:18:34Z
sindresorhus/is-stream,29436825,116,22,6,2026-04-27T13:18:34Z
sindresorhus/is-unicode-supported,348660847,86,9,4,2026-04-27T13:18:34Z
sindresorhus/is-wsl,88415331,198,10,7,2026-04-27T13:18:34Z
sindresorhus/leven,22794601,733,31,12,2026-04-27T13:18:34Z
sindresorhus/locate-path,74266248,64,17,3,2026-04-27T13:18:34Z
sindresorhus/log-symbols,21673868,769,34,6,2026-04-27T13:18:34Z
sindresorhus/lowercase-keys,29769737,41,11,4,2026-04-27T13:18:34Z
sindresorhus/make-dir,90776169,479,24,9,2026-04-27T13:18:34Z
sindresorhus/meow,25121561,3709,153,20,2026-04-27T13:18:34Z
sindresorhus/mimic-function,71381729,96,19,6,2026-04-27T13:18:34Z
sindresorhus/mimic-response,93189529,61,11,4,2026-04-27T13:18:34Z
sindresorhus/node-defaults,7985040,76,7,1,2026-04-27T13:18:34Z
sindresorhus/normalize-url,29094022,873,123,12,2026-04-27T13:18:34Z
sindresorhus/npm-run-path,48707028,108,10,6,2026-04-27T13:18:34Z
sindresorhus/object-assign,16457190,919,75,19,2026-04-27T13:18:34Z
sindresorhus/onetime,14847357,166,15,6,2026-04-27T13:18:35Z
sindresorhus/open,18469325,3470,248,30,2026-04-27T13:18:35Z
sindresorhus/p-limit,71542716,2846,131,13,2026-04-27T13:18:35Z
sindresorhus/p-locate,74265632,79,9,4,2026-04-27T13:18:35Z
sindresorhus/p-map,71526722,1492,66,14,2026-04-27T13:18:35Z
sindresorhus/p-try,71534796,62,12,4,2026-04-27T13:18:35Z
sindresorhus/parent-module,50187748,78,10,3,2026-04-27T13:18:35Z
sindresorhus/parse-json,41367145,371,38,9,2026-04-27T13:18:35Z
sindresorhus/path-exists,34965664,156,20,6,2026-04-27T13:18:35Z
sindresorhus/path-key,48706449,46,14,3,2026-04-27T13:18:35Z
sindresorhus/path-type,41905436,80,15,5,2026-04-27T13:18:35Z
sindresorhus/pify,41585934,,,,
sindresorhus/quick-lru,86679721,757,59,9,2026-04-27T13:18:35Z
sindresorhus/read-pkg,41790094,175,26,5,2026-04-27T13:18:35Z
sindresorhus/resolve-cwd,47504070,70,9,4,2026-04-27T13:18:35Z
sindresorhus/resolve-from,22022707,145,14,5,2026-04-27T13:18:35Z
sindresorhus/restore-cursor,23512229,41,8,4,2026-04-27T13:18:35Z
sindresorhus/shebang-regex,30903733,48,11,4,2026-04-27T13:18:35Z
sindresorhus/slash,11516031,337,57,17,2026-04-27T13:18:35Z
sindresorhus/string-width,39222730,523,40,10,2026-04-27T13:18:35Z
sindresorhus/strip-bom,18444852,112,19,6,2026-04-27T13:18:35Z
sindresorhus/strip-final-newline,47453723,38,11,5,2026-04-27T13:18:35Z
sindresorhus/strip-indent,18242629,146,17,6,2026-04-27T13:18:35Z
sindresorhus/strip-json-comments,14468669,625,57,12,2026-04-27T13:18:35Z
sindresorhus/tagged-tag,795552264,21,0,1,2026-04-27T13:18:35Z
sindresorhus/to-fast-properties,31656998,244,17,10,2026-04-27T13:18:35Z
sindresorhus/type-fest,175398594,17092,687,52,2026-04-27T13:18:35Z
sindresorhus/unicorn-magic,716660564,50,9,1,2026-04-27T13:18:35Z
sindresorhus/yocto-queue,315531538,432,30,5,2026-04-27T13:18:35Z
sinonjs/commons,143001748,4,7,5,2026-04-27T13:18:35Z
sinonjs/fake-timers,16523712,859,118,13,2026-04-27T13:18:35Z
smithy-lang/smithy-rs,308027791,638,245,21,2026-04-27T13:18:36Z
smithy-lang/smithy-typescript,208319207,314,122,9,2026-04-27T13:18:35Z
smol-rs/fastrand,267368764,579,52,5,2026-04-27T13:18:35Z
snowflakedb/snowflake-connector-python,62262074,720,550,39,2026-04-27T13:18:36Z
socketio/socket.io,557980,63058,10144,1474,2026-04-27T13:18:36Z
sqlalchemy/sqlalchemy,159271175,11798,1676,105,2026-04-27T18:55:57Z
sqlite/sqlite,176278485,9457,1484,135,2026-04-27T18:55:57Z
srijs/rust-crc32fast,157348282,323,39,7,2026-04-27T13:18:36Z
stebalien/tempfile,33832372,1425,146,8,2026-04-27T13:18:36Z
stefanpenner/get-caller-file,48818175,37,12,4,2026-04-27T13:18:36Z
storybookjs/storybook,54173593,89805,10032,910,2026-04-27T13:18:36Z
stream-utils/destroy,15544623,53,9,5,2026-04-27T13:18:36Z
stream-utils/raw-body,12823654,400,75,6,2026-04-27T13:18:36Z
stream-utils/unpipe,37428186,22,6,3,2026-04-27T13:18:36Z
streamich/memfs,37490572,2055,146,9,2026-04-27T13:18:36Z
stub42/pytz,63155638,388,103,14,2026-04-27T18:55:58Z
suguru03/neo-async,27030361,653,36,11,2026-04-27T13:18:36Z
sval-rs/sval,157205610,105,11,3,2026-04-27T13:18:36Z
swc-project/swc,115110181,33377,1388,150,2026-04-27T13:18:36Z
sybrenstuvel/python-rsa,50107469,491,125,11,2026-04-27T13:18:36Z
syntax-tree/unist-util-is,41795086,44,8,8,2026-04-27T13:18:36Z
systemd/systemd,32873313,16246,4462,341,2026-04-27T13:18:36Z
taiki-e/pin-project,164668916,707,39,8,2026-04-27T13:18:36Z
taiki-e/pin-project-lite,216847853,277,19,4,2026-04-27T13:18:36Z
taiki-e/portable-atomic,448365131,233,23,2,2026-04-27T13:18:36Z
tapjs/signal-exit,35711072,201,27,9,2026-04-27T13:18:36Z
tapjs/stack-utils,48974178,197,32,2,2026-04-27T13:18:36Z
tartley/colorama,18892209,3778,272,42,2026-04-27T13:18:36Z
teambition/merge2,25396227,171,14,15,2026-04-27T13:18:36Z
teddriggs/darling,89984100,1242,89,6,2026-04-27T13:18:36Z
tehshrike/deepmerge,3276413,2819,215,12,2026-04-27T13:18:36Z
terkelg/sisteransi,122441239,81,12,1,2026-04-27T13:18:36Z
terser/terser,29097127,9278,447,50,2026-04-27T13:18:37Z
textualize/rich,220809393,56211,2122,528,2026-04-27T13:18:36Z
theskumar/python-dotenv,23727790,8743,522,36,2026-04-27T13:18:36Z
thlorenz/convert-source-map,8751561,171,61,7,2026-04-27T13:18:37Z
thlorenz/deep-is,9345558,21,5,1,2026-04-27T13:18:37Z
tim-kos/node-retry,1738798,1259,84,9,2026-04-27T13:18:37Z
time-rs/time,26459635,1301,294,19,2026-04-27T13:18:37Z
tj/commander.js,2206953,28158,1745,226,2026-04-27T13:18:37Z
tkem/cachetools,18006791,2723,192,23,2026-04-27T13:18:37Z
tokio-rs/bytes,30062547,2206,331,36,2026-04-27T13:18:37Z
tokio-rs/loom,161875917,2685,133,33,2026-04-27T13:18:37Z
tokio-rs/prost,94262864,4672,616,30,2026-04-27T13:18:37Z
tokio-rs/slab,37093133,889,104,19,2026-04-27T13:18:37Z
tokio-rs/tokio,67836789,31781,3019,318,2026-04-27T13:18:37Z
tokio-rs/tracing,165289175,6653,885,51,2026-04-27T13:18:37Z
toml-rs/toml,95902102,1029,149,5,2026-04-27T13:18:37Z
tootallnate/proxy-agents,11293703,1136,276,19,2026-04-27T13:18:37Z
tootallnate/util-deprecate,19321056,37,14,2,2026-04-27T13:18:37Z
tower-rs/tower,98244646,4171,328,52,2026-04-27T13:18:37Z
tox-dev/filelock,17098256,952,128,14,2026-04-27T18:56:00Z
tox-dev/platformdirs,367032142,933,80,9,2026-04-27T13:18:37Z
troygoode/node-require-directory,3053807,410,28,4,2026-04-27T13:18:37Z
trysound/postcss-value-parser,40920306,147,23,4,2026-04-27T13:18:37Z
tsconfig/bases,263697285,7758,284,44,2026-04-27T13:18:37Z
tukaani-project/xz,553665726,1526,229,29,2026-04-27T13:18:38Z
typescript-eslint/typescript-eslint,165536154,16222,2907,88,2026-04-27T13:18:38Z
unicode-org/icu4x,243395141,1788,265,30,2026-04-27T13:18:38Z
unicode-rs/unicode-xid,34637906,53,33,6,2026-04-27T13:18:38Z
unshiftio/requires-port,26316179,11,5,3,2026-04-27T13:18:38Z
uqfoundation/dill,11031844,2440,189,21,2026-04-27T13:18:38Z
urllib3/urllib3,2410676,4017,1321,97,2026-04-27T13:18:38Z
util-linux/util-linux,2339555,3134,1339,101,2026-04-27T13:18:38Z
uuidjs/uuid,1203139,15262,953,131,2026-04-27T13:18:38Z
vercel/ai,644461337,23822,4275,135,2026-04-27T13:18:38Z
vercel/ms,3655872,5521,315,79,2026-04-27T13:18:38Z
vercel/next.js,70107786,139188,30979,1543,2026-04-27T18:56:01Z
visionmedia/bytes.js,4626886,475,56,5,2026-04-27T13:18:38Z
visionmedia/node-cookie-signature,6229722,192,37,5,2026-04-27T13:18:38Z
vitest-dev/vitest,434708679,16422,1742,53,2026-04-27T13:18:38Z
vorner/signal-hook,137260008,848,90,9,2026-04-27T13:18:38Z
vuejs/core,137078487,53546,9100,753,2026-04-27T13:18:38Z
wasm-bindgen/wasm-bindgen,114685405,8970,1208,93,2026-04-27T13:18:38Z
watson/ci-info,71475907,364,56,7,2026-04-27T13:18:38Z
wbond/asn1crypto,36823669,359,146,23,2026-04-27T13:18:38Z
webmproject/libwebp,23368445,2309,598,85,2026-04-27T18:56:02Z
webpack/enhanced-resolve,5400204,982,203,19,2026-04-27T13:18:38Z
webpack/loader-utils,6503675,772,188,19,2026-04-27T13:18:38Z
webpack/schema-utils,80306715,249,42,10,2026-04-27T13:18:38Z
webpack/tapable,7730086,3854,395,46,2026-04-27T13:18:38Z
webpack/terser-webpack-plugin,143057914,1962,166,18,2026-04-27T13:18:38Z
webpack/watchpack,24119524,397,109,14,2026-04-27T13:18:38Z
webpack/webpack-sources,48954523,272,76,11,2026-04-27T13:18:38Z
webreflection/flatted,131121620,1140,84,8,2026-04-27T13:18:38Z
webreflection/html-escaper,33597730,110,6,4,2026-04-27T13:18:38Z
websocket-client/websocket-client,1202362,3701,780,77,2026-04-27T13:18:38Z
websockets/ws,2744972,22742,2514,364,2026-04-27T13:18:39Z
wesleytodd/setprototypeof,30301031,53,12,1,2026-04-27T13:18:38Z
whitequark/ipaddr.js,2110585,631,102,15,2026-04-27T13:18:39Z
withoutboats/heck,86326466,588,47,4,2026-04-27T13:18:38Z
xiph/ogg,33956205,418,201,26,2026-04-27T18:56:03Z
xtuc/webassemblyjs,113006071,831,96,8,2026-04-27T13:18:39Z
yahoo/serialize-javascript,24106944,2921,210,33,2026-04-27T13:18:39Z
yaml/libyaml,2699072,1124,356,49,2026-04-27T13:18:39Z
yaml/pyyaml,2700147,2885,577,50,2026-04-27T13:18:39Z
yargs/cliui,34287546,391,44,7,2026-04-27T13:18:39Z
yargs/set-blocking,58830287,39,11,8,2026-04-27T13:18:39Z
yargs/y18n,39720886,154,67,15,2026-04-27T13:18:39Z
yargs/yargs,14210523,11477,1017,76,2026-04-27T13:18:39Z
yargs/yargs-parser,50258379,517,121,8,2026-04-27T13:18:39Z
yuzujs/setimmediate,1981208,1301,106,38,2026-04-27T13:18:39Z
zertosh/loose-envify,41947687,283,28,3,2026-04-27T13:18:39Z
zloirock/core-js,11481338,25492,1698,251,2026-04-27T13:18:39Z
