repo,repo_id,depsdev_scorecard_overall,depsdev_scorecard_date,depsdev_dependent_count,depsdev_license,depsdev_open_issues,bestpractices_badge_id,bestpractices_tiered_percentage,fetched_at
10der/homeassistant-custom_components-awtrix,748539167,,,,MIT,10,,,2026-05-03T17:02:18+00:00
7rulnik/source-map-js,330043541,3.8,2026-04-20,412006,non-standard,15,,,2026-05-03T17:02:24+00:00
acornjs/acorn,5932749,5,2026-04-20,248777,,16,,,2026-05-03T17:02:24+00:00
acornjs/acorn-jsx,22187098,2.6,2026-04-20,106535,MIT,18,,,2026-05-03T17:02:21+00:00
adobe/react-spectrum,208362715,6.7,2026-04-20,109488,Apache-2.0,582,,,2026-05-03T17:02:32+00:00
agronholm/anyio,145337588,5.3,2026-04-20,90992,MIT,84,,,2026-05-03T17:02:20+00:00
agronholm/exceptiongroup,447694800,4,2026-04-20,113528,non-standard,6,,,2026-05-03T17:02:20+00:00
ai/nanoid,99401299,6.7,2026-04-20,11670,MIT,2,,,2026-05-03T17:02:23+00:00
aio-libs/aiobotocore,36618494,7.7,2026-04-20,1123,Apache-2.0,25,,,2026-05-03T17:02:22+00:00
aio-libs/aiosignal,205007356,6.7,2026-04-20,39198,Apache-2.0,3,,,2026-05-03T17:02:21+00:00
aio-libs/async-timeout,67703198,4.5,2026-04-20,44201,non-standard,11,,,2026-05-03T17:02:20+00:00
aio-libs/frozenlist,204197530,5.6,2026-04-20,39249,Apache-2.0,25,,,2026-05-03T17:02:22+00:00
aio-libs/propcache,866565706,,,42050,Apache-2.0,11,,,2026-05-03T17:02:19+00:00
aio-libs/yarl,64756820,6.7,2026-04-20,41979,Apache-2.0,70,,,2026-05-03T17:02:20+00:00
ajv-validator/ajv,35914020,5.3,2026-04-20,181448,MIT,327,in_progress,99,2026-05-03T17:02:21+00:00
ajv-validator/ajv-formats,281084700,3.5,2026-04-20,66452,MIT,52,,,2026-05-03T17:02:22+00:00
alexcrichton/tar-rs,21946092,7.1,2026-04-20,159,Apache-2.0,129,,,2026-05-03T17:02:19+00:00
alexei/sprintf.js,9175790,2.5,2026-04-20,39523,BSD-3-Clause,63,,,2026-05-03T17:02:23+00:00
alexeyraspopov/picocolors,410740124,3.2,2026-04-20,668746,non-standard,14,,,2026-05-03T17:02:19+00:00
alexhuszagh/rust-lexical,155286170,4.8,2026-04-20,1325,non-standard,14,,,2026-05-03T17:02:26+00:00
alexindigo/asynckit,59087459,2,2026-04-20,2,MIT,1,,,2026-05-03T17:02:23+00:00
amanieu/parking_lot,58731560,4.1,2026-04-20,63431,Apache-2.0,77,,,2026-05-03T17:02:25+00:00
andialbrecht/sqlparse,4067434,4.8,2026-04-20,16617,BSD-3-Clause,258,,,2026-05-03T17:02:24+00:00
andrewrk/node-pend,11836813,2,2026-04-20,85510,MIT,0,,,2026-05-03T17:02:25+00:00
andyperlitch/jsbn,9710533,2.5,2026-04-20,7886,non-standard,20,,,2026-05-03T17:02:25+00:00
annotated-types/annotated-types,487934134,3.6,2026-04-20,94335,MIT,11,,,2026-05-03T17:02:30+00:00
antonk52/lilconfig,238967485,3.4,2026-04-20,58844,MIT,4,,,2026-05-03T17:02:26+00:00
apache/airflow,33884891,7.5,2026-04-20,4191,Apache-2.0,1719,,,2026-05-03T17:02:38+00:00
apache/arrow,51905353,7,2026-04-20,14872,Apache-2.0,2809,,,2026-05-03T17:02:30+00:00
apache/arrow-rs,358917250,6.2,2026-04-20,247,Apache-2.0,751,,,2026-05-03T17:02:33+00:00
ardatan/graphql-tools,54432168,5.9,2026-04-20,23755,MIT,159,,,2026-05-03T17:02:34+00:00
ardatan/whatwg-node,429511342,,,9709,MIT,14,,,2026-05-03T17:02:31+00:00
assert-rs/snapbox,424722460,,,12,Apache-2.0,46,,,2026-05-03T17:02:31+00:00
astral-sh/ruff,523043277,,,1836,MIT,1960,,,2026-05-03T17:02:32+00:00
autotools-mirror/autoconf,47662429,,,,GPL-2.0,0,,,2026-05-03T17:02:31+00:00
autotools-mirror/libtool,47662711,,,,,6,,,2026-05-03T17:02:31+00:00
autotools-mirror/m4,66880383,,,,,,,,2026-05-03T17:02:33+00:00
aws/aws-cli,6780767,5.6,2026-04-20,301,non-standard,606,,,2026-05-03T17:02:33+00:00
aws/aws-sdk-js-crypto-helpers,149673986,5.3,2026-04-20,342054,Apache-2.0,29,,,2026-05-03T17:02:35+00:00
aws/aws-sdk-js-v3,87228090,5.5,2026-04-20,1374689,Apache-2.0,173,,,2026-05-03T17:02:51+00:00
axios/axios,23088740,6.7,2026-04-20,151586,MIT,166,,,2026-05-03T17:02:33+00:00
azure/azure-sdk-for-js,108311273,6,2026-04-20,175237,MIT,800,,,2026-05-03T17:02:35+00:00
azure/azure-sdk-for-python,4127088,6.7,2026-04-20,11982,MIT,1215,,,2026-05-03T17:03:06+00:00
azure/msrest-for-python,71186468,3.6,2026-04-20,1176,MIT,0,,,2026-05-03T17:02:34+00:00
azuread/microsoft-authentication-library-for-python,67243113,6.5,2026-04-20,2308,non-standard,80,,,2026-05-03T17:02:34+00:00
babel/babel,24560307,7.2,2026-04-20,17860474,MIT,753,in_progress,27,2026-05-03T17:03:48+00:00
babel/babel-polyfills,190579283,4.6,2026-04-20,415388,MIT,32,,,2026-05-03T17:02:36+00:00
beatgammit/base64-js,2853282,2.1,2026-04-20,467134,MIT,4,,,2026-05-03T17:02:35+00:00
benjaminp/six,77868600,3.9,2026-04-20,170000,MIT,109,,,2026-05-03T17:02:36+00:00
besser82/libxcrypt,35503965,,,,LGPL-2.1,35,,,2026-05-03T17:02:36+00:00
bincode-org/bincode,24130045,,,9,,23,,,2026-05-03T17:02:37+00:00
bitflags/bitflags,29287955,7.4,2026-04-20,46064,Apache-2.0,14,,,2026-05-03T17:02:37+00:00
blakeembrey/array-flatten,17789771,3.3,2026-04-20,2683,MIT,8,,,2026-05-03T17:02:38+00:00
blakeembrey/change-case,9440238,3.7,2026-04-20,6347,MIT,13,,,2026-05-03T17:02:51+00:00
bluss/bencher,65987276,2.3,2026-04-20,396,Apache-2.0,7,,,2026-05-03T17:02:46+00:00
bminor/glibc,13868694,3,2026-04-20,,LGPL-2.1,0,,,2026-05-03T17:02:46+00:00
boto/boto3,24774658,7.7,2026-04-20,12282,Apache-2.0,188,,,2026-05-03T17:02:47+00:00
boto/botocore,6670942,8.2,2026-04-20,13136,Apache-2.0,156,,,2026-05-03T17:02:47+00:00
boto/s3transfer,49535299,7.7,2026-04-20,12510,Apache-2.0,65,,,2026-05-03T17:02:47+00:00
braveg1rl/performance-now,336187529,1.5,2026-04-20,257552,,0,,,2026-05-03T17:02:48+00:00
brianc/node-postgres,991475,5.2,2026-04-20,87283,MIT,523,,,2026-05-03T17:02:49+00:00
brianloveswords/node-jwa,8116861,4.5,2026-04-20,67466,MIT,17,,,2026-05-03T17:02:48+00:00
broofa/mime,534940,3.9,2026-04-20,6007,MIT,5,,,2026-05-03T17:02:48+00:00
broofa/node-int64,1208666,2.3,2026-04-20,101220,MIT,0,,,2026-05-03T17:02:49+00:00
browserify/node-util,14568009,3.5,2026-04-20,84246,MIT,23,,,2026-05-03T17:02:48+00:00
browserify/resolve,1915099,7.1,2026-04-20,405465,MIT,17,passing,189,2026-05-03T17:02:48+00:00
browserslist/browserslist,27971466,5.9,2026-04-20,186435,MIT,45,,,2026-05-03T17:02:49+00:00
browserslist/update-db,505548145,3.6,2026-04-20,186952,MIT,7,,,2026-05-03T17:02:50+00:00
burntsushi/aho-corasick,37290678,4.7,2026-04-20,27034,non-standard,8,,,2026-05-03T17:02:50+00:00
burntsushi/jiff,759017108,,,170,non-standard,43,,,2026-05-03T17:02:50+00:00
burntsushi/memchr,37290652,,,75334,non-standard,32,,,2026-05-03T17:02:51+00:00
burntsushi/quickcheck,17559913,5,2026-04-20,339,non-standard,31,,,2026-05-03T17:02:51+00:00
burntsushi/same-file,78375612,3,2026-04-20,17052,non-standard,7,,,2026-05-03T17:02:52+00:00
burntsushi/termcolor,141345580,3.1,2026-04-20,16512,non-standard,16,,,2026-05-03T17:02:52+00:00
burntsushi/ucd-generate,123997498,3.2,2026-04-20,4971,Apache-2.0,9,,,2026-05-03T17:03:01+00:00
burntsushi/walkdir,42685794,4,2026-04-20,16808,non-standard,47,,,2026-05-03T17:02:52+00:00
burntsushi/winapi-util,146040682,4,2026-04-20,29921,non-standard,6,,,2026-05-03T17:02:53+00:00
businho/pytest-ruff,599731435,,,2,MIT,3,,,2026-05-03T17:02:53+00:00
bytecodealliance/rustix,295544240,5.1,2026-04-20,18110,non-standard,110,,,2026-05-03T17:03:01+00:00
bytecodealliance/wasi-rs,196445196,,,22941,Apache-2.0,6,,,2026-05-03T17:03:01+00:00
c-ares/c-ares,571708,7.2,2026-04-20,,MIT,62,passing,115,2026-05-03T17:03:01+00:00
calvinmetcalf/minimalistic-assert,29144257,2.5,2026-04-20,183583,non-standard,1,,,2026-05-03T17:03:02+00:00
calvinmetcalf/process-nextick-args,36039131,2.3,2026-04-20,486811,MIT,2,,,2026-05-03T17:03:02+00:00
caolan/async,698041,4.1,2026-04-20,186578,MIT,24,,,2026-05-03T17:03:02+00:00
certbot/certbot,26516210,8.1,2026-04-20,472,non-standard,190,,,2026-05-03T17:03:03+00:00
certifi/python-certifi,3060959,6.6,2026-04-20,211308,non-standard,2,,,2026-05-03T17:03:03+00:00
chaijs/type-detect,12107007,4.1,2026-04-20,40343,MIT,8,,,2026-05-03T17:03:03+00:00
chalk/ansi-regex,20451415,3.8,2026-04-20,177582,MIT,1,,,2026-05-03T17:03:04+00:00
chalk/ansi-styles,11803168,3.9,2026-04-20,112637,MIT,0,,,2026-05-03T17:03:04+00:00
chalk/chalk,11855195,3.8,2026-04-20,139117,MIT,5,,,2026-05-03T17:03:04+00:00
chalk/slice-ansi,43191689,4.3,2026-04-20,556,MIT,0,,,2026-05-03T17:03:05+00:00
chalk/strip-ansi,15014856,4,2026-04-20,172890,MIT,0,,,2026-05-03T17:03:05+00:00
chalk/supports-color,11855007,3.9,2026-04-20,4416,MIT,3,,,2026-05-03T17:03:05+00:00
chalk/wrap-ansi,41053676,4.2,2026-04-20,1162,MIT,1,,,2026-05-03T17:03:05+00:00
chalker/safer-buffer,125825141,2.1,2026-04-20,768503,MIT,7,,,2026-05-03T17:03:06+00:00
chardet/chardet,5196969,6.3,2026-04-20,4616,non-standard,1,,,2026-05-03T17:03:06+00:00
cheeriojs/dom-serializer,18991884,6.4,2026-04-20,324,MIT,0,,,2026-05-03T17:03:07+00:00
chicoxyzzy/node-releases,73765596,3.9,2026-04-20,187135,MIT,5,,,2026-05-03T17:03:07+00:00
chronotope/chrono,18210201,5.3,2026-04-20,21417,non-standard,188,,,2026-05-03T17:03:07+00:00
chronotope/humantime,59320323,,,6284,Apache-2.0,18,,,2026-05-03T17:03:07+00:00
clap-rs/clap,31315121,5.5,2026-04-20,14454,Apache-2.0,425,,,2026-05-03T17:03:17+00:00
cloudflare/cloudflare-python,753271547,,,49,Apache-2.0,23,,,2026-05-03T17:03:08+00:00
colinhacks/zod,245704608,4.9,2026-04-20,52489,MIT,98,,,2026-05-03T17:03:15+00:00
colorjs/color-name,27038309,2.5,2026-04-20,52431,MIT,0,,,2026-05-03T17:03:16+00:00
comex/rust-shlex,37886228,3.6,2026-04-20,42884,non-standard,5,,,2026-05-03T17:03:16+00:00
component/escape-html,5444800,2,2026-04-20,334855,MIT,2,,,2026-05-03T17:03:16+00:00
component/toidentifier,114743189,2.8,2026-04-20,328769,MIT,1,,,2026-05-03T17:03:17+00:00
conventional-changelog/commitlint,51575745,5.9,2026-04-20,36171,MIT,166,,,2026-05-03T17:03:21+00:00
conventional-changelog/conventional-changelog,15639771,4.7,2026-04-20,13603,non-standard,249,,,2026-05-03T17:03:20+00:00
cosmiconfig/cosmiconfig,45750507,5.4,2026-04-20,18566,MIT,16,,,2026-05-03T17:03:18+00:00
coveragepy/coveragepy,138421996,,,3460,Apache-2.0,273,,,2026-05-03T17:03:17+00:00
cpburnz/python-pathspec,14648551,,,8997,non-standard,2,,,2026-05-03T17:03:18+00:00
criterion-rs/criterion.rs,1081104682,,,1647,Apache-2.0,26,,,2026-05-03T17:03:19+00:00
crossbeam-rs/crossbeam,35566048,5.5,2026-04-20,69127,Apache-2.0,155,,,2026-05-03T17:03:20+00:00
crypto-browserify/randombytes,29300004,3.5,2026-04-20,172637,MIT,8,,,2026-05-03T17:03:19+00:00
css-modules/icss-utils,42766912,2.1,2026-04-20,55878,non-standard,18,,,2026-05-03T17:03:19+00:00
cssnano/cssnano,33943153,7.2,2026-04-20,299267,MIT,105,,,2026-05-03T17:03:32+00:00
csstools/postcss-plugins,219192307,7,2026-04-20,39568,non-standard,11,,,2026-05-03T17:03:37+00:00
csstree/csstree,67236461,4.6,2026-04-20,14388,MIT,64,,,2026-05-03T17:03:19+00:00
cuviper/autocfg,135481335,3.1,2026-04-20,60146,Apache-2.0,16,,,2026-05-03T17:03:20+00:00
cyan4973/xxhash,19330466,6.8,2026-04-20,,non-standard,31,,,2026-05-03T17:03:21+00:00
daaku/nodejs-makeerror,2097803,1.9,2026-04-20,94764,non-standard,0,,,2026-05-03T17:03:21+00:00
daaku/nodejs-tmpl,2171213,2.2,2026-04-20,95093,non-standard,0,,,2026-05-03T17:03:22+00:00
dateutil/dateutil,26876372,5.5,2026-04-20,147519,non-standard,441,,,2026-05-03T17:03:22+00:00
davepacheco/node-extsprintf,4058064,2.9,2026-04-20,11333,MIT,1,,,2026-05-03T17:03:22+00:00
davidhalter/parso,90668463,5.7,2026-04-20,15896,non-standard,11,,,2026-05-03T17:03:23+00:00
davisjam/safe-regex,90781457,3,2026-04-20,4916,non-standard,11,,,2026-05-03T17:03:23+00:00
dchest/tweetnacl-js,15649752,2.5,2026-04-20,47986,non-standard,6,,,2026-05-03T17:03:31+00:00
dcodeio/long.js,8678904,3.1,2026-04-20,148325,Apache-2.0,1,,,2026-05-03T17:03:23+00:00
dcodeio/protobuf.js,8507859,5.8,2026-04-20,685370,non-standard,392,,,2026-05-03T17:03:35+00:00
debug-js/debug,2871998,2.9,2026-04-20,660364,MIT,86,,,2026-05-03T17:03:32+00:00
definitelytyped/definitelytyped,6093316,6.5,2026-04-20,4317293,non-standard,699,,,2026-05-03T17:04:33+00:00
django/asgiref,48501860,4,2026-04-20,16040,BSD-3-Clause,73,,,2026-05-03T17:03:32+00:00
djc/rustc-version-rs,41272773,,,11413,Apache-2.0,0,,,2026-05-03T17:03:33+00:00
dmitrysoshnikov/regexp-tree,85459304,2.9,2026-04-20,8850,MIT,52,,,2026-05-03T17:03:33+00:00
dominictarr/through,4885140,2.1,2026-04-20,263063,non-standard,14,,,2026-05-03T17:03:33+00:00
doowb/ansi-colors,47135420,2.1,2026-04-20,45528,MIT,19,,,2026-05-03T17:03:34+00:00
douglasdwyer/wasm_sync,668034655,,,11,,0,,,2026-05-03T17:03:34+00:00
dougwilson/nodejs-depd,20848667,2.8,2026-04-20,330310,MIT,15,,,2026-05-03T17:03:34+00:00
dtolnay/anyhow,212936374,5.1,2026-04-20,21952,Apache-2.0,38,,,2026-05-03T17:03:35+00:00
dtolnay/automod,173074854,4,2026-04-20,100,Apache-2.0,7,,,2026-05-03T17:03:35+00:00
dtolnay/dissimilar,229514821,4.9,2026-04-20,568,Apache-2.0,3,,,2026-05-03T17:03:36+00:00
dtolnay/indoc,54252316,4.4,2026-04-20,1114,Apache-2.0,1,,,2026-05-03T17:03:37+00:00
dtolnay/itoa,61962375,5.3,2026-04-20,54980,Apache-2.0,2,,,2026-05-03T17:03:36+00:00
dtolnay/no-panic,143469762,4.3,2026-04-20,59,Apache-2.0,7,,,2026-05-03T17:03:36+00:00
dtolnay/paste,155652490,4,2026-04-20,9127,Apache-2.0,12,,,2026-05-03T17:03:38+00:00
dtolnay/proc-macro2,91860126,5.6,2026-04-20,111489,Apache-2.0,27,,,2026-05-03T17:03:37+00:00
dtolnay/quote,67273122,5.1,2026-04-20,111266,Apache-2.0,9,,,2026-05-03T17:03:37+00:00
dtolnay/ref-cast,106295902,4.3,2026-04-20,2444,Apache-2.0,1,,,2026-05-03T17:03:38+00:00
dtolnay/rustversion,183990447,4.2,2026-04-20,45537,Apache-2.0,4,,,2026-05-03T17:03:38+00:00
dtolnay/ryu,142720484,5.4,2026-04-20,53009,Apache-2.0,3,,,2026-05-03T17:03:39+00:00
dtolnay/semver,22432442,5.2,2026-04-20,13044,Apache-2.0,7,,,2026-05-03T17:03:39+00:00
dtolnay/syn,67305738,5.7,2026-04-20,62456,Apache-2.0,82,,,2026-05-03T17:03:48+00:00
dtolnay/target-triple,734167706,,,0,Apache-2.0,0,,,2026-05-03T17:03:48+00:00
dtolnay/thiserror,213836768,4.6,2026-04-20,20498,Apache-2.0,29,,,2026-05-03T17:03:49+00:00
dtolnay/trybuild,184941159,5.5,2026-04-20,0,Apache-2.0,21,,,2026-05-03T17:03:49+00:00
dtolnay/unicode-ident,492639579,5,2026-04-20,111527,Apache-2.0,3,,,2026-05-03T17:03:49+00:00
eemeli/yaml,119439276,7.2,2026-04-20,71181,non-standard,31,,,2026-05-03T17:03:50+00:00
ehmicky/human-signals,214467546,2.8,2026-04-20,11485,Apache-2.0,0,,,2026-05-03T17:03:50+00:00
eliben/pycparser,10589864,6.1,2026-04-20,83282,non-standard,32,,,2026-05-03T17:03:50+00:00
emotion-js/emotion,92570536,5.6,2026-04-20,766853,MIT,372,,,2026-05-03T17:03:54+00:00
encode/httpcore,237210639,5.4,2026-04-20,78180,BSD-3-Clause,39,,,2026-05-03T17:03:53+00:00
encode/httpx,179492861,5.7,2026-04-20,314,BSD-3-Clause,148,,,2026-05-03T17:03:51+00:00
epoberezkin/ajv-keywords,60477053,3.2,2026-04-20,64637,MIT,47,,,2026-05-03T17:03:51+00:00
epoberezkin/fast-deep-equal,94483360,2.3,2026-04-20,473143,MIT,35,,,2026-05-03T17:03:52+00:00
epoberezkin/fast-json-stable-stringify,108103016,2.2,2026-04-20,351666,non-standard,25,,,2026-05-03T17:03:51+00:00
epoberezkin/json-schema-traverse,93333933,3,2026-04-20,198730,MIT,13,,,2026-05-03T17:03:52+00:00
es-shims/array-includes,28753032,3.8,2026-04-20,96517,MIT,1,,,2026-05-03T17:03:52+00:00
es-shims/dunder-proto,898274312,,,868274,MIT,1,,,2026-05-03T17:03:52+00:00
es-shims/es-set-tostringtag,580683868,3.4,2026-04-20,413445,MIT,1,,,2026-05-03T17:03:53+00:00
es-shims/math-intrinsics,902014040,,,857849,MIT,3,,,2026-05-03T17:03:54+00:00
es-shims/object.values,41723335,3.8,2026-04-20,106500,MIT,1,,,2026-05-03T17:03:54+00:00
es-shims/regexp.prototype.flags,26932422,3.8,2026-04-20,207257,MIT,2,,,2026-05-03T17:03:55+00:00
es-shims/string.prototype.trimend,114682758,3.8,2026-04-20,175870,MIT,2,,,2026-05-03T17:03:55+00:00
es-shims/string.prototype.trimstart,114682105,3.8,2026-04-20,175868,MIT,1,,,2026-05-03T17:03:55+00:00
eslint-community/eslint-utils,568240379,,,72213,MIT,20,,,2026-05-03T17:03:56+00:00
eslint/doctrine,4286644,4.5,2026-04-20,88841,Apache-2.0,0,,,2026-05-03T17:04:03+00:00
eslint/eslint,11061773,6.3,2026-04-20,2678,MIT,109,,,2026-05-03T17:04:04+00:00
eslint/js,27620277,,,17033,non-standard,8,,,2026-05-03T17:04:04+00:00
eslint/rewrite,791446923,,,12650,Apache-2.0,8,,,2026-05-03T17:04:05+00:00
estools/escodegen,3611422,2.6,2026-04-20,94283,non-standard,143,,,2026-05-03T17:04:04+00:00
estools/esquery,11412938,3.6,2026-04-20,105019,non-standard,42,,,2026-05-03T17:04:04+00:00
estools/esrecurse,27429822,2.4,2026-04-20,148452,non-standard,3,,,2026-05-03T17:04:05+00:00
estools/estraverse,6145439,2.8,2026-04-20,195745,non-standard,39,,,2026-05-03T17:04:05+00:00
estools/esutils,14677293,2.3,2026-04-20,296517,non-standard,10,,,2026-05-03T17:04:06+00:00
ethers-io/ethers.js,63465664,4.2,2026-04-20,997366,MIT,639,,,2026-05-03T17:04:08+00:00
evanw/esbuild,61137153,4.2,2026-04-20,50273,MIT,611,,,2026-05-03T17:04:08+00:00
evanw/node-source-map-support,7682781,2.3,2026-04-20,160715,MIT,128,,,2026-05-03T17:04:06+00:00
eventualbuddha/lines-and-columns,47284288,3.1,2026-04-20,2522,MIT,10,,,2026-05-03T17:04:06+00:00
executablebooks/markdown-it-py,249956697,5.1,2026-04-20,74195,MIT,47,,,2026-05-03T17:04:06+00:00
executablebooks/mdurl,387293763,3.4,2026-04-20,75299,non-standard,1,,,2026-05-03T17:04:06+00:00
exodusoss/bytes,885154008,,,3913,MIT,6,,,2026-05-03T17:04:07+00:00
expressjs/body-parser,15669006,7.7,2026-04-20,64855,MIT,52,,,2026-05-03T17:04:07+00:00
expressjs/serve-static,17464338,6.6,2026-04-20,64362,MIT,25,,,2026-05-03T17:04:07+00:00
facebook/create-react-app,63537249,4.8,2026-04-20,379195,MIT,2378,,,2026-05-03T17:04:08+00:00
facebook/metro,76504246,5.8,2026-04-20,23674,MIT,434,,,2026-05-03T17:04:24+00:00
facebook/prop-types,87597642,5.5,2026-04-20,281417,MIT,60,,,2026-05-03T17:04:09+00:00
facebook/react,10270250,6.6,2026-04-20,198363,MIT,1246,in_progress,81,2026-05-03T17:04:22+00:00
facebook/regenerator,13346571,4.1,2026-04-20,14495,MIT,81,,,2026-05-03T17:04:10+00:00
facebook/watchman,6930489,5.4,2026-04-20,189495,MIT,246,,,2026-05-03T17:04:10+00:00
facebook/zstd,29759715,8.7,2026-04-20,,non-standard,278,,,2026-05-03T17:04:09+00:00
facelessuser/soupsieve,160789418,4.9,2026-04-20,30707,MIT,12,,,2026-05-03T17:04:09+00:00
fastify/fast-uri,419317518,,,188850,non-standard,6,,,2026-05-03T17:04:10+00:00
faye/websocket-driver-node,9733816,2.7,2026-04-20,92342,non-standard,1,,,2026-05-03T17:04:18+00:00
fb55/boolbase,16864585,6.1,2026-04-20,39,non-standard,0,,,2026-05-03T17:04:18+00:00
fb55/css-select,3411063,5.7,2026-04-20,32,non-standard,10,,,2026-05-03T17:04:19+00:00
fb55/css-what,4460687,6,2026-04-20,38,non-standard,3,,,2026-05-03T17:04:19+00:00
fb55/domelementtype,6627835,5.6,2026-04-20,352,non-standard,0,,,2026-05-03T17:04:19+00:00
fb55/domhandler,5414232,5.7,2026-04-20,350,non-standard,7,,,2026-05-03T17:04:20+00:00
fb55/domutils,6627949,5.7,2026-04-20,323,non-standard,13,,,2026-05-03T17:04:20+00:00
fb55/entities,3172629,6,2026-04-20,4988,non-standard,16,,,2026-05-03T17:04:20+00:00
fb55/htmlparser2,2279062,6.5,2026-04-20,210,MIT,12,,,2026-05-03T17:04:20+00:00
fb55/nth-check,16864923,5.8,2026-04-20,37,non-standard,4,,,2026-05-03T17:04:21+00:00
felixge/node-combined-stream,1787452,2.1,2026-04-20,489259,MIT,10,,,2026-05-03T17:04:21+00:00
felixge/node-delayed-stream,1783893,2,2026-04-20,501712,MIT,0,,,2026-05-03T17:04:21+00:00
feross/buffer,14494363,3.7,2026-04-20,125343,non-standard,55,,,2026-05-03T17:04:22+00:00
feross/ieee754,15489525,2.4,2026-04-20,507449,BSD-3-Clause,3,,,2026-05-03T17:04:23+00:00
feross/is-buffer,25997846,2.5,2026-04-20,64596,MIT,8,,,2026-05-03T17:04:22+00:00
feross/queue-microtask,207021895,3.2,2026-04-20,190589,MIT,2,,,2026-05-03T17:04:23+00:00
feross/run-parallel,18700638,3.1,2026-04-20,183050,MIT,1,,,2026-05-03T17:04:23+00:00
feross/safe-buffer,49538897,2.5,2026-04-20,816406,MIT,9,,,2026-05-03T17:04:24+00:00
ffmpeg/ffmpeg,1614410,5.2,2026-04-20,,non-standard,3,,,2026-05-03T17:04:24+00:00
firebase/firebase-js-sdk,89290483,6.7,2026-04-20,40611,non-standard,694,,,2026-05-03T17:04:40+00:00
fitzgen/glob-to-regexp,11461122,2.1,2026-04-20,74981,,9,,,2026-05-03T17:04:24+00:00
floatdrop/require-from-string,39301848,2.3,2026-04-20,213278,MIT,6,,,2026-05-03T17:04:25+00:00
floating-ui/floating-ui,54994103,,,230530,MIT,48,,,2026-05-03T17:04:34+00:00
follow-redirects/follow-redirects,6697086,5,2026-04-20,343501,MIT,17,,,2026-05-03T17:04:25+00:00
fontconfig/fontconfig,926884194,,,,non-standard,0,,,2026-05-03T17:04:25+00:00
form-data/form-data,1755793,4.6,2026-04-20,241220,MIT,139,,,2026-05-03T17:04:33+00:00
formatjs/formatjs,19117456,4.2,2026-04-20,3594,,13,,,2026-05-03T17:04:36+00:00
frenic/csstype,104001328,3.4,2026-04-20,267574,MIT,78,,,2026-05-03T17:04:34+00:00
frommi/miniz_oxide,96124162,4.3,2026-04-20,19,MIT,31,,,2026-05-03T17:04:34+00:00
fsevents/fsevents,1402936,3.1,2026-04-20,211534,MIT,16,,,2026-05-03T17:04:35+00:00
fsspec/filesystem_spec,130727736,5.2,2026-04-20,28548,BSD-3-Clause,346,,,2026-05-03T17:04:35+00:00
fsspec/s3fs,53987953,4.2,2026-04-20,948,BSD-3-Clause,174,,,2026-05-03T17:04:35+00:00
garycourt/uri-js,989080,2.4,2026-04-20,340814,non-standard,30,,,2026-05-03T17:04:35+00:00
gcc-mirror/gcc,22711503,4.1,2026-04-20,,GPL-2.0,51,,,2026-05-03T17:04:36+00:00
getsentry/sentry-javascript,3328572,5.8,2026-04-20,4485,MIT,590,,,2026-05-03T17:04:38+00:00
giampaolo/psutil,20101515,5.2,2026-04-20,36333,BSD-3-Clause,372,,,2026-05-03T17:04:36+00:00
git/git,36502,5.2,2026-04-20,,non-standard,373,in_progress,18,2026-05-03T17:04:36+00:00
gitlab-freedesktop-mirrors/libxcb,444023705,,,,,,,,2026-05-03T17:04:37+00:00
gitoxidelabs/gitoxide,136510559,,,6,Apache-2.0,180,,,2026-05-03T17:04:55+00:00
gitpython-developers/gitdb,1126093,5.9,2026-04-20,12684,non-standard,8,,,2026-05-03T17:04:37+00:00
gitpython-developers/smmap,1865144,5.6,2026-04-20,189,BSD-3-Clause,3,,,2026-05-03T17:04:38+00:00
gkz/levn,13287279,2,2026-04-20,74916,MIT,2,,,2026-05-03T17:04:37+00:00
gkz/optionator,13435927,2.1,2026-04-20,73804,MIT,13,,,2026-05-03T17:04:38+00:00
gkz/prelude-ls,4457759,2.1,2026-04-20,76184,MIT,30,,,2026-05-03T17:04:39+00:00
gkz/type-check,13182168,2.3,2026-04-20,75166,MIT,9,,,2026-05-03T17:04:39+00:00
gmp-mirror/gmp,681340775,,,,,,,,2026-05-03T17:04:39+00:00
gnome/gdk-pixbuf,4533539,,,,LGPL-2.1,0,,,2026-05-03T17:04:39+00:00
gnome/glib,4537082,5,2026-04-20,,non-standard,0,,,2026-05-03T17:04:40+00:00
gnome/libxml2,4537118,4,2026-04-20,,non-standard,0,,,2026-05-03T17:04:48+00:00
gnome/pango,4537144,,,,non-standard,0,,,2026-05-03T17:04:49+00:00
gnutls/gnutls,58873704,,,,GPL-3.0,0,,,2026-05-03T17:04:49+00:00
gnutls/libtasn1,59017205,,,,,,,,2026-05-03T17:04:49+00:00
gnutls/nettle,59017402,,,,LGPL-3.0,0,,,2026-05-03T17:04:49+00:00
google/brotli,24993138,7.3,2026-04-20,4400,MIT,95,in_progress,57,2026-05-03T17:04:52+00:00
google/zerocopy,534354967,6.4,2026-04-20,69424,Apache-2.0,389,,,2026-05-03T17:04:53+00:00
googleapis/google-auth-library-python,69199387,7.3,2026-04-20,0,Apache-2.0,0,,,2026-05-03T17:04:52+00:00
googleapis/google-cloud-node-core,1052931509,,,40071,Apache-2.0,1,,,2026-05-03T17:04:53+00:00
googleapis/google-resumable-media-python,88091939,6,2026-04-20,3853,Apache-2.0,0,,,2026-05-03T17:04:53+00:00
googleapis/python-api-core,226992456,7.1,2026-04-20,8933,Apache-2.0,0,,,2026-05-03T17:04:54+00:00
googleapis/python-crc32c,159736041,7.5,2026-04-20,6740,Apache-2.0,0,,,2026-05-03T17:04:53+00:00
googleapis/python-storage,226992639,5.8,2026-04-20,2651,Apache-2.0,0,,,2026-05-03T17:04:54+00:00
googlechrome/workbox,55424670,5,2026-04-20,6526,MIT,81,,,2026-05-03T17:04:56+00:00
gozala/events,1649251,3.5,2026-04-20,182915,MIT,13,,,2026-05-03T17:04:54+00:00
gpg/libgpg-error,42075984,,,,GPL-2.0,2,,,2026-05-03T17:04:55+00:00
grahamdumpleton/wrapt,10357291,3.8,2026-04-20,18198,non-standard,0,,,2026-05-03T17:04:55+00:00
graydon/exhaustigen-rs,432630522,,,2,,4,,,2026-05-03T17:04:55+00:00
gregberge/svgr,102155012,4.9,2026-04-20,32580,MIT,143,,,2026-05-03T17:04:56+00:00
grncdr/merge-stream,10579821,2.5,2026-04-20,169478,MIT,0,,,2026-05-03T17:04:56+00:00
grpc/grpc,27729880,6.6,2026-04-20,22294,Apache-2.0,1304,passing,109,2026-05-03T17:04:58+00:00
gsnedders/python-webencodings,7043404,2.6,2026-04-20,11809,non-standard,13,,,2026-05-03T17:04:57+00:00
guillaumegomez/doc-comment,127254922,2.1,2026-04-20,0,MIT,8,,,2026-05-03T17:04:57+00:00
gulpjs/glob-parent,29154915,3.7,2026-04-20,71486,non-standard,4,,,2026-05-03T17:04:57+00:00
gweis/isodate,6449370,3.8,2026-04-20,7515,BSD-3-Clause,28,,,2026-05-03T17:05:01+00:00
gyscos/zstd-rs,52115335,4.7,2026-04-20,974,BSD-3-Clause,82,,,2026-05-03T17:05:02+00:00
hapijs/hoek,5831189,3.9,2026-04-20,9313,non-standard,3,,,2026-05-03T17:05:02+00:00
harfbuzz/harfbuzz,5050525,7.8,2026-04-20,,non-standard,89,in_progress,97,2026-05-03T17:05:01+00:00
hiddentao/fast-levenshtein,9490451,2.3,2026-04-20,4260,MIT,10,,,2026-05-03T17:05:03+00:00
httplib2/httplib2,53002916,5.3,2026-04-20,5514,non-standard,61,,,2026-05-03T17:05:02+00:00
hukkin/tomli,370616797,5,2026-04-20,51844,MIT,7,,,2026-05-03T17:05:03+00:00
hyperium/http,84983058,5.1,2026-04-20,2778,Apache-2.0,176,,,2026-05-03T17:05:03+00:00
hyperium/http-body,183281612,3.9,2026-04-20,1676,MIT,26,,,2026-05-03T17:05:04+00:00
iarna/aproba,31432421,2.1,2026-04-20,58526,non-standard,1,,,2026-05-03T17:05:03+00:00
import-js/eslint-plugin-import,32238354,5.3,2026-04-20,245653,MIT,592,,,2026-05-03T17:05:05+00:00
indexmap-rs/indexmap,68294628,,,22305,Apache-2.0,12,,,2026-05-03T17:05:04+00:00
indutny/bn.js,19176350,3.2,2026-04-20,147309,MIT,49,,,2026-05-03T17:05:04+00:00
indygreg/python-zstandard,67307930,3.9,2026-04-20,8378,BSD-3-Clause,67,,,2026-05-03T17:05:05+00:00
inikulin/parse5,8862593,6.4,2026-04-20,4731,MIT,35,,,2026-05-03T17:05:05+00:00
inspect-js/array-buffer-byte-length,607836784,3.8,2026-04-20,185805,MIT,1,,,2026-05-03T17:05:05+00:00
inspect-js/available-typed-arrays,235965505,4,2026-04-20,349427,MIT,1,,,2026-05-03T17:05:06+00:00
inspect-js/functions-have-names,198357138,4.4,2026-04-20,208664,MIT,1,,,2026-05-03T17:05:06+00:00
inspect-js/has-property-descriptors,481834578,3.8,2026-04-20,459263,MIT,1,,,2026-05-03T17:05:06+00:00
inspect-js/has-proto,577580747,3.4,2026-04-20,183491,MIT,1,,,2026-05-03T17:05:07+00:00
inspect-js/has-symbols,68573418,3.8,2026-04-20,887341,MIT,2,,,2026-05-03T17:05:07+00:00
inspect-js/has-tostringtag,392913710,4.7,2026-04-20,614163,MIT,1,,,2026-05-03T17:05:08+00:00
inspect-js/hasown,703350811,4,2026-04-20,1069081,MIT,1,,,2026-05-03T17:05:07+00:00
inspect-js/is-accessor-descriptor,41658954,3.8,2026-04-20,10,MIT,0,,,2026-05-03T17:05:08+00:00
inspect-js/is-arguments,15725461,4.4,2026-04-20,183612,MIT,1,,,2026-05-03T17:05:08+00:00
inspect-js/is-array-buffer,45977026,3.4,2026-04-20,186064,MIT,0,,,2026-05-03T17:05:16+00:00
inspect-js/is-bigint,149682261,3.8,2026-04-20,189718,MIT,1,,,2026-05-03T17:05:17+00:00
inspect-js/is-boolean-object,34700259,3.8,2026-04-20,189797,MIT,1,,,2026-05-03T17:05:17+00:00
inspect-js/is-callable,30012910,3.8,2026-04-20,360536,MIT,3,,,2026-05-03T17:05:17+00:00
inspect-js/is-core-module,24578130,4,2026-04-20,430390,MIT,2,,,2026-05-03T17:05:18+00:00
inspect-js/is-data-descriptor,41659073,3.8,2026-04-20,10,MIT,0,,,2026-05-03T17:05:18+00:00
inspect-js/is-data-view,751048078,,,173985,MIT,1,,,2026-05-03T17:05:19+00:00
inspect-js/is-date-object,29991041,3.8,2026-04-20,212332,MIT,1,,,2026-05-03T17:05:19+00:00
inspect-js/is-descriptor,41658845,3.4,2026-04-20,5,MIT,0,,,2026-05-03T17:05:20+00:00
inspect-js/is-number-object,29991666,3.8,2026-04-20,189770,MIT,1,,,2026-05-03T17:05:19+00:00
inspect-js/is-regex,15930063,4.3,2026-04-20,301478,MIT,1,,,2026-05-03T17:05:20+00:00
inspect-js/is-string,30010185,,,191582,MIT,2,,,2026-05-03T17:05:20+00:00
inspect-js/is-symbol,29791606,4.1,2026-04-20,196085,MIT,1,,,2026-05-03T17:05:20+00:00
inspect-js/is-typed-array,43528820,3.8,2026-04-20,329863,MIT,1,,,2026-05-03T17:05:21+00:00
inspect-js/node-supports-preserve-symlinks-flag,443970899,3.8,2026-04-20,417388,MIT,1,,,2026-05-03T17:05:21+00:00
inspect-js/object-inspect,11683441,4,2026-04-20,491559,MIT,8,,,2026-05-03T17:05:21+00:00
inspect-js/typed-array-buffer,649850465,,,284298,MIT,1,,,2026-05-03T17:05:22+00:00
inspect-js/which-boxed-primitive,201685155,4.2,2026-04-20,188573,MIT,1,,,2026-05-03T17:05:22+00:00
inspect-js/which-typed-array,43708371,4,2026-04-20,344080,MIT,1,,,2026-05-03T17:05:23+00:00
ipython/traitlets,14993021,4.3,2026-04-20,18098,BSD-3-Clause,113,,,2026-05-03T17:05:23+00:00
isaacs/chownr,3858354,3.4,2026-04-20,16413,non-standard,3,,,2026-05-03T17:05:23+00:00
isaacs/cliui,634056857,,,13248,non-standard,0,,,2026-05-03T17:05:24+00:00
isaacs/core-util-is,12391440,3,2026-04-20,530596,MIT,3,,,2026-05-03T17:05:24+00:00
isaacs/fs.realpath,61231712,3.4,2026-04-20,520523,non-standard,0,,,2026-05-03T17:05:24+00:00
isaacs/inherits,1580001,3.6,2026-04-20,1198563,non-standard,6,,,2026-05-03T17:05:24+00:00
isaacs/isexe,49804297,5.4,2026-04-20,6423,non-standard,6,,,2026-05-03T17:05:32+00:00
isaacs/minimatch,2056549,6.2,2026-04-20,69367,non-standard,7,,,2026-05-03T17:05:32+00:00
isaacs/minipass,84886212,3.6,2026-04-20,116455,non-standard,3,,,2026-05-03T17:05:33+00:00
isaacs/minizlib,86429676,3.4,2026-04-20,17012,non-standard,1,,,2026-05-03T17:05:33+00:00
isaacs/node-glob,357681,5.5,2026-04-20,21211,non-standard,3,,,2026-05-03T17:05:33+00:00
isaacs/node-graceful-fs,2077020,3.4,2026-04-20,784918,non-standard,51,,,2026-05-03T17:05:34+00:00
isaacs/node-lru-cache,679662,5.8,2026-04-20,61833,non-standard,1,,,2026-05-03T17:05:34+00:00
isaacs/node-mkdirp,2718248,3.5,2026-04-20,17497,non-standard,1,,,2026-05-03T17:05:34+00:00
isaacs/node-tar,1534331,6.2,2026-04-20,15418,non-standard,9,,,2026-05-03T17:05:34+00:00
isaacs/once,5409660,3.6,2026-04-20,778568,non-standard,4,,,2026-05-03T17:05:35+00:00
isaacs/package-json-from-dist,800543709,,,85815,non-standard,0,,,2026-05-03T17:05:35+00:00
isaacs/path-scurry,591569499,4.9,2026-04-20,31869,non-standard,3,,,2026-05-03T17:05:36+00:00
isaacs/rimraf,1341324,5.5,2026-04-20,4545,non-standard,8,,,2026-05-03T17:05:36+00:00
isaacs/sax-js,508894,4.1,2026-04-20,153130,non-standard,96,,,2026-05-03T17:05:36+00:00
isaacs/yallist,48222381,3.4,2026-04-20,16476,non-standard,5,,,2026-05-03T17:05:37+00:00
istanbuljs/istanbuljs,81482340,4,2026-04-20,216293,,189,,,2026-05-03T17:05:38+00:00
istanbuljs/schema,211950686,4.5,2026-04-20,71069,MIT,10,,,2026-05-03T17:05:37+00:00
istanbuljs/test-exclude,60489570,4.4,2026-04-20,40,non-standard,18,,,2026-05-03T17:05:37+00:00
jamesmunns/postcard,179385478,5.4,2026-04-20,37,Apache-2.0,70,,,2026-05-03T17:05:37+00:00
jaraco/jaraco.develop,48289082,4.5,2026-04-20,2,,5,,,2026-05-03T17:05:38+00:00
jaraco/pytest-perf,372026120,4.1,2026-04-20,1,,5,,,2026-05-03T17:05:38+00:00
jaraco/zipp,157774633,5.8,2026-04-20,70249,,7,,,2026-05-03T17:05:39+00:00
jaredhanson/utils-merge,11349896,2.1,2026-04-20,228204,MIT,7,,,2026-05-03T17:05:39+00:00
jaredwray/cacheable,9267870,,,14562,MIT,0,,,2026-05-03T17:05:48+00:00
jaredwray/keyv,96540810,4.8,2026-04-20,16667,MIT,1,,,2026-05-03T17:05:39+00:00
jawah/charset_normalizer,200259335,,,168917,MIT,1,passing,109,2026-05-03T17:05:48+00:00
jbgutierrez/path-parse,34113780,2.5,2026-04-20,422775,MIT,8,,,2026-05-03T17:05:39+00:00
jd/tenacity,65468547,6.7,2026-04-20,20692,Apache-2.0,91,,,2026-05-03T17:05:49+00:00
jensyt/imurmurhash-js,11802843,2,2026-04-20,227819,MIT,2,,,2026-05-03T17:05:49+00:00
jestjs/jest,15062869,,,597383,MIT,251,,,2026-05-03T17:06:06+00:00
jimmywarting/node-domexception,371470141,2.5,2026-04-20,1054,MIT,0,,,2026-05-03T17:05:49+00:00
jimp-dev/jimp,24008065,,,33393,MIT,176,,,2026-05-03T17:05:53+00:00
jmespath/jmespath.py,8300763,6.2,2026-04-20,18358,MIT,63,,,2026-05-03T17:05:49+00:00
joblib/joblib,654608,6.3,2026-04-20,38686,BSD-3-Clause,434,,,2026-05-03T17:05:50+00:00
jonathanong/ee-first,20707897,2,2026-04-20,342054,MIT,1,,,2026-05-03T17:05:50+00:00
jonschlinkert/assign-symbols,45661176,2,2026-04-20,263,MIT,0,,,2026-05-03T17:05:50+00:00
jonschlinkert/define-property,40633359,2,2026-04-20,149415,MIT,4,,,2026-05-03T17:05:50+00:00
jonschlinkert/extend-shallow,25867410,2,2026-04-20,156232,MIT,3,,,2026-05-03T17:05:51+00:00
jonschlinkert/fill-range,27113310,3.3,2026-04-20,293119,MIT,6,,,2026-05-03T17:05:51+00:00
jonschlinkert/get-value,24911025,2.3,2026-04-20,71,MIT,4,,,2026-05-03T17:05:51+00:00
jonschlinkert/global-prefix,31455984,3.4,2026-04-20,663,MIT,6,,,2026-05-03T17:05:52+00:00
jonschlinkert/has-value,24310408,2.1,2026-04-20,181,MIT,2,,,2026-05-03T17:05:52+00:00
jonschlinkert/has-values,33009186,2,2026-04-20,332,MIT,2,,,2026-05-03T17:05:52+00:00
jonschlinkert/is-extendable,38225016,2.1,2026-04-20,158461,MIT,0,,,2026-05-03T17:05:53+00:00
jonschlinkert/is-extglob,31788841,3,2026-04-20,337523,MIT,0,,,2026-05-03T17:05:53+00:00
jonschlinkert/is-number,24313173,2.1,2026-04-20,297539,MIT,16,,,2026-05-03T17:05:53+00:00
jonschlinkert/is-plain-object,24306940,2.1,2026-04-20,37255,MIT,12,,,2026-05-03T17:05:54+00:00
jonschlinkert/isobject,21342886,2.3,2026-04-20,6292,MIT,4,,,2026-05-03T17:05:54+00:00
jonschlinkert/kind-of,24491562,2.1,2026-04-20,241990,MIT,14,,,2026-05-03T17:05:54+00:00
jonschlinkert/map-cache,32450614,2,2026-04-20,154391,MIT,0,,,2026-05-03T17:05:55+00:00
jonschlinkert/normalize-path,21224182,2,2026-04-20,234793,MIT,2,,,2026-05-03T17:05:55+00:00
jonschlinkert/object-visit,38545952,2,2026-04-20,151996,MIT,2,,,2026-05-03T17:06:03+00:00
jonschlinkert/word-wrap,18260583,3,2026-04-20,153136,MIT,14,,,2026-05-03T17:06:03+00:00
jorgebucaran/colorette,34648097,3,2026-04-20,68651,MIT,9,,,2026-05-03T17:06:03+00:00
joshuakgoldberg/ts-api-utils,597893818,4.6,2026-04-20,10147,MIT,27,,,2026-05-03T17:06:04+00:00
jpadilla/pyjwt,1408162,7.8,2026-04-20,34421,MIT,49,,,2026-05-03T17:06:04+00:00
jprichardson/node-fs-extra,2791348,5.3,2026-04-20,63830,MIT,13,,,2026-05-03T17:06:05+00:00
jprichardson/node-jsonfile,5754307,3.5,2026-04-20,195283,MIT,2,,,2026-05-03T17:06:05+00:00
jquast/wcwidth,18464187,5,2026-04-20,31364,non-standard,4,,,2026-05-03T17:06:05+00:00
jquery/esprima,2833537,3.9,2026-04-20,282967,non-standard,149,,,2026-05-03T17:06:06+00:00
jridgewell/resolve-uri,196878944,2.8,2026-04-20,297953,MIT,18,,,2026-05-03T17:06:06+00:00
jridgewell/sourcemaps,897142826,,,1138539,,4,,,2026-05-03T17:06:08+00:00
jsdom/tr46,36964214,3.8,2026-04-20,4028,MIT,1,,,2026-05-03T17:06:07+00:00
jsdom/webidl-conversions,23000311,4.6,2026-04-20,4008,non-standard,2,,,2026-05-03T17:06:07+00:00
jsdom/whatwg-mimetype,71014420,4.1,2026-04-20,4143,MIT,0,,,2026-05-03T17:06:07+00:00
jsdom/whatwg-url,34761352,5,2026-04-20,3240,MIT,8,,,2026-05-03T17:06:08+00:00
jsdom/xml-name-validator,28553202,3.8,2026-04-20,8018,Apache-2.0,0,,,2026-05-03T17:06:09+00:00
jshttp/accepts,15482433,6.3,2026-04-20,244590,MIT,11,,,2026-05-03T17:06:09+00:00
jshttp/content-disposition,24216676,7.5,2026-04-20,63770,MIT,15,,,2026-05-03T17:06:09+00:00
jshttp/content-type,30172150,7.2,2026-04-20,307757,MIT,4,,,2026-05-03T17:06:10+00:00
jshttp/cookie,4475810,7.1,2026-04-20,10708,MIT,15,,,2026-05-03T17:06:10+00:00
jshttp/etag,22894570,5.1,2026-04-20,301541,MIT,12,,,2026-05-03T17:06:10+00:00
jshttp/forwarded,24300217,5.3,2026-04-20,271661,MIT,8,,,2026-05-03T17:06:10+00:00
jshttp/fresh,4617552,5.8,2026-04-20,247008,MIT,8,,,2026-05-03T17:06:11+00:00
jshttp/http-errors,23806086,7.2,2026-04-20,296399,MIT,18,,,2026-05-03T17:06:11+00:00
jshttp/media-typer,20814275,5.7,2026-04-20,69998,MIT,6,,,2026-05-03T17:06:15+00:00
jshttp/methods,8274071,5.3,2026-04-20,236747,MIT,4,,,2026-05-03T17:06:15+00:00
jshttp/mime-db,22970419,6.7,2026-04-20,171788,MIT,40,,,2026-05-03T17:06:15+00:00
jshttp/mime-types,19380178,6.8,2026-04-20,78207,MIT,23,,,2026-05-03T17:06:16+00:00
jshttp/negotiator,3275614,5.9,2026-04-20,72070,MIT,14,,,2026-05-03T17:06:16+00:00
jshttp/on-finished,15349765,5.7,2026-04-20,306518,MIT,18,,,2026-05-03T17:06:16+00:00
jshttp/range-parser,4627131,5.6,2026-04-20,300799,MIT,4,,,2026-05-03T17:06:16+00:00
jshttp/statuses,17690272,6.3,2026-04-20,299291,MIT,8,,,2026-05-03T17:06:17+00:00
jshttp/type-is,15484233,6,2026-04-20,66237,MIT,9,,,2026-05-03T17:06:16+00:00
jshttp/vary,20498698,5.9,2026-04-20,303233,MIT,1,,,2026-05-03T17:06:18+00:00
jslicense/spdx-correct.js,34817196,3,2026-04-20,202905,Apache-2.0,2,,,2026-05-03T17:06:18+00:00
jslicense/spdx-expression-parse.js,40067336,2.8,2026-04-20,5261,MIT,8,,,2026-05-03T17:06:19+00:00
json5/json5,4463453,3.8,2026-04-20,192736,non-standard,41,,,2026-05-03T17:06:19+00:00
juliangruber/balanced-match,13538817,5.7,2026-04-20,73426,non-standard,9,,,2026-05-03T17:06:19+00:00
juliangruber/brace-expansion,13539234,6.3,2026-04-20,72859,non-standard,5,,,2026-05-03T17:06:20+00:00
juliangruber/isarray,10227611,7,2026-04-20,328781,MIT,1,passing,113,2026-05-03T17:06:20+00:00
justmoon/node-extend,3967764,3.5,2026-04-20,308913,MIT,0,,,2026-05-03T17:06:20+00:00
jviereck/regjsparser,14087781,3.2,2026-04-20,108479,non-standard,8,,,2026-05-03T17:06:20+00:00
ka-weihe/fastest-levenshtein,158960628,2.3,2026-04-20,19094,MIT,2,,,2026-05-03T17:06:21+00:00
kaelzhang/node-ignore,12519245,2.7,2026-04-20,21478,non-standard,4,,,2026-05-03T17:06:21+00:00
kemitchell/validate-npm-package-license.js,35000460,2.8,2026-04-20,200816,Apache-2.0,0,,,2026-05-03T17:06:31+00:00
kevinbeaty/any-promise,26247715,2.1,2026-04-20,98576,MIT,6,,,2026-05-03T17:06:21+00:00
kevva/dir-glob,49264969,3.3,2026-04-20,133867,MIT,0,,,2026-05-03T17:06:21+00:00
kevva/shebang-command,47402913,3.1,2026-04-20,311811,MIT,3,,,2026-05-03T17:06:22+00:00
kilian/electron-to-chromium,78972540,4.5,2026-04-20,209331,non-standard,1,,,2026-05-03T17:06:22+00:00
kjd/idna,10323585,8.3,2026-04-20,219941,BSD-3-Clause,3,,,2026-05-03T17:06:22+00:00
knurling-rs/defmt,282262730,6.1,2026-04-20,0,Apache-2.0,116,,,2026-05-03T17:06:31+00:00
kpdecker/jsdiff,1542219,3.5,2026-04-20,741,BSD-3-Clause,14,,,2026-05-03T17:06:30+00:00
krb5/krb5,4307702,5.3,2026-04-20,,,39,,,2026-05-03T17:06:30+00:00
kriskowal/asap,11295071,2.5,2026-04-20,179544,MIT,14,,,2026-05-03T17:06:31+00:00
kriszyp/json-schema,947175,3.4,2026-04-20,222155,non-standard,30,,,2026-05-03T17:06:31+00:00
langchain-ai/langchain,552661142,6.5,2026-04-20,11829,MIT,557,,,2026-05-03T17:06:34+00:00
laurent-laporte-pro/deprecated,111412148,,,9564,MIT,9,,,2026-05-03T17:06:35+00:00
lddubeau/xmlchars,139881982,3,2026-04-20,84225,MIT,13,,,2026-05-03T17:06:32+00:00
legrandin/pycryptodome,19378935,5.4,2026-04-20,10918,non-standard,82,,,2026-05-03T17:06:33+00:00
libevent/libevent,1856976,7.1,2026-04-20,,non-standard,134,,,2026-05-03T17:06:33+00:00
libexpat/libexpat,80314213,7.6,2026-04-20,,MIT,19,passing,111,2026-05-03T17:06:32+00:00
libffi/libffi,321154,3.9,2026-04-20,,non-standard,200,,,2026-05-03T17:06:33+00:00
libidn/libidn2,87378214,,,,GPL-3.0,0,,,2026-05-03T17:06:34+00:00
libjxl/libjxl,340219494,8.7,2026-04-20,,BSD-3-Clause,443,silver,291,2026-05-03T17:06:34+00:00
libpixman/pixman,81675971,,,,,,,,2026-05-03T17:06:34+00:00
libuv/libuv,14812739,6,2026-04-20,,MIT,213,,,2026-05-03T17:06:35+00:00
linusu/buffer-from,66025821,2,2026-04-20,279300,MIT,1,,,2026-05-03T17:06:35+00:00
linux-audit/audit-userspace,52464964,4.5,2026-04-20,,GPL-2.0,14,,,2026-05-03T17:06:36+00:00
litejs/natural-compare-lite,9146732,3.9,2026-04-20,171858,MIT,0,,,2026-05-03T17:06:36+00:00
ljharb/call-bind,308533760,4.2,2026-04-20,435975,MIT,3,,,2026-05-03T17:06:36+00:00
ljharb/call-bind-apply-helpers,898190951,,,871258,MIT,3,,,2026-05-03T17:06:37+00:00
ljharb/call-bound,898125972,,,656577,MIT,2,,,2026-05-03T17:06:36+00:00
ljharb/concat-map,548993448,3.8,2026-04-20,34,MIT,2,,,2026-05-03T17:06:37+00:00
ljharb/define-data-property,689109338,3.8,2026-04-20,456596,MIT,1,,,2026-05-03T17:06:37+00:00
ljharb/define-properties,28768789,3.8,2026-04-20,273645,MIT,1,,,2026-05-03T17:06:45+00:00
ljharb/es-abstract,28995155,4.6,2026-04-20,173562,MIT,11,,,2026-05-03T17:06:45+00:00
ljharb/es-define-property,756570458,,,872016,MIT,1,,,2026-05-03T17:06:45+00:00
ljharb/es-errors,752160492,,,1051710,MIT,1,,,2026-05-03T17:06:46+00:00
ljharb/es-object-atoms,773229339,,,860729,MIT,1,,,2026-05-03T17:06:46+00:00
ljharb/es-shim-unscopables,480458584,3.8,2026-04-20,102739,MIT,1,,,2026-05-03T17:06:46+00:00
ljharb/es-to-primitive,32377814,3.8,2026-04-20,176396,MIT,1,,,2026-05-03T17:06:46+00:00
ljharb/get-intrinsic,308516559,3.8,2026-04-20,267,MIT,2,,,2026-05-03T17:06:47+00:00
ljharb/get-proto,911035271,,,857733,MIT,1,,,2026-05-03T17:06:47+00:00
ljharb/gopd,560708130,4,2026-04-20,881388,MIT,2,,,2026-05-03T17:06:47+00:00
ljharb/has-bigints,201714166,4.1,2026-04-20,190604,MIT,1,,,2026-05-03T17:06:48+00:00
ljharb/internal-slot,216159146,3.8,2026-04-20,187232,MIT,1,,,2026-05-03T17:06:48+00:00
ljharb/object-keys,9103992,4.2,2026-04-20,309859,MIT,0,,,2026-05-03T17:06:48+00:00
ljharb/object.assign,17755831,3.8,2026-04-20,235284,MIT,0,,,2026-05-03T17:06:48+00:00
ljharb/possible-typed-array-names,760136716,,,351609,MIT,1,,,2026-05-03T17:06:49+00:00
ljharb/qs,22266795,5.2,2026-04-20,367593,BSD-3-Clause,71,passing,178,2026-05-03T17:06:49+00:00
ljharb/safe-regex-test,540138887,4,2026-04-20,276780,MIT,1,,,2026-05-03T17:06:49+00:00
ljharb/set-function-length,704249795,3.8,2026-04-20,441941,MIT,1,,,2026-05-03T17:06:49+00:00
ljharb/side-channel,225239081,3.8,2026-04-20,476327,MIT,0,,,2026-05-03T17:06:50+00:00
ljharb/side-channel-list,901451610,,,477948,MIT,1,,,2026-05-03T17:06:50+00:00
ljharb/side-channel-map,901191461,,,479572,MIT,1,,,2026-05-03T17:06:50+00:00
ljharb/side-channel-weakmap,901188921,,,477949,MIT,1,,,2026-05-03T17:06:51+00:00
lodash/lodash,3955647,7.4,2026-04-20,3338300,non-standard,141,,,2026-05-03T17:07:18+00:00
loganfsmyth/gensync,132383032,2.1,2026-04-20,149217,MIT,14,,,2026-05-03T17:06:51+00:00
lokathor/bytemuck,209673558,3.6,2026-04-20,9725,Apache-2.0,49,,,2026-05-03T17:07:09+00:00
lukeed/dequal,174421655,3,2026-04-20,55241,MIT,12,,,2026-05-03T17:06:51+00:00
lukeed/escalade,273568715,2.9,2026-04-20,303911,MIT,0,,,2026-05-03T17:06:52+00:00
lukeed/kleur,140393403,3,2026-04-20,31838,MIT,13,,,2026-05-03T17:07:09+00:00
lxml/lxml,1353927,5.2,2026-04-20,22701,BSD-3-Clause,14,,,2026-05-03T17:07:08+00:00
lydell/js-tokens,17552490,2.9,2026-04-20,412,MIT,0,,,2026-05-03T17:07:09+00:00
lz4/lz4,18106269,7.1,2026-04-20,,non-standard,68,,,2026-05-03T17:07:10+00:00
madler/zlib,2359378,4.8,2026-04-20,,non-standard,229,in_progress,18,2026-05-03T17:07:10+00:00
mafintosh/end-of-stream,14732255,2.5,2026-04-20,329842,MIT,7,,,2026-05-03T17:07:10+00:00
mafintosh/pump,12118126,3.3,2026-04-20,234164,MIT,20,,,2026-05-03T17:07:11+00:00
mafintosh/tar-stream,15340089,3.9,2026-04-20,29606,MIT,18,,,2026-05-03T17:07:11+00:00
marshallpierce/rust-base64,47371310,4.4,2026-04-20,5178,Apache-2.0,26,,,2026-05-03T17:07:13+00:00
mathiasbynens/cssesc,12001360,2,2026-04-20,129593,MIT,12,,,2026-05-03T17:07:11+00:00
mathiasbynens/emoji-regex,24557614,3.3,2026-04-20,34800,MIT,12,,,2026-05-03T17:07:11+00:00
mathiasbynens/jsesc,10498729,2.1,2026-04-20,240020,MIT,24,,,2026-05-03T17:07:12+00:00
mathiasbynens/punycode.js,2755924,3.2,2026-04-20,414051,MIT,48,,,2026-05-03T17:07:12+00:00
mathiasbynens/regenerate,10182772,2.1,2026-04-20,148701,MIT,6,,,2026-05-03T17:07:12+00:00
mathiasbynens/regexpu-core,49437324,3.5,2026-04-20,107643,MIT,4,,,2026-05-03T17:07:13+00:00
mathiasbynens/unicode-canonical-property-names-ecmascript,88346537,2.8,2026-04-20,110163,MIT,1,,,2026-05-03T17:07:13+00:00
mathiasbynens/unicode-property-aliases-ecmascript,88333533,2.8,2026-04-20,110163,MIT,0,,,2026-05-03T17:07:13+00:00
matklad/once_cell,143220272,4.6,2026-04-20,63838,Apache-2.0,6,,,2026-05-03T17:07:14+00:00
matplotlib/matplotlib,1385122,9.1,2026-04-20,49245,,1501,,,2026-05-03T17:07:14+00:00
mcavage/node-assert-plus,4767976,2.9,2026-04-20,227020,MIT,12,,,2026-05-03T17:07:15+00:00
mcollina/fastq,37368217,4.2,2026-04-20,187530,non-standard,21,,,2026-05-03T17:07:15+00:00
mcollina/reusify,42106515,3.9,2026-04-20,189924,MIT,5,,,2026-05-03T17:07:15+00:00
medikoo/d,10817569,2.8,2026-04-20,113525,non-standard,6,,,2026-05-03T17:07:15+00:00
medikoo/es5-ext,1792941,3.1,2026-04-20,227076,non-standard,46,,,2026-05-03T17:07:16+00:00
medikoo/es6-symbol,14423385,3.1,2026-04-20,113480,non-standard,2,,,2026-05-03T17:07:16+00:00
medikoo/type,177198492,3.2,2026-04-20,113662,non-standard,5,,,2026-05-03T17:07:16+00:00
mhammond/pywin32,108187130,4.8,2026-04-20,1107,,395,,,2026-05-03T17:07:17+00:00
micheles/decorator,14656555,4.1,2026-04-20,23174,non-standard,13,,,2026-05-03T17:07:17+00:00
micromark/micromark,157420458,3.6,2026-04-20,281631,MIT,10,,,2026-05-03T17:07:40+00:00
micromatch/anymatch,11458302,3.5,2026-04-20,189896,non-standard,8,,,2026-05-03T17:07:17+00:00
micromatch/braces,25475303,3.8,2026-04-20,291243,MIT,4,,,2026-05-03T17:07:17+00:00
micromatch/is-glob,28179425,3.6,2026-04-20,316570,MIT,2,,,2026-05-03T17:07:18+00:00
micromatch/micromatch,27359938,3.7,2026-04-20,222918,MIT,44,,,2026-05-03T17:07:18+00:00
micromatch/picomatch,156211895,6.2,2026-04-20,135403,MIT,43,,,2026-05-03T17:07:18+00:00
micromatch/to-regex-range,40355891,3,2026-04-20,294991,MIT,9,,,2026-05-03T17:07:19+00:00
microsoft/tslib,34414315,7,2026-04-20,1452364,non-standard,60,,,2026-05-03T17:07:19+00:00
microsoft/typescript,20929025,7.9,2026-04-20,4424,Apache-2.0,5036,,,2026-05-03T17:07:19+00:00
microsoft/windows-rs,208102250,5.4,2026-04-20,223540,Apache-2.0,42,,,2026-05-03T17:07:42+00:00
minimistjs/minimist,549230701,5.3,2026-04-20,578963,MIT,14,,,2026-05-03T17:07:19+00:00
mitsuhiko/insta,165561258,4,2026-04-20,13,Apache-2.0,75,,,2026-05-03T17:07:20+00:00
mlocati/gettext-iconv-windows,12751919,,,,,,,,2026-05-03T17:07:20+00:00
mm2/little-cms,507969,6.4,2026-04-20,,MIT,10,,,2026-05-03T17:07:20+00:00
moment/moment,1424470,3.1,2026-04-20,173549,MIT,296,,,2026-05-03T17:07:21+00:00
more-itertools/more-itertools,4144530,5,2026-04-20,18879,MIT,8,,,2026-05-03T17:07:21+00:00
motdotla/dotenv,11205780,4.4,2026-04-20,18626,non-standard,2,,,2026-05-03T17:07:21+00:00
moxystudio/node-cross-spawn,21335844,3.2,2026-04-20,303406,MIT,32,,,2026-05-03T17:07:37+00:00
mozilla/source-map,2014930,4.2,2026-04-20,99143,non-standard,65,,,2026-05-03T17:07:38+00:00
mrabarnett/mrab-regex,309446978,4.9,2026-04-20,29140,non-standard,77,,,2026-05-03T17:07:38+00:00
mrmlnc/fast-glob,77467076,3.2,2026-04-20,169714,MIT,41,,,2026-05-03T17:07:38+00:00
msgpack/msgpack-python,2242705,5,2026-04-20,14482,non-standard,10,,,2026-05-03T17:07:39+00:00
mvdnes/spin-rs,21686666,5.5,2026-04-20,309,MIT,11,,,2026-05-03T17:07:38+00:00
mysticatea/abort-controller,105228556,2.1,2026-04-20,119972,MIT,24,,,2026-05-03T17:07:39+00:00
mysticatea/event-target-shim,31137469,3,2026-04-20,927,MIT,29,,,2026-05-03T17:07:40+00:00
nghttp2/nghttp2,11452676,6.3,2026-04-20,,non-standard,48,in_progress,96,2026-05-03T17:07:39+00:00
nicolo-ribaudo/babel-preset-current-node-syntax,253327079,2.9,2026-04-20,63533,MIT,2,,,2026-05-03T17:07:41+00:00
nlnetlabs/unbound,94195301,5.8,2026-04-20,,BSD-3-Clause,358,,,2026-05-03T17:07:40+00:00
node-fetch/fetch-blob,186960326,3.3,2026-04-20,80,MIT,8,,,2026-05-03T17:07:41+00:00
node-fetch/node-fetch,29849956,4.9,2026-04-20,37966,MIT,241,,,2026-05-03T17:07:42+00:00
nodeca/argparse,4325614,3.2,2026-04-20,171345,non-standard,9,,,2026-05-03T17:07:42+00:00
nodeca/js-yaml,2504175,3.9,2026-04-20,146297,MIT,71,,,2026-05-03T17:07:43+00:00
nodeca/pako,16231859,4.9,2026-04-20,17361,MIT,28,,,2026-05-03T17:07:43+00:00
nodejs/readable-stream,5187096,5,2026-04-20,47655,non-standard,17,,,2026-05-03T17:07:43+00:00
nodejs/string_decoder,95052330,3.4,2026-04-20,358363,non-standard,7,,,2026-05-03T17:07:43+00:00
nodejs/undici,133092972,7.9,2026-04-20,725,MIT,342,,,2026-05-03T17:07:44+00:00
nodelib/nodelib,129310478,3.1,2026-04-20,183,MIT,7,,,2026-05-03T17:07:44+00:00
npm/abbrev-js,554893,,,4687,non-standard,0,,,2026-05-03T17:07:44+00:00
npm/cacache,193812470,6.2,2026-04-20,3705,non-standard,9,,,2026-05-03T17:07:44+00:00
npm/fs-minipass,102982143,4.7,2026-04-20,32679,non-standard,3,,,2026-05-03T17:07:45+00:00
npm/hosted-git-info,25002984,5.7,2026-04-20,6217,non-standard,7,,,2026-05-03T17:07:45+00:00
npm/inflight,19442260,2.9,2026-04-20,556698,,0,,,2026-05-03T17:07:45+00:00
npm/ini,2167680,5.5,2026-04-20,12055,non-standard,18,,,2026-05-03T17:07:46+00:00
npm/json-parse-even-better-errors,211384370,5.7,2026-04-20,3380,non-standard,1,,,2026-05-03T17:07:46+00:00
npm/mute-stream,5159166,5.6,2026-04-20,6031,non-standard,0,,,2026-05-03T17:07:46+00:00
npm/node-semver,1357199,6,2026-04-20,388525,non-standard,44,,,2026-05-03T17:07:46+00:00
npm/node-which,2169708,5.7,2026-04-20,6358,non-standard,8,,,2026-05-03T17:07:47+00:00
npm/nopt,1544436,5.5,2026-04-20,4626,non-standard,12,,,2026-05-03T17:07:47+00:00
npm/normalize-package-data,9301720,5.6,2026-04-20,1709,non-standard,18,,,2026-05-03T17:07:48+00:00
npm/ssri,193817839,5.3,2026-04-20,3973,non-standard,1,,,2026-05-03T17:07:47+00:00
npm/unique-slug,35246620,5.6,2026-04-20,263,non-standard,1,,,2026-05-03T17:07:47+00:00
npm/wrappy,24208073,3.7,2026-04-20,803442,non-standard,6,,,2026-05-03T17:07:49+00:00
npm/write-file-atomic,23896209,6.1,2026-04-20,2741,non-standard,14,,,2026-05-03T17:07:48+00:00
numpy/numpy,908607,7.4,2026-04-20,142967,non-standard,2368,,,2026-05-03T17:07:50+00:00
nv/cssom,1025209,2.1,2026-04-20,6757,MIT,25,,,2026-05-03T17:07:49+00:00
nvzqz/static-assertions-rs,100129252,2.8,2026-04-20,7785,Apache-2.0,36,,,2026-05-03T17:07:50+00:00
oauthlib/oauthlib,2811323,8.2,2026-04-20,12422,BSD-3-Clause,104,,,2026-05-03T17:07:49+00:00
octokit/openapi-types.ts,304109193,6.4,2026-04-20,2091,MIT,12,,,2026-05-03T17:07:50+00:00
octokit/types.ts,216109757,6.1,2026-04-20,2089,MIT,20,,,2026-05-03T17:07:51+00:00
oozcitak/xmlbuilder-js,1042809,2,2026-04-20,15765,MIT,7,,,2026-05-03T17:07:51+00:00
open-telemetry/opentelemetry-js,185901023,7.4,2026-04-20,62009,Apache-2.0,242,,,2026-05-03T17:08:06+00:00
open-telemetry/opentelemetry-js-contrib,255986659,8,2026-04-20,8648,Apache-2.0,240,,,2026-05-03T17:08:05+00:00
open-telemetry/opentelemetry-python,185478926,7.6,2026-04-20,41889,Apache-2.0,443,passing,107,2026-05-03T17:08:00+00:00
openssl/openssl,7634677,6.3,2026-04-20,,Apache-2.0,1608,passing,105,2026-05-03T17:07:51+00:00
opensuse/ca-certificates,10785433,,,,,,,,2026-05-03T17:07:51+00:00
p11-glue/p11-kit,12060420,,,,non-standard,77,passing,113,2026-05-03T17:07:52+00:00
pallets/click,19103692,6.9,2026-04-20,118190,BSD-3-Clause,137,,,2026-05-03T17:07:52+00:00
pallets/flask,596892,7.1,2026-04-20,11673,BSD-3-Clause,3,,,2026-05-03T17:08:00+00:00
pallets/itsdangerous,1945034,5.5,2026-04-20,19075,BSD-3-Clause,1,,,2026-05-03T17:08:01+00:00
pallets/jinja,994551,5.6,2026-04-20,61375,BSD-3-Clause,97,,,2026-05-03T17:08:01+00:00
pallets/markupsafe,734244,5.6,2026-04-20,68874,BSD-3-Clause,12,,,2026-05-03T17:08:01+00:00
pallets/werkzeug,997338,6,2026-04-20,17905,BSD-3-Clause,3,,,2026-05-03T17:08:02+00:00
pandas-dev/pandas,858127,6.8,2026-04-20,67877,BSD-3-Clause,3418,,,2026-05-03T17:08:02+00:00
paramiko/paramiko,119609,4.2,2026-04-20,3369,LGPL-2.1,1159,,,2026-05-03T17:08:02+00:00
paulmillr/chokidar,4090287,4.2,2026-04-20,31752,MIT,38,,,2026-05-03T17:08:02+00:00
paulmillr/readdirp,4494405,3.4,2026-04-20,31853,MIT,2,,,2026-05-03T17:08:03+00:00
pcre2project/pcre2,398251321,8.4,2026-04-20,,non-standard,50,,,2026-05-03T17:08:03+00:00
pest-parser/pest,56964647,5.9,2026-04-20,15646,Apache-2.0,70,,,2026-05-03T17:08:04+00:00
peternator7/strum,80964373,4.6,2026-04-20,196,MIT,65,,,2026-05-03T17:08:05+00:00
petkaantonov/bluebird,12670444,2,2026-04-20,176032,MIT,128,,,2026-05-03T17:08:04+00:00
pexpect/ptyprocess,24727748,3.4,2026-04-20,18275,non-standard,20,,,2026-05-03T17:08:03+00:00
pillarjs/encodeurl,60721766,5.4,2026-04-20,271897,MIT,10,,,2026-05-03T17:08:04+00:00
pillarjs/finalhandler,20547377,6.9,2026-04-20,63477,MIT,13,,,2026-05-03T17:08:05+00:00
pillarjs/iconv-lite,2743221,,,177672,MIT,52,,,2026-05-03T17:08:05+00:00
pillarjs/parseurl,17533192,5.3,2026-04-20,314670,MIT,13,,,2026-05-03T17:08:06+00:00
pillarjs/path-to-regexp,5265803,7,2026-04-20,67580,MIT,8,,,2026-05-03T17:08:06+00:00
pillarjs/send,4879977,6.8,2026-04-20,65900,MIT,23,,,2026-05-03T17:08:06+00:00
pkgconf/pkgconf,4180110,4.7,2026-04-20,,non-standard,8,,,2026-05-03T17:08:07+00:00
postcss/postcss,13078968,6,2026-04-20,206012,MIT,28,,,2026-05-03T17:08:07+00:00
postcss/postcss-selector-parser,36500102,3.6,2026-04-20,63413,MIT,37,,,2026-05-03T17:08:15+00:00
prettier/prettier,75104123,6.8,2026-04-20,13097,MIT,1475,,,2026-05-03T17:08:16+00:00
primus/eventemitter3,13100677,2.9,2026-04-20,64842,MIT,21,,,2026-05-03T17:08:16+00:00
proptest-rs/proptest,94702898,,,2270,Apache-2.0,139,,,2026-05-03T17:08:17+00:00
psf/requests,1362490,8,2026-04-20,162573,Apache-2.0,228,,,2026-05-03T17:08:16+00:00
psycopg/psycopg2,7730829,4.6,2026-04-20,6139,non-standard,24,,,2026-05-03T17:08:17+00:00
pvorb/node-clone,2317381,3.3,2026-04-20,73483,MIT,29,,,2026-05-03T17:08:18+00:00
py4j/py4j,1045976,3.1,2026-04-20,1198,non-standard,186,passing,107,2026-05-03T17:08:17+00:00
pyasn1/pyasn1,512723255,6.5,2026-04-20,20665,non-standard,28,,,2026-05-03T17:08:18+00:00
pyasn1/pyasn1-modules,512723354,,,16971,non-standard,5,,,2026-05-03T17:08:19+00:00
pyca/bcrypt,9993757,5.9,2026-04-20,7918,Apache-2.0,9,,,2026-05-03T17:08:18+00:00
pyca/cryptography,11939484,8.5,2026-04-20,61408,non-standard,48,,,2026-05-03T17:08:19+00:00
pyca/pynacl,8350032,7.5,2026-04-20,7654,Apache-2.0,54,,,2026-05-03T17:08:19+00:00
pyca/pyopenssl,15778059,5.9,2026-04-20,4508,Apache-2.0,89,,,2026-05-03T17:08:20+00:00
pydantic/pydantic,90194616,6.7,2026-04-20,89080,MIT,559,,,2026-05-03T17:08:19+00:00
pydantic/typing-inspection,930576948,,,92799,MIT,6,,,2026-05-03T17:08:20+00:00
pygments/pygments,205564111,6.1,2026-04-20,102834,non-standard,604,,,2026-05-03T17:08:20+00:00
pypa/distlib,436970140,,,3767,non-standard,19,,,2026-05-03T17:08:20+00:00
pypa/packaging,19837758,8.8,2026-04-20,138534,non-standard,95,,,2026-05-03T17:08:21+00:00
pypa/pip,1446467,6.9,2026-04-20,4356,MIT,1052,in_progress,84,2026-05-03T17:08:21+00:00
pypa/setuptools,54980593,4.7,2026-04-20,43884,MIT,643,,,2026-05-03T17:08:21+00:00
pypa/virtualenv,1446474,5.9,2026-04-20,3023,MIT,2,,,2026-05-03T17:08:22+00:00
pypa/wheel,98346885,5.4,2026-04-20,8119,MIT,9,,,2026-05-03T17:08:22+00:00
pyparsing/pyparsing,91262163,6.2,2026-04-20,65489,MIT,38,,,2026-05-03T17:08:22+00:00
pytest-dev/iniconfig,66012563,,,17963,MIT,0,,,2026-05-03T17:08:22+00:00
pytest-dev/pluggy,34739117,6,2026-04-20,21584,MIT,60,,,2026-05-03T17:08:30+00:00
pytest-dev/pytest,37489525,6,2026-04-20,14096,MIT,998,,,2026-05-03T17:08:30+00:00
python-attrs/attrs,29918975,9.1,2026-04-20,92932,MIT,139,passing,113,2026-05-03T17:08:30+00:00
python-cffi/cffi,696427398,5.2,2026-04-20,82847,non-standard,45,,,2026-05-03T17:08:31+00:00
python-greenlet/greenlet,3003137,4.8,2026-04-20,26791,non-standard,21,,,2026-05-03T17:08:31+00:00
python-hyper/brotlicffi,43543393,5.4,2026-04-20,47,MIT,13,,,2026-05-03T17:08:31+00:00
python-hyper/h11,57372073,4.4,2026-04-20,90269,MIT,37,,,2026-05-03T17:08:32+00:00
python-jsonschema/jsonschema,3072629,7.6,2026-04-20,44728,MIT,52,,,2026-05-03T17:08:32+00:00
python-jsonschema/referencing,569027868,6.7,2026-04-20,46337,MIT,17,,,2026-05-03T17:08:32+00:00
python-poetry/poetry-core,238972646,5.8,2026-04-20,,MIT,22,,,2026-05-03T17:08:32+00:00
python-poetry/tomlkit,140365570,,,6382,MIT,38,,,2026-05-03T17:08:33+00:00
python-trio/sniffio,142657210,4.5,2026-04-20,32648,non-standard,12,,,2026-05-03T17:08:33+00:00
python/importlib_metadata,306448340,5.7,2026-04-20,44301,,12,,,2026-05-03T17:08:33+00:00
python/importlib_resources,306147182,5.2,2026-04-20,14062,,7,,,2026-05-03T17:08:33+00:00
python/mypy,7053637,6.9,2026-04-20,1427,non-standard,3138,,,2026-05-03T17:08:34+00:00
python/typeshed,31696383,5.7,2026-04-20,3194,non-standard,363,,,2026-05-03T17:08:35+00:00
python/typing,24604008,7.2,2026-04-20,1467,non-standard,224,,,2026-05-03T17:08:35+00:00
python/tzdata,242158882,5.4,2026-04-20,28373,non-standard,7,,,2026-05-03T17:08:34+00:00
qix-/color-convert,1874305,3.3,2026-04-20,51001,MIT,18,,,2026-05-03T17:08:34+00:00
qix-/node-error-ex,41388258,2.1,2026-04-20,305869,MIT,2,,,2026-05-03T17:08:35+00:00
qix-/node-is-arrayish,41376759,2.1,2026-04-20,73192,MIT,0,,,2026-05-03T17:08:36+00:00
qt/qt5,9880318,3,2026-04-20,,,1,,,2026-05-03T17:08:36+00:00
radix-ui/primitives,273499522,3.2,2026-04-20,864506,MIT,801,,,2026-05-03T17:09:01+00:00
raszi/node-tmp,2313213,3.5,2026-04-20,31554,MIT,11,,,2026-05-03T17:08:36+00:00
raynos/for-each,6006855,3.4,2026-04-20,349479,MIT,0,,,2026-05-03T17:08:37+00:00
raynos/function-bind,10727014,4.5,2026-04-20,1102752,MIT,1,,,2026-05-03T17:08:37+00:00
raynos/xtend,4419184,2.8,2026-04-20,330720,MIT,0,,,2026-05-03T17:08:46+00:00
rayon-rs/either,42479602,,,35413,Apache-2.0,19,,,2026-05-03T17:08:45+00:00
rayon-rs/rayon,24725038,4.5,2026-04-20,29595,Apache-2.0,217,,,2026-05-03T17:08:46+00:00
reactivex/rxjs,32247847,5.3,2026-04-20,145630,Apache-2.0,294,,,2026-05-03T17:08:46+00:00
realpython/pytest-mypy,69576530,,,5,MIT,8,,,2026-05-03T17:08:47+00:00
remix-run/react-router,19872456,5.1,2026-04-20,49954,MIT,163,,,2026-05-03T17:08:47+00:00
remusao/tldts,97631656,4.2,2026-04-20,29712,MIT,19,,,2026-05-03T17:08:47+00:00
requests/requests-oauthlib,6825724,4.3,2026-04-20,10555,non-standard,125,,,2026-05-03T17:08:47+00:00
requests/toolbelt,15515181,4.7,2026-04-20,15149,non-standard,93,,,2026-05-03T17:08:48+00:00
retep998/winapi-rs,23853482,2.5,2026-04-20,177834,Apache-2.0,272,,,2026-05-03T17:08:49+00:00
rich-harris/estree-walker,33668779,2.1,2026-04-20,14749,MIT,10,,,2026-05-03T17:08:48+00:00
rich-harris/magic-string,26143240,3.1,2026-04-20,84031,MIT,29,,,2026-05-03T17:08:48+00:00
rob--w/proxy-from-env,52038793,3.9,2026-04-20,153752,MIT,7,,,2026-05-03T17:08:49+00:00
rollup/plugins,203607977,4.3,2026-04-20,29051,MIT,39,,,2026-05-03T17:08:49+00:00
ronaldoussoren/pyobjc,243933900,3.5,2026-04-20,11846,,92,,,2026-05-03T17:09:37+00:00
rust-cli/anstyle,493821282,,,5213,,,,,2026-05-03T17:08:50+00:00
rust-cli/env_logger,96382888,6.2,2026-04-20,2416,Apache-2.0,46,,,2026-05-03T17:08:49+00:00
rust-embedded/critical-section,365854323,4.2,2026-04-20,1776,Apache-2.0,2,,,2026-05-03T17:08:49+00:00
rust-fuzz/arbitrary,90591032,4.4,2026-04-20,1379,Apache-2.0,36,,,2026-05-03T17:08:50+00:00
rust-itertools/itertools,22360263,5.4,2026-04-20,1835,Apache-2.0,180,,,2026-05-03T17:08:50+00:00
rust-lang-nursery/lazy-static.rs,21157492,5.5,2026-04-20,42497,Apache-2.0,35,,,2026-05-03T17:08:51+00:00
rust-lang/cc-rs,26039547,7.3,2026-04-20,81343,Apache-2.0,160,,,2026-05-03T17:08:51+00:00
rust-lang/cfg-if,38723660,3.9,2026-04-20,80588,Apache-2.0,6,,,2026-05-03T17:08:51+00:00
rust-lang/compiler-builtins,65153793,6.1,2026-04-20,5561,non-standard,61,,,2026-05-03T17:08:52+00:00
rust-lang/flate2-rs,21954009,6.7,2026-04-20,6451,Apache-2.0,28,,,2026-05-03T17:08:52+00:00
rust-lang/futures-rs,55077261,6.6,2026-04-20,195266,Apache-2.0,271,,,2026-05-03T17:09:05+00:00
rust-lang/glob,23241722,4.3,2026-04-20,11692,Apache-2.0,46,,,2026-05-03T17:08:52+00:00
rust-lang/hashbrown,155119796,5.6,2026-04-20,22439,Apache-2.0,79,,,2026-05-03T17:09:00+00:00
rust-lang/libc,29197565,5.6,2026-04-20,90382,Apache-2.0,208,,,2026-05-03T17:09:01+00:00
rust-lang/libz-sys,26042019,5.8,2026-04-20,3150,Apache-2.0,26,,,2026-05-03T17:09:01+00:00
rust-lang/log,27974762,6.8,2026-04-20,55080,Apache-2.0,21,,,2026-05-03T17:09:02+00:00
rust-lang/pkg-config-rs,26042035,4.4,2026-04-20,19825,Apache-2.0,39,,,2026-05-03T17:09:01+00:00
rust-lang/regex,27890669,6.2,2026-04-20,1718,Apache-2.0,62,,,2026-05-03T17:09:02+00:00
rust-lang/rust,724712,7.1,2026-04-20,172,Apache-2.0,12317,,,2026-05-03T17:09:03+00:00
rust-lang/tempdir,31728565,3,2026-04-20,2254,Apache-2.0,2,,,2026-05-03T17:09:02+00:00
rust-num/num-traits,114705611,4,2026-04-20,48741,Apache-2.0,106,,,2026-05-03T17:09:02+00:00
rust-phf/rust-phf,15992970,5.7,2026-04-20,1619,MIT,27,,,2026-05-03T17:09:04+00:00
rust-random/getrandom,166545969,7,2026-04-20,0,Apache-2.0,11,,,2026-05-03T17:09:03+00:00
rust-random/rand,30227790,6.1,2026-04-20,1303,non-standard,16,,,2026-05-03T17:09:04+00:00
rust-random/rand_core,1086593277,,,1323,Apache-2.0,2,,,2026-05-03T17:09:04+00:00
rust-random/rngs,209510094,4.4,2026-04-20,33,non-standard,8,,,2026-05-03T17:09:05+00:00
rustcrypto/formats,406051759,5.4,2026-04-20,2181,,57,,,2026-05-03T17:09:06+00:00
rustcrypto/hashes,74106774,4.8,2026-04-20,806,,31,,,2026-05-03T17:09:06+00:00
rustcrypto/stream-ciphers,83051505,5,2026-04-20,15,,6,,,2026-05-03T17:09:05+00:00
rustcrypto/traits,85605821,5.2,2026-04-20,2675,,50,,,2026-05-03T17:09:16+00:00
rustcrypto/utils,77307442,4.6,2026-04-20,15907,,25,,,2026-05-03T17:09:17+00:00
rvagg/bl,10706095,4.4,2026-04-20,41,non-standard,1,,,2026-05-03T17:09:06+00:00
rvagg/prr,9151864,2.1,2026-04-20,98540,MIT,0,,,2026-05-03T17:09:06+00:00
rvagg/through2,11808187,2.9,2026-04-20,14582,MIT,6,,,2026-05-03T17:09:07+00:00
ryanzim/universalify,87651180,2.9,2026-04-20,204196,MIT,1,,,2026-05-03T17:09:07+00:00
salesforce/tough-cookie,2606873,6.6,2026-04-20,14457,BSD-3-Clause,40,,,2026-05-03T17:09:08+00:00
samn/json-stable-stringify,76598131,1.9,2026-04-20,111300,non-standard,1,,,2026-05-03T17:09:08+00:00
samverschueren/decode-uri-component,91837954,3.6,2026-04-20,2705,MIT,7,,,2026-05-03T17:09:16+00:00
sboudrias/inquirer.js,10114077,5.8,2026-04-20,81219,MIT,18,,,2026-05-03T17:09:20+00:00
scikit-build/ninja-python-distributions,75102202,,,1096,Apache-2.0,9,,,2026-05-03T17:09:16+00:00
scikit-learn/scikit-learn,843222,9.4,2026-04-20,27960,BSD-3-Clause,2059,,,2026-05-03T17:09:16+00:00
scipy/scipy,1460385,5.8,2026-04-20,65545,BSD-3-Clause,1788,,,2026-05-03T17:09:17+00:00
seanmonstar/reqwest,62350380,4.9,2026-04-20,0,Apache-2.0,463,,,2026-05-03T17:09:17+00:00
sec-ant/readable-stream,569980966,,,2,MIT,2,,,2026-05-03T17:09:17+00:00
serde-rs/bytes,87358441,4.2,2026-04-20,0,Apache-2.0,12,,,2026-05-03T17:09:18+00:00
serde-rs/json,35894511,5.7,2026-04-20,0,Apache-2.0,223,,,2026-05-03T17:09:18+00:00
serde-rs/serde,14367737,5.7,2026-04-20,1889,Apache-2.0,382,,,2026-05-03T17:09:19+00:00
serde-rs/test,670894947,,,514,Apache-2.0,11,,,2026-05-03T17:09:18+00:00
servo/rust-fnv,33499190,3.7,2026-04-20,27572,Apache-2.0,9,,,2026-05-03T17:09:19+00:00
servo/rust-smallvec,33456236,3.9,2026-04-20,38847,Apache-2.0,51,,,2026-05-03T17:09:19+00:00
servo/rust-url,14934771,6.1,2026-04-20,84896,Apache-2.0,178,,,2026-05-03T17:09:22+00:00
shtylman/node-process,7580644,2.1,2026-04-20,202456,MIT,16,,,2026-05-03T17:09:20+00:00
sinclairzx81/sinclair-typebox,1122129819,,,43480,non-standard,1,,,2026-05-03T17:09:21+00:00
sindresorhus/ansi-escapes,40721875,3.8,2026-04-20,9190,MIT,1,,,2026-05-03T17:09:21+00:00
sindresorhus/array-union,21005682,3.7,2026-04-20,2583,MIT,0,,,2026-05-03T17:09:22+00:00
sindresorhus/binary-extensions,29771015,3.9,2026-04-20,381,MIT,0,,,2026-05-03T17:09:22+00:00
sindresorhus/callsites,18938743,3.8,2026-04-20,1353,MIT,0,,,2026-05-03T17:09:22+00:00
sindresorhus/camelcase,25116836,3.8,2026-04-20,315,MIT,0,,,2026-05-03T17:09:23+00:00
sindresorhus/clean-stack,62838930,3.8,2026-04-20,9,MIT,0,,,2026-05-03T17:09:23+00:00
sindresorhus/cli-cursor,23512396,3.6,2026-04-20,20306,MIT,0,,,2026-05-03T17:09:23+00:00
sindresorhus/crypto-random-string,73665728,3.9,2026-04-20,276,MIT,0,,,2026-05-03T17:09:33+00:00
sindresorhus/decamelize,29773710,4,2026-04-20,1530,MIT,0,,,2026-05-03T17:09:32+00:00
sindresorhus/detect-newline,21304485,3.6,2026-04-20,1889,MIT,0,,,2026-05-03T17:09:32+00:00
sindresorhus/environment,793180075,,,9584,MIT,0,,,2026-05-03T17:09:32+00:00
sindresorhus/escape-string-regexp,21169121,3.7,2026-04-20,22512,MIT,0,,,2026-05-03T17:09:32+00:00
sindresorhus/execa,47475908,4.3,2026-04-20,11025,MIT,16,,,2026-05-03T17:09:33+00:00
sindresorhus/figures,21672939,4.1,2026-04-20,13592,MIT,0,,,2026-05-03T17:09:33+00:00
sindresorhus/file-type,19105307,3.4,2026-04-20,453,MIT,0,,,2026-05-03T17:09:34+00:00
sindresorhus/find-cache-dir,48783244,3.9,2026-04-20,18,MIT,0,,,2026-05-03T17:09:34+00:00
sindresorhus/find-up,41723004,3.7,2026-04-20,556,MIT,1,,,2026-05-03T17:09:35+00:00
sindresorhus/find-up-simple,714044439,3.7,2026-04-20,6038,MIT,0,,,2026-05-03T17:09:35+00:00
sindresorhus/get-east-asian-width,711160838,4.1,2026-04-20,36461,MIT,0,,,2026-05-03T17:09:35+00:00
sindresorhus/get-stream,44264225,4.3,2026-04-20,14073,MIT,0,,,2026-05-03T17:09:35+00:00
sindresorhus/globals,15186239,4.7,2026-04-20,1486,MIT,10,,,2026-05-03T17:09:36+00:00
sindresorhus/globby,21069494,3.9,2026-04-20,1853,MIT,0,,,2026-05-03T17:09:36+00:00
sindresorhus/has-flag,38718671,3.6,2026-04-20,1021,MIT,0,,,2026-05-03T17:09:36+00:00
sindresorhus/import-fresh,22020904,3.8,2026-04-20,43,MIT,0,,,2026-05-03T17:09:36+00:00
sindresorhus/import-local,90292430,3.7,2026-04-20,68659,MIT,2,,,2026-05-03T17:09:37+00:00
sindresorhus/indent-string,20576837,3.7,2026-04-20,17843,MIT,0,,,2026-05-03T17:09:37+00:00
sindresorhus/is-binary-path,29771247,3.6,2026-04-20,75,MIT,0,,,2026-05-03T17:09:38+00:00
sindresorhus/is-docker,33590534,3.6,2026-04-20,224,MIT,0,,,2026-05-03T17:09:38+00:00
sindresorhus/is-fullwidth-code-point,39222301,3.8,2026-04-20,8082,MIT,0,,,2026-05-03T17:09:38+00:00
sindresorhus/is-inside-container,601943060,3.4,2026-04-20,25639,MIT,0,,,2026-05-03T17:09:38+00:00
sindresorhus/is-path-inside,21054113,3.7,2026-04-20,5181,MIT,0,,,2026-05-03T17:09:39+00:00
sindresorhus/is-plain-obj,38923193,3.8,2026-04-20,40880,MIT,0,,,2026-05-03T17:09:47+00:00
sindresorhus/is-stream,29436825,3.7,2026-04-20,14653,MIT,0,,,2026-05-03T17:09:47+00:00
sindresorhus/is-unicode-supported,348660847,3.7,2026-04-20,29616,MIT,0,,,2026-05-03T17:09:47+00:00
sindresorhus/is-wsl,88415331,3.9,2026-04-20,22309,MIT,0,,,2026-05-03T17:09:48+00:00
sindresorhus/leven,22794601,3.7,2026-04-20,524,MIT,0,,,2026-05-03T17:09:48+00:00
sindresorhus/locate-path,74266248,3.7,2026-04-20,786,MIT,0,,,2026-05-03T17:09:48+00:00
sindresorhus/log-symbols,21673868,3.8,2026-04-20,5603,MIT,1,,,2026-05-03T17:09:49+00:00
sindresorhus/lowercase-keys,29769737,3.9,2026-04-20,104,MIT,0,,,2026-05-03T17:09:48+00:00
sindresorhus/make-dir,90776169,3.8,2026-04-20,80,MIT,0,,,2026-05-03T17:09:49+00:00
sindresorhus/meow,25121561,4.8,2026-04-20,1091,MIT,3,,,2026-05-03T17:09:49+00:00
sindresorhus/mimic-fn,71381729,4.2,2026-04-20,9,MIT,0,,,2026-05-03T17:09:49+00:00
sindresorhus/mimic-function,71381729,,,22824,MIT,0,,,2026-05-03T17:09:50+00:00
sindresorhus/mimic-response,93189529,3.7,2026-04-20,8640,MIT,0,,,2026-05-03T17:09:50+00:00
sindresorhus/node-defaults,7985040,3.6,2026-04-20,51,MIT,0,,,2026-05-03T17:09:51+00:00
sindresorhus/normalize-url,29094022,4.1,2026-04-20,220,MIT,0,,,2026-05-03T17:09:50+00:00
sindresorhus/npm-run-path,48707028,3.9,2026-04-20,12008,MIT,0,,,2026-05-03T17:09:51+00:00
sindresorhus/object-assign,16457190,3.7,2026-04-20,622246,MIT,0,,,2026-05-03T17:09:51+00:00
sindresorhus/onetime,14847357,3.9,2026-04-20,4,MIT,0,,,2026-05-03T17:09:51+00:00
sindresorhus/open,18469325,3.7,2026-04-20,4690,MIT,2,,,2026-05-03T17:09:52+00:00
sindresorhus/p-limit,71542716,4.5,2026-04-20,1337,MIT,1,,,2026-05-03T17:09:52+00:00
sindresorhus/p-locate,74265632,3.9,2026-04-20,19,MIT,0,,,2026-05-03T17:09:52+00:00
sindresorhus/p-map,71526722,3.9,2026-04-20,8999,MIT,12,,,2026-05-03T17:09:53+00:00
sindresorhus/p-try,71534796,3.7,2026-04-20,12,MIT,0,,,2026-05-03T17:09:53+00:00
sindresorhus/parent-module,50187748,3.6,2026-04-20,33,MIT,0,,,2026-05-03T17:09:53+00:00
sindresorhus/parse-json,41367145,4,2026-04-20,4317,MIT,1,,,2026-05-03T17:09:54+00:00
sindresorhus/path-exists,34965664,3.7,2026-04-20,11459,MIT,0,,,2026-05-03T17:10:02+00:00
sindresorhus/path-is-absolute,30900285,3,2026-04-20,77,MIT,0,,,2026-05-03T17:10:02+00:00
sindresorhus/path-key,48706449,3.8,2026-04-20,30887,MIT,0,,,2026-05-03T17:10:02+00:00
sindresorhus/path-type,41905436,3.7,2026-04-20,4835,MIT,0,,,2026-05-03T17:10:03+00:00
sindresorhus/pify,41585934,3.8,2026-04-20,185,MIT,0,,,2026-05-03T17:10:03+00:00
sindresorhus/pkg-dir,41724281,3.8,2026-04-20,40,MIT,0,,,2026-05-03T17:10:03+00:00
sindresorhus/quick-lru,86679721,3.7,2026-04-20,50699,MIT,0,,,2026-05-03T17:10:04+00:00
sindresorhus/read-pkg,41790094,3.8,2026-04-20,1076,MIT,0,,,2026-05-03T17:10:04+00:00
sindresorhus/read-pkg-up,41842429,3.6,2026-04-20,403,MIT,0,,,2026-05-03T17:10:05+00:00
sindresorhus/resolve-cwd,47504070,3.7,2026-04-20,71979,MIT,1,,,2026-05-03T17:10:05+00:00
sindresorhus/resolve-from,22022707,3.7,2026-04-20,118994,MIT,2,,,2026-05-03T17:10:05+00:00
sindresorhus/restore-cursor,23512229,3.7,2026-04-20,20408,MIT,0,,,2026-05-03T17:10:06+00:00
sindresorhus/shebang-regex,30903733,3.7,2026-04-20,23,MIT,0,,,2026-05-03T17:10:05+00:00
sindresorhus/slash,11516031,3.7,2026-04-20,7818,MIT,0,,,2026-05-03T17:10:06+00:00
sindresorhus/string-width,39222730,4.4,2026-04-20,9428,MIT,1,,,2026-05-03T17:10:06+00:00
sindresorhus/strip-bom,18444852,3.6,2026-04-20,497,MIT,0,,,2026-05-03T17:10:07+00:00
sindresorhus/strip-final-newline,47453723,3.8,2026-04-20,11557,MIT,0,,,2026-05-03T17:10:07+00:00
sindresorhus/strip-indent,18242629,3.7,2026-04-20,9965,MIT,0,,,2026-05-03T17:10:07+00:00
sindresorhus/strip-json-comments,14468669,3.7,2026-04-20,5347,MIT,0,,,2026-05-03T17:10:08+00:00
sindresorhus/tagged-tag,795552264,,,10193,MIT,0,,,2026-05-03T17:10:08+00:00
sindresorhus/to-fast-properties,31656998,3.7,2026-04-20,22,MIT,0,,,2026-05-03T17:10:08+00:00
sindresorhus/type-fest,175398594,5.3,2026-04-20,9723,non-standard,210,,,2026-05-03T17:10:08+00:00
sindresorhus/unicorn-magic,716660564,3.4,2026-04-20,2862,MIT,0,,,2026-05-03T17:10:09+00:00
sindresorhus/yocto-queue,315531538,3.6,2026-04-20,16663,MIT,0,,,2026-05-03T17:10:09+00:00
sinonjs/commons,143001748,3.4,2026-04-20,1,BSD-3-Clause,1,,,2026-05-03T17:10:09+00:00
sinonjs/fake-timers,16523712,5.7,2026-04-20,1274,BSD-3-Clause,9,,,2026-05-03T17:10:18+00:00
smithy-lang/smithy-rs,308027791,,,11,Apache-2.0,369,,,2026-05-03T17:10:23+00:00
smithy-lang/smithy-typescript,208319207,,,3523118,Apache-2.0,75,,,2026-05-03T17:10:30+00:00
smol-rs/fastrand,267368764,4.3,2026-04-20,20991,Apache-2.0,10,,,2026-05-03T17:10:18+00:00
snowflakedb/snowflake-connector-python,62262074,5.2,2026-04-20,348,Apache-2.0,137,,,2026-05-03T17:10:19+00:00
socketio/socket.io,557980,6.4,2026-04-20,134164,MIT,206,,,2026-05-03T17:10:21+00:00
sqlalchemy/sqlalchemy,159271175,5.2,2026-04-20,20733,MIT,214,,,2026-05-03T17:10:18+00:00
srijs/rust-crc32fast,157348282,3.6,2026-04-20,8512,Apache-2.0,6,,,2026-05-03T17:10:19+00:00
stebalien/tempfile,33832372,5.7,2026-04-20,17488,Apache-2.0,3,,,2026-05-03T17:10:19+00:00
stefanpenner/get-caller-file,48818175,2.1,2026-04-20,264794,non-standard,6,,,2026-05-03T17:10:21+00:00
storybookjs/storybook,54173593,6,2026-04-20,1852,MIT,2267,,,2026-05-03T17:10:22+00:00
stream-utils/destroy,15544623,2.8,2026-04-20,249488,MIT,2,,,2026-05-03T17:10:20+00:00
stream-utils/raw-body,12823654,5.7,2026-04-20,69959,MIT,8,,,2026-05-03T17:10:19+00:00
stream-utils/unpipe,37428186,2,2026-04-20,322636,MIT,0,,,2026-05-03T17:10:21+00:00
streamich/memfs,37490572,5.4,2026-04-20,66460,Apache-2.0,53,,,2026-05-03T17:10:23+00:00
stub42/pytz,63155638,4.9,2026-04-20,42727,MIT,41,,,2026-05-03T17:10:22+00:00
suguru03/neo-async,27030361,2.4,2026-04-20,157997,non-standard,15,,,2026-05-03T17:10:22+00:00
sval-rs/sval,157205610,4.5,2026-04-20,65,Apache-2.0,2,,,2026-05-03T17:10:24+00:00
swc-project/swc,115110181,5.1,2026-04-20,63712,Apache-2.0,431,,,2026-05-03T17:10:50+00:00
sybrenstuvel/python-rsa,50107469,5.6,2026-04-20,4529,non-standard,28,,,2026-05-03T17:10:23+00:00
syntax-tree/unist-util-is,41795086,3.4,2026-04-20,17222,MIT,0,,,2026-05-03T17:10:24+00:00
systemd/systemd,32873313,8.8,2026-04-20,,GPL-2.0,3279,passing,187,2026-05-03T17:10:24+00:00
taiki-e/pin-project,164668916,6.5,2026-04-20,18508,Apache-2.0,8,,,2026-05-03T17:10:25+00:00
taiki-e/pin-project-lite,216847853,6.5,2026-04-20,36425,Apache-2.0,10,,,2026-05-03T17:10:26+00:00
taiki-e/portable-atomic,448365131,7.2,2026-04-20,2229,Apache-2.0,16,,,2026-05-03T17:10:25+00:00
tapjs/signal-exit,35711072,3.4,2026-04-20,144406,non-standard,11,,,2026-05-03T17:10:25+00:00
tapjs/stack-utils,48974178,3.4,2026-04-20,77953,MIT,17,,,2026-05-03T17:10:26+00:00
tartley/colorama,18892209,3.9,2026-04-20,20221,BSD-3-Clause,134,,,2026-05-03T17:10:30+00:00
teambition/merge2,25396227,2.7,2026-04-20,199339,MIT,3,,,2026-05-03T17:10:30+00:00
teddriggs/darling,89984100,3.4,2026-04-20,1350,MIT,9,,,2026-05-03T17:10:31+00:00
tehshrike/deepmerge,3276413,2.3,2026-04-20,123916,MIT,60,,,2026-05-03T17:10:31+00:00
terkelg/sisteransi,122441239,2.9,2026-04-20,108947,MIT,3,,,2026-05-03T17:10:32+00:00
terser/terser,29097127,5.8,2026-04-20,87254,non-standard,335,,,2026-05-03T17:10:31+00:00
textualize/rich,220809393,6.7,2026-04-20,66195,MIT,315,,,2026-05-03T17:10:33+00:00
theskumar/python-dotenv,23727790,5,2026-04-20,54478,BSD-3-Clause,89,,,2026-05-03T17:10:32+00:00
thlorenz/convert-source-map,8751561,3.9,2026-04-20,145569,MIT,6,,,2026-05-03T17:10:32+00:00
thlorenz/deep-is,9345558,1.9,2026-04-20,149353,non-standard,0,,,2026-05-03T17:10:33+00:00
tim-kos/node-retry,1738798,3.1,2026-04-20,80940,non-standard,20,,,2026-05-03T17:10:33+00:00
time-rs/time,26459635,5,2026-04-20,2174,Apache-2.0,10,,,2026-05-03T17:10:35+00:00
tj/commander.js,2206953,6.8,2026-04-20,61894,MIT,13,,,2026-05-03T17:10:33+00:00
tkem/cachetools,18006791,6.9,2026-04-20,13986,MIT,0,,,2026-05-03T17:10:34+00:00
tokio-rs/bytes,30062547,5.4,2026-04-20,28207,MIT,85,,,2026-05-03T17:10:34+00:00
tokio-rs/loom,161875917,4.3,2026-04-20,257,MIT,109,,,2026-05-03T17:10:34+00:00
tokio-rs/prost,94262864,6.5,2026-04-20,62,Apache-2.0,235,,,2026-05-03T17:10:35+00:00
tokio-rs/slab,37093133,4.6,2026-04-20,29007,MIT,11,,,2026-05-03T17:10:34+00:00
tokio-rs/tokio,67836789,6.9,2026-04-20,96074,MIT,415,,,2026-05-03T17:10:49+00:00
tokio-rs/tracing,165289175,6.1,2026-04-20,67889,MIT,825,,,2026-05-03T17:10:46+00:00
toml-rs/toml,95902102,7.8,2026-04-20,0,Apache-2.0,61,,,2026-05-03T17:10:45+00:00
tootallnate/proxy-agents,11293703,4,2026-04-20,5648,,42,,,2026-05-03T17:10:48+00:00
tootallnate/util-deprecate,19321056,2.3,2026-04-20,783078,MIT,1,,,2026-05-03T17:10:35+00:00
tower-rs/tower,98244646,4.7,2026-04-20,17772,MIT,87,,,2026-05-03T17:10:45+00:00
tox-dev/filelock,17098256,,,27639,MIT,0,,,2026-05-03T17:10:36+00:00
tox-dev/platformdirs,367032142,,,43671,MIT,0,,,2026-05-03T17:10:36+00:00
troygoode/node-require-directory,3053807,2.3,2026-04-20,297659,MIT,19,,,2026-05-03T17:10:36+00:00
trysound/postcss-value-parser,40920306,2.8,2026-04-20,137839,MIT,23,,,2026-05-03T17:10:36+00:00
tsconfig/bases,263697285,4.5,2026-04-20,33180,MIT,53,,,2026-05-03T17:10:45+00:00
tukaani-project/xz,553665726,5.8,2026-04-20,,non-standard,6,,,2026-05-03T17:10:37+00:00
typescript-eslint/typescript-eslint,165536154,5.8,2026-04-20,128211,MIT,302,,,2026-05-03T17:10:49+00:00
unicode-org/icu4x,243395141,6.4,2026-04-20,280,non-standard,662,,,2026-05-03T17:11:03+00:00
unicode-rs/unicode-xid,34637906,3.2,2026-04-20,9574,non-standard,6,,,2026-05-03T17:10:45+00:00
unshiftio/requires-port,26316179,2.8,2026-04-20,136994,MIT,2,,,2026-05-03T17:10:46+00:00
uqfoundation/dill,11031844,3.7,2026-04-20,10987,non-standard,202,,,2026-05-03T17:10:46+00:00
urllib3/urllib3,2410676,8.6,2026-04-20,174619,MIT,183,passing,164,2026-05-03T17:10:47+00:00
util-linux/util-linux,2339555,,,,GPL-2.0,434,passing,113,2026-05-03T17:10:47+00:00
uuidjs/uuid,1203139,6.1,2026-04-20,3714,MIT,2,,,2026-05-03T17:10:47+00:00
vercel/ai,644461337,,,13788,non-standard,1572,,,2026-05-03T17:10:48+00:00
vercel/ms,3655872,5.1,2026-04-20,842061,MIT,33,,,2026-05-03T17:10:47+00:00
vercel/next.js,70107786,6.3,2026-04-20,225275,MIT,3851,,,2026-05-03T17:10:50+00:00
visionmedia/bytes.js,4626886,2.8,2026-04-20,307379,MIT,9,,,2026-05-03T17:10:49+00:00
visionmedia/node-cookie-signature,6229722,2.3,2026-04-20,67171,MIT,3,,,2026-05-03T17:10:48+00:00
vitest-dev/vitest,434708679,,,3902,MIT,396,,,2026-05-03T17:10:52+00:00
vorner/signal-hook,137260008,3.7,2026-04-20,15552,Apache-2.0,23,,,2026-05-03T17:10:51+00:00
vuejs/core,137078487,5.4,2026-04-20,542893,MIT,986,,,2026-05-03T17:11:01+00:00
wasm-bindgen/wasm-bindgen,114685405,,,191895,Apache-2.0,547,,,2026-05-03T17:11:02+00:00
watson/ci-info,71475907,3.2,2026-04-20,45440,MIT,24,,,2026-05-03T17:10:51+00:00
wbond/asn1crypto,36823669,4.3,2026-04-20,1747,MIT,62,,,2026-05-03T17:10:51+00:00
webmproject/libwebp,23368445,3.2,2026-04-20,,BSD-3-Clause,4,,,2026-05-03T17:10:51+00:00
webpack/enhanced-resolve,5400204,5.6,2026-04-20,71508,MIT,10,,,2026-05-03T17:10:52+00:00
webpack/loader-utils,6503675,5.1,2026-04-20,46248,MIT,14,,,2026-05-03T17:11:00+00:00
webpack/schema-utils,80306715,4.2,2026-04-20,63263,MIT,7,,,2026-05-03T17:11:00+00:00
webpack/tapable,7730086,5.7,2026-04-20,76332,MIT,3,,,2026-05-03T17:11:00+00:00
webpack/terser-webpack-plugin,143057914,,,59161,MIT,4,,,2026-05-03T17:11:01+00:00
webpack/watchpack,24119524,5.6,2026-04-20,117212,MIT,10,,,2026-05-03T17:11:01+00:00
webpack/webpack-sources,48954523,5.5,2026-04-20,60061,MIT,1,,,2026-05-03T17:11:02+00:00
webreflection/flatted,131121620,4.4,2026-04-20,83828,non-standard,3,,,2026-05-03T17:11:02+00:00
webreflection/html-escaper,33597730,2,2026-04-20,2671,MIT,0,,,2026-05-03T17:11:02+00:00
websocket-client/websocket-client,1202362,3.8,2026-04-20,16660,Apache-2.0,31,,,2026-05-03T17:11:03+00:00
websockets/ws,2744972,5.4,2026-04-20,137727,MIT,5,,,2026-05-03T17:11:03+00:00
wesleytodd/setprototypeof,30301031,3.2,2026-04-20,329247,non-standard,1,,,2026-05-03T17:11:03+00:00
whitequark/ipaddr.js,2110585,4.1,2026-04-20,52748,MIT,13,,,2026-05-03T17:11:04+00:00
withoutboats/heck,86326466,3,2026-04-20,3003,Apache-2.0,14,,,2026-05-03T17:11:05+00:00
xiph/ogg,33956205,2.5,2026-04-20,,BSD-3-Clause,17,,,2026-05-03T17:11:04+00:00
xtuc/webassemblyjs,113006071,1.7,2026-04-20,462488,MIT,82,,,2026-05-03T17:11:05+00:00
yahoo/serialize-javascript,24106944,4.7,2026-04-20,1556,non-standard,44,,,2026-05-03T17:11:05+00:00
yaml/libyaml,2699072,4.2,2026-04-20,,MIT,115,,,2026-05-03T17:11:04+00:00
yaml/pyyaml,2700147,4.8,2026-04-20,105265,MIT,348,,,2026-05-03T17:11:05+00:00
yargs/cliui,34287546,3.4,2026-04-20,5754,non-standard,23,,,2026-05-03T17:11:06+00:00
yargs/set-blocking,58830287,2.5,2026-04-20,221576,non-standard,3,,,2026-05-03T17:11:06+00:00
yargs/y18n,39720886,3.4,2026-04-20,191125,non-standard,18,,,2026-05-03T17:11:06+00:00
yargs/yargs,14210523,5.5,2026-04-20,5637,MIT,321,,,2026-05-03T17:11:22+00:00
yargs/yargs-parser,50258379,4,2026-04-20,6209,non-standard,59,,,2026-05-03T17:11:06+00:00
yuzujs/setimmediate,1981208,2.1,2026-04-20,169429,MIT,19,,,2026-05-03T17:11:22+00:00
zertosh/loose-envify,41947687,2.1,2026-04-20,595804,MIT,6,,,2026-05-03T17:11:23+00:00
zloirock/core-js,11481338,5,2026-04-20,321216,MIT,43,,,2026-05-03T17:11:23+00:00
