repo,repo_id,depsdev_scorecard_overall,depsdev_scorecard_date,depsdev_dependent_count,depsdev_license,depsdev_open_issues,bestpractices_badge_id,bestpractices_tiered_percentage,fetched_at
10der/homeassistant-custom_components-awtrix,gh/748539167,,,,MIT,10,,,2026-05-03T19:09:22+00:00
7rulnik/source-map-js,gh/330043541,3.8,2026-04-20,412006,non-standard,15,,,2026-05-03T19:09:24+00:00
acornjs/acorn,gh/5932749,5,2026-04-20,248777,,16,,,2026-05-03T19:09:26+00:00
acornjs/acorn-jsx,gh/22187098,2.6,2026-04-20,106535,MIT,18,,,2026-05-03T19:09:25+00:00
adobe/react-spectrum,gh/208362715,6.7,2026-04-20,109488,Apache-2.0,582,,,2026-05-03T19:09:31+00:00
agronholm/anyio,gh/145337588,5.3,2026-04-20,90992,MIT,84,,,2026-05-03T19:09:23+00:00
agronholm/exceptiongroup,gh/447694800,4,2026-04-20,113528,non-standard,6,,,2026-05-03T19:09:24+00:00
ai/nanoid,gh/99401299,6.7,2026-04-20,11670,MIT,2,,,2026-05-03T19:09:26+00:00
aio-libs/aiobotocore,gh/36618494,7.7,2026-04-20,1123,Apache-2.0,25,,,2026-05-03T19:09:22+00:00
aio-libs/aiohttp,gh/13258039,7.1,2026-05-04,36933,non-standard,260,,,2026-05-17T23:42:53+00:00
aio-libs/aiosignal,gh/205007356,6.7,2026-04-20,39198,Apache-2.0,3,,,2026-05-03T19:09:26+00:00
aio-libs/async-timeout,gh/67703198,4.5,2026-04-20,44201,non-standard,11,,,2026-05-03T19:09:24+00:00
aio-libs/frozenlist,gh/204197530,5.6,2026-04-20,39249,Apache-2.0,25,,,2026-05-03T19:09:23+00:00
aio-libs/multidict,gh/51206425,7.1,2026-05-04,43301,non-standard,29,,,2026-05-17T23:42:53+00:00
aio-libs/propcache,gh/866565706,,,42050,Apache-2.0,11,,,2026-05-03T19:09:24+00:00
aio-libs/yarl,gh/64756820,6.7,2026-04-20,41979,Apache-2.0,70,,,2026-05-03T19:09:25+00:00
ajv-validator/ajv,gh/35914020,5.3,2026-04-20,181448,MIT,327,in_progress,99,2026-05-03T19:09:22+00:00
ajv-validator/ajv-formats,gh/281084700,3.5,2026-04-20,66452,MIT,52,,,2026-05-03T19:09:25+00:00
ajv-validator/ajv-keywords,gh/60477053,3.2,2026-05-04,,MIT,47,,,2026-05-17T23:42:51+00:00
alexcrichton/tar-rs,gh/21946092,7.1,2026-04-20,159,Apache-2.0,129,,,2026-05-03T19:09:23+00:00
alexei/sprintf.js,gh/9175790,2.5,2026-04-20,39523,BSD-3-Clause,63,,,2026-05-03T19:09:23+00:00
alexeyraspopov/picocolors,gh/410740124,3.2,2026-04-20,668746,non-standard,14,,,2026-05-03T19:09:25+00:00
alexhuszagh/rust-lexical,gh/155286170,4.8,2026-04-20,1325,non-standard,14,,,2026-05-03T19:09:26+00:00
alexindigo/asynckit,gh/59087459,2,2026-04-20,2,MIT,1,,,2026-05-03T19:09:27+00:00
amanieu/parking_lot,gh/58731560,4.1,2026-04-20,63431,Apache-2.0,77,,,2026-05-03T19:09:27+00:00
andialbrecht/sqlparse,gh/4067434,4.8,2026-04-20,16617,BSD-3-Clause,258,,,2026-05-03T19:09:27+00:00
andrewrk/node-pend,gh/11836813,2,2026-04-20,85510,MIT,0,,,2026-05-03T19:09:27+00:00
andyperlitch/jsbn,gh/9710533,2.5,2026-04-20,7886,non-standard,20,,,2026-05-03T19:09:28+00:00
annotated-types/annotated-types,gh/487934134,3.6,2026-04-20,94335,MIT,11,,,2026-05-03T19:09:28+00:00
antonk52/lilconfig,gh/238967485,3.4,2026-04-20,58844,MIT,4,,,2026-05-03T19:09:32+00:00
apache/airflow,gh/33884891,7.5,2026-04-20,4191,Apache-2.0,1719,,,2026-05-03T19:09:33+00:00
apache/arrow,gh/51905353,7,2026-04-20,14872,Apache-2.0,2809,,,2026-05-03T19:09:32+00:00
apache/arrow-rs,gh/358917250,6.2,2026-04-20,247,Apache-2.0,751,,,2026-05-03T19:09:33+00:00
archlinux/linux,gh/142707813,,,,,,,,2026-05-17T23:42:49+00:00
ardatan/graphql-tools,gh/54432168,5.9,2026-04-20,23755,MIT,159,,,2026-05-03T19:09:34+00:00
ardatan/whatwg-node,gh/429511342,,,9709,MIT,14,,,2026-05-03T19:09:32+00:00
assert-rs/snapbox,gh/424722460,,,12,Apache-2.0,46,,,2026-05-03T19:09:32+00:00
astral-sh/ruff,gh/523043277,,,1836,MIT,1960,,,2026-05-03T19:09:33+00:00
auth0/node-jwa,gh/8116861,,,,MIT,17,,,2026-05-17T23:42:52+00:00
autotools-mirror/autoconf,gh/47662429,,,,GPL-2.0,0,,,2026-05-03T19:09:33+00:00
autotools-mirror/libtool,gh/47662711,,,,,6,,,2026-05-03T19:09:34+00:00
autotools-mirror/m4,gh/66880383,,,,,,,,2026-05-03T19:09:34+00:00
aws/aws-cli,gh/6780767,5.6,2026-04-20,301,non-standard,606,,,2026-05-03T19:09:35+00:00
aws/aws-sdk-js-crypto-helpers,gh/149673986,5.3,2026-04-20,342054,Apache-2.0,29,,,2026-05-03T19:09:35+00:00
aws/aws-sdk-js-v3,gh/87228090,5.5,2026-04-20,1374689,Apache-2.0,173,,,2026-05-03T19:09:36+00:00
axios/axios,gh/23088740,6.7,2026-04-20,151586,MIT,166,,,2026-05-03T19:09:35+00:00
azure/azure-sdk-for-js,gh/108311273,6,2026-04-20,175237,MIT,800,,,2026-05-03T19:09:36+00:00
azure/azure-sdk-for-python,gh/4127088,6.7,2026-04-20,11982,MIT,1215,,,2026-05-03T19:09:46+00:00
azure/msrest-for-python,gh/71186468,3.6,2026-04-20,1176,MIT,0,,,2026-05-03T19:09:35+00:00
azuread/microsoft-authentication-library-for-python,gh/67243113,6.5,2026-04-20,2308,non-standard,80,,,2026-05-03T19:09:36+00:00
babel/babel,gh/24560307,7.2,2026-04-20,17860474,MIT,753,in_progress,27,2026-05-03T19:09:51+00:00
babel/babel-polyfills,gh/190579283,4.6,2026-04-20,415388,MIT,32,,,2026-05-03T19:09:36+00:00
bdwgc/bdwgc,gh/2109456,,,,non-standard,186,in_progress,97,2026-05-17T23:42:52+00:00
beatgammit/base64-js,gh/2853282,2.1,2026-04-20,467134,MIT,4,,,2026-05-03T19:09:37+00:00
benjaminp/six,gh/77868600,3.9,2026-04-20,170000,MIT,109,,,2026-05-03T19:09:37+00:00
besser82/libxcrypt,gh/35503965,,,,LGPL-2.1,35,,,2026-05-03T19:09:37+00:00
bincode-org/bincode,gh/24130045,,,9,,23,,,2026-05-03T19:09:37+00:00
bitflags/bitflags,gh/29287955,7.4,2026-04-20,46064,Apache-2.0,14,,,2026-05-03T19:09:38+00:00
blakeembrey/array-flatten,gh/17789771,3.3,2026-04-20,2683,MIT,8,,,2026-05-03T19:09:45+00:00
blakeembrey/change-case,gh/9440238,3.7,2026-04-20,6347,MIT,13,,,2026-05-03T19:09:47+00:00
bluss/bencher,gh/65987276,2.3,2026-04-20,396,Apache-2.0,7,,,2026-05-03T19:09:46+00:00
bminor/glibc,gh/13868694,3,2026-04-20,,LGPL-2.1,0,,,2026-05-03T19:09:46+00:00
boto/boto3,gh/24774658,7.7,2026-04-20,12282,Apache-2.0,188,,,2026-05-03T19:09:47+00:00
boto/botocore,gh/6670942,8.2,2026-04-20,13136,Apache-2.0,156,,,2026-05-03T19:09:47+00:00
boto/s3transfer,gh/49535299,7.7,2026-04-20,12510,Apache-2.0,65,,,2026-05-03T19:09:47+00:00
braveg1rl/performance-now,gh/336187529,1.5,2026-04-20,257552,,0,,,2026-05-03T19:09:48+00:00
brianc/node-postgres,gh/991475,5.2,2026-04-20,87283,MIT,523,,,2026-05-03T19:09:48+00:00
brianloveswords/node-jwa,gh/8116861,4.5,2026-04-20,67466,MIT,17,,,2026-05-03T19:09:48+00:00
broofa/mime,gh/534940,3.9,2026-04-20,6007,MIT,5,,,2026-05-03T19:09:48+00:00
broofa/node-int64,gh/1208666,2.3,2026-04-20,101220,MIT,0,,,2026-05-03T19:09:49+00:00
browserify/events,gh/1649251,3.5,2026-05-04,,MIT,13,,,2026-05-17T23:42:50+00:00
browserify/node-util,gh/14568009,3.5,2026-04-20,84246,MIT,23,,,2026-05-03T19:09:49+00:00
browserify/randombytes,gh/29300004,,,,,,,,2026-05-17T23:42:49+00:00
browserify/resolve,gh/1915099,7.1,2026-04-20,405465,MIT,17,passing,189,2026-05-03T19:09:49+00:00
browserslist/browserslist,gh/27971466,5.9,2026-04-20,186435,MIT,45,,,2026-05-03T19:09:49+00:00
browserslist/caniuse-lite,gh/80221890,4.5,2026-05-04,,non-standard,7,,,2026-05-17T23:42:53+00:00
browserslist/update-db,gh/505548145,3.6,2026-04-20,186952,MIT,7,,,2026-05-03T19:09:50+00:00
burntsushi/aho-corasick,gh/37290678,4.7,2026-04-20,27034,non-standard,8,,,2026-05-03T19:09:50+00:00
burntsushi/jiff,gh/759017108,,,170,non-standard,43,,,2026-05-03T19:09:50+00:00
burntsushi/memchr,gh/37290652,,,75334,non-standard,32,,,2026-05-03T19:09:51+00:00
burntsushi/quickcheck,gh/17559913,5,2026-04-20,339,non-standard,31,,,2026-05-03T19:09:51+00:00
burntsushi/same-file,gh/78375612,3,2026-04-20,17052,non-standard,7,,,2026-05-03T19:09:51+00:00
burntsushi/termcolor,gh/141345580,3.1,2026-04-20,16512,non-standard,16,,,2026-05-03T19:09:52+00:00
burntsushi/ucd-generate,gh/123997498,3.2,2026-04-20,4971,Apache-2.0,9,,,2026-05-03T19:09:52+00:00
burntsushi/walkdir,gh/42685794,4,2026-04-20,16808,non-standard,47,,,2026-05-03T19:10:08+00:00
burntsushi/winapi-util,gh/146040682,4,2026-04-20,29921,non-standard,6,,,2026-05-03T19:10:08+00:00
businho/pytest-ruff,gh/599731435,,,2,MIT,3,,,2026-05-03T19:10:08+00:00
bytecodealliance/rustix,gh/295544240,5.1,2026-04-20,18110,non-standard,110,,,2026-05-03T19:10:08+00:00
bytecodealliance/wasi-rs,gh/196445196,,,22941,Apache-2.0,6,,,2026-05-03T19:10:09+00:00
c-ares/c-ares,gh/571708,7.2,2026-04-20,,MIT,62,passing,115,2026-05-03T19:10:09+00:00
calvinmetcalf/minimalistic-assert,gh/29144257,2.5,2026-04-20,183583,non-standard,1,,,2026-05-03T19:10:09+00:00
calvinmetcalf/process-nextick-args,gh/36039131,2.3,2026-04-20,486811,MIT,2,,,2026-05-03T19:10:09+00:00
caolan/async,gh/698041,4.1,2026-04-20,186578,MIT,24,,,2026-05-03T19:10:10+00:00
certbot/certbot,gh/26516210,8.1,2026-04-20,472,non-standard,190,,,2026-05-03T19:10:10+00:00
certifi/python-certifi,gh/3060959,6.6,2026-04-20,211308,non-standard,2,,,2026-05-03T19:10:10+00:00
chaijs/type-detect,gh/12107007,4.1,2026-04-20,40343,MIT,8,,,2026-05-03T19:10:10+00:00
chalk/ansi-regex,gh/20451415,3.8,2026-04-20,177582,MIT,1,,,2026-05-03T19:10:11+00:00
chalk/ansi-styles,gh/11803168,3.9,2026-04-20,112637,MIT,0,,,2026-05-03T19:10:11+00:00
chalk/chalk,gh/11855195,3.8,2026-04-20,139117,MIT,5,,,2026-05-03T19:10:11+00:00
chalk/slice-ansi,gh/43191689,4.3,2026-04-20,556,MIT,0,,,2026-05-03T19:10:11+00:00
chalk/strip-ansi,gh/15014856,4,2026-04-20,172890,MIT,0,,,2026-05-03T19:10:12+00:00
chalk/supports-color,gh/11855007,3.9,2026-04-20,4416,MIT,3,,,2026-05-03T19:10:12+00:00
chalk/wrap-ansi,gh/41053676,4.2,2026-04-20,1162,MIT,1,,,2026-05-03T19:10:12+00:00
chalker/safer-buffer,gh/125825141,2.1,2026-04-20,768503,MIT,7,,,2026-05-03T19:10:12+00:00
chardet/chardet,gh/5196969,6.3,2026-04-20,4616,non-standard,1,,,2026-05-03T19:10:13+00:00
cheeriojs/dom-serializer,gh/18991884,6.4,2026-04-20,324,MIT,0,,,2026-05-03T19:10:13+00:00
chicoxyzzy/node-releases,gh/73765596,3.9,2026-04-20,187135,MIT,5,,,2026-05-03T19:10:13+00:00
chronotope/chrono,gh/18210201,5.3,2026-04-20,21417,non-standard,188,,,2026-05-03T19:10:13+00:00
chronotope/humantime,gh/59320323,,,6284,Apache-2.0,18,,,2026-05-03T19:10:14+00:00
clap-rs/clap,gh/31315121,5.5,2026-04-20,14454,Apache-2.0,425,,,2026-05-03T19:10:16+00:00
cloudflare/cloudflare-python,gh/753271547,,,49,Apache-2.0,23,,,2026-05-03T19:10:14+00:00
colinhacks/zod,gh/245704608,4.9,2026-04-20,52489,MIT,98,,,2026-05-03T19:10:16+00:00
colorjs/color-name,gh/27038309,2.5,2026-04-20,52431,MIT,0,,,2026-05-03T19:10:16+00:00
comex/rust-shlex,gh/37886228,3.6,2026-04-20,42884,non-standard,5,,,2026-05-03T19:10:16+00:00
component/escape-html,gh/5444800,2,2026-04-20,334855,MIT,2,,,2026-05-03T19:10:17+00:00
component/toidentifier,gh/114743189,2.8,2026-04-20,328769,MIT,1,,,2026-05-03T19:10:17+00:00
conventional-changelog/commitlint,gh/51575745,5.9,2026-04-20,36171,MIT,166,,,2026-05-03T19:10:18+00:00
conventional-changelog/conventional-changelog,gh/15639771,4.7,2026-04-20,13603,non-standard,249,,,2026-05-03T19:10:18+00:00
cosmiconfig/cosmiconfig,gh/45750507,5.4,2026-04-20,18566,MIT,16,,,2026-05-03T19:10:17+00:00
coveragepy/coveragepy,gh/138421996,,,3460,Apache-2.0,273,,,2026-05-03T19:10:17+00:00
cpburnz/python-pathspec,gh/14648551,,,8997,non-standard,2,,,2026-05-03T19:10:18+00:00
crate-py/rpds,gh/608018848,,,47621,MIT,5,,,2026-05-17T23:42:53+00:00
criterion-rs/criterion.rs,gh/1081104682,,,1647,Apache-2.0,26,,,2026-05-03T19:10:18+00:00
crossbeam-rs/crossbeam,gh/35566048,5.5,2026-04-20,69127,Apache-2.0,155,,,2026-05-03T19:10:18+00:00
crypto-browserify/randombytes,gh/29300004,3.5,2026-04-20,172637,MIT,8,,,2026-05-03T19:10:19+00:00
css-modules/icss-utils,gh/42766912,2.1,2026-04-20,55878,non-standard,18,,,2026-05-03T19:10:19+00:00
cssnano/cssnano,gh/33943153,7.2,2026-04-20,299267,MIT,105,,,2026-05-03T19:10:20+00:00
csstools/postcss-plugins,gh/219192307,7,2026-04-20,39568,non-standard,11,,,2026-05-03T19:10:30+00:00
csstree/csstree,gh/67236461,4.6,2026-04-20,14388,MIT,64,,,2026-05-03T19:10:19+00:00
curl/curl,gh/569041,8.7,2026-05-04,,non-standard,38,gold,300,2026-05-17T23:42:51+00:00
cuviper/autocfg,gh/135481335,3.1,2026-04-20,60146,Apache-2.0,16,,,2026-05-03T19:10:20+00:00
cyan4973/xxhash,gh/19330466,6.8,2026-04-20,,non-standard,31,,,2026-05-03T19:10:20+00:00
daaku/nodejs-makeerror,gh/2097803,1.9,2026-04-20,94764,non-standard,0,,,2026-05-03T19:10:20+00:00
daaku/nodejs-tmpl,gh/2171213,2.2,2026-04-20,95093,non-standard,0,,,2026-05-03T19:10:21+00:00
dateutil/dateutil,gh/26876372,5.5,2026-04-20,147519,non-standard,441,,,2026-05-03T19:10:21+00:00
davepacheco/node-extsprintf,gh/4058064,2.9,2026-04-20,11333,MIT,1,,,2026-05-03T19:10:21+00:00
davidhalter/parso,gh/90668463,5.7,2026-04-20,15896,non-standard,11,,,2026-05-03T19:10:21+00:00
davisjam/safe-regex,gh/90781457,3,2026-04-20,4916,non-standard,11,,,2026-05-03T19:10:22+00:00
dchest/tweetnacl-js,gh/15649752,2.5,2026-04-20,47986,non-standard,6,,,2026-05-03T19:10:30+00:00
dcodeio/long.js,gh/8678904,3.1,2026-04-20,148325,Apache-2.0,1,,,2026-05-03T19:10:30+00:00
dcodeio/protobuf.js,gh/8507859,5.8,2026-04-20,685370,non-standard,392,,,2026-05-03T19:10:31+00:00
debug-js/debug,gh/2871998,2.9,2026-04-20,660364,MIT,86,,,2026-05-03T19:10:30+00:00
definitelytyped/definitelytyped,gh/6093316,6.5,2026-04-20,4317293,non-standard,699,,,2026-05-03T19:10:35+00:00
defunctzombie/node-process,gh/7580644,2.1,2026-05-04,,MIT,16,,,2026-05-17T23:42:52+00:00
django/asgiref,gh/48501860,4,2026-04-20,16040,BSD-3-Clause,73,,,2026-05-03T19:10:31+00:00
djc/rustc-version-rs,gh/41272773,,,11413,Apache-2.0,0,,,2026-05-03T19:10:31+00:00
dmitrysoshnikov/regexp-tree,gh/85459304,2.9,2026-04-20,8850,MIT,52,,,2026-05-03T19:10:31+00:00
dominictarr/through,gh/4885140,2.1,2026-04-20,263063,non-standard,13,,,2026-05-03T19:10:32+00:00
doowb/ansi-colors,gh/47135420,2.1,2026-04-20,45528,MIT,19,,,2026-05-03T19:10:32+00:00
douglasdwyer/wasm_sync,gh/668034655,,,11,,0,,,2026-05-03T19:10:32+00:00
dougwilson/nodejs-depd,gh/20848667,2.8,2026-04-20,330310,MIT,15,,,2026-05-03T19:10:32+00:00
dtolnay/anyhow,gh/212936374,5.1,2026-04-20,21952,Apache-2.0,38,,,2026-05-03T19:10:33+00:00
dtolnay/automod,gh/173074854,4,2026-04-20,100,Apache-2.0,7,,,2026-05-03T19:10:33+00:00
dtolnay/dissimilar,gh/229514821,4.9,2026-04-20,568,Apache-2.0,3,,,2026-05-03T19:10:33+00:00
dtolnay/indoc,gh/54252316,4.4,2026-04-20,1114,Apache-2.0,2,,,2026-05-03T19:10:33+00:00
dtolnay/itoa,gh/61962375,5.3,2026-04-20,54980,Apache-2.0,2,,,2026-05-03T19:10:34+00:00
dtolnay/no-panic,gh/143469762,4.3,2026-04-20,59,Apache-2.0,8,,,2026-05-03T19:10:34+00:00
dtolnay/paste,gh/155652490,4,2026-04-20,9127,Apache-2.0,12,,,2026-05-03T19:10:34+00:00
dtolnay/proc-macro2,gh/91860126,5.6,2026-04-20,111489,Apache-2.0,27,,,2026-05-03T19:10:35+00:00
dtolnay/quote,gh/67273122,5.1,2026-04-20,111266,Apache-2.0,9,,,2026-05-03T19:10:35+00:00
dtolnay/ref-cast,gh/106295902,4.3,2026-04-20,2444,Apache-2.0,1,,,2026-05-03T19:10:35+00:00
dtolnay/rustversion,gh/183990447,4.2,2026-04-20,45537,Apache-2.0,4,,,2026-05-03T19:10:36+00:00
dtolnay/ryu,gh/142720484,5.4,2026-04-20,53009,Apache-2.0,3,,,2026-05-03T19:10:36+00:00
dtolnay/semver,gh/22432442,5.2,2026-04-20,13044,Apache-2.0,7,,,2026-05-03T19:10:52+00:00
dtolnay/syn,gh/67305738,5.7,2026-04-20,62456,Apache-2.0,82,,,2026-05-03T19:10:52+00:00
dtolnay/target-triple,gh/734167706,,,0,Apache-2.0,0,,,2026-05-03T19:10:52+00:00
dtolnay/thiserror,gh/213836768,4.6,2026-04-20,20498,Apache-2.0,29,,,2026-05-03T19:10:52+00:00
dtolnay/trybuild,gh/184941159,5.5,2026-04-20,0,Apache-2.0,21,,,2026-05-03T19:10:52+00:00
dtolnay/unicode-ident,gh/492639579,5,2026-04-20,111527,Apache-2.0,3,,,2026-05-03T19:10:53+00:00
eemeli/yaml,gh/119439276,7.2,2026-04-20,71181,non-standard,31,,,2026-05-03T19:10:53+00:00
ehmicky/human-signals,gh/214467546,2.8,2026-04-20,11485,Apache-2.0,0,,,2026-05-03T19:10:53+00:00
eliben/pycparser,gh/10589864,6.1,2026-04-20,83282,non-standard,32,,,2026-05-03T19:10:54+00:00
emotion-js/emotion,gh/92570536,5.6,2026-04-20,766853,MIT,372,,,2026-05-03T19:10:55+00:00
encode/httpcore,gh/237210639,5.4,2026-04-20,78180,BSD-3-Clause,39,,,2026-05-03T19:10:54+00:00
encode/httpx,gh/179492861,5.7,2026-04-20,314,BSD-3-Clause,148,,,2026-05-03T19:10:54+00:00
epoberezkin/ajv-keywords,gh/60477053,3.2,2026-04-20,64637,MIT,47,,,2026-05-03T19:10:55+00:00
epoberezkin/fast-deep-equal,gh/94483360,2.3,2026-04-20,473143,MIT,35,,,2026-05-03T19:10:55+00:00
epoberezkin/fast-json-stable-stringify,gh/108103016,2.2,2026-04-20,351666,non-standard,25,,,2026-05-03T19:10:55+00:00
epoberezkin/json-schema-traverse,gh/93333933,3,2026-04-20,198730,MIT,13,,,2026-05-03T19:10:56+00:00
es-shims/array-includes,gh/28753032,3.8,2026-04-20,96517,MIT,1,,,2026-05-03T19:10:56+00:00
es-shims/dunder-proto,gh/898274312,,,868274,MIT,1,,,2026-05-03T19:10:56+00:00
es-shims/es-object-atoms,gh/773229339,,,,MIT,1,,,2026-05-17T23:42:50+00:00
es-shims/es-set-tostringtag,gh/580683868,3.4,2026-04-20,413445,MIT,1,,,2026-05-03T19:10:56+00:00
es-shims/math-intrinsics,gh/902014040,,,857849,MIT,3,,,2026-05-03T19:10:57+00:00
es-shims/object.values,gh/41723335,3.8,2026-04-20,106500,MIT,1,,,2026-05-03T19:10:57+00:00
es-shims/regexp.prototype.flags,gh/26932422,3.8,2026-04-20,207257,MIT,2,,,2026-05-03T19:10:57+00:00
es-shims/string.prototype.trimend,gh/114682758,3.8,2026-04-20,175870,MIT,2,,,2026-05-03T19:10:58+00:00
es-shims/string.prototype.trimstart,gh/114682105,3.8,2026-04-20,175868,MIT,1,,,2026-05-03T19:10:58+00:00
eslint-community/eslint-utils,gh/568240379,,,72213,MIT,20,,,2026-05-03T19:10:58+00:00
eslint/doctrine,gh/4286644,4.5,2026-04-20,88841,Apache-2.0,0,,,2026-05-03T19:10:59+00:00
eslint/eslint,gh/11061773,6.3,2026-04-20,2678,MIT,109,,,2026-05-03T19:11:00+00:00
eslint/js,gh/27620277,,,17033,non-standard,8,,,2026-05-03T19:11:00+00:00
eslint/rewrite,gh/791446923,,,12650,Apache-2.0,8,,,2026-05-03T19:11:01+00:00
estools/escodegen,gh/3611422,2.6,2026-04-20,94283,non-standard,143,,,2026-05-03T19:11:01+00:00
estools/esquery,gh/11412938,3.6,2026-04-20,105019,non-standard,42,,,2026-05-03T19:11:01+00:00
estools/esrecurse,gh/27429822,2.4,2026-04-20,148452,non-standard,3,,,2026-05-03T19:11:02+00:00
estools/estraverse,gh/6145439,2.8,2026-04-20,195745,non-standard,39,,,2026-05-03T19:11:02+00:00
estools/esutils,gh/14677293,2.3,2026-04-20,296517,non-standard,10,,,2026-05-03T19:11:02+00:00
ethers-io/ethers.js,gh/63465664,4.2,2026-04-20,997366,MIT,639,,,2026-05-03T19:11:03+00:00
evanw/esbuild,gh/61137153,4.2,2026-04-20,50273,MIT,611,,,2026-05-03T19:11:04+00:00
evanw/node-source-map-support,gh/7682781,2.3,2026-04-20,160715,MIT,128,,,2026-05-03T19:11:02+00:00
eventualbuddha/lines-and-columns,gh/47284288,3.1,2026-04-20,2522,MIT,10,,,2026-05-03T19:11:03+00:00
executablebooks/markdown-it-py,gh/249956697,5.1,2026-04-20,74195,MIT,47,,,2026-05-03T19:11:03+00:00
executablebooks/mdurl,gh/387293763,3.4,2026-04-20,75299,non-standard,1,,,2026-05-03T19:11:03+00:00
exodusoss/bytes,gh/885154008,,,3913,MIT,6,,,2026-05-03T19:11:04+00:00
expressjs/body-parser,gh/15669006,7.7,2026-04-20,64855,MIT,52,,,2026-05-03T19:11:04+00:00
expressjs/serve-static,gh/17464338,6.6,2026-04-20,64362,MIT,25,,,2026-05-03T19:11:05+00:00
facebook/create-react-app,gh/63537249,4.8,2026-04-20,379195,MIT,2378,,,2026-05-03T19:11:05+00:00
facebook/metro,gh/76504246,5.8,2026-04-20,23674,MIT,434,,,2026-05-03T19:11:05+00:00
facebook/prop-types,gh/87597642,5.5,2026-04-20,281417,MIT,60,,,2026-05-03T19:11:05+00:00
facebook/react,gh/10270250,6.6,2026-04-20,198363,MIT,1246,in_progress,81,2026-05-03T19:11:07+00:00
facebook/regenerator,gh/13346571,4.1,2026-04-20,14495,MIT,81,,,2026-05-03T19:11:06+00:00
facebook/watchman,gh/6930489,5.4,2026-04-20,189495,MIT,246,,,2026-05-03T19:11:06+00:00
facebook/zstd,gh/29759715,8.7,2026-04-20,,non-standard,278,,,2026-05-03T19:11:06+00:00
facelessuser/soupsieve,gh/160789418,4.9,2026-04-20,30707,MIT,12,,,2026-05-03T19:11:06+00:00
fastify/fast-uri,gh/419317518,,,188850,non-standard,6,,,2026-05-03T19:11:22+00:00
faye/websocket-driver-node,gh/9733816,2.7,2026-04-20,92342,non-standard,1,,,2026-05-03T19:11:23+00:00
fb55/boolbase,gh/16864585,6.1,2026-04-20,39,non-standard,0,,,2026-05-03T19:11:23+00:00
fb55/css-select,gh/3411063,5.7,2026-04-20,32,non-standard,10,,,2026-05-03T19:11:23+00:00
fb55/css-what,gh/4460687,6,2026-04-20,38,non-standard,3,,,2026-05-03T19:11:23+00:00
fb55/domelementtype,gh/6627835,5.6,2026-04-20,352,non-standard,0,,,2026-05-03T19:11:24+00:00
fb55/domhandler,gh/5414232,5.7,2026-04-20,350,non-standard,7,,,2026-05-03T19:11:24+00:00
fb55/domutils,gh/6627949,5.7,2026-04-20,323,non-standard,13,,,2026-05-03T19:11:24+00:00
fb55/entities,gh/3172629,6,2026-04-20,4988,non-standard,16,,,2026-05-03T19:11:24+00:00
fb55/htmlparser2,gh/2279062,6.5,2026-04-20,210,MIT,12,,,2026-05-03T19:11:25+00:00
fb55/nth-check,gh/16864923,5.8,2026-04-20,37,non-standard,4,,,2026-05-03T19:11:25+00:00
felixge/node-combined-stream,gh/1787452,2.1,2026-04-20,489259,MIT,10,,,2026-05-03T19:11:25+00:00
felixge/node-delayed-stream,gh/1783893,2,2026-04-20,501712,MIT,0,,,2026-05-03T19:11:25+00:00
feross/buffer,gh/14494363,3.7,2026-04-20,125343,non-standard,55,,,2026-05-03T19:11:26+00:00
feross/ieee754,gh/15489525,2.4,2026-04-20,507449,BSD-3-Clause,3,,,2026-05-03T19:11:26+00:00
feross/is-buffer,gh/25997846,2.5,2026-04-20,64596,MIT,8,,,2026-05-03T19:11:26+00:00
feross/queue-microtask,gh/207021895,3.2,2026-04-20,190589,MIT,2,,,2026-05-03T19:11:26+00:00
feross/run-parallel,gh/18700638,3.1,2026-04-20,183050,MIT,1,,,2026-05-03T19:11:27+00:00
feross/safe-buffer,gh/49538897,2.5,2026-04-20,816406,MIT,9,,,2026-05-03T19:11:27+00:00
ffmpeg/ffmpeg,gh/1614410,5.2,2026-04-20,,non-standard,3,,,2026-05-03T19:11:27+00:00
firebase/firebase-js-sdk,gh/89290483,6.7,2026-04-20,40611,non-standard,694,,,2026-05-03T19:11:34+00:00
fitzgen/glob-to-regexp,gh/11461122,2.1,2026-04-20,74981,,9,,,2026-05-03T19:11:27+00:00
floatdrop/require-from-string,gh/39301848,2.3,2026-04-20,213278,MIT,6,,,2026-05-03T19:11:28+00:00
floating-ui/floating-ui,gh/54994103,,,230530,MIT,48,,,2026-05-03T19:11:28+00:00
follow-redirects/follow-redirects,gh/6697086,5,2026-04-20,343501,MIT,17,,,2026-05-03T19:11:28+00:00
fontconfig/fontconfig,gh/926884194,,,,non-standard,0,,,2026-05-03T19:11:28+00:00
form-data/form-data,gh/1755793,4.6,2026-04-20,241220,MIT,139,,,2026-05-03T19:11:29+00:00
formatjs/formatjs,gh/19117456,4.2,2026-04-20,3594,,13,,,2026-05-03T19:11:30+00:00
freedesktop-unofficial-mirror/cairo,gh/34372735,,,,,,,,2026-05-17T23:42:49+00:00
freetype/freetype,gh/187000659,,,,non-standard,1,,,2026-05-17T23:42:51+00:00
frenic/csstype,gh/104001328,3.4,2026-04-20,267574,MIT,78,,,2026-05-03T19:11:30+00:00
frommi/miniz_oxide,gh/96124162,4.3,2026-04-20,19,MIT,31,,,2026-05-03T19:11:30+00:00
fsevents/fsevents,gh/1402936,3.1,2026-04-20,211534,MIT,16,,,2026-05-03T19:11:31+00:00
fsspec/filesystem_spec,gh/130727736,5.2,2026-04-20,28548,BSD-3-Clause,346,,,2026-05-03T19:11:31+00:00
fsspec/s3fs,gh/53987953,4.2,2026-04-20,948,BSD-3-Clause,174,,,2026-05-03T19:11:31+00:00
garycourt/uri-js,gh/989080,2.4,2026-04-20,340814,non-standard,30,,,2026-05-03T19:11:32+00:00
gcc-mirror/gcc,gh/22711503,4.1,2026-04-20,,GPL-2.0,51,,,2026-05-03T19:11:32+00:00
getsentry/sentry-javascript,gh/3328572,5.8,2026-04-20,4485,MIT,590,,,2026-05-03T19:11:33+00:00
giampaolo/psutil,gh/20101515,5.2,2026-04-20,36333,BSD-3-Clause,372,,,2026-05-03T19:11:32+00:00
git/git,gh/36502,5.2,2026-04-20,,non-standard,373,in_progress,18,2026-05-03T19:11:32+00:00
gitlab-freedesktop-mirrors/libxcb,gh/444023705,,,,,,,,2026-05-03T19:11:33+00:00
gitoxidelabs/gitoxide,gh/136510559,,,6,Apache-2.0,180,,,2026-05-03T19:11:36+00:00
gitpython-developers/gitdb,gh/1126093,5.9,2026-04-20,12684,non-standard,8,,,2026-05-03T19:11:33+00:00
gitpython-developers/smmap,gh/1865144,5.6,2026-04-20,189,BSD-3-Clause,3,,,2026-05-03T19:11:33+00:00
gkz/levn,gh/13287279,2,2026-04-20,74916,MIT,2,,,2026-05-03T19:11:34+00:00
gkz/optionator,gh/13435927,2.1,2026-04-20,73804,MIT,13,,,2026-05-03T19:11:34+00:00
gkz/prelude-ls,gh/4457759,2.1,2026-04-20,76184,MIT,30,,,2026-05-03T19:11:34+00:00
gkz/type-check,gh/13182168,2.3,2026-04-20,75166,MIT,9,,,2026-05-03T19:11:35+00:00
gmp-mirror/gmp,gh/681340775,,,,,,,,2026-05-03T19:11:35+00:00
gnome/gdk-pixbuf,gh/4533539,,,,LGPL-2.1,0,,,2026-05-03T19:11:35+00:00
gnome/glib,gh/4537082,5,2026-04-20,,non-standard,0,,,2026-05-03T19:11:36+00:00
gnome/libxml2,gh/4537118,4,2026-04-20,,non-standard,0,,,2026-05-03T19:11:36+00:00
gnome/pango,gh/4537144,,,,non-standard,0,,,2026-05-03T19:11:36+00:00
gnutls/gnutls,gh/58873704,,,,GPL-3.0,0,,,2026-05-03T19:11:52+00:00
gnutls/libtasn1,gh/59017205,,,,,,,,2026-05-03T19:11:52+00:00
gnutls/nettle,gh/59017402,,,,LGPL-3.0,0,,,2026-05-03T19:11:53+00:00
google/brotli,gh/24993138,7.3,2026-04-20,4400,MIT,95,in_progress,57,2026-05-03T19:11:53+00:00
google/zerocopy,gh/534354967,6.4,2026-04-20,69424,Apache-2.0,389,,,2026-05-03T19:11:53+00:00
googleapis/google-auth-library-python,gh/69199387,7.3,2026-04-20,0,Apache-2.0,0,,,2026-05-03T19:11:53+00:00
googleapis/google-cloud-node-core,gh/1052931509,,,40071,Apache-2.0,1,,,2026-05-03T19:11:54+00:00
googleapis/google-cloud-python,gh/16316451,6.9,2026-05-04,5296,Apache-2.0,1051,,,2026-05-17T23:43:03+00:00
googleapis/google-resumable-media-python,gh/88091939,6,2026-04-20,3853,Apache-2.0,0,,,2026-05-03T19:11:54+00:00
googleapis/python-api-core,gh/226992456,7.1,2026-04-20,8933,Apache-2.0,0,,,2026-05-03T19:11:54+00:00
googleapis/python-crc32c,gh/159736041,7.5,2026-04-20,6740,Apache-2.0,0,,,2026-05-03T19:11:54+00:00
googleapis/python-storage,gh/226992639,5.8,2026-04-20,2651,Apache-2.0,0,,,2026-05-03T19:11:55+00:00
googlechrome/workbox,gh/55424670,5,2026-04-20,6526,MIT,81,,,2026-05-03T19:11:56+00:00
gozala/events,gh/1649251,3.5,2026-04-20,182915,MIT,13,,,2026-05-03T19:11:55+00:00
gpg/libgpg-error,gh/42075984,,,,GPL-2.0,2,,,2026-05-03T19:11:55+00:00
grahamdumpleton/wrapt,gh/10357291,3.8,2026-04-20,18198,non-standard,0,,,2026-05-03T19:11:55+00:00
graydon/exhaustigen-rs,gh/432630522,,,2,,4,,,2026-05-03T19:11:56+00:00
gregberge/svgr,gh/102155012,4.9,2026-04-20,32580,MIT,143,,,2026-05-03T19:11:56+00:00
grncdr/merge-stream,gh/10579821,2.5,2026-04-20,169478,MIT,0,,,2026-05-03T19:11:56+00:00
grpc/grpc,gh/27729880,6.6,2026-04-20,22294,Apache-2.0,1304,passing,109,2026-05-03T19:11:57+00:00
gsnedders/python-webencodings,gh/7043404,2.6,2026-04-20,11809,non-standard,13,,,2026-05-03T19:11:57+00:00
guillaumegomez/doc-comment,gh/127254922,2.1,2026-04-20,0,MIT,8,,,2026-05-03T19:11:57+00:00
gulpjs/glob-parent,gh/29154915,3.7,2026-04-20,71486,non-standard,4,,,2026-05-03T19:11:58+00:00
gweis/isodate,gh/6449370,3.8,2026-04-20,7515,BSD-3-Clause,28,,,2026-05-03T19:11:58+00:00
gyscos/zstd-rs,gh/52115335,4.7,2026-04-20,974,BSD-3-Clause,82,,,2026-05-03T19:11:58+00:00
hapijs/hoek,gh/5831189,3.9,2026-04-20,9313,non-standard,3,,,2026-05-03T19:11:59+00:00
harfbuzz/harfbuzz,gh/5050525,7.8,2026-04-20,,non-standard,89,in_progress,97,2026-05-03T19:11:58+00:00
hiddentao/fast-levenshtein,gh/9490451,2.3,2026-04-20,4260,MIT,10,,,2026-05-03T19:12:00+00:00
httplib2/httplib2,gh/53002916,5.3,2026-04-20,5514,non-standard,61,,,2026-05-03T19:12:00+00:00
hukkin/tomli,gh/370616797,5,2026-04-20,51844,MIT,7,,,2026-05-03T19:12:01+00:00
hyperium/http,gh/84983058,5.1,2026-04-20,2778,Apache-2.0,176,,,2026-05-03T19:12:01+00:00
hyperium/http-body,gh/183281612,3.9,2026-04-20,1676,MIT,26,,,2026-05-03T19:12:01+00:00
iarna/aproba,gh/31432421,2.1,2026-04-20,58526,non-standard,1,,,2026-05-03T19:12:01+00:00
import-js/eslint-plugin-import,gh/32238354,5.3,2026-04-20,245653,MIT,592,,,2026-05-03T19:12:02+00:00
indexmap-rs/indexmap,gh/68294628,,,22305,Apache-2.0,12,,,2026-05-03T19:12:02+00:00
indutny/bn.js,gh/19176350,3.2,2026-04-20,147309,MIT,49,,,2026-05-03T19:12:02+00:00
indygreg/python-zstandard,gh/67307930,3.9,2026-04-20,8378,BSD-3-Clause,67,,,2026-05-03T19:12:02+00:00
inikulin/parse5,gh/8862593,6.4,2026-04-20,4731,MIT,35,,,2026-05-03T19:12:03+00:00
inspect-js/array-buffer-byte-length,gh/607836784,3.8,2026-04-20,185805,MIT,1,,,2026-05-03T19:12:03+00:00
inspect-js/available-typed-arrays,gh/235965505,4,2026-04-20,349427,MIT,1,,,2026-05-03T19:12:03+00:00
inspect-js/functions-have-names,gh/198357138,4.4,2026-04-20,208664,MIT,1,,,2026-05-03T19:12:04+00:00
inspect-js/has-bigints,gh/201714166,4.1,2026-05-04,,MIT,1,,,2026-05-17T23:42:51+00:00
inspect-js/has-property-descriptors,gh/481834578,3.8,2026-04-20,459263,MIT,1,,,2026-05-03T19:12:04+00:00
inspect-js/has-proto,gh/577580747,3.4,2026-04-20,183491,MIT,1,,,2026-05-03T19:12:04+00:00
inspect-js/has-symbols,gh/68573418,3.8,2026-04-20,887341,MIT,2,,,2026-05-03T19:12:04+00:00
inspect-js/has-tostringtag,gh/392913710,4.7,2026-04-20,614163,MIT,1,,,2026-05-03T19:12:04+00:00
inspect-js/hasown,gh/703350811,4,2026-04-20,1069081,MIT,1,,,2026-05-03T19:12:05+00:00
inspect-js/is-accessor-descriptor,gh/41658954,3.8,2026-04-20,10,MIT,0,,,2026-05-03T19:12:05+00:00
inspect-js/is-arguments,gh/15725461,4.4,2026-04-20,183612,MIT,1,,,2026-05-03T19:12:05+00:00
inspect-js/is-array-buffer,gh/45977026,3.4,2026-04-20,186064,MIT,0,,,2026-05-03T19:12:06+00:00
inspect-js/is-bigint,gh/149682261,3.8,2026-04-20,189718,MIT,1,,,2026-05-03T19:12:06+00:00
inspect-js/is-boolean-object,gh/34700259,3.8,2026-04-20,189797,MIT,1,,,2026-05-03T19:12:06+00:00
inspect-js/is-callable,gh/30012910,3.8,2026-04-20,360536,MIT,3,,,2026-05-03T19:12:06+00:00
inspect-js/is-core-module,gh/24578130,4,2026-04-20,430390,MIT,2,,,2026-05-03T19:12:22+00:00
inspect-js/is-data-descriptor,gh/41659073,3.8,2026-04-20,10,MIT,0,,,2026-05-03T19:12:22+00:00
inspect-js/is-data-view,gh/751048078,,,173985,MIT,1,,,2026-05-03T19:12:22+00:00
inspect-js/is-date-object,gh/29991041,3.8,2026-04-20,212332,MIT,1,,,2026-05-03T19:12:23+00:00
inspect-js/is-descriptor,gh/41658845,3.4,2026-04-20,5,MIT,0,,,2026-05-03T19:12:23+00:00
inspect-js/is-number-object,gh/29991666,3.8,2026-04-20,189770,MIT,1,,,2026-05-03T19:12:23+00:00
inspect-js/is-regex,gh/15930063,4.3,2026-04-20,301478,MIT,1,,,2026-05-03T19:12:24+00:00
inspect-js/is-string,gh/30010185,,,191582,MIT,2,,,2026-05-03T19:12:24+00:00
inspect-js/is-symbol,gh/29791606,4.1,2026-04-20,196085,MIT,1,,,2026-05-03T19:12:24+00:00
inspect-js/is-typed-array,gh/43528820,3.8,2026-04-20,329863,MIT,1,,,2026-05-03T19:12:24+00:00
inspect-js/node-supports-preserve-symlinks-flag,gh/443970899,3.8,2026-04-20,417388,MIT,1,,,2026-05-03T19:12:25+00:00
inspect-js/object-inspect,gh/11683441,4,2026-04-20,491559,MIT,8,,,2026-05-03T19:12:25+00:00
inspect-js/typed-array-buffer,gh/649850465,,,284298,MIT,1,,,2026-05-03T19:12:25+00:00
inspect-js/which-boxed-primitive,gh/201685155,4.2,2026-04-20,188573,MIT,1,,,2026-05-03T19:12:25+00:00
inspect-js/which-typed-array,gh/43708371,4,2026-04-20,344080,MIT,1,,,2026-05-03T19:12:26+00:00
ipython/traitlets,gh/14993021,4.3,2026-04-20,18098,BSD-3-Clause,113,,,2026-05-03T19:12:26+00:00
isaacs/chownr,gh/3858354,3.4,2026-04-20,16413,non-standard,3,,,2026-05-03T19:12:26+00:00
isaacs/cliui,gh/634056857,,,13248,non-standard,0,,,2026-05-03T19:12:26+00:00
isaacs/core-util-is,gh/12391440,3,2026-04-20,530596,MIT,3,,,2026-05-03T19:12:27+00:00
isaacs/fs-minipass,gh/102982143,,,,non-standard,3,,,2026-05-17T23:42:50+00:00
isaacs/fs.realpath,gh/61231712,3.4,2026-04-20,520523,non-standard,0,,,2026-05-03T19:12:27+00:00
isaacs/inherits,gh/1580001,3.6,2026-04-20,1198563,non-standard,6,,,2026-05-03T19:12:27+00:00
isaacs/isexe,gh/49804297,5.4,2026-04-20,6423,non-standard,6,,,2026-05-03T19:12:27+00:00
isaacs/minimatch,gh/2056549,6.2,2026-04-20,69367,non-standard,7,,,2026-05-03T19:12:28+00:00
isaacs/minipass,gh/84886212,3.6,2026-04-20,116455,non-standard,3,,,2026-05-03T19:12:28+00:00
isaacs/minizlib,gh/86429676,3.4,2026-04-20,17012,non-standard,1,,,2026-05-03T19:12:28+00:00
isaacs/node-glob,gh/357681,5.5,2026-04-20,21211,non-standard,3,,,2026-05-03T19:12:28+00:00
isaacs/node-graceful-fs,gh/2077020,3.4,2026-04-20,784918,non-standard,51,,,2026-05-03T19:12:30+00:00
isaacs/node-lru-cache,gh/679662,5.8,2026-04-20,61833,non-standard,1,,,2026-05-03T19:12:30+00:00
isaacs/node-mkdirp,gh/2718248,3.5,2026-04-20,17497,non-standard,1,,,2026-05-03T19:12:31+00:00
isaacs/node-tar,gh/1534331,6.2,2026-04-20,15418,non-standard,9,,,2026-05-03T19:12:31+00:00
isaacs/once,gh/5409660,3.6,2026-04-20,778568,non-standard,4,,,2026-05-03T19:12:31+00:00
isaacs/package-json-from-dist,gh/800543709,,,85815,non-standard,0,,,2026-05-03T19:12:31+00:00
isaacs/path-scurry,gh/591569499,4.9,2026-04-20,31869,non-standard,3,,,2026-05-03T19:12:32+00:00
isaacs/rimraf,gh/1341324,5.5,2026-04-20,4545,non-standard,8,,,2026-05-03T19:12:32+00:00
isaacs/sax-js,gh/508894,4.1,2026-04-20,153130,non-standard,96,,,2026-05-03T19:12:32+00:00
isaacs/wrappy,gh/24208073,,,,,,,,2026-05-17T23:42:49+00:00
isaacs/yallist,gh/48222381,3.4,2026-04-20,16476,non-standard,5,,,2026-05-03T19:12:32+00:00
istanbuljs/istanbuljs,gh/81482340,4,2026-04-20,216293,,189,,,2026-05-03T19:12:33+00:00
istanbuljs/schema,gh/211950686,4.5,2026-04-20,71069,MIT,10,,,2026-05-03T19:12:33+00:00
istanbuljs/test-exclude,gh/60489570,4.4,2026-04-20,40,non-standard,18,,,2026-05-03T19:12:33+00:00
jamesmunns/postcard,gh/179385478,5.4,2026-04-20,37,Apache-2.0,70,,,2026-05-03T19:12:33+00:00
jaraco/jaraco.develop,gh/48289082,4.5,2026-04-20,2,,5,,,2026-05-03T19:12:34+00:00
jaraco/pytest-perf,gh/372026120,4.1,2026-04-20,1,,5,,,2026-05-03T19:12:34+00:00
jaraco/zipp,gh/157774633,5.8,2026-04-20,70249,,7,,,2026-05-03T19:12:34+00:00
jaredhanson/utils-merge,gh/11349896,2.1,2026-04-20,228204,MIT,7,,,2026-05-03T19:12:34+00:00
jaredwray/cacheable,gh/9267870,,,14562,MIT,0,,,2026-05-03T19:12:35+00:00
jaredwray/keyv,gh/96540810,4.8,2026-04-20,16667,MIT,1,,,2026-05-03T19:12:35+00:00
jawah/charset_normalizer,gh/200259335,,,168917,MIT,1,passing,109,2026-05-03T19:12:35+00:00
jbgutierrez/path-parse,gh/34113780,2.5,2026-04-20,422775,MIT,8,,,2026-05-03T19:12:35+00:00
jd/tenacity,gh/65468547,6.7,2026-04-20,20692,Apache-2.0,91,,,2026-05-03T19:12:36+00:00
jensyt/imurmurhash-js,gh/11802843,2,2026-04-20,227819,MIT,2,,,2026-05-03T19:12:36+00:00
jestjs/jest,gh/15062869,,,597383,MIT,251,,,2026-05-03T19:12:55+00:00
jimmywarting/node-domexception,gh/371470141,2.5,2026-04-20,1054,MIT,0,,,2026-05-03T19:12:36+00:00
jimp-dev/jimp,gh/24008065,,,33393,MIT,176,,,2026-05-03T19:12:54+00:00
jmespath/jmespath.py,gh/8300763,6.2,2026-04-20,18358,MIT,63,,,2026-05-03T19:12:52+00:00
joblib/joblib,gh/654608,6.3,2026-04-20,38686,BSD-3-Clause,434,,,2026-05-03T19:12:52+00:00
jonathanong/ee-first,gh/20707897,2,2026-04-20,342054,MIT,1,,,2026-05-03T19:12:52+00:00
jonschlinkert/assign-symbols,gh/45661176,2,2026-04-20,263,MIT,0,,,2026-05-03T19:12:52+00:00
jonschlinkert/define-property,gh/40633359,2,2026-04-20,149415,MIT,4,,,2026-05-03T19:12:53+00:00
jonschlinkert/extend-shallow,gh/25867410,2,2026-04-20,156232,MIT,3,,,2026-05-03T19:12:53+00:00
jonschlinkert/fill-range,gh/27113310,3.3,2026-04-20,293119,MIT,6,,,2026-05-03T19:12:53+00:00
jonschlinkert/get-value,gh/24911025,2.3,2026-04-20,71,MIT,4,,,2026-05-03T19:12:54+00:00
jonschlinkert/global-prefix,gh/31455984,3.4,2026-04-20,663,MIT,6,,,2026-05-03T19:12:54+00:00
jonschlinkert/has-value,gh/24310408,2.1,2026-04-20,181,MIT,2,,,2026-05-03T19:12:54+00:00
jonschlinkert/has-values,gh/33009186,2,2026-04-20,332,MIT,2,,,2026-05-03T19:12:55+00:00
jonschlinkert/is-extendable,gh/38225016,2.1,2026-04-20,158461,MIT,0,,,2026-05-03T19:12:55+00:00
jonschlinkert/is-extglob,gh/31788841,3,2026-04-20,337523,MIT,0,,,2026-05-03T19:12:56+00:00
jonschlinkert/is-number,gh/24313173,2.1,2026-04-20,297539,MIT,16,,,2026-05-03T19:12:56+00:00
jonschlinkert/is-plain-object,gh/24306940,2.1,2026-04-20,37255,MIT,12,,,2026-05-03T19:12:56+00:00
jonschlinkert/isobject,gh/21342886,2.3,2026-04-20,6292,MIT,4,,,2026-05-03T19:12:56+00:00
jonschlinkert/kind-of,gh/24491562,2.1,2026-04-20,241990,MIT,14,,,2026-05-03T19:12:57+00:00
jonschlinkert/map-cache,gh/32450614,2,2026-04-20,154391,MIT,0,,,2026-05-03T19:12:57+00:00
jonschlinkert/normalize-path,gh/21224182,2,2026-04-20,234793,MIT,2,,,2026-05-03T19:12:57+00:00
jonschlinkert/object-visit,gh/38545952,2,2026-04-20,151996,MIT,2,,,2026-05-03T19:12:57+00:00
jonschlinkert/word-wrap,gh/18260583,3,2026-04-20,153136,MIT,14,,,2026-05-03T19:12:58+00:00
jorgebucaran/colorette,gh/34648097,3,2026-04-20,68651,MIT,9,,,2026-05-03T19:12:58+00:00
joshuakgoldberg/ts-api-utils,gh/597893818,4.6,2026-04-20,10147,MIT,27,,,2026-05-03T19:12:58+00:00
jpadilla/pyjwt,gh/1408162,7.8,2026-04-20,34421,MIT,49,,,2026-05-03T19:12:58+00:00
jprichardson/node-fs-extra,gh/2791348,5.3,2026-04-20,63830,MIT,13,,,2026-05-03T19:13:00+00:00
jprichardson/node-jsonfile,gh/5754307,3.5,2026-04-20,195283,MIT,2,,,2026-05-03T19:13:00+00:00
jquast/wcwidth,gh/18464187,5,2026-04-20,31364,non-standard,4,,,2026-05-03T19:13:01+00:00
jquery/esprima,gh/2833537,3.9,2026-04-20,282967,non-standard,149,,,2026-05-03T19:13:01+00:00
jridgewell/resolve-uri,gh/196878944,2.8,2026-04-20,297953,MIT,18,,,2026-05-03T19:13:01+00:00
jridgewell/sourcemaps,gh/897142826,,,1138539,,4,,,2026-05-03T19:13:01+00:00
jsdom/tr46,gh/36964214,3.8,2026-04-20,4028,MIT,1,,,2026-05-03T19:13:02+00:00
jsdom/webidl-conversions,gh/23000311,4.6,2026-04-20,4008,non-standard,2,,,2026-05-03T19:13:02+00:00
jsdom/whatwg-mimetype,gh/71014420,4.1,2026-04-20,4143,MIT,0,,,2026-05-03T19:13:02+00:00
jsdom/whatwg-url,gh/34761352,5,2026-04-20,3240,MIT,8,,,2026-05-03T19:13:03+00:00
jsdom/xml-name-validator,gh/28553202,3.8,2026-04-20,8018,Apache-2.0,0,,,2026-05-03T19:13:03+00:00
jshttp/accepts,gh/15482433,6.3,2026-04-20,244590,MIT,11,,,2026-05-03T19:13:03+00:00
jshttp/content-disposition,gh/24216676,7.5,2026-04-20,63770,MIT,15,,,2026-05-03T19:13:03+00:00
jshttp/content-type,gh/30172150,7.2,2026-04-20,307757,MIT,4,,,2026-05-03T19:13:04+00:00
jshttp/cookie,gh/4475810,7.1,2026-04-20,10708,MIT,15,,,2026-05-03T19:13:04+00:00
jshttp/etag,gh/22894570,5.1,2026-04-20,301541,MIT,12,,,2026-05-03T19:13:04+00:00
jshttp/forwarded,gh/24300217,5.3,2026-04-20,271661,MIT,8,,,2026-05-03T19:13:04+00:00
jshttp/fresh,gh/4617552,5.8,2026-04-20,247008,MIT,8,,,2026-05-03T19:13:05+00:00
jshttp/http-errors,gh/23806086,7.2,2026-04-20,296399,MIT,18,,,2026-05-03T19:13:05+00:00
jshttp/media-typer,gh/20814275,5.7,2026-04-20,69998,MIT,6,,,2026-05-03T19:13:05+00:00
jshttp/methods,gh/8274071,5.3,2026-04-20,236747,MIT,4,,,2026-05-03T19:13:06+00:00
jshttp/mime-db,gh/22970419,6.7,2026-04-20,171788,MIT,40,,,2026-05-03T19:13:06+00:00
jshttp/mime-types,gh/19380178,6.8,2026-04-20,78207,MIT,23,,,2026-05-03T19:13:06+00:00
jshttp/negotiator,gh/3275614,5.9,2026-04-20,72070,MIT,14,,,2026-05-03T19:13:06+00:00
jshttp/on-finished,gh/15349765,5.7,2026-04-20,306518,MIT,18,,,2026-05-03T19:13:07+00:00
jshttp/range-parser,gh/4627131,5.6,2026-04-20,300799,MIT,4,,,2026-05-03T19:13:23+00:00
jshttp/statuses,gh/17690272,6.3,2026-04-20,299291,MIT,8,,,2026-05-03T19:13:23+00:00
jshttp/type-is,gh/15484233,6,2026-04-20,66237,MIT,9,,,2026-05-03T19:13:23+00:00
jshttp/vary,gh/20498698,5.9,2026-04-20,303233,MIT,1,,,2026-05-03T19:13:23+00:00
jslicense/spdx-correct.js,gh/34817196,3,2026-04-20,202905,Apache-2.0,2,,,2026-05-03T19:13:24+00:00
jslicense/spdx-exceptions.json,gh/40062896,2.7,2026-05-04,,,2,,,2026-05-17T23:42:50+00:00
jslicense/spdx-expression-parse.js,gh/40067336,2.8,2026-04-20,5261,MIT,8,,,2026-05-03T19:13:24+00:00
jslicense/spdx-license-ids,gh/26001547,2.5,2026-05-04,209992,,0,,,2026-05-17T23:42:54+00:00
json5/json5,gh/4463453,3.8,2026-04-20,192736,non-standard,41,,,2026-05-03T19:13:24+00:00
juliangruber/balanced-match,gh/13538817,5.7,2026-04-20,73426,non-standard,9,,,2026-05-03T19:13:24+00:00
juliangruber/brace-expansion,gh/13539234,6.3,2026-04-20,72859,non-standard,5,,,2026-05-03T19:13:25+00:00
juliangruber/isarray,gh/10227611,7,2026-04-20,328781,MIT,1,passing,113,2026-05-03T19:13:25+00:00
justmoon/node-extend,gh/3967764,3.5,2026-04-20,308913,MIT,0,,,2026-05-03T19:13:25+00:00
jviereck/regjsparser,gh/14087781,3.2,2026-04-20,108479,non-standard,8,,,2026-05-03T19:13:25+00:00
ka-weihe/fastest-levenshtein,gh/158960628,2.3,2026-04-20,19094,MIT,2,,,2026-05-03T19:13:26+00:00
kaelzhang/node-ignore,gh/12519245,2.7,2026-04-20,21478,non-standard,4,,,2026-05-03T19:13:26+00:00
kemitchell/validate-npm-package-license.js,gh/35000460,2.8,2026-04-20,200816,Apache-2.0,0,,,2026-05-03T19:13:26+00:00
kevinbeaty/any-promise,gh/26247715,2.1,2026-04-20,98576,MIT,6,,,2026-05-03T19:13:26+00:00
kevva/dir-glob,gh/49264969,3.3,2026-04-20,133867,MIT,0,,,2026-05-03T19:13:27+00:00
kevva/shebang-command,gh/47402913,3.1,2026-04-20,311811,MIT,3,,,2026-05-03T19:13:27+00:00
kilian/electron-to-chromium,gh/78972540,4.5,2026-04-20,209331,non-standard,1,,,2026-05-03T19:13:27+00:00
kjd/idna,gh/10323585,8.3,2026-04-20,219941,BSD-3-Clause,3,,,2026-05-03T19:13:27+00:00
knurling-rs/defmt,gh/282262730,6.1,2026-04-20,0,Apache-2.0,116,,,2026-05-03T19:13:28+00:00
kpdecker/jsdiff,gh/1542219,3.5,2026-04-20,741,BSD-3-Clause,14,,,2026-05-03T19:13:28+00:00
krb5/krb5,gh/4307702,5.3,2026-04-20,,,39,,,2026-05-03T19:13:28+00:00
kriskowal/asap,gh/11295071,2.5,2026-04-20,179544,MIT,14,,,2026-05-03T19:13:29+00:00
kriszyp/json-schema,gh/947175,3.4,2026-04-20,222155,non-standard,30,,,2026-05-03T19:13:29+00:00
langchain-ai/langchain,gh/552661142,6.5,2026-04-20,10031,MIT,557,,,2026-05-03T19:13:29+00:00
laurent-laporte-pro/deprecated,gh/111412148,,,9564,MIT,9,,,2026-05-03T19:13:30+00:00
lddubeau/xmlchars,gh/139881982,3,2026-04-20,84225,MIT,13,,,2026-05-03T19:13:31+00:00
legrandin/pycryptodome,gh/19378935,5.4,2026-04-20,10918,non-standard,82,,,2026-05-03T19:13:31+00:00
libevent/libevent,gh/1856976,7.1,2026-04-20,,non-standard,134,,,2026-05-03T19:13:31+00:00
libexpat/libexpat,gh/80314213,7.6,2026-04-20,,MIT,19,passing,111,2026-05-03T19:13:31+00:00
libffi/libffi,gh/321154,3.9,2026-04-20,,non-standard,200,,,2026-05-03T19:13:32+00:00
libidn/libidn2,gh/87378214,,,,GPL-3.0,0,,,2026-05-03T19:13:32+00:00
libjpeg-turbo/libjpeg-turbo,gh/39760454,5.3,2026-05-04,,non-standard,16,,,2026-05-17T23:42:54+00:00
libjxl/libjxl,gh/340219494,8.7,2026-04-20,,BSD-3-Clause,443,silver,291,2026-05-03T19:13:32+00:00
libpixman/pixman,gh/81675971,,,,,,,,2026-05-03T19:13:32+00:00
libuv/libuv,gh/14812739,6,2026-04-20,,MIT,213,,,2026-05-03T19:13:33+00:00
linusu/buffer-from,gh/66025821,2,2026-04-20,279300,MIT,1,,,2026-05-03T19:13:33+00:00
linux-audit/audit-userspace,gh/52464964,4.5,2026-04-20,,GPL-2.0,14,,,2026-05-03T19:13:33+00:00
linux-pam/linux-pam,gh/76264690,4.8,2026-05-04,,non-standard,167,,,2026-05-17T23:42:54+00:00
litejs/natural-compare-lite,gh/9146732,3.9,2026-04-20,171858,MIT,0,,,2026-05-03T19:13:33+00:00
ljharb/call-bind,gh/308533760,4.2,2026-04-20,435975,MIT,3,,,2026-05-03T19:13:34+00:00
ljharb/call-bind-apply-helpers,gh/898190951,,,871258,MIT,3,,,2026-05-03T19:13:34+00:00
ljharb/call-bound,gh/898125972,,,656577,MIT,2,,,2026-05-03T19:13:34+00:00
ljharb/concat-map,gh/548993448,3.8,2026-04-20,34,MIT,2,,,2026-05-03T19:13:34+00:00
ljharb/define-data-property,gh/689109338,3.8,2026-04-20,456596,MIT,1,,,2026-05-03T19:13:35+00:00
ljharb/define-properties,gh/28768789,3.8,2026-04-20,273645,MIT,1,,,2026-05-03T19:13:35+00:00
ljharb/es-abstract,gh/28995155,4.6,2026-04-20,173562,MIT,11,,,2026-05-03T19:13:35+00:00
ljharb/es-define-property,gh/756570458,,,872016,MIT,1,,,2026-05-03T19:13:36+00:00
ljharb/es-errors,gh/752160492,,,1051710,MIT,1,,,2026-05-03T19:13:36+00:00
ljharb/es-object-atoms,gh/773229339,,,860729,MIT,1,,,2026-05-03T19:13:36+00:00
ljharb/es-shim-unscopables,gh/480458584,3.8,2026-04-20,102739,MIT,1,,,2026-05-03T19:13:36+00:00
ljharb/es-to-primitive,gh/32377814,3.8,2026-04-20,176396,MIT,1,,,2026-05-03T19:13:37+00:00
ljharb/get-intrinsic,gh/308516559,3.8,2026-04-20,267,MIT,2,,,2026-05-03T19:13:52+00:00
ljharb/get-proto,gh/911035271,,,857733,MIT,1,,,2026-05-03T19:13:52+00:00
ljharb/gopd,gh/560708130,4,2026-04-20,881388,MIT,2,,,2026-05-03T19:13:53+00:00
ljharb/has-bigints,gh/201714166,4.1,2026-04-20,190604,MIT,1,,,2026-05-03T19:13:53+00:00
ljharb/internal-slot,gh/216159146,3.8,2026-04-20,187232,MIT,1,,,2026-05-03T19:13:53+00:00
ljharb/object-keys,gh/9103992,4.2,2026-04-20,309859,MIT,0,,,2026-05-03T19:13:53+00:00
ljharb/object.assign,gh/17755831,3.8,2026-04-20,235284,MIT,0,,,2026-05-03T19:13:54+00:00
ljharb/possible-typed-array-names,gh/760136716,,,351609,MIT,1,,,2026-05-03T19:13:54+00:00
ljharb/qs,gh/22266795,5.2,2026-04-20,367593,BSD-3-Clause,71,passing,178,2026-05-03T19:13:54+00:00
ljharb/safe-regex-test,gh/540138887,4,2026-04-20,276780,MIT,1,,,2026-05-03T19:13:54+00:00
ljharb/set-function-length,gh/704249795,3.8,2026-04-20,441941,MIT,1,,,2026-05-03T19:13:55+00:00
ljharb/side-channel,gh/225239081,3.8,2026-04-20,476327,MIT,0,,,2026-05-03T19:13:55+00:00
ljharb/side-channel-list,gh/901451610,,,477948,MIT,1,,,2026-05-03T19:13:55+00:00
ljharb/side-channel-map,gh/901191461,,,479572,MIT,1,,,2026-05-03T19:13:56+00:00
ljharb/side-channel-weakmap,gh/901188921,,,477949,MIT,1,,,2026-05-03T19:13:56+00:00
lodash/lodash,gh/3955647,7.4,2026-04-20,3338300,non-standard,141,,,2026-05-03T19:13:57+00:00
loganfsmyth/gensync,gh/132383032,2.1,2026-04-20,149217,MIT,14,,,2026-05-03T19:13:56+00:00
lokathor/bytemuck,gh/209673558,3.6,2026-04-20,9725,Apache-2.0,49,,,2026-05-03T19:13:56+00:00
lukeed/dequal,gh/174421655,3,2026-04-20,55241,MIT,12,,,2026-05-03T19:13:56+00:00
lukeed/escalade,gh/273568715,2.9,2026-04-20,303911,MIT,0,,,2026-05-03T19:13:57+00:00
lukeed/kleur,gh/140393403,3,2026-04-20,31838,MIT,13,,,2026-05-03T19:13:57+00:00
lxml/lxml,gh/1353927,5.2,2026-04-20,22701,BSD-3-Clause,14,,,2026-05-03T19:13:58+00:00
lydell/js-tokens,gh/17552490,2.9,2026-04-20,412,MIT,0,,,2026-05-03T19:13:58+00:00
lz4/lz4,gh/18106269,7.1,2026-04-20,,non-standard,68,,,2026-05-03T19:13:58+00:00
madler/zlib,gh/2359378,4.8,2026-04-20,,non-standard,229,in_progress,18,2026-05-03T19:13:59+00:00
mafintosh/end-of-stream,gh/14732255,2.5,2026-04-20,329842,MIT,7,,,2026-05-03T19:13:59+00:00
mafintosh/pump,gh/12118126,3.3,2026-04-20,234164,MIT,20,,,2026-05-03T19:14:00+00:00
mafintosh/tar-stream,gh/15340089,3.9,2026-04-20,29606,MIT,18,,,2026-05-03T19:14:01+00:00
marshallpierce/rust-base64,gh/47371310,4.4,2026-04-20,5178,Apache-2.0,26,,,2026-05-03T19:14:01+00:00
mathiasbynens/cssesc,gh/12001360,2,2026-04-20,129593,MIT,12,,,2026-05-03T19:14:01+00:00
mathiasbynens/emoji-regex,gh/24557614,3.3,2026-04-20,34800,MIT,12,,,2026-05-03T19:14:01+00:00
mathiasbynens/jsesc,gh/10498729,2.1,2026-04-20,240020,MIT,24,,,2026-05-03T19:14:02+00:00
mathiasbynens/punycode.js,gh/2755924,3.2,2026-04-20,414051,MIT,48,,,2026-05-03T19:14:02+00:00
mathiasbynens/regenerate,gh/10182772,2.1,2026-04-20,148701,MIT,6,,,2026-05-03T19:14:02+00:00
mathiasbynens/regexpu-core,gh/49437324,3.5,2026-04-20,107643,MIT,4,,,2026-05-03T19:14:02+00:00
mathiasbynens/unicode-canonical-property-names-ecmascript,gh/88346537,2.8,2026-04-20,110163,MIT,1,,,2026-05-03T19:14:03+00:00
mathiasbynens/unicode-property-aliases-ecmascript,gh/88333533,2.8,2026-04-20,110163,MIT,0,,,2026-05-03T19:14:03+00:00
matklad/once_cell,gh/143220272,4.6,2026-04-20,63838,Apache-2.0,6,,,2026-05-03T19:14:03+00:00
matplotlib/matplotlib,gh/1385122,9.1,2026-04-20,49245,,1501,,,2026-05-03T19:14:04+00:00
mcavage/node-assert-plus,gh/4767976,2.9,2026-04-20,227020,MIT,12,,,2026-05-03T19:14:04+00:00
mcollina/fastq,gh/37368217,4.2,2026-04-20,187530,non-standard,21,,,2026-05-03T19:14:04+00:00
mcollina/reusify,gh/42106515,3.9,2026-04-20,189924,MIT,5,,,2026-05-03T19:14:04+00:00
mdn/data,gh/70901646,7.2,2026-05-04,1055,non-standard,37,,,2026-05-17T23:42:54+00:00
medikoo/d,gh/10817569,2.8,2026-04-20,113525,non-standard,6,,,2026-05-03T19:14:05+00:00
medikoo/es5-ext,gh/1792941,3.1,2026-04-20,227076,non-standard,46,,,2026-05-03T19:14:05+00:00
medikoo/es6-symbol,gh/14423385,3.1,2026-04-20,113480,non-standard,2,,,2026-05-03T19:14:05+00:00
medikoo/type,gh/177198492,3.2,2026-04-20,113662,non-standard,5,,,2026-05-03T19:14:05+00:00
mhammond/pywin32,gh/108187130,4.8,2026-04-20,1107,,395,,,2026-05-03T19:14:05+00:00
micheles/decorator,gh/14656555,4.1,2026-04-20,23174,non-standard,13,,,2026-05-03T19:14:06+00:00
micromark/micromark,gh/157420458,3.6,2026-04-20,281631,MIT,10,,,2026-05-03T19:14:15+00:00
micromatch/anymatch,gh/11458302,3.5,2026-04-20,189896,non-standard,8,,,2026-05-03T19:14:06+00:00
micromatch/braces,gh/25475303,3.8,2026-04-20,291243,MIT,4,,,2026-05-03T19:14:06+00:00
micromatch/is-extglob,gh/31788841,3,2026-05-04,,MIT,0,,,2026-05-17T23:42:54+00:00
micromatch/is-glob,gh/28179425,3.6,2026-04-20,316570,MIT,2,,,2026-05-03T19:14:07+00:00
micromatch/micromatch,gh/27359938,3.7,2026-04-20,222918,MIT,44,,,2026-05-03T19:14:15+00:00
micromatch/picomatch,gh/156211895,6.2,2026-04-20,135403,MIT,43,,,2026-05-03T19:14:15+00:00
micromatch/to-regex-range,gh/40355891,3,2026-04-20,294991,MIT,9,,,2026-05-03T19:14:15+00:00
microsoft/tslib,gh/34414315,7,2026-04-20,1452364,non-standard,60,,,2026-05-03T19:14:16+00:00
microsoft/typescript,gh/20929025,7.9,2026-04-20,4424,Apache-2.0,5036,,,2026-05-03T19:14:16+00:00
microsoft/windows-rs,gh/208102250,5.4,2026-04-20,223540,Apache-2.0,42,,,2026-05-03T19:14:18+00:00
minimistjs/minimist,gh/549230701,5.3,2026-04-20,578963,MIT,14,,,2026-05-03T19:14:16+00:00
mitsuhiko/insta,gh/165561258,4,2026-04-20,13,Apache-2.0,75,,,2026-05-03T19:14:16+00:00
mlocati/gettext-iconv-windows,gh/12751919,,,,,,,,2026-05-03T19:14:17+00:00
mm2/little-cms,gh/507969,6.4,2026-04-20,,MIT,10,,,2026-05-03T19:14:17+00:00
moment/moment,gh/1424470,3.1,2026-04-20,173549,MIT,296,,,2026-05-03T19:14:17+00:00
more-itertools/more-itertools,gh/4144530,5,2026-04-20,18879,MIT,8,,,2026-05-03T19:14:18+00:00
motdotla/dotenv,gh/11205780,4.4,2026-04-20,18626,non-standard,2,,,2026-05-03T19:14:18+00:00
moxystudio/node-cross-spawn,gh/21335844,3.2,2026-04-20,303406,MIT,32,,,2026-05-03T19:14:18+00:00
mozilla/source-map,gh/2014930,4.2,2026-04-20,99143,non-standard,65,,,2026-05-03T19:14:19+00:00
mrabarnett/mrab-regex,gh/309446978,4.9,2026-04-20,29140,non-standard,77,,,2026-05-03T19:14:19+00:00
mrmlnc/fast-glob,gh/77467076,3.2,2026-04-20,169714,MIT,41,,,2026-05-03T19:14:19+00:00
msgpack/msgpack-python,gh/2242705,5,2026-04-20,14482,non-standard,10,,,2026-05-03T19:14:19+00:00
mvdnes/spin-rs,gh/21686666,5.5,2026-04-20,309,MIT,11,,,2026-05-03T19:14:20+00:00
mysticatea/abort-controller,gh/105228556,2.1,2026-04-20,119972,MIT,24,,,2026-05-03T19:14:20+00:00
mysticatea/event-target-shim,gh/31137469,3,2026-04-20,927,MIT,29,,,2026-05-03T19:14:20+00:00
netflix/vmaf,gh/51317975,2.8,2026-05-04,,non-standard,96,,,2026-05-17T23:42:55+00:00
nghttp2/nghttp2,gh/11452676,6.3,2026-04-20,,non-standard,48,in_progress,96,2026-05-03T19:14:20+00:00
nicolo-ribaudo/babel-preset-current-node-syntax,gh/253327079,2.9,2026-04-20,63533,MIT,2,,,2026-05-03T19:14:21+00:00
nlnetlabs/unbound,gh/94195301,5.8,2026-04-20,,BSD-3-Clause,358,,,2026-05-03T19:14:21+00:00
node-fetch/fetch-blob,gh/186960326,3.3,2026-04-20,80,MIT,8,,,2026-05-03T19:14:37+00:00
node-fetch/node-fetch,gh/29849956,4.9,2026-04-20,37966,MIT,241,,,2026-05-03T19:14:37+00:00
nodeca/argparse,gh/4325614,3.2,2026-04-20,171345,non-standard,9,,,2026-05-03T19:14:37+00:00
nodeca/js-yaml,gh/2504175,3.9,2026-04-20,146297,MIT,71,,,2026-05-03T19:14:37+00:00
nodeca/pako,gh/16231859,4.9,2026-04-20,17361,MIT,28,,,2026-05-03T19:14:37+00:00
nodejs/node,gh/27193779,6.2,2026-05-04,,non-standard,2678,passing,164,2026-05-17T23:43:03+00:00
nodejs/readable-stream,gh/5187096,5,2026-04-20,47655,non-standard,17,,,2026-05-03T19:14:38+00:00
nodejs/string_decoder,gh/95052330,3.4,2026-04-20,358363,non-standard,7,,,2026-05-03T19:14:38+00:00
nodejs/undici,gh/133092972,7.9,2026-04-20,725,MIT,342,,,2026-05-03T19:14:38+00:00
nodelib/nodelib,gh/129310478,3.1,2026-04-20,183,MIT,7,,,2026-05-03T19:14:39+00:00
npm/abbrev-js,gh/554893,,,4687,non-standard,0,,,2026-05-03T19:14:39+00:00
npm/cacache,gh/193812470,6.2,2026-04-20,3705,non-standard,9,,,2026-05-03T19:14:39+00:00
npm/fs-minipass,gh/102982143,4.7,2026-04-20,32679,non-standard,3,,,2026-05-03T19:14:39+00:00
npm/hosted-git-info,gh/25002984,5.7,2026-04-20,6217,non-standard,7,,,2026-05-03T19:14:40+00:00
npm/inflight,gh/19442260,2.9,2026-04-20,556698,,0,,,2026-05-03T19:14:40+00:00
npm/ini,gh/2167680,5.5,2026-04-20,12055,non-standard,18,,,2026-05-03T19:14:40+00:00
npm/json-parse-even-better-errors,gh/211384370,5.7,2026-04-20,3380,non-standard,1,,,2026-05-03T19:14:40+00:00
npm/mute-stream,gh/5159166,5.6,2026-04-20,6031,non-standard,0,,,2026-05-03T19:14:41+00:00
npm/node-semver,gh/1357199,6,2026-04-20,388525,non-standard,44,,,2026-05-03T19:14:41+00:00
npm/node-which,gh/2169708,5.7,2026-04-20,6358,non-standard,8,,,2026-05-03T19:14:41+00:00
npm/nopt,gh/1544436,5.5,2026-04-20,4626,non-standard,12,,,2026-05-03T19:14:42+00:00
npm/normalize-package-data,gh/9301720,5.6,2026-04-20,1709,non-standard,18,,,2026-05-03T19:14:42+00:00
npm/ssri,gh/193817839,5.3,2026-04-20,3973,non-standard,1,,,2026-05-03T19:14:42+00:00
npm/unique-slug,gh/35246620,5.6,2026-04-20,263,non-standard,1,,,2026-05-03T19:14:42+00:00
npm/wrappy,gh/24208073,3.7,2026-04-20,803442,non-standard,6,,,2026-05-03T19:14:43+00:00
npm/write-file-atomic,gh/23896209,6.1,2026-04-20,2741,non-standard,14,,,2026-05-03T19:14:43+00:00
numpy/numpy,gh/908607,7.4,2026-04-20,142967,non-standard,2368,,,2026-05-03T19:14:43+00:00
nv/cssom,gh/1025209,2.1,2026-04-20,6757,MIT,25,,,2026-05-03T19:14:47+00:00
nvzqz/static-assertions,gh/100129252,,,,,,,,2026-05-17T23:43:03+00:00
nvzqz/static-assertions-rs,gh/100129252,2.8,2026-04-20,7785,Apache-2.0,36,,,2026-05-03T19:14:47+00:00
oauthlib/oauthlib,gh/2811323,8.2,2026-04-20,12422,BSD-3-Clause,104,,,2026-05-03T19:14:47+00:00
octokit/openapi-types.ts,gh/304109193,6.4,2026-04-20,2091,MIT,12,,,2026-05-03T19:14:48+00:00
octokit/types.ts,gh/216109757,6.1,2026-04-20,2089,MIT,20,,,2026-05-03T19:14:48+00:00
oozcitak/xmlbuilder-js,gh/1042809,2,2026-04-20,15765,MIT,7,,,2026-05-03T19:14:48+00:00
open-telemetry/opentelemetry-js,gh/185901023,7.4,2026-04-20,62009,Apache-2.0,242,,,2026-05-03T19:14:50+00:00
open-telemetry/opentelemetry-js-contrib,gh/255986659,8,2026-04-20,8648,Apache-2.0,240,,,2026-05-03T19:14:50+00:00
open-telemetry/opentelemetry-python,gh/185478926,7.6,2026-04-20,41889,Apache-2.0,443,passing,107,2026-05-03T19:14:49+00:00
open-telemetry/opentelemetry-python-contrib,gh/220524743,7.4,2026-05-04,3928,Apache-2.0,617,,,2026-05-17T23:43:04+00:00
openssl/openssl,gh/7634677,6.3,2026-04-20,,Apache-2.0,1608,passing,105,2026-05-03T19:14:48+00:00
opensuse/ca-certificates,gh/10785433,,,,,,,,2026-05-03T19:14:49+00:00
p11-glue/p11-kit,gh/12060420,,,,non-standard,77,passing,113,2026-05-03T19:14:49+00:00
pallets/click,gh/19103692,6.9,2026-04-20,118190,BSD-3-Clause,137,,,2026-05-03T19:14:49+00:00
pallets/flask,gh/596892,7.1,2026-04-20,11673,BSD-3-Clause,3,,,2026-05-03T19:14:50+00:00
pallets/itsdangerous,gh/1945034,5.5,2026-04-20,19075,BSD-3-Clause,1,,,2026-05-03T19:14:50+00:00
pallets/jinja,gh/994551,5.6,2026-04-20,61375,BSD-3-Clause,97,,,2026-05-03T19:14:51+00:00
pallets/markupsafe,gh/734244,5.6,2026-04-20,68874,BSD-3-Clause,12,,,2026-05-03T19:14:51+00:00
pallets/werkzeug,gh/997338,6,2026-04-20,17905,BSD-3-Clause,3,,,2026-05-03T19:14:51+00:00
pandas-dev/pandas,gh/858127,6.8,2026-04-20,67877,BSD-3-Clause,3418,,,2026-05-03T19:14:52+00:00
paramiko/paramiko,gh/119609,4.2,2026-04-20,3369,LGPL-2.1,1159,,,2026-05-03T19:14:52+00:00
paulmillr/chokidar,gh/4090287,4.2,2026-04-20,31752,MIT,38,,,2026-05-03T19:14:52+00:00
paulmillr/readdirp,gh/4494405,3.4,2026-04-20,31853,MIT,2,,,2026-05-03T19:14:52+00:00
pcre2project/pcre2,gh/398251321,8.4,2026-04-20,,non-standard,50,,,2026-05-03T19:14:52+00:00
pest-parser/pest,gh/56964647,5.9,2026-04-20,15646,Apache-2.0,70,,,2026-05-03T19:14:53+00:00
peternator7/strum,gh/80964373,4.6,2026-04-20,196,MIT,65,,,2026-05-03T19:14:53+00:00
petkaantonov/bluebird,gh/12670444,2,2026-04-20,176032,MIT,128,,,2026-05-03T19:15:01+00:00
pexpect/ptyprocess,gh/24727748,3.4,2026-04-20,18275,non-standard,20,,,2026-05-03T19:15:01+00:00
pillarjs/encodeurl,gh/60721766,5.4,2026-04-20,271897,MIT,10,,,2026-05-03T19:15:02+00:00
pillarjs/finalhandler,gh/20547377,6.9,2026-04-20,63477,MIT,13,,,2026-05-03T19:15:02+00:00
pillarjs/iconv-lite,gh/2743221,,,177672,MIT,52,,,2026-05-03T19:15:02+00:00
pillarjs/parseurl,gh/17533192,5.3,2026-04-20,314670,MIT,13,,,2026-05-03T19:15:02+00:00
pillarjs/path-to-regexp,gh/5265803,7,2026-04-20,67580,MIT,8,,,2026-05-03T19:15:03+00:00
pillarjs/send,gh/4879977,6.8,2026-04-20,65900,MIT,23,,,2026-05-03T19:15:03+00:00
pkgconf/pkgconf,gh/4180110,4.7,2026-04-20,,non-standard,8,,,2026-05-03T19:15:03+00:00
pnggroup/libpng,gh/3768025,,,,non-standard,185,,,2026-05-17T23:43:03+00:00
postcss/postcss,gh/13078968,6,2026-04-20,206012,MIT,28,,,2026-05-03T19:15:03+00:00
postcss/postcss-selector-parser,gh/36500102,3.6,2026-04-20,63413,MIT,37,,,2026-05-03T19:15:04+00:00
prettier/prettier,gh/75104123,6.8,2026-04-20,13097,MIT,1475,,,2026-05-03T19:15:04+00:00
primus/eventemitter3,gh/13100677,2.9,2026-04-20,64842,MIT,21,,,2026-05-03T19:15:04+00:00
proptest-rs/proptest,gh/94702898,,,2270,Apache-2.0,139,,,2026-05-03T19:15:04+00:00
protobufjs/protobuf.js,gh/8507859,6.2,2026-05-04,1646,non-standard,653,,,2026-05-17T23:43:04+00:00
protocolbuffers/protobuf,gh/23357588,5.2,2026-05-04,18109,non-standard,274,,,2026-05-17T23:43:04+00:00
psf/requests,gh/1362490,8,2026-04-20,162573,Apache-2.0,228,,,2026-05-03T19:15:05+00:00
psycopg/psycopg2,gh/7730829,4.6,2026-04-20,6139,non-standard,24,,,2026-05-03T19:15:05+00:00
pvorb/clone,gh/2317381,3.3,2026-05-04,,MIT,29,,,2026-05-17T23:43:04+00:00
pvorb/node-clone,gh/2317381,3.3,2026-04-20,73483,MIT,29,,,2026-05-03T19:15:05+00:00
py4j/py4j,gh/1045976,3.1,2026-04-20,1198,non-standard,186,passing,107,2026-05-03T19:15:06+00:00
pyasn1/pyasn1,gh/512723255,6.5,2026-04-20,20665,non-standard,28,,,2026-05-03T19:15:06+00:00
pyasn1/pyasn1-modules,gh/512723354,,,16971,non-standard,5,,,2026-05-03T19:15:06+00:00
pyca/bcrypt,gh/9993757,5.9,2026-04-20,7918,Apache-2.0,9,,,2026-05-03T19:15:06+00:00
pyca/cryptography,gh/11939484,8.5,2026-04-20,61408,non-standard,48,,,2026-05-03T19:15:07+00:00
pyca/pynacl,gh/8350032,7.5,2026-04-20,7654,Apache-2.0,54,,,2026-05-03T19:15:07+00:00
pyca/pyopenssl,gh/15778059,5.9,2026-04-20,4508,Apache-2.0,89,,,2026-05-03T19:15:07+00:00
pydantic/pydantic,gh/90194616,6.7,2026-04-20,89080,MIT,559,,,2026-05-03T19:15:07+00:00
pydantic/typing-inspection,gh/930576948,,,92799,MIT,6,,,2026-05-03T19:15:15+00:00
pygments/pygments,gh/205564111,6.1,2026-04-20,102834,non-standard,604,,,2026-05-03T19:15:15+00:00
pypa/distlib,gh/436970140,,,3767,non-standard,19,,,2026-05-03T19:15:16+00:00
pypa/packaging,gh/19837758,8.8,2026-04-20,138534,non-standard,95,,,2026-05-03T19:15:16+00:00
pypa/pip,gh/1446467,6.9,2026-04-20,4356,MIT,1052,in_progress,84,2026-05-03T19:15:16+00:00
pypa/setuptools,gh/54980593,4.7,2026-04-20,43884,MIT,643,,,2026-05-03T19:15:16+00:00
pypa/virtualenv,gh/1446474,5.9,2026-04-20,3023,MIT,2,,,2026-05-03T19:15:17+00:00
pypa/wheel,gh/98346885,5.4,2026-04-20,8119,MIT,9,,,2026-05-03T19:15:17+00:00
pyparsing/pyparsing,gh/91262163,6.2,2026-04-20,65489,MIT,38,,,2026-05-03T19:15:17+00:00
pytest-dev/iniconfig,gh/66012563,,,17963,MIT,0,,,2026-05-03T19:15:17+00:00
pytest-dev/pluggy,gh/34739117,6,2026-04-20,21584,MIT,60,,,2026-05-03T19:15:18+00:00
pytest-dev/pytest,gh/37489525,6,2026-04-20,14096,MIT,998,,,2026-05-03T19:15:18+00:00
python-attrs/attrs,gh/29918975,9.1,2026-04-20,92932,MIT,139,passing,113,2026-05-03T19:15:18+00:00
python-cffi/cffi,gh/696427398,5.2,2026-04-20,82847,non-standard,45,,,2026-05-03T19:15:19+00:00
python-greenlet/greenlet,gh/3003137,4.8,2026-04-20,26791,non-standard,21,,,2026-05-03T19:15:19+00:00
python-hyper/brotlicffi,gh/43543393,5.4,2026-04-20,47,MIT,13,,,2026-05-03T19:15:19+00:00
python-hyper/h11,gh/57372073,4.4,2026-04-20,90269,MIT,37,,,2026-05-03T19:15:19+00:00
python-jsonschema/jsonschema,gh/3072629,7.6,2026-04-20,44728,MIT,52,,,2026-05-03T19:15:20+00:00
python-jsonschema/referencing,gh/569027868,6.7,2026-04-20,46337,MIT,17,,,2026-05-03T19:15:20+00:00
python-pillow/pillow,gh/5171600,8.2,2026-05-04,80569,non-standard,130,,,2026-05-17T23:43:05+00:00
python-poetry/poetry,gh/123303402,2.8,2026-05-04,279,MIT,555,,,2026-05-17T23:43:05+00:00
python-poetry/poetry-core,gh/238972646,5.8,2026-04-20,,MIT,22,,,2026-05-03T19:15:20+00:00
python-poetry/tomlkit,gh/140365570,,,6382,MIT,38,,,2026-05-03T19:15:20+00:00
python-trio/sniffio,gh/142657210,4.5,2026-04-20,32648,non-standard,12,,,2026-05-03T19:15:21+00:00
python/importlib_metadata,gh/306448340,5.7,2026-04-20,44301,,12,,,2026-05-03T19:15:21+00:00
python/importlib_resources,gh/306147182,5.2,2026-04-20,14062,,7,,,2026-05-03T19:15:21+00:00
python/mypy,gh/7053637,6.9,2026-04-20,1427,non-standard,3138,,,2026-05-03T19:15:21+00:00
python/mypy_extensions,gh/165752308,5.7,2026-05-04,12798,non-standard,7,,,2026-05-17T23:43:05+00:00
python/typeshed,gh/31696383,5.7,2026-04-20,3194,non-standard,363,,,2026-05-03T19:15:38+00:00
python/typing,gh/24604008,7.2,2026-04-20,1467,non-standard,224,,,2026-05-03T19:15:37+00:00
python/typing_extensions,gh/494077289,8.5,2026-05-04,250077,non-standard,24,,,2026-05-17T23:43:06+00:00
python/tzdata,gh/242158882,5.4,2026-04-20,28373,non-standard,7,,,2026-05-03T19:15:37+00:00
qix-/color-convert,gh/1874305,3.3,2026-04-20,51001,MIT,18,,,2026-05-03T19:15:37+00:00
qix-/node-error-ex,gh/41388258,2.1,2026-04-20,305869,MIT,2,,,2026-05-03T19:15:38+00:00
qix-/node-is-arrayish,gh/41376759,2.1,2026-04-20,73192,MIT,0,,,2026-05-03T19:15:38+00:00
qt/qt5,gh/9880318,3,2026-04-20,,,1,,,2026-05-03T19:15:38+00:00
radix-ui/primitives,gh/273499522,3.2,2026-04-20,864506,MIT,801,,,2026-05-03T19:15:42+00:00
raszi/node-tmp,gh/2313213,3.5,2026-04-20,31554,MIT,11,,,2026-05-03T19:15:39+00:00
raynos/for-each,gh/6006855,3.4,2026-04-20,349479,MIT,0,,,2026-05-03T19:15:39+00:00
raynos/function-bind,gh/10727014,4.5,2026-04-20,1102752,MIT,1,,,2026-05-03T19:15:39+00:00
raynos/xtend,gh/4419184,2.8,2026-04-20,330720,MIT,0,,,2026-05-03T19:15:39+00:00
rayon-rs/either,gh/42479602,,,35413,Apache-2.0,19,,,2026-05-03T19:15:40+00:00
rayon-rs/rayon,gh/24725038,4.5,2026-04-20,29595,Apache-2.0,217,,,2026-05-03T19:15:40+00:00
reactivex/rxjs,gh/32247847,5.3,2026-04-20,145630,Apache-2.0,294,,,2026-05-03T19:15:40+00:00
realpython/pytest-mypy,gh/69576530,,,5,MIT,8,,,2026-05-03T19:15:40+00:00
remix-run/react-router,gh/19872456,5.1,2026-04-20,49954,MIT,163,,,2026-05-03T19:15:41+00:00
remusao/tldts,gh/97631656,4.2,2026-04-20,29712,MIT,19,,,2026-05-03T19:15:41+00:00
requests/requests-oauthlib,gh/6825724,4.3,2026-04-20,10555,non-standard,125,,,2026-05-03T19:15:41+00:00
requests/toolbelt,gh/15515181,4.7,2026-04-20,15149,non-standard,93,,,2026-05-03T19:15:41+00:00
retep998/winapi-rs,gh/23853482,2.5,2026-04-20,177834,Apache-2.0,272,,,2026-05-03T19:15:42+00:00
rich-harris/estree-walker,gh/33668779,2.1,2026-04-20,14749,MIT,10,,,2026-05-03T19:15:42+00:00
rich-harris/magic-string,gh/26143240,3.1,2026-04-20,84031,MIT,29,,,2026-05-03T19:15:42+00:00
rob--w/proxy-from-env,gh/52038793,3.9,2026-04-20,153752,MIT,7,,,2026-05-03T19:15:43+00:00
rogdham/backports.zstd,gh/977687927,,,1720,non-standard,1,,,2026-05-17T23:43:06+00:00
rollup/plugins,gh/203607977,4.3,2026-04-20,29051,MIT,39,,,2026-05-03T19:15:43+00:00
ronaldoussoren/pyobjc,gh/243933900,3.5,2026-04-20,11846,,92,,,2026-05-03T19:15:52+00:00
rust-cli/anstyle,gh/493821282,,,5213,,,,,2026-05-03T19:15:47+00:00
rust-cli/env_logger,gh/96382888,6.2,2026-04-20,2416,Apache-2.0,46,,,2026-05-03T19:15:43+00:00
rust-embedded/critical-section,gh/365854323,4.2,2026-04-20,1776,Apache-2.0,2,,,2026-05-03T19:15:47+00:00
rust-fuzz/arbitrary,gh/90591032,4.4,2026-04-20,1379,Apache-2.0,36,,,2026-05-03T19:15:47+00:00
rust-itertools/itertools,gh/22360263,5.4,2026-04-20,1835,Apache-2.0,180,,,2026-05-03T19:15:48+00:00
rust-lang-nursery/lazy-static.rs,gh/21157492,5.5,2026-04-20,42497,Apache-2.0,35,,,2026-05-03T19:15:48+00:00
rust-lang/cc-rs,gh/26039547,7.3,2026-04-20,81343,Apache-2.0,160,,,2026-05-03T19:15:48+00:00
rust-lang/cfg-if,gh/38723660,3.9,2026-04-20,80588,Apache-2.0,6,,,2026-05-03T19:15:48+00:00
rust-lang/compiler-builtins,gh/65153793,6.1,2026-04-20,5561,non-standard,61,,,2026-05-03T19:15:48+00:00
rust-lang/flate2-rs,gh/21954009,6.7,2026-04-20,6451,Apache-2.0,28,,,2026-05-03T19:15:49+00:00
rust-lang/futures-rs,gh/55077261,6.6,2026-04-20,195266,Apache-2.0,271,,,2026-05-03T19:15:49+00:00
rust-lang/glob,gh/23241722,4.3,2026-04-20,11692,Apache-2.0,46,,,2026-05-03T19:15:49+00:00
rust-lang/hashbrown,gh/155119796,5.6,2026-04-20,22439,Apache-2.0,79,,,2026-05-03T19:15:50+00:00
rust-lang/libc,gh/29197565,5.6,2026-04-20,90382,Apache-2.0,208,,,2026-05-03T19:15:50+00:00
rust-lang/libz-sys,gh/26042019,5.8,2026-04-20,3150,Apache-2.0,26,,,2026-05-03T19:15:50+00:00
rust-lang/log,gh/27974762,6.8,2026-04-20,55080,Apache-2.0,21,,,2026-05-03T19:15:50+00:00
rust-lang/pkg-config-rs,gh/26042035,4.4,2026-04-20,19825,Apache-2.0,39,,,2026-05-03T19:15:51+00:00
rust-lang/regex,gh/27890669,6.2,2026-04-20,1718,Apache-2.0,62,,,2026-05-03T19:15:51+00:00
rust-lang/rust,gh/724712,7.1,2026-04-20,172,Apache-2.0,12317,,,2026-05-03T19:15:51+00:00
rust-lang/tempdir,gh/31728565,3,2026-04-20,2254,Apache-2.0,2,,,2026-05-03T19:15:51+00:00
rust-num/num-traits,gh/114705611,4,2026-04-20,48741,Apache-2.0,106,,,2026-05-03T19:15:52+00:00
rust-phf/rust-phf,gh/15992970,5.7,2026-04-20,1619,MIT,27,,,2026-05-03T19:15:52+00:00
rust-random/getrandom,gh/166545969,7,2026-04-20,0,Apache-2.0,11,,,2026-05-03T19:15:52+00:00
rust-random/rand,gh/30227790,6.1,2026-04-20,1303,non-standard,16,,,2026-05-03T19:15:53+00:00
rust-random/rand_core,gh/1086593277,,,1323,Apache-2.0,2,,,2026-05-03T19:15:53+00:00
rust-random/rngs,gh/209510094,4.4,2026-04-20,33,non-standard,8,,,2026-05-03T19:16:01+00:00
rustcrypto/formats,gh/406051759,5.4,2026-04-20,2181,,57,,,2026-05-03T19:16:02+00:00
rustcrypto/hashes,gh/74106774,4.8,2026-04-20,806,,31,,,2026-05-03T19:16:01+00:00
rustcrypto/stream-ciphers,gh/83051505,5,2026-04-20,15,,6,,,2026-05-03T19:16:01+00:00
rustcrypto/traits,gh/85605821,5.2,2026-04-20,2675,,50,,,2026-05-03T19:16:02+00:00
rustcrypto/utils,gh/77307442,4.6,2026-04-20,15907,,27,,,2026-05-03T19:16:03+00:00
rvagg/bl,gh/10706095,4.4,2026-04-20,41,non-standard,1,,,2026-05-03T19:16:02+00:00
rvagg/prr,gh/9151864,2.1,2026-04-20,98540,MIT,0,,,2026-05-03T19:16:02+00:00
rvagg/through2,gh/11808187,2.9,2026-04-20,14582,MIT,6,,,2026-05-03T19:16:03+00:00
ryanzim/universalify,gh/87651180,2.9,2026-04-20,204196,MIT,1,,,2026-05-03T19:16:03+00:00
salesforce/tough-cookie,gh/2606873,6.6,2026-04-20,14457,BSD-3-Clause,40,,,2026-05-03T19:16:03+00:00
samn/json-stable-stringify,gh/76598131,1.9,2026-04-20,111300,non-standard,1,,,2026-05-03T19:16:04+00:00
samverschueren/decode-uri-component,gh/91837954,3.6,2026-04-20,2705,MIT,7,,,2026-05-03T19:16:04+00:00
sboudrias/inquirer.js,gh/10114077,5.8,2026-04-20,81219,MIT,18,,,2026-05-03T19:16:05+00:00
scikit-build/ninja-python-distributions,gh/75102202,,,1096,Apache-2.0,9,,,2026-05-03T19:16:04+00:00
scikit-learn/scikit-learn,gh/843222,9.4,2026-04-20,27960,BSD-3-Clause,2059,,,2026-05-03T19:16:05+00:00
scipy/scipy,gh/1460385,5.8,2026-04-20,65545,BSD-3-Clause,1788,,,2026-05-03T19:16:05+00:00
seanmonstar/reqwest,gh/62350380,4.9,2026-04-20,0,Apache-2.0,463,,,2026-05-03T19:16:05+00:00
sec-ant/readable-stream,gh/569980966,,,2,MIT,2,,,2026-05-03T19:16:05+00:00
selinuxproject/selinux,gh/20648799,5.5,2026-05-04,,non-standard,130,,,2026-05-17T23:43:06+00:00
serde-rs/bytes,gh/87358441,4.2,2026-04-20,0,Apache-2.0,12,,,2026-05-03T19:16:06+00:00
serde-rs/json,gh/35894511,5.7,2026-04-20,0,Apache-2.0,223,,,2026-05-03T19:16:06+00:00
serde-rs/serde,gh/14367737,5.7,2026-04-20,1889,Apache-2.0,382,,,2026-05-03T19:16:06+00:00
serde-rs/test,gh/670894947,,,514,Apache-2.0,11,,,2026-05-03T19:16:07+00:00
servo/rust-fnv,gh/33499190,3.7,2026-04-20,27572,Apache-2.0,9,,,2026-05-03T19:16:07+00:00
servo/rust-smallvec,gh/33456236,3.9,2026-04-20,38847,Apache-2.0,51,,,2026-05-03T19:16:07+00:00
servo/rust-url,gh/14934771,6.1,2026-04-20,84896,Apache-2.0,178,,,2026-05-03T19:16:15+00:00
shtylman/node-process,gh/7580644,2.1,2026-04-20,202456,MIT,16,,,2026-05-03T19:16:15+00:00
sinclairzx81/sinclair-typebox,gh/1122129819,,,43480,non-standard,1,,,2026-05-03T19:16:15+00:00
sindresorhus/ansi-escapes,gh/40721875,3.8,2026-04-20,9190,MIT,1,,,2026-05-03T19:16:16+00:00
sindresorhus/array-union,gh/21005682,3.7,2026-04-20,2583,MIT,0,,,2026-05-03T19:16:16+00:00
sindresorhus/binary-extensions,gh/29771015,3.9,2026-04-20,381,MIT,0,,,2026-05-03T19:16:16+00:00
sindresorhus/callsites,gh/18938743,3.8,2026-04-20,1353,MIT,0,,,2026-05-03T19:16:16+00:00
sindresorhus/camelcase,gh/25116836,3.8,2026-04-20,315,MIT,0,,,2026-05-03T19:16:17+00:00
sindresorhus/clean-stack,gh/62838930,3.8,2026-04-20,9,MIT,0,,,2026-05-03T19:16:17+00:00
sindresorhus/cli-cursor,gh/23512396,3.6,2026-04-20,20306,MIT,0,,,2026-05-03T19:16:17+00:00
sindresorhus/crypto-random-string,gh/73665728,3.9,2026-04-20,276,MIT,0,,,2026-05-03T19:16:17+00:00
sindresorhus/decamelize,gh/29773710,4,2026-04-20,1530,MIT,0,,,2026-05-03T19:16:18+00:00
sindresorhus/detect-newline,gh/21304485,3.6,2026-04-20,1889,MIT,0,,,2026-05-03T19:16:18+00:00
sindresorhus/environment,gh/793180075,,,9584,MIT,0,,,2026-05-03T19:16:18+00:00
sindresorhus/escape-string-regexp,gh/21169121,3.7,2026-04-20,22512,MIT,0,,,2026-05-03T19:16:18+00:00
sindresorhus/execa,gh/47475908,4.3,2026-04-20,11025,MIT,16,,,2026-05-03T19:16:19+00:00
sindresorhus/figures,gh/21672939,4.1,2026-04-20,13592,MIT,0,,,2026-05-03T19:16:19+00:00
sindresorhus/file-type,gh/19105307,3.4,2026-04-20,453,MIT,0,,,2026-05-03T19:16:19+00:00
sindresorhus/find-cache-dir,gh/48783244,3.9,2026-04-20,18,MIT,0,,,2026-05-03T19:16:19+00:00
sindresorhus/find-cache-directory,gh/48783244,,,,MIT,0,,,2026-05-17T23:43:06+00:00
sindresorhus/find-up,gh/41723004,3.7,2026-04-20,556,MIT,1,,,2026-05-03T19:16:20+00:00
sindresorhus/find-up-simple,gh/714044439,3.7,2026-04-20,6038,MIT,0,,,2026-05-03T19:16:20+00:00
sindresorhus/get-east-asian-width,gh/711160838,4.1,2026-04-20,36461,MIT,0,,,2026-05-03T19:16:20+00:00
sindresorhus/get-stream,gh/44264225,4.3,2026-04-20,14073,MIT,0,,,2026-05-03T19:16:20+00:00
sindresorhus/globals,gh/15186239,4.7,2026-04-20,1486,MIT,10,,,2026-05-03T19:16:21+00:00
sindresorhus/globby,gh/21069494,3.9,2026-04-20,1853,MIT,0,,,2026-05-03T19:16:21+00:00
sindresorhus/has-flag,gh/38718671,3.6,2026-04-20,1021,MIT,0,,,2026-05-03T19:16:37+00:00
sindresorhus/import-fresh,gh/22020904,3.8,2026-04-20,43,MIT,0,,,2026-05-03T19:16:37+00:00
sindresorhus/import-local,gh/90292430,3.7,2026-04-20,68659,MIT,2,,,2026-05-03T19:16:37+00:00
sindresorhus/indent-string,gh/20576837,3.7,2026-04-20,17843,MIT,0,,,2026-05-03T19:16:38+00:00
sindresorhus/is-binary-path,gh/29771247,3.6,2026-04-20,75,MIT,0,,,2026-05-03T19:16:38+00:00
sindresorhus/is-docker,gh/33590534,3.6,2026-04-20,224,MIT,0,,,2026-05-03T19:16:38+00:00
sindresorhus/is-fullwidth-code-point,gh/39222301,3.8,2026-04-20,8082,MIT,0,,,2026-05-03T19:16:38+00:00
sindresorhus/is-inside-container,gh/601943060,3.4,2026-04-20,25639,MIT,0,,,2026-05-03T19:16:39+00:00
sindresorhus/is-path-inside,gh/21054113,3.7,2026-04-20,5181,MIT,0,,,2026-05-03T19:16:39+00:00
sindresorhus/is-plain-obj,gh/38923193,3.8,2026-04-20,40880,MIT,0,,,2026-05-03T19:16:39+00:00
sindresorhus/is-stream,gh/29436825,3.7,2026-04-20,14653,MIT,0,,,2026-05-03T19:16:39+00:00
sindresorhus/is-unicode-supported,gh/348660847,3.7,2026-04-20,29616,MIT,0,,,2026-05-03T19:16:40+00:00
sindresorhus/is-wsl,gh/88415331,3.9,2026-04-20,22309,MIT,0,,,2026-05-03T19:16:40+00:00
sindresorhus/leven,gh/22794601,3.7,2026-04-20,524,MIT,0,,,2026-05-03T19:16:40+00:00
sindresorhus/locate-path,gh/74266248,3.7,2026-04-20,786,MIT,0,,,2026-05-03T19:16:40+00:00
sindresorhus/log-symbols,gh/21673868,3.8,2026-04-20,5603,MIT,1,,,2026-05-03T19:16:41+00:00
sindresorhus/lowercase-keys,gh/29769737,3.9,2026-04-20,104,MIT,0,,,2026-05-03T19:16:41+00:00
sindresorhus/make-dir,gh/90776169,3.8,2026-04-20,80,MIT,0,,,2026-05-03T19:16:41+00:00
sindresorhus/meow,gh/25121561,4.8,2026-04-20,1091,MIT,3,,,2026-05-03T19:16:41+00:00
sindresorhus/mimic-fn,gh/71381729,4.2,2026-04-20,9,MIT,0,,,2026-05-03T19:16:42+00:00
sindresorhus/mimic-function,gh/71381729,,,22824,MIT,0,,,2026-05-03T19:16:42+00:00
sindresorhus/mimic-response,gh/93189529,3.7,2026-04-20,8640,MIT,0,,,2026-05-03T19:16:42+00:00
sindresorhus/node-defaults,gh/7985040,3.6,2026-04-20,51,MIT,0,,,2026-05-03T19:16:42+00:00
sindresorhus/normalize-url,gh/29094022,4.1,2026-04-20,220,MIT,0,,,2026-05-03T19:16:43+00:00
sindresorhus/npm-run-path,gh/48707028,3.9,2026-04-20,12008,MIT,0,,,2026-05-03T19:16:43+00:00
sindresorhus/object-assign,gh/16457190,3.7,2026-04-20,622246,MIT,0,,,2026-05-03T19:16:43+00:00
sindresorhus/onetime,gh/14847357,3.9,2026-04-20,4,MIT,0,,,2026-05-03T19:16:45+00:00
sindresorhus/open,gh/18469325,3.7,2026-04-20,4690,MIT,2,,,2026-05-03T19:16:45+00:00
sindresorhus/p-limit,gh/71542716,4.5,2026-04-20,1337,MIT,1,,,2026-05-03T19:16:45+00:00
sindresorhus/p-locate,gh/74265632,3.9,2026-04-20,19,MIT,0,,,2026-05-03T19:16:46+00:00
sindresorhus/p-map,gh/71526722,3.9,2026-04-20,8999,MIT,12,,,2026-05-03T19:16:46+00:00
sindresorhus/p-try,gh/71534796,3.7,2026-04-20,12,MIT,0,,,2026-05-03T19:16:46+00:00
sindresorhus/package-directory,gh/41724281,,,,,,,,2026-05-17T23:43:06+00:00
sindresorhus/parent-module,gh/50187748,3.6,2026-04-20,33,MIT,0,,,2026-05-03T19:16:46+00:00
sindresorhus/parse-json,gh/41367145,4,2026-04-20,4317,MIT,1,,,2026-05-03T19:16:47+00:00
sindresorhus/path-exists,gh/34965664,3.7,2026-04-20,11459,MIT,0,,,2026-05-03T19:16:47+00:00
sindresorhus/path-is-absolute,gh/30900285,3,2026-04-20,77,MIT,0,,,2026-05-03T19:16:47+00:00
sindresorhus/path-key,gh/48706449,3.8,2026-04-20,30887,MIT,0,,,2026-05-03T19:16:47+00:00
sindresorhus/path-type,gh/41905436,3.7,2026-04-20,4835,MIT,0,,,2026-05-03T19:16:48+00:00
sindresorhus/pify,gh/41585934,3.8,2026-04-20,185,MIT,0,,,2026-05-03T19:16:48+00:00
sindresorhus/pkg-dir,gh/41724281,3.8,2026-04-20,40,MIT,0,,,2026-05-03T19:16:48+00:00
sindresorhus/quick-lru,gh/86679721,3.7,2026-04-20,50699,MIT,0,,,2026-05-03T19:16:48+00:00
sindresorhus/read-package-up,gh/41842429,,,751,MIT,0,,,2026-05-17T23:43:07+00:00
sindresorhus/read-pkg,gh/41790094,3.8,2026-04-20,1076,MIT,0,,,2026-05-03T19:16:49+00:00
sindresorhus/read-pkg-up,gh/41842429,3.6,2026-04-20,403,MIT,0,,,2026-05-03T19:16:49+00:00
sindresorhus/resolve-cwd,gh/47504070,3.7,2026-04-20,71979,MIT,1,,,2026-05-03T19:16:49+00:00
sindresorhus/resolve-from,gh/22022707,3.7,2026-04-20,118994,MIT,2,,,2026-05-03T19:16:49+00:00
sindresorhus/restore-cursor,gh/23512229,3.7,2026-04-20,20408,MIT,0,,,2026-05-03T19:16:50+00:00
sindresorhus/shebang-regex,gh/30903733,3.7,2026-04-20,23,MIT,0,,,2026-05-03T19:16:50+00:00
sindresorhus/slash,gh/11516031,3.7,2026-04-20,7818,MIT,0,,,2026-05-03T19:16:50+00:00
sindresorhus/string-width,gh/39222730,4.4,2026-04-20,9428,MIT,1,,,2026-05-03T19:16:50+00:00
sindresorhus/strip-bom,gh/18444852,3.6,2026-04-20,497,MIT,0,,,2026-05-03T19:16:51+00:00
sindresorhus/strip-final-newline,gh/47453723,3.8,2026-04-20,11557,MIT,0,,,2026-05-03T19:16:51+00:00
sindresorhus/strip-indent,gh/18242629,3.7,2026-04-20,9965,MIT,0,,,2026-05-03T19:17:07+00:00
sindresorhus/strip-json-comments,gh/14468669,3.7,2026-04-20,5347,MIT,0,,,2026-05-03T19:17:07+00:00
sindresorhus/tagged-tag,gh/795552264,,,10193,MIT,0,,,2026-05-03T19:17:07+00:00
sindresorhus/to-fast-properties,gh/31656998,3.7,2026-04-20,22,MIT,0,,,2026-05-03T19:17:08+00:00
sindresorhus/type-fest,gh/175398594,5.3,2026-04-20,9723,non-standard,210,,,2026-05-03T19:17:08+00:00
sindresorhus/unicorn-magic,gh/716660564,3.4,2026-04-20,2862,MIT,0,,,2026-05-03T19:17:08+00:00
sindresorhus/yocto-queue,gh/315531538,3.6,2026-04-20,16663,MIT,0,,,2026-05-03T19:17:08+00:00
sinonjs/commons,gh/143001748,3.4,2026-04-20,1,BSD-3-Clause,1,,,2026-05-03T19:17:09+00:00
sinonjs/fake-timers,gh/16523712,5.7,2026-04-20,1274,BSD-3-Clause,9,,,2026-05-03T19:17:09+00:00
smithy-lang/smithy-rs,gh/308027791,,,11,Apache-2.0,369,,,2026-05-03T19:17:10+00:00
smithy-lang/smithy-typescript,gh/208319207,,,3523118,Apache-2.0,75,,,2026-05-03T19:17:11+00:00
smol-rs/fastrand,gh/267368764,4.3,2026-04-20,20991,Apache-2.0,10,,,2026-05-03T19:17:09+00:00
snowflakedb/snowflake-connector-python,gh/62262074,5.2,2026-04-20,348,Apache-2.0,137,,,2026-05-03T19:17:09+00:00
socketio/socket.io,gh/557980,6.4,2026-04-20,134164,MIT,206,,,2026-05-03T19:17:10+00:00
sqlalchemy/sqlalchemy,gh/159271175,5.2,2026-04-20,20733,MIT,214,,,2026-05-03T19:17:10+00:00
sqlite/sqlite,gh/176278485,4.5,2026-05-04,,non-standard,21,,,2026-05-17T23:43:07+00:00
srijs/rust-crc32fast,gh/157348282,3.6,2026-04-20,8512,Apache-2.0,6,,,2026-05-03T19:17:10+00:00
stebalien/tempfile,gh/33832372,5.7,2026-04-20,17488,Apache-2.0,3,,,2026-05-03T19:17:11+00:00
stefanpenner/get-caller-file,gh/48818175,2.1,2026-04-20,264794,non-standard,6,,,2026-05-03T19:17:11+00:00
storybookjs/storybook,gh/54173593,6,2026-04-20,1852,MIT,2267,,,2026-05-03T19:17:12+00:00
stream-utils/destroy,gh/15544623,2.8,2026-04-20,249488,MIT,2,,,2026-05-03T19:17:11+00:00
stream-utils/raw-body,gh/12823654,5.7,2026-04-20,69959,MIT,8,,,2026-05-03T19:17:12+00:00
stream-utils/unpipe,gh/37428186,2,2026-04-20,322636,MIT,0,,,2026-05-03T19:17:12+00:00
streamich/memfs,gh/37490572,5.4,2026-04-20,66460,Apache-2.0,53,,,2026-05-03T19:17:13+00:00
stub42/pytz,gh/63155638,4.9,2026-04-20,42727,MIT,41,,,2026-05-03T19:17:12+00:00
suguru03/neo-async,gh/27030361,2.4,2026-04-20,157997,non-standard,15,,,2026-05-03T19:17:13+00:00
sval-rs/sval,gh/157205610,4.5,2026-04-20,65,Apache-2.0,2,,,2026-05-03T19:17:15+00:00
swc-project/swc,gh/115110181,5.1,2026-04-20,63712,Apache-2.0,431,,,2026-05-03T19:17:20+00:00
sybrenstuvel/python-rsa,gh/50107469,5.6,2026-04-20,4529,non-standard,28,,,2026-05-03T19:17:13+00:00
syntax-tree/unist-util-is,gh/41795086,3.4,2026-04-20,17222,MIT,0,,,2026-05-03T19:17:15+00:00
systemd/systemd,gh/32873313,8.8,2026-04-20,,GPL-2.0,3279,passing,187,2026-05-03T19:17:15+00:00
taiki-e/pin-project,gh/164668916,6.5,2026-04-20,18508,Apache-2.0,8,,,2026-05-03T19:17:16+00:00
taiki-e/pin-project-lite,gh/216847853,6.5,2026-04-20,36425,Apache-2.0,10,,,2026-05-03T19:17:16+00:00
taiki-e/portable-atomic,gh/448365131,7.2,2026-04-20,2229,Apache-2.0,16,,,2026-05-03T19:17:16+00:00
tapjs/signal-exit,gh/35711072,3.4,2026-04-20,144406,non-standard,11,,,2026-05-03T19:17:16+00:00
tapjs/stack-utils,gh/48974178,3.4,2026-04-20,77953,MIT,17,,,2026-05-03T19:17:17+00:00
tartley/colorama,gh/18892209,3.9,2026-04-20,20221,BSD-3-Clause,134,,,2026-05-03T19:17:17+00:00
teambition/merge2,gh/25396227,2.7,2026-04-20,199339,MIT,3,,,2026-05-03T19:17:17+00:00
teddriggs/darling,gh/89984100,3.4,2026-04-20,1350,MIT,9,,,2026-05-03T19:17:17+00:00
tehshrike/deepmerge,gh/3276413,2.3,2026-04-20,123916,MIT,60,,,2026-05-03T19:17:18+00:00
terkelg/sisteransi,gh/122441239,2.9,2026-04-20,108947,MIT,3,,,2026-05-03T19:17:18+00:00
terser/terser,gh/29097127,5.8,2026-04-20,87254,non-standard,335,,,2026-05-03T19:17:18+00:00
textualize/rich,gh/220809393,6.7,2026-04-20,66195,MIT,315,,,2026-05-03T19:17:18+00:00
theskumar/python-dotenv,gh/23727790,5,2026-04-20,54478,BSD-3-Clause,89,,,2026-05-03T19:17:19+00:00
thkukuk/rpcsvc-proto,gh/55140533,,,,non-standard,6,,,2026-05-17T23:43:07+00:00
thlorenz/convert-source-map,gh/8751561,3.9,2026-04-20,145569,MIT,6,,,2026-05-03T19:17:19+00:00
thlorenz/deep-is,gh/9345558,1.9,2026-04-20,149353,non-standard,0,,,2026-05-03T19:17:19+00:00
thomasdickey/ncurses-snapshots,gh/65149533,,,,non-standard,0,,,2026-05-17T23:43:08+00:00
tim-kos/node-retry,gh/1738798,3.1,2026-04-20,80940,non-standard,20,,,2026-05-03T19:17:19+00:00
time-rs/time,gh/26459635,5,2026-04-20,2174,Apache-2.0,10,,,2026-05-03T19:17:20+00:00
tj/commander.js,gh/2206953,6.8,2026-04-20,61894,MIT,13,,,2026-05-03T19:17:20+00:00
tj/node-cookie-signature,gh/6229722,2.3,2026-05-04,,MIT,3,,,2026-05-17T23:43:08+00:00
tjguk/wmi,gh/23124645,,,103,,,,,2026-05-17T23:43:08+00:00
tkem/cachetools,gh/18006791,6.9,2026-04-20,13986,MIT,0,,,2026-05-03T19:17:21+00:00
tokio-rs/bytes,gh/30062547,5.4,2026-04-20,28207,MIT,85,,,2026-05-03T19:17:21+00:00
tokio-rs/loom,gh/161875917,4.3,2026-04-20,257,MIT,109,,,2026-05-03T19:17:21+00:00
tokio-rs/prost,gh/94262864,6.5,2026-04-20,62,Apache-2.0,235,,,2026-05-03T19:17:37+00:00
tokio-rs/slab,gh/37093133,4.6,2026-04-20,29007,MIT,11,,,2026-05-03T19:17:37+00:00
tokio-rs/tokio,gh/67836789,6.9,2026-04-20,96074,MIT,415,,,2026-05-03T19:17:38+00:00
tokio-rs/tracing,gh/165289175,6.1,2026-04-20,67889,MIT,826,,,2026-05-03T19:17:38+00:00
toml-rs/toml,gh/95902102,7.8,2026-04-20,0,Apache-2.0,61,,,2026-05-03T19:17:37+00:00
tootallnate/proxy-agents,gh/11293703,4,2026-04-20,5648,,42,,,2026-05-03T19:17:38+00:00
tootallnate/util-deprecate,gh/19321056,2.3,2026-04-20,783078,MIT,1,,,2026-05-03T19:17:38+00:00
tower-rs/tower,gh/98244646,4.7,2026-04-20,17772,MIT,87,,,2026-05-03T19:17:39+00:00
tox-dev/filelock,gh/17098256,,,27639,MIT,0,,,2026-05-03T19:17:39+00:00
tox-dev/platformdirs,gh/367032142,,,43671,MIT,0,,,2026-05-03T19:17:39+00:00
tqdm/tqdm,gh/36804486,4.8,2026-05-04,72068,non-standard,612,passing,109,2026-05-17T23:43:08+00:00
tritondatacenter/node-assert-plus,gh/4767976,,,,,,,,2026-05-17T23:43:09+00:00
tritondatacenter/node-extsprintf,gh/4058064,,,,,,,,2026-05-17T23:43:09+00:00
troygoode/node-require-directory,gh/3053807,2.3,2026-04-20,297659,MIT,19,,,2026-05-03T19:17:39+00:00
trysound/postcss-value-parser,gh/40920306,2.8,2026-04-20,137839,MIT,23,,,2026-05-03T19:17:40+00:00
tsconfig/bases,gh/263697285,4.5,2026-04-20,33180,MIT,53,,,2026-05-03T19:17:40+00:00
tukaani-project/xz,gh/553665726,5.8,2026-04-20,,non-standard,6,,,2026-05-03T19:17:40+00:00
typescript-eslint/typescript-eslint,gh/165536154,5.8,2026-04-20,128211,MIT,302,,,2026-05-03T19:17:42+00:00
unicode-org/icu,gh/49244766,9,2026-05-04,,non-standard,116,passing,149,2026-05-17T23:43:16+00:00
unicode-org/icu4x,gh/243395141,6.4,2026-04-20,280,non-standard,662,,,2026-05-03T19:17:42+00:00
unicode-rs/unicode-xid,gh/34637906,3.2,2026-04-20,9574,non-standard,6,,,2026-05-03T19:17:40+00:00
unshiftio/requires-port,gh/26316179,2.8,2026-04-20,136994,MIT,2,,,2026-05-03T19:17:41+00:00
uqfoundation/dill,gh/11031844,3.7,2026-04-20,10987,non-standard,202,,,2026-05-03T19:17:41+00:00
urllib3/urllib3,gh/2410676,8.6,2026-04-20,174619,MIT,183,passing,164,2026-05-03T19:17:41+00:00
util-linux/util-linux,gh/2339555,,,,GPL-2.0,434,passing,113,2026-05-03T19:17:42+00:00
uuidjs/uuid,gh/1203139,6.1,2026-04-20,3714,MIT,2,,,2026-05-03T19:17:42+00:00
vercel/ai,gh/644461337,,,13788,non-standard,1572,,,2026-05-03T19:17:43+00:00
vercel/ms,gh/3655872,5.1,2026-04-20,842061,MIT,33,,,2026-05-03T19:17:43+00:00
vercel/next.js,gh/70107786,6.3,2026-04-20,225275,MIT,3851,,,2026-05-03T19:17:43+00:00
visionmedia/bytes.js,gh/4626886,2.8,2026-04-20,307379,MIT,9,,,2026-05-03T19:17:43+00:00
visionmedia/node-cookie-signature,gh/6229722,2.3,2026-04-20,67171,MIT,3,,,2026-05-03T19:17:45+00:00
vitest-dev/vitest,gh/434708679,,,3902,MIT,396,,,2026-05-03T19:17:45+00:00
vorner/signal-hook,gh/137260008,3.7,2026-04-20,15552,Apache-2.0,23,,,2026-05-03T19:17:45+00:00
vuejs/core,gh/137078487,5.4,2026-04-20,542893,MIT,986,,,2026-05-03T19:17:46+00:00
wasm-bindgen/wasm-bindgen,gh/114685405,,,191895,Apache-2.0,547,,,2026-05-03T19:17:46+00:00
watson/ci-info,gh/71475907,3.2,2026-04-20,45440,MIT,24,,,2026-05-03T19:17:46+00:00
wbond/asn1crypto,gh/36823669,4.3,2026-04-20,1747,MIT,62,,,2026-05-03T19:17:46+00:00
webmproject/libwebp,gh/23368445,3.2,2026-04-20,,BSD-3-Clause,4,,,2026-05-03T19:17:47+00:00
webpack/enhanced-resolve,gh/5400204,5.6,2026-04-20,71508,MIT,10,,,2026-05-03T19:17:47+00:00
webpack/loader-utils,gh/6503675,5.1,2026-04-20,46248,MIT,14,,,2026-05-03T19:17:47+00:00
webpack/schema-utils,gh/80306715,4.2,2026-04-20,63263,MIT,7,,,2026-05-03T19:17:48+00:00
webpack/tapable,gh/7730086,5.7,2026-04-20,76332,MIT,3,,,2026-05-03T19:17:48+00:00
webpack/terser-webpack-plugin,gh/143057914,,,59161,MIT,4,,,2026-05-03T19:17:48+00:00
webpack/watchpack,gh/24119524,5.6,2026-04-20,117212,MIT,10,,,2026-05-03T19:17:48+00:00
webpack/webpack-sources,gh/48954523,5.5,2026-04-20,60061,MIT,1,,,2026-05-03T19:17:49+00:00
webreflection/flatted,gh/131121620,4.4,2026-04-20,83828,non-standard,3,,,2026-05-03T19:17:49+00:00
webreflection/html-escaper,gh/33597730,2,2026-04-20,2671,MIT,0,,,2026-05-03T19:17:49+00:00
websocket-client/websocket-client,gh/1202362,3.8,2026-04-20,16660,Apache-2.0,31,,,2026-05-03T19:17:49+00:00
websockets/ws,gh/2744972,5.4,2026-04-20,137727,MIT,5,,,2026-05-03T19:17:50+00:00
wesleytodd/setprototypeof,gh/30301031,3.2,2026-04-20,329247,non-standard,1,,,2026-05-03T19:17:50+00:00
whitequark/ipaddr.js,gh/2110585,4.1,2026-04-20,,MIT,13,,,2026-05-03T19:17:50+00:00
withoutboats/heck,gh/86326466,3,2026-04-20,3003,Apache-2.0,14,,,2026-05-03T19:17:51+00:00
xiph/ogg,gh/33956205,2.5,2026-04-20,,BSD-3-Clause,17,,,2026-05-03T19:17:51+00:00
xtuc/webassemblyjs,gh/113006071,1.7,2026-04-20,462488,MIT,82,,,2026-05-03T19:18:07+00:00
yahoo/serialize-javascript,gh/24106944,4.7,2026-04-20,1556,non-standard,44,,,2026-05-03T19:17:51+00:00
yaml/libyaml,gh/2699072,4.2,2026-04-20,,MIT,115,,,2026-05-03T19:17:51+00:00
yaml/pyyaml,gh/2700147,4.8,2026-04-20,105265,MIT,348,,,2026-05-03T19:18:07+00:00
yargs/cliui,gh/34287546,3.4,2026-04-20,5754,non-standard,23,,,2026-05-03T19:18:07+00:00
yargs/set-blocking,gh/58830287,2.5,2026-04-20,221576,non-standard,3,,,2026-05-03T19:18:08+00:00
yargs/y18n,gh/39720886,3.4,2026-04-20,191125,non-standard,18,,,2026-05-03T19:18:08+00:00
yargs/yargs,gh/14210523,5.5,2026-04-20,5637,MIT,321,,,2026-05-03T19:18:08+00:00
yargs/yargs-parser,gh/50258379,4,2026-04-20,6209,non-standard,59,,,2026-05-03T19:18:09+00:00
yuzujs/setimmediate,gh/1981208,2.1,2026-04-20,169429,MIT,19,,,2026-05-03T19:18:09+00:00
zertosh/loose-envify,gh/41947687,2.1,2026-04-20,595804,MIT,6,,,2026-05-03T19:18:09+00:00
zesterer/spin-rs,gh/21686666,,,,MIT,11,,,2026-05-17T23:43:17+00:00
zloirock/core-js,gh/11481338,5,2026-04-20,321216,MIT,43,,,2026-05-03T19:18:09+00:00
